title,year,citations,doi,subfield,landmark_subfield,landmark,landmark_authors,cites_per_year
NIPS 2002: Proceedings of the 15th International Conference on Neural Information Processing Systems,2002,,,Nonlinear Dynamics & Chaos,,,,0.0
Real-time computing without stable states: A new framework for neural computation based on perturbations,2002,,10.1162/089976602760407955,Nonlinear Dynamics & Chaos,,,,141.7
Adaptive nonlinear system identification with Echo State networks,2003,,,Nonlinear Dynamics & Chaos,,,,12.73
Pattern recognition in a bucket,2003,,10.1007/978-3-540-39432-7_63,Physical & Hardware RC,,,,10.82
Approaches based on Markovian architectural bias in recurrent neural networks,2003,,,General RC / ESN Methods,,,,0.05
The recurrent IML-network,2003,,10.1007/3-540-44868-3_39,Mathematics & Theory,,,,0.0
"Dimension change, coarse grained coding and pattern recognition in spatio-temporal nonlinear systems.",2003,,10.1142/S0219635203000160,Nonlinear Dynamics & Chaos,,,,0.05
Echo state networks and self-prediction,2004,,10.1007/978-3-540-27835-1_4,Neuroscience & Comp. Neuro,,,,0.62
Liquid state machine built of Hodgkin-Huxley neurons and pattern recognition,2004,,10.1016/j.neucom.2004.01.051,Neuroscience & Comp. Neuro,,,,1.19
Genetic regulatory systems modeled by recurrent neural network,2004,,10.1007/978-3-540-28648-6_83,Nonlinear Dynamics & Chaos,,,,0.33
On the computational power of circuits of spiking neurons,2004,,10.1016/j.jcss.2004.04.001,Neuroscience & Comp. Neuro,,,,11.29
Computation within cultured neural networks,2004,,,Nonlinear Dynamics & Chaos,,,,0.19
Turbine engine modeling using temporal neural networks for incipient fault detection and diagnosis,2004,,10.1115/gt2004-53649,Control & Robotics,,,,0.19
Decoding a temporal population code,2004,,10.1162/0899766041732459,Neuroscience & Comp. Neuro,,,,0.62
Harnessing Nonlinearity: Predicting Chaotic Systems and Saving Energy in Wireless Communication,2004,,10.1126/science.1091277,Nonlinear Dynamics & Chaos,,,,156.95
Finding good echo state networks to control an underwater robot using evolutionary computations,2004,,,Control & Robotics,,,,0.48
Echo state networks for mobile robot modeling and control,2004,,10.1007/978-3-540-25940-4_14,Control & Robotics,,,,1.52
Identification of motion with Echo State Network,2004,,,Mathematics & Theory,,,,2.71
Optimization of parameters of echo state network and its application to underwater robot,2004,,,Control & Robotics,,,,0.29
Ocean '04 - MTS/IEEE techno-ocean '04: Bridges across the oceans - Conference proceedings - Volume 3,2004,,,Climate & Earth Sciences,,,,0.0
Liquid state machine built of Hodgkin-Huxley neurons,2004,,10.15388/informatica.2004.044,General RC / ESN Methods,,,,0.43
Computing with transiently stable states,2005,,10.1109/IJCNN.2005.1556092,Nonlinear Dynamics & Chaos,,,,0.95
Learning mappings in brain machine interfaces with echo state networks,2005,,10.1109/ICASSP.2005.1416283,General RC / ESN Methods,,,,1.3
"Innovations in Applied Artificial Intelligence - 18th International Conference on Industrial and Engineering Applications of Artificial Intelligence and Expert Systems, IEA/AIE 2005, Proceedings",2005,,,Physical & Hardware RC,,,,0.0
Modeling reward functions for incomplete state representations via Echo State Networks,2005,,10.1109/IJCNN.2005.1556402,Nonlinear Dynamics & Chaos,,,,1.95
Gas turbine transient system empirical modeling for incipient fault detection and diagnosis using Echo State networks,2005,,,General RC / ESN Methods,,,,0.0
Reservoir riddles: Suggestions for echo state network research (extended abstract),2005,,10.1109/IJCNN.2005.1556090,Nonlinear Dynamics & Chaos,,,,5.35
Echo state networks used for motor control,2005,,10.1109/ROBOT.2005.1570399,Control & Robotics,,,,3.4
Feed-forward echo state networks,2005,,10.1109/IJCNN.2005.1556094,Nonlinear Dynamics & Chaos,,,,1.1
Multi-step forecasting using echo state networks,2005,,10.1109/eurcon.2005.1630268,Nonlinear Dynamics & Chaos,,,,0.4
Towards the modeling of dissociated cortical tissue in the liquid state machine framework,2005,,10.1109/IJCNN.2005.1556238,Neuroscience & Comp. Neuro,,,,0.05
A multiple objective optimization based echo state network tree and application to intrusion detection,2005,,,General RC / ESN Methods,,,,0.85
Isolated word recognition with the Liquid State Machine: A case study,2005,,10.1016/j.ipl.2005.05.019,Neuroscience & Comp. Neuro,,,,11.05
Movement prediction from real-world images using a liquid state machine,2005,,10.1007/11504894_19,Control & Robotics,,,,0.65
Short term memory and pattern matching with simple echo state networks,2005,,10.1007/11550822_3,Mathematics & Theory,,,,1.2
Echo state networks: Appeal and challenges,2005,,10.1109/IJCNN.2005.1556091,General RC / ESN Methods,,,,3.5
Artificial Neural Networks: Biological Inspirations - ICANN 2005 - 15th International Conference Proceedings,2005,,,Neuroscience & Comp. Neuro,,,,0.0
Direct adaptive control: An echo state network and genetic algorithm approach,2005,,10.1109/IJCNN.2005.1556095,Control & Robotics,,,,1.9
Analyzing the state space property of echo state networks for chaotic system prediction,2005,,10.1109/IJCNN.2005.1556081,Nonlinear Dynamics & Chaos,,,,0.35
Co-evolutionary learning in liquid architectures,2005,,10.1007/11494669_30,Neuroscience & Comp. Neuro,,,,0.0
A tighter bound for the echo state property,2006,,10.1109/TNN.2006.872357,Mathematics & Theory,,,,7.16
Guaranteed locally-stable macromodels of digital devices via echo state networks,2006,,10.1109/EPEP.2006.321192,Signal Processing & Comms,,,,0.37
Mapping of natural patterns by liquid architectures implementing neural cliques,2006,,10.1007/978-3-540-36266-1_12,Neuroscience & Comp. Neuro,,,,0.0
Spatiotemporal pattern recognition via liquid state machines,2006,,10.1109/ijcnn.2006.246880,Neuroscience & Comp. Neuro,,,,2.42
Comparing different recurrent neural architectures on a specific task from Vanishing Gradient effect perspective,2006,,,General RC / ESN Methods,,,,0.47
Link quality and signal-to-noise ratio in 802.11 WLAN with fading: A time-series analysis,2006,,10.1109/VTCF.2006.450,Signal Processing & Comms,,,,0.53
Reservoir-based techniques for speech recognition,2006,,10.1109/ijcnn.2006.246804,Signal Processing & Comms,,,,6.11
Preparing more effective liquid state machines using hebbian learning,2006,,10.1109/ijcnn.2006.246996,Signal Processing & Comms,,,,2.0
Critical echo state networks,2006,,10.1007/11840817_69,Mathematics & Theory,,,,1.32
Reinforcement learning with echo state networks,2006,,10.1007/11840817_86,Control & Robotics,,,,2.05
Strong systematicity in sentence processing by an echo state network,2006,,10.1007/11840817_53,General RC / ESN Methods,,,,0.84
Complex systems modeling using scale-free highly-clustered echo state network,2006,,,General RC / ESN Methods,,,,1.05
Liquid state machine by spatially coupled oscillators,2006,,10.1007/11881070_130,Nonlinear Dynamics & Chaos,,,,0.11
Echo state networks for determining harmonic contributions from nonlinear loads,2006,,10.1109/ijcnn.2006.246639,Nonlinear Dynamics & Chaos,,,,0.32
Harnessing non-linearity by Sigmoid-wavelet Hybrid Echo State Networks (SWHESN),2006,,10.1109/WCICA.2006.1712919,Nonlinear Dynamics & Chaos,,,,1.37
Minimum mean squared error time series classification using an echo state network prediction model,2006,,,Signal Processing & Comms,,,,3.21
Recurrent neural network based bit error rate prediction for narrowband fading channel,2007,,,Signal Processing & Comms,,,,0.0
A closed form solution for multiple-input spike based adaptive filters,2007,,10.1109/IJCNN.2007.4371276,Neuroscience & Comp. Neuro,,,,0.0
Signal processing with echo state networks in the complex domain,2007,,10.1109/MLSP.2007.4414341,Signal Processing & Comms,,,,0.67
The cerebellum as a liquid state machine,2007,,10.1016/j.neunet.2007.04.004,Neuroscience & Comp. Neuro,,,,8.5
Echo state networks for motor control of human ECoG neuroprosthetics,2007,,10.1109/CNE.2007.369722,Control & Robotics,,,,0.33
An experimental unification of reservoir computing methods,2007,,10.1016/j.neunet.2007.04.003,Nonlinear Dynamics & Chaos,,,,56.44
Movement prediction from real-world images using a liquid state machine,2007,,10.1007/s10489-006-0007-1,Neuroscience & Comp. Neuro,,,,2.33
Collective behavior of a small-world recurrent neural system with scale-free distribution,2007,,10.1109/TNN.2007.894082,Nonlinear Dynamics & Chaos,,,,7.33
Quantifying the effect of learning on recurrent spiking neurons,2007,,10.1109/IJCNN.2007.4371009,Neuroscience & Comp. Neuro,,,,0.56
An application of spike-timing-dependent plasticity to readout circuit for liquid state machine,2007,,10.1109/IJCNN.2007.4371170,Neuroscience & Comp. Neuro,,,,0.39
Liquid state machine and its separation ability as function of electrical parameters of cell,2007,,10.1016/j.neucom.2006.12.015,Neuroscience & Comp. Neuro,,,,1.17
Special issue on echo state networks and liquid state machines,2007,,10.1016/j.neunet.2007.04.001,Neuroscience & Comp. Neuro,,,,8.17
An associative memory readout for ESNs with applications to dynamical pattern recognition,2007,,10.1016/j.neunet.2007.04.012,Nonlinear Dynamics & Chaos,,,,2.06
Optimization and applications of echo state networks with leaky- integrator neurons,2007,,10.1016/j.neunet.2007.04.016,Nonlinear Dynamics & Chaos,,,,46.78
Echo state network applied to a robot docking task,2007,,,Control & Robotics,,,,0.0
Neural network based BER prediction for 802.16e channel,2007,,10.1109/SOFTCOM.2007.4446119,Signal Processing & Comms,,,,0.11
Recurrent neural network based BER prediction for NLOS channels,2007,,10.1145/1378063.1378127,Signal Processing & Comms,,,,0.28
Learning grammatical structure with Echo State Networks,2007,,10.1016/j.neunet.2007.04.013,Nonlinear Dynamics & Chaos,,,,8.0
An associative memory readout in ESN for neural action potential detection,2007,,10.1109/IJCNN.2007.4371316,Neuroscience & Comp. Neuro,,,,0.11
Decoupled echo state networks with lateral inhibition,2007,,10.1016/j.neunet.2007.04.014,Nonlinear Dynamics & Chaos,,,,10.5
Compact hardware for real-time speech recognition using a Liquid State Machine,2007,,10.1109/IJCNN.2007.4371111,Signal Processing & Comms,,,,0.78
Generative modeling of autonomous robots and their environments using reservoir computing,2007,,10.1007/s11063-007-9054-9,Control & Robotics,,,,2.11
Water inflow forecasting using the echo state network: A Brazilian case study,2007,,10.1109/IJCNN.2007.4371334,Signal Processing & Comms,,,,2.44
Online design of an echo state network based wide area monitor for a multimachine power system,2007,,10.1016/j.neunet.2007.04.021,Nonlinear Dynamics & Chaos,,,,3.67
Automatic speech recognition using a predictive echo state network classifier,2007,,10.1016/j.neunet.2007.04.006,Signal Processing & Comms,,,,10.72
Ridge regression learning in ESN for chaotic time series prediction,2007,,,Nonlinear Dynamics & Chaos,,,,3.67
Echo state networks for real-time audio applications,2007,,10.1007/978-3-540-72395-0_90,Signal Processing & Comms,,,,0.5
A first attempt of reservoir pruning for classification problems,2007,,,General RC / ESN Methods,,,,0.5
Spike-based feature extraction for noise robust speech recognition using phase synchrony coding,2007,,10.1109/iscas.2007.378702,Neuroscience & Comp. Neuro,,,,0.5
Systematicity in sentence processing with a recursive self-organizing neural network,2007,,,Mathematics & Theory,,,,0.22
"An overview of reservoir computing: Theory, applications and implementations",2007,,,General RC / ESN Methods,,,,24.78
Event detection and localization in mobile robot navigation using reservoir computing,2007,,10.1007/978-3-540-74695-9_68,Control & Robotics,,,,1.0
Several ways to solve the MSO problem,2007,,,General RC / ESN Methods,,,,0.44
Is there a liquid state machine in the bacterium Escherichia coli?,2007,,10.1109/ALIFE.2007.367795,Mathematics & Theory,,,,3.28
Spiral recurrent neural network for online learning,2007,,,Mathematics & Theory,,,,0.5
Analysis and design of echo state networks,2007,,10.1162/neco.2007.19.1.111,General RC / ESN Methods,,,,15.06
Noise-robust automatic speech recognition using a discriminative echo state network,2007,,10.1109/iscas.2007.378015,Signal Processing & Comms,,,,0.61
Isolated word recognition using a Liquid State Machine,2007,,,Neuroscience & Comp. Neuro,,,,2.0
Comparison of echo state networks with simple recurrent networks and variable-length Markov models on symbolic sequences,2007,,10.1007/978-3-540-74690-4_63,General RC / ESN Methods,,,,0.61
Noise-robust automatic speech recognition using a predictive echo state network,2007,,10.1109/TASL.2007.896669,Signal Processing & Comms,,,,3.83
Structured reservoir computing with spatiotemporal chaotic attractors,2007,,,Nonlinear Dynamics & Chaos,,,,0.17
"13th European Symposium on Artificial Neural Networks, ESANN 2005",2007,,,Control & Robotics,,,,0.0
"The introduction of time-scales in reservoir computing, applied to isolated digits recognition",2007,,10.1007/978-3-540-74690-4_48,General RC / ESN Methods,,,,2.5
Intrinsic plasticity for reservoir learning algorithms,2007,,,Signal Processing & Comms,,,,0.61
Reservoir neural state reconstruction and chaotic time series prediction,2007,,10.7498/aps.56.43,Nonlinear Dynamics & Chaos,,,,1.33
Use of autoregressive predictor in ECHO state neural networks,2007,,,Photonics & Optics,,,,0.06
Using Echo state networks for robot navigation behavior acquisition,2007,,10.1109/ROBIO.2007.4522160,Control & Robotics,,,,1.33
"Perception in Multimodal Dialogue Systems - 4th IEEE Tutorial and ResearchWorkshop on Perception and Interactive Technologies for Speech-Based Systems, PIT 2008, Proceedings",2008,,,Signal Processing & Comms,,,,0.0
Utilization of Echo State Networks for Differentiating Source and Nonlinear Load Harmonics in the Utility Network,2008,,10.1109/TPEL.2008.2005097,General RC / ESN Methods,,,,1.24
Synchronization enhancement of a scale-free highly clustered network,2008,,10.1109/WCICA.2008.4594467,Nonlinear Dynamics & Chaos,,,,0.12
Band-pass reservoir computing,2008,,10.1109/IJCNN.2008.4634252,Signal Processing & Comms,,,,1.47
Compact hardware liquid state machines on FPGA for real-time speech recognition,2008,,10.1016/j.neunet.2007.12.009,Physical & Hardware RC,,,,7.29
Photonic reservoir computing with coupled semiconductor optical amplifiers,2008,,10.1007/978-3-540-85673-3_4,Photonics & Optics,,,,0.0
Unsupervised learning of echo state networks: A case study in artificial embryogeny,2008,,10.1007/978-3-540-79305-2_24,Nonlinear Dynamics & Chaos,,,,0.71
"BImplementation of high speed face recognition based on karhunen loeve transform and fisher's discriminant, radial basis function of echo state neural network",2008,,,Mathematics & Theory,,,,0.12
Investigating the use of reservoir computing for forecasting the hourly wind speed in short -term,2008,,10.1109/IJCNN.2008.4634019,Climate & Earth Sciences,,,,1.71
Application of online trained Echo State Networks for harmonic compliance issues,2008,,10.1109/PESC.2008.4592582,General RC / ESN Methods,,,,0.0
Improving the separability of a reservoir facilitates learning transfer,2008,,,Neuroscience & Comp. Neuro,,,,0.0
Input-output model of time series based on ESN,2008,,10.1109/IJCNN.2008.4633877,General RC / ESN Methods,,,,0.0
Multiresolution-based echo state network and its application to the longterm prediction of network traffic,2008,,10.1109/ISCID.2008.62,Nonlinear Dynamics & Chaos,,,,0.18
Neural network based traffic prediction for wireless data networks,2008,,10.2991/ijcis.2008.1.4.9,Signal Processing & Comms,,,,1.76
Modeling multiple autonomous robot behaviors and behavior switching with a single reservoir computing network,2008,,10.1109/ICSMC.2008.4811557,Control & Robotics,,,,0.71
Stable output feedback in reservoir computing using ridge regression,2008,,10.1007/978-3-540-87536-9_83,Signal Processing & Comms,,,,3.82
Visual state estimation using self-tuning kalman filter and echo state network,2008,,10.1109/ROBOT.2008.4543322,Control & Robotics,,,,0.18
ESN neural networks robust attitude tracking control for multi-body spacecraft,2008,,,Mathematics & Theory,,,,0.53
Reservoir optimization in recurrent neural networks using kronecker kernels,2008,,10.1109/ISCAS.2008.4541556,General RC / ESN Methods,,,,0.41
Democratic liquid state machines for music recognition,2008,,10.1007/978-3-540-75398-8_9,Neuroscience & Comp. Neuro,,,,0.71
Reservoir computing for prediction of the spatially-variant point spread function,2008,,10.1109/JSTSP.2008.2004218,Photonics & Optics,,,,0.94
"Proceedings - 2008 International Conference on Information Processing in Sensor Networks, IPSN 2008",2008,,,Signal Processing & Comms,,,,0.0
Toward optical signal processing using photonic reservoir computing,2008,,10.1364/OE.16.011182,Photonics & Optics,,,,15.18
Delay learning and polychronization for reservoir computing,2008,,10.1016/j.neucom.2007.12.027,Neuroscience & Comp. Neuro,,,,5.41
Event detection and localization for small mobile robots using reservoir computing,2008,,10.1016/j.neunet.2008.06.010,Control & Robotics,,,,4.29
An echo state network based pedestrian counting system using wireless sensor networks,2008,,10.1109/WISES.2008.4623302,Signal Processing & Comms,,,,0.47
Echo state networks for online prediction of movement data - Comparing investigations,2008,,10.1007/978-3-540-87536-9_73,Nonlinear Dynamics & Chaos,,,,0.47
Neuro-inspired speech recognition with recurrent spiking neurons,2008,,10.1007/978-3-540-87536-9_53,Neuroscience & Comp. Neuro,,,,1.35
The application of echo state network in stock data mining,2008,,10.1007/978-3-540-68125-0_95,General RC / ESN Methods,,,,0.35
Supervised and evolutionary learning of echo state networks,2008,,10.1007/978-3-540-87700-4_22,General RC / ESN Methods,,,,2.35
Recurrent neural associative learning of forward and inverse kinematics for movement generation of the redundant PA-10 robot,2008,,10.1109/LAB-RS.2008.17,Control & Robotics,,,,1.29
Using echo state networks for anomaly detection in underground coal mines,2008,,10.1109/IPSN.2008.35,Nonlinear Dynamics & Chaos,,,,1.53
Towards spike-based speech processing: A biologically plausible approach to simple acoustic classification,2008,,10.2478/v10006-008-0012-0,Neuroscience & Comp. Neuro,,,,0.29
Neural network based traffic prediction for wireless data networks,2008,,10.1080/18756891.2008.9727633,Signal Processing & Comms,,,,0.06
Real-time emotion recognition from speech using echo state networks,2008,,10.1007/978-3-540-69939-2_20,Signal Processing & Comms,,,,1.82
Glial reservoir computing,2008,,10.1109/EMS.2008.74,Neuroscience & Comp. Neuro,,,,0.29
"10th International Conference on Parallel Problem Solving from Nature, PPSN X 2008",2008,,,Mathematics & Theory,,,,0.0
Real-time emotion recognition using echo state networks,2008,,10.1007/978-3-540-69369-7_22,Signal Processing & Comms,,,,0.24
Imitation learning of an intelligent navigation system for mobile robots using reservoir computing,2008,,10.1109/SBRN.2008.32,Control & Robotics,,,,0.29
Unsupervised learning of echo state networks: Balancing the double pole,2008,,,General RC / ESN Methods,,,,0.29
Can't get you out of my head: A connectionist model of cyclic rehearsal,2008,,10.1007/978-3-540-79037-2_17,Nonlinear Dynamics & Chaos,,,,0.29
Pruning and regularisation in reservoir computing: A first insight,2008,,,General RC / ESN Methods,,,,0.29
"Time series prediction with evolved, composite echo state networks",2008,,10.1007/978-3-540-89694-4_56,Nonlinear Dynamics & Chaos,,,,0.06
"16th European Symposium on Artificial Neural Networks - Advances in Computational Intelligence and Learning, ESANN 2008",2008,,,Neuroscience & Comp. Neuro,,,,0.0
Mobile robot control in the road sign problem using reservoir computing networks,2008,,10.1109/ROBOT.2008.4543321,Control & Robotics,,,,0.94
Groovy neural networks,2008,,10.3233/978-1-58603-891-5-271,Nonlinear Dynamics & Chaos,,,,0.35
Using reservoir computing for forecasting time series: brazilian case study,2008,,10.1109/HIS.2008.61,Climate & Earth Sciences,,,,0.53
Echo state networks with decoupled reservoir states,2008,,10.1109/MLSP.2008.4685521,Signal Processing & Comms,,,,0.53
Predictive modeling with echo state networks,2008,,10.1007/978-3-540-87536-9_80,General RC / ESN Methods,,,,1.29
"A comparison of MLP, RNN and ESN in determining harmonic contributions from nonlinear loads",2008,,10.1109/IECON.2008.4758443,Nonlinear Dynamics & Chaos,,,,1.65
Improving reservoirs using intrinsic plasticity,2008,,10.1016/j.neucom.2007.12.020,Neuroscience & Comp. Neuro,,,,12.53
"Proceedings of the 6th Workshop on Intelligent Solutions in Embedded Systems, WISES'08",2008,,,Control & Robotics,,,,0.0
"Optical Supercomputing - First International Workshop, OSC 2008, Proceedings",2008,,,Photonics & Optics,,,,0.06
Directional classification of cortical signals using a liquid state machine,2008,,10.3182/20080706-5-KR-1001.1060,Neuroscience & Comp. Neuro,,,,0.06
Multi-layer corrective cascade architecture for on-line predictive echo state networks,2008,,10.1080/08839510802170587,Nonlinear Dynamics & Chaos,,,,0.41
Liquid Computing efficiency as a function of neural cell's electrical parameters,2008,,,Neuroscience & Comp. Neuro,,,,0.0
A complex echo state network for nonlinear adaptive filtering,2008,,10.1109/MLSP.2008.4685514,Nonlinear Dynamics & Chaos,,,,0.35
Echo state and fir neural networks: Comparison of predictive abilities,2009,,,Nonlinear Dynamics & Chaos,,,,0.06
Reservoir computing approaches to recurrent neural network training,2009,,10.1016/j.cosrev.2009.03.005,General RC / ESN Methods,,,,158.19
Effects of spectral radius and settling time in the performance of echo state networks,2009,,10.1016/j.neunet.2009.03.021,Nonlinear Dynamics & Chaos,,,,3.88
Liquid state machines and cultured cortical networks: The separation property,2009,,10.1016/j.biosystems.2008.08.001,Neuroscience & Comp. Neuro,,,,3.62
Stable trajectory generator - Echo state network trained by particle swarm optimization,2009,,10.1109/CIRA.2009.5423207,Control & Robotics,,,,0.38
Towards autonomous self-localization of small mobile robots using reservoir computing and slow feature analysis,2009,,10.1109/ICSMC.2009.5346617,Control & Robotics,,,,0.19
Non-markovian processes modeling with echo state networks,2009,,,General RC / ESN Methods,,,,0.06
Harmonic identification using an Echo State Network for adaptive control of an active filter in an electric ship,2009,,10.1109/IJCNN.2009.5178808,Control & Robotics,,,,0.75
Modeling of cortical signals using echo state networks,2009,,10.1117/12.832846,Neuroscience & Comp. Neuro,,,,0.0
Improved echo state network based on data-driven and its application to prediction of blast furnace gas output,2009,,10.3724/SP.J.1004.2009.00731,Signal Processing & Comms,,,,2.94
Stable training method for echo state networks running in closed-loop based on particle swarm optimization algorithm,2009,,10.1007/978-3-642-10684-2_28,Nonlinear Dynamics & Chaos,,,,0.06
The application of liquid state machines in robot path planning,2009,,,Control & Robotics,,,,0.75
"Evaluation of a ""smart"" pedestrian counting system based on echo state networks",2009,,10.1155/2009/352172,Signal Processing & Comms,,,,0.75
New method to construct complex echo state networks,2009,,,Nonlinear Dynamics & Chaos,,,,0.19
"Proceedings - 2009 Advanced Technologies for Enhanced Quality of Life, AT-EQUAL 2009",2009,,,Control & Robotics,,,,0.0
Mote-based online anomaly detection using echo state networks,2009,,10.1007/978-3-642-02085-8_6,Signal Processing & Comms,,,,1.81
"17th European Symposium on Artificial Neural Networks - Advances in Computational Intelligence and Learning, ESANN 2009",2009,,,Neuroscience & Comp. Neuro,,,,0.0
Time series analysis for long term prediction of human movement trajectories,2009,,10.1007/978-3-642-03040-6_69,Control & Robotics,,,,0.38
Genetic Algorithm for reservoir computing optimization,2009,,10.1109/IJCNN.2009.5178654,General RC / ESN Methods,,,,2.12
Spatiotemporal processing in a spiking neural P system,2009,,10.1109/DeSE.2009.24,Neuroscience & Comp. Neuro,,,,0.12
Improving the separability of a reservoir facilitates learning transfer,2009,,10.1109/IJCNN.2009.5178656,Neuroscience & Comp. Neuro,,,,0.38
Design of a central pattern generator using reservoir computing for learning human motion,2009,,10.1109/AT-EQUAL.2009.32,Control & Robotics,,,,1.81
Real-Time epileptic seizure detection on intra-cranial rat data using reservoir computing,2009,,10.1007/978-3-642-02490-0_7,General RC / ESN Methods,,,,1.12
Hierarchical Bayesian reservoir memory,2009,,10.1109/CSICC.2009.5349642,Neuroscience & Comp. Neuro,,,,0.38
Structure optimization of reservoir networks,2009,,10.1093/jigpal/jzp043,Nonlinear Dynamics & Chaos,,,,1.62
Mapping broadband electrocorticographic recordings to two-dimensional hand trajectories in humans. Motor control features,2009,,10.1016/j.neunet.2009.06.036,Control & Robotics,,,,1.75
Saving energy in wireless sensor networks based on Echo state networks,2009,,10.1007/978-3-642-01513-7_101,Signal Processing & Comms,,,,0.06
"Neural Information Processing - 16th International Conference, ICONIP 2009, Proceedings",2009,,,Neuroscience & Comp. Neuro,,,,0.0
Studies on reservoir initialization and dynamics shaping in echo state networks,2009,,,General RC / ESN Methods,,,,0.94
Responsive elastic computing,2009,,10.1145/1555301.1555311,Control & Robotics,,,,1.25
Modeling of cortical signals using optimized echo state networks with leaky integrator neurons,2009,,10.1007/978-3-642-10677-4_2,Neuroscience & Comp. Neuro,,,,0.19
Short to medium range time series prediction of solar irradiance using an Echo State Network,2009,,10.1109/ISAP.2009.5352922,Nonlinear Dynamics & Chaos,,,,1.56
Robospike sensory processing for a mobile robot using spiking neural networks,2009,,10.1007/978-3-642-04277-5_80,Neuroscience & Comp. Neuro,,,,0.06
Facial expression recognition based on Liquid State Machines built of alternative neuron models,2009,,10.1109/IJCNN.2009.5179025,Neuroscience & Comp. Neuro,,,,1.31
On the quantification of dynamics in reservoir computing,2009,,10.1007/978-3-642-04274-4_101,Nonlinear Dynamics & Chaos,,,,2.38
Initialization and self-organized optimization of recurrent neural network connectivity,2009,,10.2976/1.3240502,Neuroscience & Comp. Neuro,,,,1.69
Overhead conductor thermal dynamics identification by using Echo State Networks,2009,,10.1109/IJCNN.2009.5179006,Signal Processing & Comms,,,,1.25
Memory-enhanced evolutionary robotics: The echo state network approach,2009,,10.1109/CEC.2009.4983292,Control & Robotics,,,,0.56
On computational power and the order-chaos phase transition in Reservoir Computing,2009,,,Nonlinear Dynamics & Chaos,,,,2.5
Prediction of multivariate time series based on reservoir principal component analysis,2009,,,Nonlinear Dynamics & Chaos,,,,0.81
A neurocomputational model of anticipation and sustained inattentional blindness in hierarchies,2009,,10.1007/978-3-642-02565-5_9,Neuroscience & Comp. Neuro,,,,0.06
"Reservoir size, spectral radius and connectivity in static classification problems",2009,,10.1007/978-3-642-04274-4_104,General RC / ESN Methods,,,,0.31
Adaptive Echo State Network to maximize overhead power line dynamic thermal rating,2009,,10.1109/ECCE.2009.5316095,Mathematics & Theory,,,,1.06
Short-term stock price prediction based on echo state networks,2009,,10.1016/j.eswa.2008.09.049,Nonlinear Dynamics & Chaos,,,,11.38
Reservoir optimization in recurrent neural networks using properties of Kronecker product,2009,,10.1093/jigpal/jzp044,Nonlinear Dynamics & Chaos,,,,0.25
Programming coevolutionary machines: The emerging conundrum,2009,,10.1080/17445760902761945,Mathematics & Theory,,,,0.69
Echo state network for abrupt change detections in non-stationary signals,2009,,10.1109/ISDA.2009.38,Nonlinear Dynamics & Chaos,,,,0.0
Traffic prediction with reservoir computing for mobile networks,2009,,10.1109/ICNC.2009.685,Signal Processing & Comms,,,,0.56
An introduction to the echo state network and its applications in power system,2009,,10.1109/ISAP.2009.5352913,Nonlinear Dynamics & Chaos,,,,0.81
Nonlinear blind source deconvolution using recurrent prediction-error filters and an artificial immune system,2009,,10.1007/978-3-642-00599-2_47,Signal Processing & Comms,,,,0.31
The separation property enhancement of liquid state machine by particle swarm optimization,2009,,10.1007/978-3-642-01513-7_8,Mathematics & Theory,,,,0.19
Echo state networks and neural network ensembles to predict sunspots activity,2009,,,General RC / ESN Methods,,,,0.69
"2009 15th International Conference on Intelligent System Applications to Power Systems, ISAP '09",2009,,,General RC / ESN Methods,,,,0.0
Pruning and regularization in reservoir computing,2009,,10.1016/j.neucom.2008.12.020,General RC / ESN Methods,,,,7.56
Thermal modeling and real time overload capacity prediction of overhead power lines,2009,,10.1109/DEMPED.2009.5292772,Mathematics & Theory,,,,2.19
"2009 IEEE International Symposium on Computational Intelligence in Robotics and Automation, CIRA 2009",2009,,,Control & Robotics,,,,0.0
Benchmarking reservoir computing on time-independent classification tasks,2009,,10.1109/IJCNN.2009.5178920,General RC / ESN Methods,,,,1.56
Unsupervised learning in reservoir computing: Modeling hippocampal place cells for small mobile robots,2009,,10.1007/978-3-642-04274-4_77,Neuroscience & Comp. Neuro,,,,0.19
Reservoir computing: A powerful black-box framework for nonlinear audio processing,2009,,,Signal Processing & Comms,,,,0.88
Cognitive computation with autonomously active neural networks: An emerging field,2009,,10.1007/s12559-008-9000-9,Control & Robotics,,,,4.19
Reservoir computing for static pattern recognition,2009,,,General RC / ESN Methods,,,,1.5
Modular reservoir computing networks for imitation learning of multiple robot behaviors,2009,,10.1109/CIRA.2009.5423194,Control & Robotics,,,,0.5
Nonlinear time series online prediction using reservoir Kalman filter,2009,,10.1109/IJCNN.2009.5178669,Mathematics & Theory,,,,0.38
A groovy virtual drumming agent,2009,,10.1007/978-3-642-04380-2_14,General RC / ESN Methods,,,,0.69
Which model to use for the Liquid State Machine?,2009,,10.1109/IJCNN.2009.5178822,General RC / ESN Methods,,,,1.12
Echo-state-network-based real-time wind speed estimation for wind power generation,2009,,10.1109/IJCNN.2009.5178795,Climate & Earth Sciences,,,,0.31
Multiple clusters echo state network for chaotic time series prediction,2009,,,Nonlinear Dynamics & Chaos,,,,0.88
Supervised learning of internal models for autonomous goal-oriented robot navigation using reservoir computing,2010,,10.1109/ROBOT.2010.5509212,Control & Robotics,,,,1.53
Unifying quality metrics for reservoir networks,2010,,10.1109/IJCNN.2010.5596307,Nonlinear Dynamics & Chaos,,,,1.4
Dynamic system eigenvalue extraction using a linear echo state network for small-signal stability analysis - A novel application,2010,,10.1109/IJCNN.2010.5596507,Mathematics & Theory,,,,0.2
Time series causality inference using echo state networks,2010,,10.1007/978-3-642-15995-4_35,General RC / ESN Methods,,,,0.2
Maximum echo-state-likelihood networks for emotion recognition,2010,,10.1007/978-3-642-12159-3_6,Signal Processing & Comms,,,,0.2
Memory in reservoirs for high dimensional input,2010,,10.1109/IJCNN.2010.5596884,Mathematics & Theory,,,,0.87
Exploiting vertices states in graphESN by weighted nearest neighbor,2010,,,General RC / ESN Methods,,,,0.0
A new and better prediction model for chaotic time series based on ESN and PCA,2010,,,Nonlinear Dynamics & Chaos,,,,0.13
Musical exoskeletons: Experiments with a motion capture suit,2010,,,Signal Processing & Comms,,,,0.53
Hybrid state space and echo state networks model of a miniature helicopter,2010,,,General RC / ESN Methods,,,,0.0
Extending reservoir computing with random static projections: A hybrid between extreme learning and RC,2010,,,General RC / ESN Methods,,,,1.87
Modeling of McKibben pneumatic artificial muscles using optimized echo state networks,2010,,10.1109/WCICA.2010.5554635,General RC / ESN Methods,,,,0.13
Effects of connectivity structure of complex echo state network on its prediction performance for nonlinear time series,2010,,10.1016/j.neucom.2010.01.015,Nonlinear Dynamics & Chaos,,,,4.47
Improving liquid state machines through iterative refinement of the reservoir,2010,,10.1016/j.neucom.2010.08.005,Neuroscience & Comp. Neuro,,,,3.2
Condition prediction of flue gas turbine based on Echo State Network,2010,,10.1109/ICNC.2010.5583012,Nonlinear Dynamics & Chaos,,,,0.2
Stable training method for echo state networks with output feedbacks,2010,,10.1109/ICNSC.2010.5461516,General RC / ESN Methods,,,,0.6
Multi-objective reinforcement learning for responsive Grids,2010,,10.1007/s10723-010-9161-0,Control & Robotics,,,,1.13
Photonic reservoir computing: A new approach to optical information processing,2010,,10.1117/12.873065,Photonics & Optics,,,,0.07
Recurrence enhances the spatial encoding of static inputs in reservoir networks,2010,,10.1007/978-3-642-15822-3_19,Nonlinear Dynamics & Chaos,,,,0.47
Chaotic time series prediction by combining echo-state networks and radial basis function networks,2010,,10.1109/MLSP.2010.5589260,Nonlinear Dynamics & Chaos,,,,0.33
Machine learning techniques based on random projections,2010,,,General RC / ESN Methods,,,,0.87
Simple deterministically constructed recurrent neural networks,2010,,10.1007/978-3-642-15381-5_33,Mathematics & Theory,,,,1.4
Nonlinear Optics and Applications IV,2010,,,Photonics & Optics,,,,0.0
Critical branching neural computation,2010,,10.1109/IJCNN.2010.5596813,Neuroscience & Comp. Neuro,,,,0.4
Graph echo state networks,2010,,10.1109/IJCNN.2010.5596796,General RC / ESN Methods,,,,11.87
Reservoir regularization stabilizes learning of Echo State Networks with output feedback,2010,,,Control & Robotics,,,,0.6
A method for controlling chaos with echo state network,2010,,10.1109/WCICA.2010.5553854,Nonlinear Dynamics & Chaos,,,,0.07
Adaptive critic design with ESN critic for bioprocess optimization,2010,,10.1007/978-3-642-15822-3_54,Control & Robotics,,,,1.2
A comparative study of Reservoir Computing strategies for monthly time series prediction,2010,,10.1016/j.neucom.2010.01.016,Nonlinear Dynamics & Chaos,,,,4.33
On the use of reservoir computing in popularity prediction,2010,,10.1109/INTERNET.2010.13,General RC / ESN Methods,,,,2.6
"Proceedings - 2nd International Conference on Evolving Internet, Internet 2010, 1st International Conference on Access Networks, Services and Technologies, Access 2010",2010,,,Photonics & Optics,,,,0.0
Classification of dynamical patterns in autonomously controlled logistic simulations using echo state networks,2010,,,Control & Robotics,,,,0.0
One step backpropagation through time for learning input mapping in reservoir computing applied to speech recognition,2010,,10.1109/ISCAS.2010.5537568,Signal Processing & Comms,,,,0.87
Reservoir computing for sensory prediction and classification in adaptive agents,2010,,,General RC / ESN Methods,,,,0.0
Classification of musical styles using liquid state machines,2010,,10.1109/IJCNN.2010.5596470,Neuroscience & Comp. Neuro,,,,0.93
Pruning reservoirs with random static projections,2010,,10.1109/MLSP.2010.5589251,Signal Processing & Comms,,,,0.4
Extending stability through hierarchical clusters in Echo State Networks,2010,,10.3389/fninf.2010.00011,General RC / ESN Methods,,,,1.47
Notice of Retraction: Financial time series prediction based on Echo State Network,2010,,10.1109/ICNC.2010.5584802,Nonlinear Dynamics & Chaos,,,,0.6
A time series based prediction method for a coke oven gas system in steel industry,2010,,,General RC / ESN Methods,,,,0.8
Evolutionary optimization of echo state networks: Multiple motor pattern learning,2010,,,Nonlinear Dynamics & Chaos,,,,0.53
Real-time dynamic thermal rating evaluation of overhead power lines based on online adaptation of echo state networks,2010,,10.1109/ECCE.2010.5618307,Mathematics & Theory,,,,1.27
RLS-ESN based PID control for rehabilitation robotic arms driven by PM -TS actuators,2010,,,Control & Robotics,,,,0.8
Echo state networks with filter neurons and a delay&sum readout,2010,,10.1016/j.neunet.2009.07.004,Nonlinear Dynamics & Chaos,,,,7.0
"18th European Symposium on Artificial Neural Networks, Computational Intelligence and Machine Learning, ESANN 2010",2010,,,Control & Robotics,,,,0.0
Improving recurrent neural network performance using transfer entropy,2010,,10.1007/978-3-642-17534-3_24,Control & Robotics,,,,1.33
Multi-reservoir Echo State Network with sparse Bayesian learning,2010,,10.1007/978-3-642-13278-0_58,Nonlinear Dynamics & Chaos,,,,1.33
Learning robot-environment interaction using echo state networks,2010,,10.1007/978-3-642-15193-4_47,Control & Robotics,,,,0.33
An evolutionary method of adaptive behavior for robot based on echo state network,2010,,10.1109/WCICA.2010.5553884,Control & Robotics,,,,0.0
"Evolutionary strategy for simultaneous optimization of parameters, topology and reservoir weights in Echo State Networks",2010,,10.1109/IJCNN.2010.5596913,Nonlinear Dynamics & Chaos,,,,0.53
Sequential reconstruction of driving-forces from nonlinear nonstationary dynamics,2010,,10.1016/j.physd.2010.02.014,Nonlinear Dynamics & Chaos,,,,1.2
Almost random projection machine with margin maximization and kernel features,2010,,10.1007/978-3-642-15822-3_5,General RC / ESN Methods,,,,0.07
Towards spatio-temporal pattern recognition using evolving spiking neural networks,2010,,10.1007/978-3-642-17537-4_21,Neuroscience & Comp. Neuro,,,,0.93
Toward the development of radar scene analyzer for cognitive radar,2010,,10.1109/JOE.2010.2043378,Signal Processing & Comms,,,,1.33
Comparing measures of synchrony and alignment in dialogue speech timing with respect to turn-taking activity,2010,,,Signal Processing & Comms,,,,1.87
Shared reservoir modular echo state networks for chaotic time series prediction,2010,,10.1109/ICMLC.2010.5580765,Nonlinear Dynamics & Chaos,,,,0.2
"Connectivity, dynamics, and memory in reservoir computing with binary and analog neurons",2010,,10.1162/neco.2009.01-09-947,Physical & Hardware RC,,,,9.87
Sentence-processing in echo state networks: A qualitative analysis by finite state machine extraction,2010,,10.1080/09540090903398039,General RC / ESN Methods,,,,0.2
Stability and topology in reservoir computing,2010,,10.1007/978-3-642-16773-7_21,Control & Robotics,,,,0.4
Using multiple models to imitate drumming,2010,,10.2316/P.2010.706-033,Control & Robotics,,,,0.07
A neural framework for adaptive robot control,2010,,10.1007/s00521-009-0262-2,Control & Robotics,,,,0.93
Functional identification of biological neural networks using reservoir adaptation for point processes,2010,,10.1007/s10827-009-0176-0,Mathematics & Theory,,,,0.73
Reservoir computing: A photonic neural network for information processing,2010,,10.1117/12.854050,Photonics & Optics,,,,1.67
Multi-steps prediction of chaotic time series based on echo state network,2010,,10.1109/BICTA.2010.5645205,Nonlinear Dynamics & Chaos,,,,1.2
Indirect adaptive control of an active filter using Echo State Networks,2010,,10.1109/ECCE.2010.5618295,Control & Robotics,,,,0.0
Researches on time series prediction with echo state networks,2010,,,Nonlinear Dynamics & Chaos,,,,2.33
A markovian characterization of redundancy in echo state networks by PCA,2010,,,General RC / ESN Methods,,,,0.67
Adaptive critic design with echo state network,2010,,10.1109/ICSMC.2010.5641744,Control & Robotics,,,,1.47
Robust face tracking control of a mobile robot using self-tuning Kalman filter and echo state network,2010,,10.1002/asjc.204,Control & Robotics,,,,1.4
Reservoir Computing approach to Great Lakes water level forecasting,2010,,10.1016/j.jhydrol.2009.11.027,Nonlinear Dynamics & Chaos,,,,5.2
TreeESN: A preliminary experimental analysis,2010,,,General RC / ESN Methods,,,,0.47
A NEAT way for evolving Echo State Networks,2010,,10.3233/978-1-60750-606-5-909,Control & Robotics,,,,0.6
The liquid state machine is not robust to problems in its components but topological constraints can restore robustness,2010,,,General RC / ESN Methods,,,,0.33
A novel time series analysis approach for prediction of dialysis in critically ill patients using echo-state networks,2010,,10.1186/1472-6947-10-4,Mathematics & Theory,,,,1.8
Phoneme recognition with large hierarchical reservoirs,2010,,,Signal Processing & Comms,,,,9.27
A malleable interface for sonic exploration,2010,,,General RC / ESN Methods,,,,0.87
"Proceedings of the 6th International Workshop on Artificial Neural Networks and Intelligent Information Processing - Workshop, ANNIIP 2010, in Conjunction with ICINCO 2010",2010,,,Photonics & Optics,,,,0.0
Study on prediction method for generation and consumption of coke oven gas,2010,,10.1109/WCICA.2010.5554064,General RC / ESN Methods,,,,0.0
Photonic reservoir computing: A new approach to optical information processing,2010,,10.1109/ICTON.2010.5548990,Photonics & Optics,,,,1.0
Cell classification in mobile networks with reservoir computing,2010,,10.1109/IMTC.2010.5488217,Signal Processing & Comms,,,,0.07
Bayesian learning of echo state networks with tunable filters and delay & sum readouts,2010,,10.1109/ICASSP.2010.5495225,Nonlinear Dynamics & Chaos,,,,0.27
Research on multi-reservoir ESN based on Bayesian regression,2010,,,Nonlinear Dynamics & Chaos,,,,0.2
Negatively correlated echo state networks,2010,,,General RC / ESN Methods,,,,0.27
Memory in linear recurrent neural networks in continuous time,2010,,10.1016/j.neunet.2009.08.008,Nonlinear Dynamics & Chaos,,,,3.8
"12th Int. Conference on Harbor, Maritime and Multimodal Logistics Modeling and Simulation, HMS 2010, Held at the International Mediterranean and Latin American Modeling Multiconference, I3M 2010",2010,,,Control & Robotics,,,,0.0
An adaptive modeling approach based on ESN for robotic belt grinding,2010,,10.1109/ICINFA.2010.5512461,Control & Robotics,,,,0.6
Operation management of offshore wind farms using echo state networks,2010,,,Climate & Earth Sciences,,,,0.0
Sketch-based interfaces: Exploiting spatio-temporal context for automatic stroke grouping,2010,,10.1007/978-3-642-13544-6_13,General RC / ESN Methods,,,,0.2
Model of multi-sensor data fusion and trajectory prediction based on echo state network,2010,,10.1109/CMCE.2010.5610506,Control & Robotics,,,,0.27
Analysis of the neural hypercolumn in parallel PCSIM simulations,2010,,10.1016/j.procs.2010.04.092,Neuroscience & Comp. Neuro,,,,0.87
Echo state networks with sparse output connections,2010,,10.1007/978-3-642-15819-3_47,General RC / ESN Methods,,,,0.93
Multivariate time series online predictor with Kalman filter trained reservoir,2010,,10.3724/SP.J.1004.2010.00169,Mathematics & Theory,,,,1.13
Short term load forecasting using echo state networks,2010,,10.1109/IJCNN.2010.5596950,General RC / ESN Methods,,,,0.6
Time accounting artificial neural networks for biochemical process models,2010,,10.1007/978-3-642-13428-9_8,General RC / ESN Methods,,,,0.07
"19th European Symposium on Artificial Neural Networks, Computational Intelligence and Machine Learning, ESANN 2011",2010,,,Control & Robotics,,,,0.0
Automatic detection of epileptic seizures on the intra-cranial electroencephalogram of rats using reservoir computing,2011,,10.1016/j.artmed.2011.08.006,Signal Processing & Comms,,,,2.71
Modelling coordination of learning systems: A reservoir systems approach to dopamine modulated pavlovian conditioning,2011,,10.1007/978-3-642-21283-3_51,Control & Robotics,,,,0.21
Random subspace and multiple reservoirs based classifier,2011,,,Physical & Hardware RC,,,,0.0
Delay electro-optic dynamics for brain inspired information processing,2011,,10.1109/LDNP.2011.6162074,Photonics & Optics,,,,0.0
Multistate combination approaches for liquid state machine in supervised spatiotemporal pattern classification,2011,,10.1016/j.neucom.2011.03.033,Neuroscience & Comp. Neuro,,,,0.57
Neural network model of mill-fan system elements vibration for predictive maintenance,2011,,10.1109/INISTA.2011.5946102,General RC / ESN Methods,,,,0.5
Multiple delay nonlinear wavelength dynamics for photonic reservoir computing,2011,,,Photonics & Optics,,,,0.0
What makes a brain smart? Reservoir computing as an approach for general intelligence,2011,,10.1007/978-3-642-22887-2_51,Neuroscience & Comp. Neuro,,,,0.14
Flue gas turbine condition trend prediction based on improved echo state network,2011,,10.1109/ICMTMA.2011.348,General RC / ESN Methods,,,,0.07
Increased robustness and intermittent dynamics in structured Reservoir Networks with feedback,2011,,,Nonlinear Dynamics & Chaos,,,,0.0
Fuzzy echo state networks,2011,,,Nonlinear Dynamics & Chaos,,,,0.29
On the learning of ESN linear readouts,2011,,10.1007/978-3-642-25274-7_13,General RC / ESN Methods,,,,0.07
Online classification of visual tasks for industrial workflow monitoring,2011,,10.1016/j.neunet.2011.06.001,General RC / ESN Methods,,,,1.93
An on-line training algorithm for echo state networks with extended kalman filter,2011,,,Nonlinear Dynamics & Chaos,,,,0.43
On the capacity of transient internal states in liquid-state machines,2011,,10.1007/978-3-642-21738-8_8,Mathematics & Theory,,,,0.14
Study on prediction method for generation and consumption of blast furnace gas based on improved echo state network,2011,,,General RC / ESN Methods,,,,0.21
Photonic reservoir computing and information processing with coupled semiconductor optical amplifiers,2011,,10.1109/LDNP.2011.6162079,Photonics & Optics,,,,0.14
Optical signal processing with a network of semiconductor optical amplifiers in the context of photonic reservoir computing,2011,,10.1117/12.874165,Photonics & Optics,,,,0.07
"Modelling of monkey's motor cortical signals by an extended adaptive Liquid State Machine: An integrated procedure from model, identification, experiments, data fitting, to validation",2011,,10.1504/IJSCC.2011.042435,Neuroscience & Comp. Neuro,,,,0.14
Echo state networks for static classification with corresponding clusters,2011,,,Physical & Hardware RC,,,,0.36
Modeling activity-dependent plasticity in BCM spiking neural networks with application to human behavior recognition,2011,,10.1109/TNN.2011.2171044,Neuroscience & Comp. Neuro,,,,2.29
Modular echo state neural networks in time series prediction,2011,,,Nonlinear Dynamics & Chaos,,,,0.79
Computational performance of a single bandpass electro-optic delay oscillator,2011,,10.1109/CLEOE.2011.5943568,Photonics & Optics,,,,0.0
Minimal echo state networks for visualisation,2011,,10.1109/CIS.2011.91,General RC / ESN Methods,,,,0.07
Comparing evolutionary methods for reservoir computing pre-training,2011,,10.1109/IJCNN.2011.6033233,Mathematics & Theory,,,,2.21
Coordination of multi-layered neural computation - A neural pipeline approach,2011,,,Mathematics & Theory,,,,0.0
Biologically-inspired neural coding of sound onset for a musical sound classification task,2011,,10.1109/IJCNN.2011.6033386,Neuroscience & Comp. Neuro,,,,0.21
Research on design method of small world property ESN,2011,,10.1007/978-3-642-21105-8_7,General RC / ESN Methods,,,,0.0
An echo state network architecture based on volterra filtering and PCA with application to the channel equalization problem,2011,,10.1109/IJCNN.2011.6033273,Signal Processing & Comms,,,,2.07
"2011 5th Rio De La Plata Workshop on Laser Dynamics and Nonlinear Photonics, LDNP 2011",2011,,,Photonics & Optics,,,,0.0
Recurrent neural networks for moisture content prediction in seed corn dryer buildings,2011,,10.1109/ICTAI.2011.161,General RC / ESN Methods,,,,0.36
Delayed synapses: An LSM model for studying aspects of temporal context in memory,2011,,10.1007/978-3-642-24279-3_16,Neuroscience & Comp. Neuro,,,,0.14
Analog circuit fault diagnosis with echo state networks based on corresponding clusters,2011,,10.1007/978-3-642-21105-8_51,Physical & Hardware RC,,,,0.21
Echo state network prediction method and its application in flue gas turbine condition prediction,2011,,10.1117/12.887330,General RC / ESN Methods,,,,0.0
Self-organizing maps and scale-invariant maps in echo state networks,2011,,10.1109/ISDA.2011.6121637,General RC / ESN Methods,,,,2.07
Architectural and Markovian factors of echo state networks,2011,,10.1016/j.neunet.2011.02.002,Nonlinear Dynamics & Chaos,,,,12.57
Recursive least squares algorithm with adaptive forgetting factor based on echo state network,2011,,10.1109/WCICA.2011.5970746,Control & Robotics,,,,0.57
Anticipating rewards in continuous time and space with echo state networks and actor-critic design,2011,,,Control & Robotics,,,,0.64
Minimum complexity echo state network,2011,,10.1109/TNN.2010.2089641,Nonlinear Dynamics & Chaos,,,,46.71
Supervised State Mapping of Clustered GraphESN States,2011,,10.3233/978-1-60750-972-1-28,General RC / ESN Methods,,,,0.0
Reservoir-based evolving spiking neural network for spatio-temporal pattern recognition,2011,,10.1007/978-3-642-24958-7_19,Neuroscience & Comp. Neuro,,,,0.86
Parameter optimization using PSO for ESN-based robotic belt grinding modeling,2011,,10.1109/ISA.2011.5873383,Control & Robotics,,,,0.07
"Critical Branching Neural Computation, Neural Avalanches, and 1/f Scaling",2011,,,Neuroscience & Comp. Neuro,,,,0.29
Advances in photonic reservoir computing on an integrated platform,2011,,10.1109/ICTON.2011.5970791,Photonics & Optics,,,,0.21
Predictive control of vehicle based on Echo state network,2011,,10.1109/ISIE.2011.141,Control & Robotics,,,,0.14
ESN intrinsic plasticity versus reservoir stability,2011,,10.1007/978-3-642-21735-7_9,Control & Robotics,,,,1.14
From biology to inspiration and back: Is the pallidal complex a reservoir?,2011,,10.3233/978-1-60750-959-2-73,Neuroscience & Comp. Neuro,,,,0.0
Intelligent stock trading system based on improved technical analysis and Echo State Network,2011,,10.1016/j.eswa.2011.03.001,General RC / ESN Methods,,,,5.29
Information processing using a single dynamical node as complex system,2011,,10.1038/ncomms1476,Nonlinear Dynamics & Chaos,,,,107.64
"Engineering Applications of Neural Networks - 12th INNS EANN-SIG International Conference, EANN 2011 and 7th IFIP WG 12.5 International Conference, AIAI 2011, Proceedings",2011,,,Control & Robotics,,,,0.0
Survey on reservoir computing,2011,,,General RC / ESN Methods,,,,0.86
Liquid state machine based fingerprint identification,2011,,,Neuroscience & Comp. Neuro,,,,0.14
Anti boundary effect wavelet decomposition echo state networks,2011,,10.1007/978-3-642-21105-8_52,Nonlinear Dynamics & Chaos,,,,0.07
Parallel reservoir computing using optical amplifiers,2011,,10.1109/TNN.2011.2161771,Photonics & Optics,,,,15.43
Are probabilistic spiking neural networks suitable for reservoir computing?,2011,,10.1109/IJCNN.2011.6033639,Neuroscience & Comp. Neuro,,,,1.21
"The role of stucture, size and sparsity in echo state networks for visualisation",2011,,,General RC / ESN Methods,,,,0.14
An effective online sparse learning algorithm for echo state networks,2011,,10.3724/SP.J.1004.2011.01536,General RC / ESN Methods,,,,0.36
"Liquid state machines: Motivation, theory, and applications",2011,,10.1142/9781848162778_0008,General RC / ESN Methods,,,,12.57
Hourly electric load forecasting algorithm based on echo state neural network,2011,,10.1109/CCDC.2011.5968901,Climate & Earth Sciences,,,,1.07
A two-stage online prediction method for a blast furnace gas system and its application,2011,,10.1109/TCST.2010.2051545,Nonlinear Dynamics & Chaos,,,,7.79
Learning BOLD response in fMRI by reservoir computing,2011,,10.1109/PRNI.2011.16,General RC / ESN Methods,,,,0.14
Improved recursive least squares algorithm based on echo state neural network for nonlinear system identification,2011,,,Nonlinear Dynamics & Chaos,,,,0.43
An augmented echo state network for nonlinear adaptive filtering of complex noncircular signals,2011,,10.1109/TNN.2010.2085444,Nonlinear Dynamics & Chaos,,,,7.43
Identification of non-linear dynamic model of UUV based on ESN neural network,2011,,,Nonlinear Dynamics & Chaos,,,,0.36
Online designed of Echo State Network based on Particle Swarm Optimization for system identification,2011,,10.1109/ICICIP.2011.6008307,Nonlinear Dynamics & Chaos,,,,0.07
Echo State Networks based method for harmonic extraction in Shunt Active Power Filters,2011,,10.1109/BIC-TA.2011.17,General RC / ESN Methods,,,,0.14
Multiple delay nonlinear wavelength dynamics for photonic Reservoir Computing,2011,,10.1109/CLEOE.2011.5943557,Photonics & Optics,,,,0.0
A neurodynamical model for working memory,2011,,10.1016/j.neunet.2010.10.003,Nonlinear Dynamics & Chaos,,,,4.79
Chaotic time series prediction based on robust echo state network,2011,,,Nonlinear Dynamics & Chaos,,,,0.36
Traffic forecasting for prior knowledge based clustered complex echo state networks,2011,,,Signal Processing & Comms,,,,0.36
On-line voltage stability load index estimation based on PMU measurements,2011,,10.1109/PES.2011.6039882,General RC / ESN Methods,,,,1.57
Clustered complex echo state networks for traffic forecasting with prior knowledge,2011,,10.1109/IMTC.2011.5944078,Signal Processing & Comms,,,,1.36
"Artificial Intelligence Applications and Innovations - 12th INNS EANN-SIG International Conference, EANN 2011 and 7th IFIP WG 12.5 International Conference, AIAI 2011, Proceedings",2011,,,Control & Robotics,,,,0.0
Short-term traffic flow forecasting via echo state neural networks,2011,,10.1109/ICNC.2011.6022154,Climate & Earth Sciences,,,,1.36
GPU accelerated model for liquid state machine based on spiking neurons,2011,,,Neuroscience & Comp. Neuro,,,,0.07
Connected digit recognition by means of reservoir computing,2011,,,Signal Processing & Comms,,,,1.43
LM algorithm in echo state network for chaotic time series prediction,2011,,,Nonlinear Dynamics & Chaos,,,,1.0
Ventricular activity cancellation in ECG using an adaptive echo state network,2011,,10.1109/IDAACS.2011.6072778,Signal Processing & Comms,,,,0.0
"12th INNS EANN-SIG International Conference on Engineering Applications of Neural Networks, EANN 2011 and 7th IFIP WG 12.5 International Conference on Artificial Intelligence Applications and Innovations, AIAI 2011",2011,,,Control & Robotics,,,,0.0
Echo state Gaussian process,2011,,10.1109/TNN.2011.2162109,Nonlinear Dynamics & Chaos,,,,8.5
Bio-ethanol production optimization using ACD with ESN critic,2011,,10.1109/INISTA.2011.5946167,General RC / ESN Methods,,,,0.07
Improvement of echo state network accuracy with Adaboost,2011,,,Nonlinear Dynamics & Chaos,,,,0.36
Handwritten signatures recognition using Liquid State Machine,2011,,10.1504/IJBM.2011.039416,Neuroscience & Comp. Neuro,,,,0.07
Localized states and excitability in a monolithic VCSEL with saturable absorber,2011,,10.1109/LDNP.2011.6162072,Photonics & Optics,,,,0.36
Comparison of echo state network and extreme learning machine on nonlinear prediction,2011,,,General RC / ESN Methods,,,,0.64
Stable training method for output connection weights of echo state networks,2011,,,Mathematics & Theory,,,,0.36
Input separability in living liquid state machines,2011,,10.1007/978-3-642-20282-7_23,Neuroscience & Comp. Neuro,,,,1.0
Improving the classification performance of liquid state machines based on the separation property,2011,,10.1007/978-3-642-23957-1_6,Mathematics & Theory,,,,0.29
Training echo state networks with neuroscale,2011,,10.1109/TAAI.2011.26,General RC / ESN Methods,,,,0.29
Reservoir computing for extraction of low amplitude atrial activity in atrial fibrillation,2012,,,General RC / ESN Methods,,,,0.0
Balanced echo state networks,2012,,10.1016/j.neunet.2012.08.008,Nonlinear Dynamics & Chaos,,,,4.23
Subspace echo state network for multivariate time series prediction,2012,,10.1007/978-3-642-34500-5_80,Nonlinear Dynamics & Chaos,,,,0.15
Temporal pattern recognition via temporal networks of temporal neurons,2012,,10.1109/EEEI.2012.6377010,Signal Processing & Comms,,,,0.31
Analog readout for optical reservoir computers,2012,,,Photonics & Optics,,,,1.69
"2012 IEEE International Symposium on Robotic and Sensors Environments, ROSE 2012 - Proceedings",2012,,,Control & Robotics,,,,0.0
Design of transformer substation fault prediction algorithm based on modified ESN,2012,,10.1109/APPEEC.2012.6307690,Nonlinear Dynamics & Chaos,,,,0.0
Echo state networks and extreme learning machines: A comparative study on seasonal streamflow series prediction,2012,,10.1007/978-3-642-34481-7_60,Neuroscience & Comp. Neuro,,,,1.92
Feature level fusion in multimodal biometrie identification,2012,,10.1109/INTECH.2012.6457798,Neuroscience & Comp. Neuro,,,,0.23
Sequence learning and generation using a spiking neural network,2012,,10.1109/CCE.2012.6315957,Neuroscience & Comp. Neuro,,,,0.08
Design strategies forweight matrices of echo state networks,2012,,10.1162/NECO_a_00374,Mathematics & Theory,,,,6.15
Nonlinear internal model control using echo state network for pneumatic muscle system,2012,,10.4304/jcp.7.12.3060-3067,Nonlinear Dynamics & Chaos,,,,0.38
A forward model for an active tactile sensor using Echo State Networks,2012,,10.1109/ROSE.2012.6402605,Nonlinear Dynamics & Chaos,,,,0.15
Nonlinear system modeling with random matrices: Echo state networks revisited,2012,,10.1109/TNNLS.2011.2178562,Nonlinear Dynamics & Chaos,,,,6.15
Continuous digit recognition in noise: Reservoirs can do an excellent job!,2012,,,Signal Processing & Comms,,,,0.38
Towards fully analog hardware reservoir computing for speech recognition,2012,,10.1063/1.4756551,Physical & Hardware RC,,,,0.46
Image retrieval using ESNs and relevance feedback,2012,,10.1109/DCABES.2012.34,General RC / ESN Methods,,,,0.15
Continuous classification of spatio-temporal data streams using liquid state machines,2012,,10.1007/978-3-642-34478-7_76,General RC / ESN Methods,,,,0.46
Electrical load forecasting using echo state network,2012,,10.1109/ICCITechn.2012.6509763,Nonlinear Dynamics & Chaos,,,,0.23
Chaotic time series prediction based on a novel robust echo state network,2012,,10.1109/TNNLS.2012.2188414,Nonlinear Dynamics & Chaos,,,,25.15
Information Theoretic Self-organised Adaptation in Reservoirs for Temporal Memory Tasks,2012,,10.1007/978-3-642-32909-8_4,General RC / ESN Methods,,,,0.38
An electromyography-driven central pattern generator model for robotic control application,2012,,10.1109/ROBIO.2012.6491270,Control & Robotics,,,,0.23
A developmental approach to structural self-organization in reservoir computing,2012,,10.1109/TAMD.2012.2182765,Neuroscience & Comp. Neuro,,,,2.23
Effect of Leaky rate on the stability of autonomously echo state network,2012,,10.3923/itj.2012.775.781,Control & Robotics,,,,0.0
A neurally inspired musical instrument classification system based upon the sound onset,2012,,10.1121/1.4707535,Neuroscience & Comp. Neuro,,,,1.62
Target detecting in sea clutter with echo state network,2012,,,Photonics & Optics,,,,0.15
Adaptive recursive least squares algorithm based on echo state neural network,2012,,10.4156/ijact.vol4.issue5.38,Mathematics & Theory,,,,0.46
"Electrical, Information Engineering and Mechatronics 2011 - Proceedings of the 2011 International Conference on Electrical, Information Engineering and Mechatronics, EIEM 2011",2012,,,Nonlinear Dynamics & Chaos,,,,0.0
Memristor-based reservoir computing,2012,,10.1145/2765491.2765531,Physical & Hardware RC,,,,10.0
Noisy chaotic time series prediction based on wavelet echo state network,2012,,10.4156/jdcta.vol6.issue9.22,Nonlinear Dynamics & Chaos,,,,0.08
A method for online analysis of structured processes using Bayesian filters and echo state networks,2012,,10.1007/978-3-642-33885-4_8,General RC / ESN Methods,,,,0.0
Analysis and design on structure of small world property ESN,2012,,,General RC / ESN Methods,,,,0.54
Information processing capacity of dynamical systems,2012,,10.1038/srep00514,Mathematics & Theory,,,,29.08
All-optical reservoir computing,2012,,10.1364/OE.20.022783,Photonics & Optics,,,,37.46
Iterative temporal learning and prediction with the sparse online echo state gaussian process,2012,,10.1109/IJCNN.2012.6252504,General RC / ESN Methods,,,,1.62
Topological constraints and robustness in liquid state machines,2012,,10.1016/j.eswa.2011.06.052,General RC / ESN Methods,,,,2.38
Adaptive learning in continuous environment using actor-critic design and echo-state networks,2012,,10.1007/978-3-642-33093-3_32,Control & Robotics,,,,0.08
Neural estimation of voltage-sag waveforms of non-monitored sensitive loads at monitored locations in distribution networks considering DGs,2012,,10.1016/j.epsr.2012.06.013,General RC / ESN Methods,,,,0.62
Spotting laughter in natural multiparty conversations: A comparison of automatic online and offline approaches using audiovisual data,2012,,10.1145/2133366.2133370,Signal Processing & Comms,,,,2.92
An extended echo state network using Volterra filtering and principal component analysis,2012,,10.1016/j.neunet.2012.02.028,Signal Processing & Comms,,,,4.46
Chaotic time series prediction based on wavelet echo state network,2012,,,Nonlinear Dynamics & Chaos,,,,1.54
An echo state network based on error compensation for prediction of nonlinear time series in industry,2012,,10.4028/www.scientific.net/AMR.482-484.99,Nonlinear Dynamics & Chaos,,,,0.0
Exploring echo state neural networks in short-term traffic flow prediction,2012,,,Climate & Earth Sciences,,,,0.08
Design and analysis of ANN-based echo state network intrusion detection in computer networks,2012,,10.3923/ijscomp.2012.44.49,Mathematics & Theory,,,,0.0
Taming the reservoir: Feedforward training for recurrent neural networks,2012,,10.1109/IJCNN.2012.6252506,Nonlinear Dynamics & Chaos,,,,0.31
Prediction for noisy nonlinear time series by echo state network based on dual estimation,2012,,10.1016/j.neucom.2011.11.021,Nonlinear Dynamics & Chaos,,,,6.85
A reservoir-driven non-stationary hidden Markov model,2012,,10.1016/j.patcog.2012.04.018,General RC / ESN Methods,,,,0.38
Model predictive control of unknown nonlinear dynamical systems based on recurrent neural networks,2012,,10.1109/TIE.2011.2169636,Nonlinear Dynamics & Chaos,,,,21.46
Comparing recurrent networks for time-series forecasting,2012,,10.1109/IJCNN.2012.6252459,Nonlinear Dynamics & Chaos,,,,1.08
Electrical parameters influence on the dynamics of the Hodgkin-Huxley liquid state machine,2012,,10.1016/j.neucom.2011.10.007,Neuroscience & Comp. Neuro,,,,1.23
Re-visiting the echo state property,2012,,10.1016/j.neunet.2012.07.005,Mathematics & Theory,,,,32.85
Photonic single nonlinear-delay dynamical node for information processing,2012,,10.1117/12.922463,Photonics & Optics,,,,0.0
Reservoir sizes and feedback weights interact non-linearly in echo state networks,2012,,10.1007/978-3-642-33269-2_63,Nonlinear Dynamics & Chaos,,,,0.46
Data-driven based model for flow prediction of steam system in steel industry,2012,,10.1016/j.ins.2011.12.031,Nonlinear Dynamics & Chaos,,,,4.54
Liquid computing in a simplified model of cortical layer IV: Learning to balance a ball,2012,,10.1007/978-3-642-33269-2_27,Neuroscience & Comp. Neuro,,,,0.85
Online diagnosis of EGR valve circuit based on echo state network,2012,,,General RC / ESN Methods,,,,0.0
The architecture of dynamic reservoir in the echo state network,2012,,10.1063/1.4746765,Mathematics & Theory,,,,4.69
Embodied communicative activity in cooperative conversational interactions - studies in visual interaction management,2012,,,Signal Processing & Comms,,,,0.69
Performance evaluation of new echo state networks based on complex network,2012,,10.1016/S1005-8885(11)60232-X,Nonlinear Dynamics & Chaos,,,,0.54
Review on echo state networks,2012,,,Mathematics & Theory,,,,0.92
Comparative study of visualisation methods for temporal data,2012,,10.1109/CEC.2012.6253005,General RC / ESN Methods,,,,0.15
Short-term traffic flow prediction based on echo state networks,2012,,10.4156/AISS.vol4.issue9.33,Nonlinear Dynamics & Chaos,,,,0.31
Short-term traffic flow and hourly electric load forecasting algorithm based on echo state neural networks,2012,,10.4156/jdcta.vol6.issue4.20,Climate & Earth Sciences,,,,1.23
Estimating the non-linear dynamics of free-flying objects,2012,,10.1016/j.robot.2012.05.022,Control & Robotics,,,,4.23
A modified echo state network based remaining useful life estimation approach,2012,,10.1109/ICPHM.2012.6299524,General RC / ESN Methods,,,,4.46
Constructing robust liquid state machines to process highly variable data streams,2012,,10.1007/978-3-642-33269-2_76,Neuroscience & Comp. Neuro,,,,1.38
Photonic information processing beyond Turing: An optoelectronic implementation of Reservoir Computing,2012,,10.1364/OE.20.003241,Photonics & Optics,,,,58.92
An extended SHESN with leaky integrator neuron and inhibitory connection for Mackey-Glass prediction,2012,,10.1007/s11460-011-0176-5,Nonlinear Dynamics & Chaos,,,,0.23
Balancing of neural contributions for multi-modal hidden state association,2012,,,Neuroscience & Comp. Neuro,,,,0.15
Modeling and control of McKibben artificial muscle enhanced with echo state networks,2012,,10.1016/j.conengprac.2012.01.002,Control & Robotics,,,,3.23
The copula echo state network,2012,,10.1016/j.patcog.2011.06.022,General RC / ESN Methods,,,,1.23
"Proceedings of the IASTED International Conference on Signal Processing, Pattern Recognition and Applications, SPPRA 2012",2012,,,Signal Processing & Comms,,,,0.0
Discussion of 'Reservoir Computing approach to Great Lakes water level forecasting' by P. Coulibaly [J. Hydrol. 381(2010) 76-88],2012,,10.1016/j.jhydrol.2011.10.006,Climate & Earth Sciences,,,,0.38
System modeling for active noise control with reservoir computing,2012,,10.2316/P.2012.778-012,Signal Processing & Comms,,,,0.23
Echo state network-based internal model control for pneumatic muscle system,2012,,10.1007/978-1-4471-2467-2_12,Nonlinear Dynamics & Chaos,,,,0.08
Control of discrete chaotic systems based on echo state network modeling with an adaptive noise canceler,2012,,10.1016/j.knosys.2012.04.019,Nonlinear Dynamics & Chaos,,,,2.31
[Extraction of the EEG signal feature based on echo state networks].,2012,,,Signal Processing & Comms,,,,0.38
Echo state networks for multi-dimensional data clustering,2012,,10.1007/978-3-642-33269-2_72,General RC / ESN Methods,,,,1.85
Learning slow features with reservoir computing for biologically-inspired robot localization,2012,,10.1016/j.neunet.2011.08.004,Control & Robotics,,,,0.85
An effective prediction model for aircraft chaos time series based on echo state networks(ESN),2012,,,Nonlinear Dynamics & Chaos,,,,0.15
KPCA-ESN soft-sensor model of convention velocity in polymerizing process optimized by artificial fish swarm algorithm,2012,,,General RC / ESN Methods,,,,0.0
Optical information processing: Advances in nanophotonic reservoir computing,2012,,10.1109/ICTON.2012.6253889,Photonics & Optics,,,,0.31
"Mobile Lightweight Wireless Systems - Third International ICST Conference, MOBILIGHT 2011, Revised Selected Papers",2012,,,Signal Processing & Comms,,,,0.0
Improving large vocabulary continuous speech recognition by combining GMM-based and reservoir-based acoustic modeling,2012,,10.1109/SLT.2012.6424206,Signal Processing & Comms,,,,0.23
Octopus-inspired sensorimotor control of a multi-arm soft robot,2012,,10.1109/ICMA.2012.6283271,Control & Robotics,,,,2.46
Behavior switching using reservoir computing for a soft robotic arm,2012,,10.1109/ICRA.2012.6225366,Control & Robotics,,,,2.31
Information processing in echo state networks at the edge of chaos,2012,,10.1007/s12064-011-0146-8,Nonlinear Dynamics & Chaos,,,,17.54
Recurrent kernel machines: Computing with infinite Echo state networks,2012,,10.1162/NECO_a_00200,Nonlinear Dynamics & Chaos,,,,5.31
Reservoir Computing with Output Feedback: A Dynamical System Approach to Inverse Modeling,2012,,10.1007/s13218-012-0187-2,Nonlinear Dynamics & Chaos,,,,0.0
Constructive reservoir computation with output feedbacks for structured domains,2012,,,General RC / ESN Methods,,,,0.0
Dual stream data exploration,2012,,10.1504/IJDMMM.2012.046810,General RC / ESN Methods,,,,0.23
Teaching nullspace constraints in physical human-robot interaction using reservoir computing,2012,,10.1109/ICRA.2012.6225170,Control & Robotics,,,,0.85
The application of improved echo state network for short-term load forecasting,2012,,10.4156/AISS.vol4.issue16.38,Nonlinear Dynamics & Chaos,,,,0.0
Self-organizing reservior computing with dynamically regulated cortical neural networks,2012,,10.1109/IJCNN.2012.6252772,Neuroscience & Comp. Neuro,,,,0.31
RLSESN-based PID adaptive control for a novel wearable rehabilitation robotic hand driven by PM-TS actuators,2012,,10.1108/17563781211208242,Control & Robotics,,,,1.31
Improved spike-timed mappings using a tri-phasic spike timing- dependent plasticity rule,2012,,10.1109/IJCNN.2012.6252773,Neuroscience & Comp. Neuro,,,,0.69
Echo state network with wavelet in load forecasting,2012,,10.1108/03684921211276747,General RC / ESN Methods,,,,0.54
Enhancing agent intelligence through evolving reservoir networks for predictions in Power Stock Markets,2012,,10.1007/978-3-642-27609-5_15,Nonlinear Dynamics & Chaos,,,,0.54
Echo state networks for seasonal streamflow series forecasting,2012,,10.1007/978-3-642-32639-4_28,Climate & Earth Sciences,,,,2.0
Timing-based control via echo state network for soft robotic arm,2012,,10.1109/IJCNN.2012.6252774,Physical & Hardware RC,,,,2.08
Optimal control with reinforcement learning using reservoir computing and Gaussian Mixture,2012,,10.1109/I2MTC.2012.6229529,Control & Robotics,,,,0.23
User movements forecasting by reservoir computing using signal streams produced by mote-class sensors,2012,,10.1007/978-3-642-29479-2_12,Signal Processing & Comms,,,,1.77
The restricted isometry property for Echo state networks with applications to sequence memory capacity,2012,,10.1109/SSP.2012.6319765,Mathematics & Theory,,,,0.23
On-line processing of grammatical structure using reservoir computing,2012,,10.1007/978-3-642-33269-2_75,Neuroscience & Comp. Neuro,,,,1.23
Determining reservoir topologies from short-term memory in echo state networks,2012,,10.1007/978-3-642-33506-8_9,Nonlinear Dynamics & Chaos,,,,0.08
Echo state network-based credit rating system,2012,,10.1109/LINDI.2012.6319485,General RC / ESN Methods,,,,0.08
Regularized variational bayesian learning of echo state networks with delay&sum readout,2012,,10.1162/NECO_a_00253,Nonlinear Dynamics & Chaos,,,,1.08
Analysis of detecting target in sea clutter using decoupled echo state network,2012,,10.1109/ICSESS.2012.6269512,Signal Processing & Comms,,,,0.31
Simple reservoirs with chain topology based on a single Time-Delay nonlinear node,2012,,,Nonlinear Dynamics & Chaos,,,,0.38
Oger: Modular learning architectures for large-scale sequential processing,2012,,,Neuroscience & Comp. Neuro,,,,1.85
A practical guide to applying echo state networks,2012,,10.1007/978-3-642-35289-8_36,General RC / ESN Methods,,,,57.23
Computing using delayed feedback systems: Towards photonics,2012,,10.1117/12.922805,Photonics & Optics,,,,0.08
"Pattern Recognition - Chinese Conference, CCPR 2012, Proceedings",2012,,,General RC / ESN Methods,,,,0.0
The echo state conditional random field model for sequential data modeling,2012,,10.1016/j.eswa.2012.02.193,Signal Processing & Comms,,,,0.31
Daily peak load forecasting based on Bayesian framework and echo state network,2012,,,General RC / ESN Methods,,,,0.92
Multi-variable echo state network optimized by Bayesian regulation for daily peak load forecasting,2012,,10.4304/jnw.7.11.1790-1795,Mathematics & Theory,,,,0.46
Modeling deterministic echo state network with loop reservoir,2012,,10.1631/jzus.C1200069,Mathematics & Theory,,,,1.54
Application of echo state networks in short-term electric load forecasting,2012,,10.1016/j.energy.2012.01.007,General RC / ESN Methods,,,,9.31
Reservoir Computing Trends,2012,,10.1007/s13218-012-0204-5,General RC / ESN Methods,,,,26.08
PSO for reservoir computing optimization,2012,,10.1007/978-3-642-33269-2_86,General RC / ESN Methods,,,,1.08
Optoelectronic reservoir computing,2012,,10.1038/srep00287,Photonics & Optics,,,,58.92
Performance analysis of nonlinear echo state network readouts in signal processing tasks,2012,,10.1109/IJCNN.2012.6252704,Signal Processing & Comms,,,,0.46
Sparse ESN with a leaky integrator for matching decision-making problems,2012,,,Neuroscience & Comp. Neuro,,,,0.08
Augmented Echo State Networks with a feature layer and a nonlinear readout,2012,,10.1109/IJCNN.2012.6252505,Nonlinear Dynamics & Chaos,,,,0.23
Operational support in fish farming through case-based reasoning,2012,,10.1007/978-3-642-31087-4_12,General RC / ESN Methods,,,,0.23
Transferring evolved reservoir features in reinforcement learning tasks,2012,,10.1007/978-3-642-29946-9_22,Control & Robotics,,,,0.31
Self-organising criticality in the simulated models of the rat cortical microcircuits,2012,,10.1016/j.neucom.2011.10.004,Neuroscience & Comp. Neuro,,,,0.38
Learning to imitate YMCA with an ESN,2012,,10.1007/978-3-642-33269-2_64,Control & Robotics,,,,0.0
Reservoir computing ensembles for multi-object behavior recognition,2012,,10.1109/IJCNN.2012.6252531,Neuroscience & Comp. Neuro,,,,0.31
Finding optimal random boolean networks for reservoir computing,2012,,10.7551/978-0-262-31050-5-ch035,Mathematics & Theory,,,,0.85
Use of the separation property to derive Liquid State Machines with enhanced classification performance,2013,,10.1016/j.neucom.2012.07.032,Mathematics & Theory,,,,1.33
A recursive training algorithm for echo state networks (ESN),2013,,,General RC / ESN Methods,,,,0.08
Time-series forecasting using Bagging techniques and reservoir computing,2013,,10.1109/SOCPAR.2013.7054117,General RC / ESN Methods,,,,0.25
Stock prediction based on phase space reconstruction and echo state networks,2013,,10.1260/1748-3018.7.1.87,Nonlinear Dynamics & Chaos,,,,1.17
"International Competitions and Final Workshop, EvAAL 2013",2013,,,Control & Robotics,,,,0.0
Tree Echo State Networks,2013,,10.1016/j.neucom.2012.08.017,General RC / ESN Methods,,,,6.42
Prediction intervals for a noisy nonlinear time series based on a bootstrapping reservoir computing network ensemble,2013,,10.1109/TNNLS.2013.2250299,Nonlinear Dynamics & Chaos,,,,5.5
"21st European Symposium on Artificial Neural Networks, Computational Intelligence and Machine Learning, ESANN 2013",2013,,,Neuroscience & Comp. Neuro,,,,0.0
Reservoir computing and extreme learning machines for non-linear time-series data analysis,2013,,10.1016/j.neunet.2012.11.011,Nonlinear Dynamics & Chaos,,,,12.67
"Hardware efficient, neuromorphic dendritically enhanced readout for liquid state machines",2013,,10.1109/BioCAS.2013.6679699,Physical & Hardware RC,,,,1.0
DNA reservoir computing: A novel molecular computing approach,2013,,10.1007/978-3-319-01928-4_6,Nonlinear Dynamics & Chaos,,,,2.67
A novel approach combining recurrent neural network and support vector machines for time series classification,2013,,10.1109/Innovations.2013.6544391,Signal Processing & Comms,,,,3.67
Visualising temporal data using reservoir computing,2013,,,General RC / ESN Methods,,,,0.08
Computational capabilities of random automata networks for reservoir computing,2013,,10.1103/PhysRevE.87.042808,Nonlinear Dynamics & Chaos,,,,4.17
Short-term electric load and temperature forecasting using wavelet echo state networks with neural reconstruction,2013,,10.1016/j.energy.2013.06.007,General RC / ESN Methods,,,,7.92
Liquid state machine based music chord sequence recognition algorithm,2013,,,General RC / ESN Methods,,,,0.08
Real-Time Parallel Processing of Grammatical Structure in the Fronto-Striatal System: A Recurrent Network Simulation Study Using Reservoir Computing,2013,,10.1371/journal.pone.0052946,Neuroscience & Comp. Neuro,,,,9.42
Echo State Queueing Network: A new reservoir computing learning tool,2013,,10.1109/CCNC.2013.6488435,Control & Robotics,,,,2.25
Real-time detection of epileptic seizures in animal models using reservoir computing,2013,,10.1016/j.eplepsyres.2012.07.013,General RC / ESN Methods,,,,3.33
Critical branching neural networks,2013,,10.1037/a0030970,Neuroscience & Comp. Neuro,,,,4.08
Action understanding using an adaptive Liquid State Machine based on environmental ambiguity,2013,,10.1109/DevLrn.2013.6652528,Control & Robotics,,,,0.17
Online learning for behavior switching in a soft robotic arm,2013,,10.1109/ICRA.2013.6630738,Physical & Hardware RC,,,,1.33
An approach to reservoir computing design and training,2013,,10.1016/j.eswa.2013.01.029,Nonlinear Dynamics & Chaos,,,,5.83
Realtime cerebellum: A large-scale spiking network model of the cerebellum that runs in realtime using a graphics processing unit,2013,,10.1016/j.neunet.2013.01.019,Neuroscience & Comp. Neuro,,,,5.75
"Artificial Neural Networks and Machine Learning, ICANN 2013 - 23rd International Conference on Artificial Neural Networks, Proceedings",2013,,,Nonlinear Dynamics & Chaos,,,,0.0
Predictability of user behavior in social media: Bottom-up v. top-down modeling,2013,,10.1109/SocialCom.2013.22,General RC / ESN Methods,,,,0.83
Unorganized Machines: From Turing's Ideas to Modern Connectionist Approaches,2013,,10.4018/978-1-4666-4253-9.ch015,General RC / ESN Methods,,,,0.08
Fabric image edge detection based on quaternion and echo state networks,2013,,10.4028/www.scientific.net/AMM.263-266.2483,General RC / ESN Methods,,,,0.08
An analytical approach to single node delay-coupled reservoir computing,2013,,10.1007/978-3-642-40728-4_4,Nonlinear Dynamics & Chaos,,,,0.92
Secure information transfer based on computing reservoir,2013,,10.1016/j.physleta.2013.01.021,Nonlinear Dynamics & Chaos,,,,0.25
Multi reservoir support vector echo state machine for multivariate time series prediction,2013,,10.1109/SMC.2013.172,Nonlinear Dynamics & Chaos,,,,0.08
Optimization of echo state networks for drought prediction based on remote sensing data,2013,,10.1109/ICIEA.2013.6566352,General RC / ESN Methods,,,,0.5
Echo state networks as an alternative to traditional artificial neural networks in rainfall-runoff modelling,2013,,10.5194/hess-17-253-2013,Climate & Earth Sciences,,,,1.75
Noninvasive fetal QRS detection using Echo State Network,2013,,,General RC / ESN Methods,,,,1.25
Classification of real time moving object using echo state network,2013,,10.1109/ICIEV.2013.6572662,Nonlinear Dynamics & Chaos,,,,0.17
Nano-scale reservoir computing,2013,,10.1109/ICCW.2013.6649343,Photonics & Optics,,,,0.0
Micro ring resonators as building blocks for an all-optical high-speed reservoir-computing bit-pattern-recognition system,2013,,10.1364/JOSAB.30.003048,Photonics & Optics,,,,7.83
Application of echo-state networks to the position control of shape-memory alloys ?,2013,,10.3182/20130703-3-FR-4038.00054,Control & Robotics,,,,0.17
Echo state networks in dynamic data clustering,2013,,10.1007/978-3-642-40728-4_43,General RC / ESN Methods,,,,0.83
An echo state network for ionospheric disturbances behavior modeling on Spaceborne Interferometric Synthetic Aperture Radar,2013,,,Signal Processing & Comms,,,,0.67
Forecast-driven enhancement of received signal strength (RSS)-based localization systems,2013,,10.3390/ijgi2040978,Signal Processing & Comms,,,,1.0
Towards a Wearable Coach: Classifying Sports Activities with Reservoir Computing,2013,,10.1007/978-3-642-41013-0_24,General RC / ESN Methods,,,,0.08
Information processing using an electro-optic oscillator subject to multiple delay lines,2013,,10.1109/CLEOE-IQEC.2013.6801850,Photonics & Optics,,,,0.5
Predicting time series of railway speed restrictions with time-dependent machine learning techniques,2013,,10.1016/j.eswa.2013.04.038,Nonlinear Dynamics & Chaos,,,,2.08
Spectrum prediction based on echo state network and its improved form,2013,,10.1109/IHMSC.2013.48,General RC / ESN Methods,,,,0.83
Feature enhancement with a Reservoir-based Denoising Auto Encoder,2013,,10.1109/ISSPIT.2013.6781884,Signal Processing & Comms,,,,0.25
Predicting potential railway operational disruptions with echo state networks,2013,,10.3141/2374-08,General RC / ESN Methods,,,,0.25
Sensitivity learning oriented nonmonotonic multi reservoir echo state network for short-term load forecasting,2013,,10.1109/ICIEV.2013.6572692,Nonlinear Dynamics & Chaos,,,,0.83
Optimized parameter search for large datasets of the regularization parameter and feature selection for ridge regression,2013,,10.1007/s11063-013-9279-8,General RC / ESN Methods,,,,1.42
Extended kalman filter based echo state network for time series prediction using mapreduce framework,2013,,10.1109/MSN.2013.61,Nonlinear Dynamics & Chaos,,,,0.75
Automated operational states detection for drilling systems control in critical conditions,2013,,,Control & Robotics,,,,0.25
Supervised learning in multilayer spiking neural networks,2013,,10.1162/NECO_a_00396,Neuroscience & Comp. Neuro,,,,11.17
ESN-based combination method for aero-engine condition prediction,2013,,,Nonlinear Dynamics & Chaos,,,,0.08
Improved ill-posed echo state network and its application to blast furnace gas amount forecast,2013,,,Nonlinear Dynamics & Chaos,,,,0.0
A hybrid prediction model of multivariate chaotic time series based on error correction,2013,,10.7498/aps.62.120510,Nonlinear Dynamics & Chaos,,,,1.42
Effects of synaptic connectivity on liquid state machine performance,2013,,10.1016/j.neunet.2012.11.003,Neuroscience & Comp. Neuro,,,,3.5
Mean-field theory of echo state networks,2013,,10.1103/PhysRevE.87.042809,Mathematics & Theory,,,,3.42
Force feedback design and analysis of central pattern generator model based on echo state networks,2013,,,Control & Robotics,,,,0.0
Comparative analysis of arm control performance using computational intelligence,2013,,10.1007/978-3-642-37374-9_19,Control & Robotics,,,,0.08
Model for a flexible motor memory based on a self-active recurrent neural network,2013,,10.1016/j.humov.2013.07.003,Neuroscience & Comp. Neuro,,,,0.75
Shape performance improvement of a sendzimir mill system using echo state neural networks and fuzzy control,2013,,10.2355/isijinternational.53.2184,Control & Robotics,,,,0.5
Satellite lithium-ion battery remaining cycle life prediction with novel indirect health indicator extraction,2013,,10.3390/en6083654,Mathematics & Theory,,,,15.08
Time series classification for the prediction of dialysis in critically ill patients using echo statenetworks,2013,,10.1016/j.engappai.2012.09.019,General RC / ESN Methods,,,,1.83
Echo state neural network method for detection of abrupt changes in non-stationary signals,2013,,,Nonlinear Dynamics & Chaos,,,,0.0
Knowledge mining based on environmental simulation applied to wind farm power forecasting,2013,,10.1155/2013/597562,Climate & Earth Sciences,,,,0.33
A theoretical and experimental study of neuromorphic atomic switch networks for reservoir computing,2013,,10.1088/0957-4484/24/38/384004,Physical & Hardware RC,,,,18.08
Chaotic time series prediction model of wind power based on ensemble empirical mode decomposition-approximate entropy and reservoir,2013,,10.7498/aps.62.050505,Nonlinear Dynamics & Chaos,,,,2.58
Ensembles of echo state networks for time series prediction,2013,,10.1109/ICACI.2013.6748520,Nonlinear Dynamics & Chaos,,,,1.08
Analysis of prediction performance in wavelet minimum complexity echo state network,2013,,10.1016/S1005-8885(13)60070-9,Signal Processing & Comms,,,,0.33
A Gaussian process echo state networks model for time series forecasting,2013,,10.1109/IFSA-NAFIPS.2013.6608476,Nonlinear Dynamics & Chaos,,,,0.25
Random projections: A remedy for overfitting issues in time series prediction with echo state networks,2013,,10.1109/ICASSP.2013.6638259,Nonlinear Dynamics & Chaos,,,,0.0
The Application of modified ESN in chaotic time series prediction,2013,,10.1109/CCDC.2013.6561303,Nonlinear Dynamics & Chaos,,,,0.42
"2013 IEEE 3rd Joint International Conference on Development and Learning and Epigenetic Robotics, ICDL 2013 - Electronic Conference Proceedings",2013,,,Control & Robotics,,,,0.0
Initializing reservoirs with exhibitory and inhibitory signals using unsupervised learning techniques,2013,,10.1145/2542050.2542087,Nonlinear Dynamics & Chaos,,,,0.58
The spectral radius remains a valid indicator of the Echo state property for large reservoirs,2013,,10.1109/IJCNN.2013.6706899,Mathematics & Theory,,,,1.83
Adaptive reservoir computing through evolution and learning,2013,,10.1016/j.neucom.2012.09.022,Control & Robotics,,,,1.42
The network security situation predicting technology based on the small-world echo state network,2013,,10.1109/ICSESS.2013.6615328,Nonlinear Dynamics & Chaos,,,,0.42
Echo state network fusion soft sensing model of flotation process based on glowworm swarm optimization algorithm,2013,,,General RC / ESN Methods,,,,0.17
Effects of scale on load prediction algorithms,2013,,10.1049/cp.2013.1116,General RC / ESN Methods,,,,0.67
Precise positioning of nonsmooth dynamic systems using fuzzy wavelet echo state networks and dynamic surface sliding mode control,2013,,10.1109/TIE.2012.2218560,Mathematics & Theory,,,,7.08
"Artificial Intelligence and Soft Computing - 12th International Conference, ICAISC 2013, Proceedings",2013,,,Control & Robotics,,,,0.0
Fuel Cells prognostics using echo state network,2013,,10.1109/IECON.2013.6699377,General RC / ESN Methods,,,,7.67
Application of ESN-based multi indices dual heuristic dynamic programming on wastewater treatment process,2013,,10.3724/SP.J.1004.2013.01146,Control & Robotics,,,,1.17
Multistep ahead prediction for real-time VBR video traffic using deterministic echo state network,2013,,10.1109/CCIS.2012.6664312,Mathematics & Theory,,,,0.42
An experimental evaluation of reservoir computation for ambient assisted living,2013,,10.1007/978-3-642-35467-0_5,Signal Processing & Comms,,,,1.17
Clustering of spectral images using Echo state networks,2013,,10.1109/INISTA.2013.6577633,General RC / ESN Methods,,,,1.08
Multi-step traffic flow prediction model based on wavelet and echo state network,2013,,10.7964/jdxbgxb201303015,Nonlinear Dynamics & Chaos,,,,0.17
Improving the classification performance of optimal linear associative memory in the presence of outliers,2013,,10.1007/978-3-642-38679-4_63,General RC / ESN Methods,,,,0.08
Recent advances in optical Reservoir Computing,2013,,10.1109/ISCAS.2013.6571848,Photonics & Optics,,,,0.08
Ship roll motion forecasting using echo state networks,2013,,,General RC / ESN Methods,,,,0.0
Controlling mobile Spykee robot using Emotiv Neuro headset,2013,,,Control & Robotics,,,,1.67
Modular state space of echo state network,2013,,10.1016/j.neucom.2013.06.012,Nonlinear Dynamics & Chaos,,,,1.17
Prediction of multivariate time series with sparse Gaussian process echo state network,2013,,10.1109/ICICIP.2013.6568128,Nonlinear Dynamics & Chaos,,,,0.0
Neural combinatorial learning of goal-directed behavior with reservoir critic and reward modulated hebbian plasticity,2013,,10.1109/SMC.2013.174,Mathematics & Theory,,,,0.33
Echo state property linked to an input: Exploring a fundamental characteristic of recurrent neural networks,2013,,10.1162/NECO_a_00411,Mathematics & Theory,,,,16.08
An echo state network with working memories for probabilistic language modeling,2013,,10.1007/978-3-642-40728-4_74,Neuroscience & Comp. Neuro,,,,0.17
Error entropy criterion in echo state network training,2013,,,Signal Processing & Comms,,,,0.0
Optoelectronic reservoir computing: Tackling noise-induced performance degradation,2013,,10.1364/OE.21.000012,Photonics & Optics,,,,13.5
An analytical approach to photonic reservoir computing - A network of SOA's - For noisy speech recognition,2013,,10.1016/j.optcom.2013.05.036,Photonics & Optics,,,,0.92
Memory and nonlinear mapping in reservoir computing with two uncoupled nonlinear delay nodes,2013,,10.1007/978-3-319-00395-5_107,Mathematics & Theory,,,,0.92
Exogenous control and dynamical reduction of echo state networks,2013,,10.1109/IJCNN.2013.6706898,General RC / ESN Methods,,,,0.0
Locomotion without a brain: Physical reservoir computing in Tensegrity structures,2013,,10.1162/ARTL_a_00080,Physical & Hardware RC,,,,10.58
Using echo state networks to characterise wireless channels,2013,,10.1109/VTCSpring.2013.6692803,Signal Processing & Comms,,,,0.5
Context-dependent modeling and speaker normalization applied to reservoir-based phone recognition,2013,,,Signal Processing & Comms,,,,0.17
Noise robust continuous digit recognition with reservoir-based acoustic models,2013,,10.1109/ISPACS.2013.6704547,Signal Processing & Comms,,,,0.25
Application of neural dynamic programming to dissolved oxygen control,2013,,10.3969/j.issn.1673-5005.2013.01.031,Control & Robotics,,,,0.0
Predictive modeling of time-varying environmental information for path planning,2013,,10.1109/SMC.2013.620,Signal Processing & Comms,,,,0.33
Cognitive computing systems: Algorithms and applications for networks of neurosynaptic cores,2013,,10.1109/IJCNN.2013.6706746,Neuroscience & Comp. Neuro,,,,8.92
Acoustic modeling with hierarchical reservoirs,2013,,10.1109/TASL.2013.2280209,Signal Processing & Comms,,,,5.33
Application of heuristic dynamic programming to wastewater treatment process control,2013,,10.7641/CTA.2013.21083,Mathematics & Theory,,,,0.33
Optoelectronic nonlinear transient computing with multiple delays,2013,,10.1109/CLEOE-IQEC.2013.6800826,Photonics & Optics,,,,0.08
Information processing using transient dynamics of semiconductor lasers subject to delayed feedback,2013,,10.1109/JSTQE.2013.2241738,Photonics & Optics,,,,8.5
Recurrent neural networks for automatic clustering of multispectral satellite images,2013,,10.1117/12.2029191,Photonics & Optics,,,,0.67
Nano-scale reservoir computing,2013,,10.1016/j.nancom.2013.08.005,Photonics & Optics,,,,1.25
Modeling for the clarifying process of sugar mills with ESN,2013,,10.1007/978-3-642-38524-7_68,General RC / ESN Methods,,,,0.08
Variation-tolerant computing with memristive reservoirs,2013,,10.1109/NanoArch.2013.6623028,Physical & Hardware RC,,,,2.75
Multi-directional continuous association with input-driven neural dynamics,2013,,10.1016/j.neucom.2012.11.043,Neuroscience & Comp. Neuro,,,,0.33
Robust neural predictor for noisy chaotic time series prediction,2013,,10.1109/IJCNN.2013.6706996,Nonlinear Dynamics & Chaos,,,,0.33
Information dynamics based self-adaptive reservoir for delay temporal memory tasks,2013,,10.1007/s12530-013-9080-y,Control & Robotics,,,,3.0
Kinesthetic teaching of visuomotor coordination for pointing by the humanoid robot iCub,2013,,10.1016/j.neucom.2012.12.040,Control & Robotics,,,,0.75
"DNA Computing and Molecular Programming - 19th International Conference, DNA 2013, Proceedings",2013,,,Mathematics & Theory,,,,0.0
Computational capability of liquid state machines with spike-timing-dependent plasticity,2013,,10.1016/j.neucom.2013.06.019,Neuroscience & Comp. Neuro,,,,2.75
Heuristic dynamic programming using echo state network as online trainable adaptive critic,2013,,10.1002/acs.2364,General RC / ESN Methods,,,,1.83
Multisensor Data Fusion for Activity Recognition Based on Reservoir Computing,2013,,10.1007/978-3-642-41043-7_3,Signal Processing & Comms,,,,2.92
Trajectory tracking control for robots based on augmented ESN,2013,,10.3724/SP.J.1219.2013.00443,Control & Robotics,,,,0.25
Short-term power load forecasting based on EMD and ESN,2013,,10.4028/www.scientific.net/AMR.651.910,Signal Processing & Comms,,,,0.08
The echo state network on the graphics processing unit,2013,,10.1007/978-3-642-38658-9_9,General RC / ESN Methods,,,,0.25
Anticipating railway operation disruption events based on the analysis of discrete-event diagnostic data,2013,,10.3303/CET1333120,General RC / ESN Methods,,,,0.25
On the correlation between reservoir metrics and performance for time series classification under the influence of synaptic plasticity,2014,,10.1371/journal.pone.0101792,Neuroscience & Comp. Neuro,,,,0.91
Fuzzy echo state neural networks and funnel dynamic surface control for prescribed performance of a nonlinear dynamic system,2014,,10.1109/TIE.2013.2253072,Mathematics & Theory,,,,22.0
Deterministic echo state networks based stock price forecasting,2014,,10.1155/2014/137148,Nonlinear Dynamics & Chaos,,,,1.18
Virtual optical reservoir computing,2014,,,Photonics & Optics,,,,0.0
Capturing stochastic insect movements with liquid state machines,2014,,10.1007/978-3-319-09435-9_17,Control & Robotics,,,,0.09
Broadband chaotic signals and breather oscillations in an optoelectronic oscillator incorporating a microwave photonic filter,2014,,10.1109/JLT.2014.2308261,Photonics & Optics,,,,4.18
Applied optimal estimation for ionospheric disturbances behavior on spaceborne interferometric synthetic aperture radar systems,2014,,10.2514/6.2014-4283,Signal Processing & Comms,,,,0.0
Memristive reservoir computing architecture for epileptic seizure detection,2014,,10.1016/j.procs.2014.11.110,Physical & Hardware RC,,,,3.27
Adaptive dynamic programming-based optimal tracking control for nonlinear systems using general value iteration,2014,,10.1109/ADPRL.2014.7010638,Nonlinear Dynamics & Chaos,,,,0.18
Improved GSO optimized ESN soft-sensor model of flotation process based on multisource heterogeneous information fusion,2014,,10.1155/2014/262368,General RC / ESN Methods,,,,1.0
Metrics of complexity materiel system safety with multi-factor coupling based on QHS-ESN,2014,,10.3969/j.issn.1001-506X.2014.09.17,General RC / ESN Methods,,,,0.0
Echo state network based prediction intervals estimation for blast furnace gas pipeline pressure in steel industry,2014,,10.3182/20140824-6-za-1003.00837,General RC / ESN Methods,,,,0.09
Multivariate nonlinear time-series estimation using delay-based reservoir computing,2014,,10.1140/epjst/e2014-02303-y,Nonlinear Dynamics & Chaos,,,,0.64
"Proceedings - UKSim-AMSS 16th International Conference on Computer Modelling and Simulation, UKSim 2014",2014,,,Control & Robotics,,,,0.0
Low-cost hardware implementation of reservoir computers,2014,,10.1109/PATMOS.2014.6951899,Physical & Hardware RC,,,,1.64
Echo state networks based predictive model of vinyl chloride monomer convention velocity optimized by artificial fish swarm algorithm,2014,,10.1007/s00500-013-1068-9,General RC / ESN Methods,,,,1.36
Image receptive fields for artificial neural networks,2014,,10.1016/j.neucom.2014.04.045,General RC / ESN Methods,,,,0.73
An effective criterion for pruning reservoir's connections in Echo State Networks,2014,,10.1109/IJCNN.2014.6889600,General RC / ESN Methods,,,,1.27
Identification of continuous stirred tank reactor based on echo state network,2014,,10.3724/SP.J.1219.2014.00223,Mathematics & Theory,,,,0.64
Input coding for neuro-electronic hybrid systems,2014,,10.1016/j.biosystems.2014.08.002,Neuroscience & Comp. Neuro,,,,1.18
Reducing complexity of echo state networks with sparse linear regression algorithms,2014,,10.1109/UKSim.2014.36,General RC / ESN Methods,,,,1.0
Improving reservoir based wind power forecasting with ensembles,2014,,10.1109/SMC.2014.6974034,Climate & Earth Sciences,,,,0.09
Novel Biologically Inspired Approaches to Extracting Online Information from Temporal Data,2014,,10.1007/s12559-014-9257-0,General RC / ESN Methods,,,,1.64
Effect of hybrid circle reservoir injected with wavelet-neurons on performance of echo state network,2014,,10.1016/j.neunet.2014.05.013,Nonlinear Dynamics & Chaos,,,,3.64
A new self-learning optimal control laws for a class of discrete-time nonlinear systems based on ESN architecture,2014,,10.1007/s11432-013-4954-y,Nonlinear Dynamics & Chaos,,,,2.64
Constructing optimized binary masks for reservoir computing with delay systems,2014,,10.1038/srep03629,General RC / ESN Methods,,,,11.27
Estimation of stimuli timing to evaluate chemical plume tracing behavior of the silk moth,2014,,10.1007/978-3-319-05582-4_53,Control & Robotics,,,,0.0
Evolutionary optimization of sparsely connected and time-lagged neural networks for time series forecasting,2014,,10.1016/j.asoc.2014.06.041,General RC / ESN Methods,,,,2.36
Exploring the acquisition and production of grammatical constructions through human-robot interaction with echo state networks,2014,,10.3389/fnbot.2014.00016,Control & Robotics,,,,4.73
A new fuzzy shape context approach based on multi-clue and state reservoir computing,2014,,10.1109/IJCNN.2014.6889800,General RC / ESN Methods,,,,0.09
"Liquid state machine with dendritically enhanced readout for low-power, neuromorphic vlsi implementations",2014,,10.1109/TBCAS.2014.2362969,Physical & Hardware RC,,,,4.36
A novel hybridization of echo state networks and multiplicative seasonal ARIMA model for mobile communication traffic series forecasting,2014,,10.1007/s00521-012-1291-9,Signal Processing & Comms,,,,5.91
A novel SOH prediction framework for the lithium-ion battery using echo state network,2014,,10.1007/978-3-319-12637-1_55,Mathematics & Theory,,,,0.36
Traffic flow prediction: Patterns learning by a multi-reservoir echo state network with multi-scale decomposition,2014,,,Nonlinear Dynamics & Chaos,,,,0.0
Recursive least squares for echo state network damage compensation,2014,,,Control & Robotics,,,,0.0
Nanophotonic reservoir computing with photonic crystal cavities to generate periodic patterns,2014,,10.1109/TNNLS.2013.2274670,Photonics & Optics,,,,4.18
Trajectory tracking control using echo state networks for the CoroBot’s arm,2014,,10.1007/978-3-319-05582-4_38,Control & Robotics,,,,0.27
"3rd International Conference on Biomimetic and Biohybrid Systems, Living Machines 2014",2014,,,Control & Robotics,,,,0.0
A novel-strategy controller design for maximum power extraction in stand-alone windmill systems,2014,,10.1016/j.energy.2014.08.024,Control & Robotics,,,,1.64
Integrated photonic reservoir computing based on hierarchical time-multiplexing structure,2014,,10.1364/OE.22.031356,Photonics & Optics,,,,5.55
Towards classifying human phonemes without encodings via spatiotemporal liquid state machines,2014,,10.1109/SWSTE.2014.22,Physical & Hardware RC,,,,0.0
Recent Advances of Neural Network Models and Applications-Proceedings of the 23rd Workshop of the Italian Neural Networks Society (SIREN),2014,,,Control & Robotics,,,,0.0
Towards optoelectronic architectures for integrated neuromorphic computers,2014,,10.1117/12.2038347,Photonics & Optics,,,,0.27
Reservoir computing with sensitivity analysis input scaling regulation and redundant unit pruning for modeling fed-batch bioprocesses,2014,,10.1021/ie500296f,General RC / ESN Methods,,,,1.18
Combining learning in model space fault diagnosis with data validation/reconstruction: Application to the Barcelona water network,2014,,10.1016/j.engappai.2014.01.008,General RC / ESN Methods,,,,3.55
TitPhotonic reservoir computing: A brain-inspired paradigm for information processing,2014,,10.1364/iprsn.2014.it1a.1,Photonics & Optics,,,,0.0
Quantitative analysis of the silk moth's chemical plume tracing locomotion using a hierarchical classification method,2014,,10.1016/S1672-6529(14)60036-6,Control & Robotics,,,,1.09
An improved echo state network via L1-norm regularization,2014,,10.3724/SP.J.1004.2014.02428,Nonlinear Dynamics & Chaos,,,,2.36
Vessel track correlation and association using fuzzy logic and Echo State Networks,2014,,10.1109/CEC.2014.6900231,General RC / ESN Methods,,,,1.18
Recurrent Deep-Stacking Networks for sequence classification,2014,,10.1109/ChinaSIP.2014.6889295,Mathematics & Theory,,,,1.18
Self-organization and lateral interaction in echo state network reservoirs,2014,,10.1016/j.neucom.2014.01.036,Nonlinear Dynamics & Chaos,,,,2.0
Learning the deterministically constructed Echo State Networks,2014,,10.1109/IJCNN.2014.6889714,General RC / ESN Methods,,,,0.36
Self-Organized Artificial Grammar Learning in Spiking Neural Networks,2014,,,Neuroscience & Comp. Neuro,,,,0.64
Multivariable adaptive predictive control for wastewater treatment process based on ESN,2014,,10.3724/SP.J.1219.2014.00368,Control & Robotics,,,,0.09
A model for variation- and fault-tolerant digital logic using self-assembled nanowire architectures,2014,,10.1109/NANOARCH.2014.6880504,General RC / ESN Methods,,,,0.45
Dynamic sound fields clusterization using neuro-fuzzy approach,2014,,10.1007/978-3-319-10554-3_19,Neuroscience & Comp. Neuro,,,,0.55
Stochastic nonlinear time series forecasting using time-delay reservoir computers: Performance and universality,2014,,10.1016/j.neunet.2014.03.004,Nonlinear Dynamics & Chaos,,,,3.91
Actor-critic design using echo state networks in a simulated quadruped robot,2014,,10.1109/IROS.2014.6942862,Control & Robotics,,,,0.18
Exploring the applicability of reservoir methods for classifying punctual sports activities using on-body sensors,2014,,,General RC / ESN Methods,,,,0.27
A comparison of single channel fetal ecg extraction methods,2014,,10.1007/s10439-014-0993-9,Signal Processing & Comms,,,,15.91
Modelling reaction times in non-linear classification tasks,2014,,10.1007/978-3-319-08864-8_6,General RC / ESN Methods,,,,0.09
Direct model of memory properties and the linear reservoir topologies in echo state networks,2014,,10.1016/j.asoc.2014.04.038,Nonlinear Dynamics & Chaos,,,,1.27
ESN-based power trace feature extraction,2014,,10.13443/j.cjors.2013121802,Nonlinear Dynamics & Chaos,,,,0.18
Defect detection in reinforced concrete using random neural architectures,2014,,10.1111/mice.12039,General RC / ESN Methods,,,,9.73
Experimental demonstration of reservoir computing on a silicon photonics chip,2014,,10.1038/ncomms4541,Photonics & Optics,,,,69.0
Reservoir computing approach to robust computation using unreliable nanoscale networks,2014,,10.1007/978-3-319-08123-6_14,General RC / ESN Methods,,,,1.09
"Artificial Neural Networks and Machine Learning, ICANN 2014 - 24th International Conference on Artificial Neural Networks, Proceedings",2014,,,Neuroscience & Comp. Neuro,,,,0.09
Relative entropy minimizing noisy non-linear neural network to approximate stochastic processes,2014,,10.1016/j.neunet.2014.04.002,Nonlinear Dynamics & Chaos,,,,0.18
Predicting electrocardiogram and arterial blood pressure waveforms with different Echo State Network architectures,2014,,,General RC / ESN Methods,,,,0.0
Quantifying the reliability of fault classifiers,2014,,10.1016/j.ins.2013.12.008,General RC / ESN Methods,,,,0.82
Silicon-on-insulator microring resonator all-optical reservoir computing scheme for high-speed applications,2014,,10.1109/Group4.2014.6962037,Photonics & Optics,,,,0.0
Adaptive critic design and heuristic search for optimization,2014,,10.1007/978-3-662-43880-0_27,Control & Robotics,,,,0.36
On information processing with networks of nano-scale switching elements,2014,,,Physical & Hardware RC,,,,1.0
Dynamic soft sensor modeling and its application using leaky-integrator ESN,2014,,10.3969/j.issn.0438-1157.2014.10.034,General RC / ESN Methods,,,,0.73
Exchange rate forecasting using echo state networks for trading strategies,2014,,10.1109/CIFEr.2014.6924052,General RC / ESN Methods,,,,0.36
Multi-step predictions of landslide displacements based on echo state network,2014,,10.1007/978-3-319-12637-1_48,Nonlinear Dynamics & Chaos,,,,0.09
Using neural networks and feature selection algorithms in the identification of protein signatures for the prediction of alzheimer's disease,2014,,,General RC / ESN Methods,,,,0.0
An experimental characterization of reservoir computing in ambient assisted living applications,2014,,10.1007/s00521-013-1364-4,Signal Processing & Comms,,,,9.91
"Proceedings - 2014 IEEE International Conference on Software Science, Technology and Engineering, SWSTE 2014",2014,,,Signal Processing & Comms,,,,0.0
PSO based deterministic ESN models for stock price forecasting,2014,,,Nonlinear Dynamics & Chaos,,,,0.0
Musical instrument mapping design with echo state networks,2014,,,General RC / ESN Methods,,,,1.27
Noninvasive fetal QRS detection using an echo state network and dynamic programming,2014,,10.1088/0967-3334/35/7/1685,Signal Processing & Comms,,,,1.45
On-line training of ESN and IP tuning effect,2014,,10.1007/978-3-319-11179-7_4,Control & Robotics,,,,0.18
An incremental approach to language acquisition: Thematic role assignment with echo state networks,2014,,10.1007/978-3-319-11179-7_5,Neuroscience & Comp. Neuro,,,,0.82
An experimental analysis of the Echo State Network initialization using the Particle Swarm Optimization,2014,,10.1109/NaBIC.2014.6921880,General RC / ESN Methods,,,,2.45
A hybrid time-delay prediction method for networked control system,2014,,10.1007/s11633-014-0761-1,Control & Robotics,,,,2.09
Optical signal processing using photonic reservoir computing,2014,,10.1080/09500340.2014.940017,Photonics & Optics,,,,1.18
Sound fields clusterization via neural networks,2014,,10.1109/INISTA.2014.6873646,Neuroscience & Comp. Neuro,,,,0.73
All-optical reservoir computer based on saturation of absorption,2014,,10.1364/OE.22.010868,Photonics & Optics,,,,13.82
An empirical study of L2-Boost with Echo State Networks,2014,,10.1109/ISDA.2013.6920752,General RC / ESN Methods,,,,0.09
Fabric image edge detection based on octonion and echo state networks,2014,,10.4028/www.scientific.net/AMM.519-520.712,General RC / ESN Methods,,,,0.09
EEG-based event detection using optimized echo state networks with leaky integrator neurons,2014,,10.1109/EMBC.2014.6944960,Signal Processing & Comms,,,,0.09
Modeling neural plasticity in echo state networks for time series prediction,2014,,10.1109/UKCI.2014.6930163,Nonlinear Dynamics & Chaos,,,,0.36
"A novel ANN-based harmonic extraction method tested with ESN, RNN and MLP in shunt active power filters",2014,,10.1504/IJWMC.2014.059708,Nonlinear Dynamics & Chaos,,,,0.36
Learning of embodied interaction dynamics with recurrent neural networks: Some exploratory experiments,2014,,10.1088/1741-2560/11/2/026019,Control & Robotics,,,,0.27
Virtual optical reservoir computing,2014,,10.1364/bgpp.2014.jm5a.40,Photonics & Optics,,,,0.09
Echo state networks for granulopoietic cell recognition in histopathological images of human bone marrow,2014,,10.1515/bmt-2014-5008,General RC / ESN Methods,,,,0.18
Robot localization by echo state networks using RSS,2014,,10.1007/978-3-319-04129-2_15,Control & Robotics,,,,1.64
Research on multivariate chaotic time series prediction using mRSM model,2014,,10.3724/SP.J.1004.2014.00822,Nonlinear Dynamics & Chaos,,,,1.45
Echo State Network applications in structural health monitoring,2014,,,General RC / ESN Methods,,,,0.36
Unorganized machines for seasonal streamflow series forecasting,2014,,10.1142/S0129065714300095,Climate & Earth Sciences,,,,4.18
All-optical reservoir computer based on saturation of absorption,2014,,10.1364/OE.22.020868,Photonics & Optics,,,,1.64
A hybrid approach based on reservoir computing for landslide displacement prediction,2014,,10.1109/ChiCC.2014.6895794,Nonlinear Dynamics & Chaos,,,,0.27
An I-V model based on time warp invariant echo state network for photovoltaic array with shaded solar cells,2014,,10.1016/j.solener.2014.04.023,General RC / ESN Methods,,,,3.73
An experimental analysis of reservoir parameters of the echo state queueing network model,2014,,10.1007/978-3-319-01781-5_2,Neuroscience & Comp. Neuro,,,,0.18
Improvement of Shape Recognition Performance of Sendzimir Mill Control Systems Using Echo State Neural Networks,2014,,10.1016/S1006-706X(14)60049-2,Control & Robotics,,,,0.36
Semiconductor ring lasers with delayed optical feedback: Low-frequency fluctuations,2014,,10.1117/12.2052002,Photonics & Optics,,,,0.0
Active shape discrimination with physical reservoir computers,2014,,10.1162/978-0-262-32621-6-ch030,Physical & Hardware RC,,,,0.36
A multivariate time series prediction model based on subspace echo state network,2014,,10.3724/SP.J.1016.2014.02268,Nonlinear Dynamics & Chaos,,,,0.73
Online prediction for multivariate time series by echo state network based on square-root cubature Kalman filter,2014,,10.1109/ChiCC.2014.6895801,Nonlinear Dynamics & Chaos,,,,0.36
Fast photonic information processing using semiconductor lasers with delayed optical feedback: Role of phase dynamics,2014,,10.1364/OE.22.008672,Photonics & Optics,,,,11.27
Adaptive critical reservoirs with power law forgetting of unexpected input sequences,2014,,10.1007/978-3-319-11179-7_7,Neuroscience & Comp. Neuro,,,,0.09
Continuous prediction in chemoresistive gas sensors using reservoir computing,2014,,10.1016/j.proeng.2014.11.285,General RC / ESN Methods,,,,0.64
Reservoir Computing optimization with a hybrid method,2014,,10.1109/IJCNN.2014.6889681,Mathematics & Theory,,,,0.55
Memory capacity of input-driven echo state networks at the edge of chaos,2014,,10.1007/978-3-319-11179-7_6,Nonlinear Dynamics & Chaos,,,,1.82
Robust control with disturbance estimation using Echo State Networks for the twin rotor aero-dynamical system application,2014,,10.3182/20140824-6-za-1003.02057,Nonlinear Dynamics & Chaos,,,,0.09
Research on short-term traffic flow prediction method based on similarity search of time series,2014,,10.1155/2014/184632,General RC / ESN Methods,,,,2.27
Fuel cells remaining useful lifetime forecasting using echo state network,2014,,10.1109/VPPC.2014.7007074,Climate & Earth Sciences,,,,3.82
Using Neural Networks in the Identification of Signatures for Prediction of Alzheimer's Disease,2014,,10.1109/ICTAI.2014.43,General RC / ESN Methods,,,,0.27
Towards a calculus of echo state networks,2014,,10.1016/j.procs.2014.11.101,Nonlinear Dynamics & Chaos,,,,0.73
Large vocabulary continuous speech recognition with reservoir-based acoustic models,2014,,10.1109/LSP.2014.2302080,Signal Processing & Comms,,,,2.18
Investigating the use of Echo State Networks for prediction of wind power generation,2014,,10.1109/CIES.2014.7011844,Climate & Earth Sciences,,,,0.82
Delay-based reservoir computing using semiconductor ring lasers,2014,,10.1117/12.2052320,Photonics & Optics,,,,0.18
Language modeling using augmented echo state networks,2014,,,General RC / ESN Methods,,,,0.0
Optimized echo state networks using a big bang-big crunch algorithm for distance protection of series-compensated transmission lines,2014,,10.1016/j.ijepes.2013.07.024,General RC / ESN Methods,,,,1.55
On improving the classification capability of reservoir computing for arabic speech recognition,2014,,10.1007/978-3-319-11179-7_29,Signal Processing & Comms,,,,1.91
Solar irradiance estimation using the Echo State Network and the Flexible Neural Tree,2014,,10.1007/978-3-319-07776-5_49,General RC / ESN Methods,,,,0.36
Learning context-aware mobile robot navigation in home environments,2014,,10.1109/IISA.2014.6878733,Control & Robotics,,,,2.27
Factor echo state network for multivariate chaotic time series prediction,2015,,10.16383/j.aas.2015.c140604,Nonlinear Dynamics & Chaos,,,,1.3
Reservoir based learning network for control of two-area power system with variable renewable generation,2015,,10.1016/j.neucom.2015.01.089,Control & Robotics,,,,2.5
Online unsupervised terrain classification for a compliant tensegrity robot using a mixture of echo state networks,2015,,10.1109/ICRA.2015.7139785,Control & Robotics,,,,0.4
A multi time scalewind power forecasting model of a chaotic echo state network based on a hybrid algorithm of particle swarm optimization and tabu search,2015,,10.3390/en81112317,Nonlinear Dynamics & Chaos,,,,2.5
Reservoir computing compensates slow response of chemosensor arrays exposed to fast varying gas concentrations in continuous monitoring,2015,,10.1016/j.snb.2015.03.028,Signal Processing & Comms,,,,22.8
A priori data-driven multi-clustered reservoir generation algorithm for echo state network,2015,,10.1371/journal.pone.0120750,Nonlinear Dynamics & Chaos,,,,1.1
Optimal nonlinear information processing capacity in delay-based reservoir computers,2015,,10.1038/srep12858,Mathematics & Theory,,,,4.3
Heuristic dynamic programming using echo state network for multivariable tracking control of wastewater treatment process,2015,,10.1002/asjc.994,Mathematics & Theory,,,,2.1
Digital Implementation of a Single Dynamical Node Reservoir Computer,2015,,10.1109/TCSII.2015.2458071,Nonlinear Dynamics & Chaos,,,,4.9
Distributed multiagent for NAO robot joint position control based on echo state network,2015,,10.1155/2015/945493,Control & Robotics,,,,0.1
Optimized echo state networks for drought modeling based on satellite data,2015,,,General RC / ESN Methods,,,,0.1
Medium term electricity load forecasting based on CEEMDAN-permutation entropy and ESN with leaky integrator neurons,2015,,10.15938/j.emc.2015.08.011,General RC / ESN Methods,,,,4.0
Input-anticipating critical reservoirs show power law forgetting of unexpected input events,2015,,10.1162/NECO_a_00730,General RC / ESN Methods,,,,0.9
Corticostriatal response selection in sentence production: Insights from neural network simulation with reservoir computing,2015,,10.1016/j.bandl.2015.08.002,Neuroscience & Comp. Neuro,,,,2.0
Wave-based reservoir computing by synchronization of coupled oscillators,2015,,10.1007/978-3-319-26555-1_23,Nonlinear Dynamics & Chaos,,,,2.2
Preliminary experimental analysis of Reservoir Computing approach for balance assessment,2015,,,General RC / ESN Methods,,,,0.1
"2015 IEEE Symposium on Computational Intelligence for Security and Defense Applications, CISDA 2015 - Proceedings",2015,,,Signal Processing & Comms,,,,0.2
Stochastic-based implementation of reservoir computers,2015,,10.1007/978-3-319-19222-2_16,Physical & Hardware RC,,,,0.1
Dual adaptive control of nonlinear stochastic systems based on echo state network,2015,,10.1109/CCDC.2015.7162732,Control & Robotics,,,,0.1
Electrocardiogram classification using reservoir computing with logistic regression,2015,,10.1109/JBHI.2014.2332001,Signal Processing & Comms,,,,13.3
Homeostatic plasticity for single node delay-coupled reservoir computing,2015,,10.1162/NECO_a_00737,Mathematics & Theory,,,,0.5
A hierarchical modular echo state network based on brain networks,2015,,10.3901/JME.2015.22.128,Nonlinear Dynamics & Chaos,,,,0.5
All-optical reservoir computing system based on InGaAsP ring resonators for high-speed identification and optical routing in optical networks,2015,,10.1117/12.2078912,Photonics & Optics,,,,1.6
Predicting Multivariate Time Series Using Subspace Echo State Network,2015,,10.1007/s11063-013-9324-7,Nonlinear Dynamics & Chaos,,,,2.6
Data-driven room classification for office buildings based on echo state network,2015,,10.1109/CCDC.2015.7162361,Nonlinear Dynamics & Chaos,,,,0.6
Lecture Notes in Artificial Intelligence (Subseries of Lecture Notes in Computer Science),2015,,,General RC / ESN Methods,,,,0.0
"Recurrent Network Models, Reservoir Computing",2015,,10.1007/978-1-4614-6675-8_796,General RC / ESN Methods,,,,0.0
ACD with ESN for tuning of MEMS kalman filter,2015,,10.1007/978-3-319-26520-9_24,General RC / ESN Methods,,,,0.2
Prediction of telephone calls load using Echo State Network with exogenous variables,2015,,10.1016/j.neunet.2015.08.010,General RC / ESN Methods,,,,8.3
Evolutionary pre-training for CRJ-type reservoir of echo state networks,2015,,10.1016/j.neucom.2014.08.065,General RC / ESN Methods,,,,2.2
Process echo state network for pattern classification of electricity customers,2015,,10.13335/j.1000-3673.pst.2015.12.034,Nonlinear Dynamics & Chaos,,,,0.2
Malware classification with recurrent networks,2015,,10.1109/ICASSP.2015.7178304,Signal Processing & Comms,,,,40.2
Echo state network with Bayesian regularization for forecasting short-term power production of small hydropower plants,2015,,10.3390/en81012228,Climate & Earth Sciences,,,,2.6
Simultaneous computation of two independent tasks using reservoir computing based on a single photonic nonlinear node with optical feedback,2015,,10.1109/TNNLS.2015.2404346,Photonics & Optics,,,,13.3
Echo State Network with SVM-readout for customer churn prediction,2015,,10.1109/AEECT.2015.7360579,Signal Processing & Comms,,,,1.9
Hermite orthogonal basis neural network based on improved teaching-learning-based optimization algorithm for chaotic time series prediction,2015,,10.7498/aps.64.200506,Nonlinear Dynamics & Chaos,,,,0.9
Fusing swarm intelligence and self-assembly for optimizing echo state networks,2015,,10.1155/2015/642429,General RC / ESN Methods,,,,0.6
A novel model of leaky integrator echo state network for time-series prediction,2015,,10.1016/j.neucom.2015.02.029,Mathematics & Theory,,,,6.9
At the Edge of Chaos: How Cerebellar Granular Layer Network Dynamics Can Provide the Basis for Temporal Filters,2015,,10.1371/journal.pcbi.1004515,Nonlinear Dynamics & Chaos,,,,4.8
Hierarchical composition of memristive networks for real-time computing,2015,,10.1109/NANOARCH.2015.7180583,Physical & Hardware RC,,,,2.1
An introduction to delay-coupled reservoir computing,2015,,10.1007/978-3-319-09903-3_4,Nonlinear Dynamics & Chaos,,,,1.5
Closed loop identification of nuclear steam generator water level using esn network tuned by genetic algorithm,2015,,10.1007/978-3-319-23983-5_2,Nonlinear Dynamics & Chaos,,,,0.2
Intelligent optimization of a mixed culture cultivation process,2015,,,Control & Robotics,,,,0.3
System identification of a vertical riser model with Echo State Networks,2015,,10.1016/j.ifacol.2015.08.048,Nonlinear Dynamics & Chaos,,,,0.5
On effects of IP improvement of ESN reservoirs for reflecting of data structure,2015,,10.1109/IJCNN.2015.7280703,Mathematics & Theory,,,,0.9
"Echo state networks, artificial neural networks and fuzzy systems models for improve short-term wind speed forecasting",2015,,10.1109/IJCNN.2015.7280687,Climate & Earth Sciences,,,,0.6
High-speed spiking and bursting oscillations in a long-delayed broadband optoelectronic oscillator,2015,,10.1109/JLT.2014.2376775,Photonics & Optics,,,,2.7
"IEEE Symposium on Computational Intelligence Applications in Smart Grid, CIASG",2015,,,Climate & Earth Sciences,,,,0.0
Robust fault detection by means of echo state neural network,2015,,10.1007/978-3-319-23180-8_25,Nonlinear Dynamics & Chaos,,,,0.2
Multi-step-ahead host load prediction using autoencoder and echo state networks in cloud computing,2015,,10.1007/s11227-015-1426-8,Control & Robotics,,,,5.5
Online training of an Opto-electronic reservoir computer,2015,,10.1007/978-3-319-26535-3_27,Photonics & Optics,,,,1.1
PSO based deterministic ESN models for stock price forecasting,2015,,10.20965/jaciii.2015.p0312,Nonlinear Dynamics & Chaos,,,,0.7
High-performance photonic reservoir computer based on a coherently driven passive cavity,2015,,10.1364/OPTICA.2.000438,Photonics & Optics,,,,24.7
Echo state network based dual adaptive control for trajectory tracking of Wheeled Mobile Robot,2015,,10.1109/CYBER.2015.7288118,Control & Robotics,,,,0.1
Procedia Computer Science,2015,,,General RC / ESN Methods,,,,0.0
Artificial Neural Networks - Methods and Applications in Bio-/Neuroinformatics,2015,,,Nonlinear Dynamics & Chaos,,,,0.0
Optimizing the echo state network with a binary particle swarm optimization algorithm,2015,,10.1016/j.knosys.2015.06.003,Nonlinear Dynamics & Chaos,,,,10.5
Short-Term Electric Load Forecasting Using Echo State Networks and PCA Decomposition,2015,,10.1109/ACCESS.2015.2485943,General RC / ESN Methods,,,,14.6
Dynamic gesture recognition using Echo State Networks,2015,,,Signal Processing & Comms,,,,0.8
Spatiotemporal features for asynchronous event-based data,2015,,10.3389/fnins.2015.00046,Neuroscience & Comp. Neuro,,,,3.8
Comparison of echo state network and extreme learning machine for PV power prediction,2015,,10.1109/CIASG.2014.7011546,Climate & Earth Sciences,,,,0.3
An echo state network-based soft sensor of downhole pressure for a gas-lift oil well,2015,,10.1007/978-3-319-23983-5_35,Climate & Earth Sciences,,,,0.2
Photonic delay systems as machine learning implementations,2015,,,Photonics & Optics,,,,3.7
ESNigma: Efficient feature selection for Echo State Networks,2015,,,General RC / ESN Methods,,,,0.6
Significance-based pruning for reservoir’s neurons in echo state networks,2015,,10.1007/978-3-319-18164-6_4,General RC / ESN Methods,,,,0.7
Integrated photonic reservoir computing based on hierarchical time-multiplexing structure,2015,,,Photonics & Optics,,,,0.0
Short-term load forecasting for smart water and gas grids: A comparative evaluation,2015,,10.1109/EEEIC.2015.7165339,General RC / ESN Methods,,,,0.2
Investigation of some parameters of a neuro-fuzzy approach for dynamic sound fields visualization,2015,,10.1109/INISTA.2015.7276769,General RC / ESN Methods,,,,0.1
Prediction method for network traffic based on genetic algorithm optimized echo state network,2015,,10.7544/issn1000-1239.2015.20131757,Nonlinear Dynamics & Chaos,,,,1.8
Real-time load forecasting based on modular echo state network,2015,,10.13335/j.1000-3673.pst.2015.03.033,General RC / ESN Methods,,,,0.5
Emotion recognition from speech signals via a probabilistic echo-state network,2015,,10.1016/j.patrec.2014.10.015,Signal Processing & Comms,,,,5.6
Spike-time-dependent encoding for neuromorphic processors,2015,,10.1145/2738040,Neuroscience & Comp. Neuro,,,,3.4
Real-Time Reservoir Computing Network-Based Systems for Detection Tasks on Visual Contents,2015,,10.1109/CICSyN.2015.35,Signal Processing & Comms,,,,5.2
Echo state networks for feature selection in affective computing,2015,,10.1007/978-3-319-18944-4_11,General RC / ESN Methods,,,,0.7
Universal approximation with convex optimization: Gimmick or reality? [Discussion Forum],2015,,10.1109/MCI.2015.2405352,Mathematics & Theory,,,,5.5
"IEEE SSCI 2014 - 2014 IEEE Symposium Series on Computational Intelligence - CICARE 2014: 2014 IEEE Symposium on Computational Intelligence in Healthcare and e-Health, Proceedings",2015,,,Signal Processing & Comms,,,,0.0
Echo state networks with Tikhonov regularization: Optimization using integral gain,2015,,10.1080/01691864.2015.1010576,Control & Robotics,,,,0.6
Photonic reservoir computing approaches to nanoscale computation,2015,,10.1145/2800795.2800827,Photonics & Optics,,,,0.4
Non-parametric temporal modeling of the hemodynamic response function via a liquid state machine,2015,,10.1016/j.neunet.2015.04.009,General RC / ESN Methods,,,,0.3
Autoencoding time series for visualisation,2015,,,General RC / ESN Methods,,,,0.3
Bray-curtis metrics as measure of liquid state machine separation ability in function of connections density,2015,,10.1016/j.procs.2015.05.490,Neuroscience & Comp. Neuro,,,,0.8
Quaternion-Valued Echo State Networks,2015,,10.1109/TNNLS.2014.2320715,Nonlinear Dynamics & Chaos,,,,10.3
Atomic switch networks - Nanoarchitectonic design of a complex system for natural computing,2015,,10.1088/0957-4484/26/20/204003,Physical & Hardware RC,,,,7.5
Echo State Neural Network Based State Feedback Control for SISO Afine Nonlinear Systems,2015,,10.1016/j.ifacol.2015.09.211,Control & Robotics,,,,1.7
Detection of occult paroxysmal atrial fibrillation,2015,,10.1007/s11517-014-1234-y,Mathematics & Theory,,,,5.8
Training enhanced reservoir computing predictor for landslide displacement,2015,,10.1016/j.enggeo.2014.11.008,General RC / ESN Methods,,,,6.4
Dual adaptive control of nonlinear stochastic systems based on ESN,2015,,10.13245/j.hust.150908,Control & Robotics,,,,0.0
High-speed all-optical pattern recognition of dispersive Fourier images through a photonic reservoir computing subsystem,2015,,10.1364/OL.40.003416,Photonics & Optics,,,,2.9
General-purpose LSM learning processor architecture and theoretically guided design space exploration,2015,,10.1109/BioCAS.2015.7348397,Physical & Hardware RC,,,,3.8
Memristormodels formachine learning,2015,,10.1162/NECO_a_00694,Physical & Hardware RC,,,,3.5
Modified neural dynamic surface approach to output feedback of MIMO nonlinear systems,2015,,10.1109/TNNLS.2014.2312001,Nonlinear Dynamics & Chaos,,,,7.9
Optimized echo state networks with leaky integrator neurons for EEG-based microsleep detection,2015,,10.1109/EMBC.2015.7319215,Signal Processing & Comms,,,,1.6
Hebbian versus gradient training of ESN actors in closed-loop ACD,2015,,10.1007/978-3-319-15585-2_11,Mathematics & Theory,,,,0.2
Traffic-load prediction based on echo state network improved by Bayesian theory in 10G-EPON,2015,,10.1016/S1005-8885(15)60641-0,Photonics & Optics,,,,0.6
An integrated probabilistic approach to lithium-ion battery remaining useful life estimation,2015,,10.1109/TIM.2014.2348613,Mathematics & Theory,,,,17.8
"Seeing [u] AIDS vocal learning: Babbling and imitation of vowels using a 3D vocal tract model, reinforcement learning, and reservoir computing",2015,,10.1109/DEVLRN.2015.7346142,Control & Robotics,,,,2.6
Optimization on initial pressure of a steam turbine based on improved krill herd algorithm,2015,,,General RC / ESN Methods,,,,0.8
An efficient computer aided decision support system for breast cancer diagnosis using Echo State Network classifier,2015,,10.1109/CICARE.2014.7007829,General RC / ESN Methods,,,,0.8
Echo State Networks,2015,,10.1007/978-1-4614-6675-8_100181,General RC / ESN Methods,,,,0.0
Liquid State Machines,2015,,10.1007/978-1-4614-6675-8_100309,General RC / ESN Methods,,,,0.0
An Echo State Network approach to structural health monitoring,2015,,10.1109/IJCNN.2015.7280627,Signal Processing & Comms,,,,0.5
Information processing using a photonic reservoir computer based on a coherently driven passive cavity with an analog readout layer,2015,,,Photonics & Optics,,,,0.0
System identification of multi-rotor UAV's using Echo State Networks,2015,,,Control & Robotics,,,,0.9
Design and analysis of neuromemristive echo state networks with limited-precision synapses,2015,,10.1109/CISDA.2015.7208623,Nonlinear Dynamics & Chaos,,,,1.1
Product reservoir computing: Time-series computation with multiplicative neurons,2015,,10.1109/IJCNN.2015.7280453,Mathematics & Theory,,,,0.4
Channel estimation in wireless OFDM systems using reservoir computing,2015,,10.1109/CISDA.2015.7208638,Signal Processing & Comms,,,,0.7
Minimal approach to neuro-inspired information processing,2015,,10.3389/fncom.2015.00068,Photonics & Optics,,,,6.1
Time series prediction with an improved echo state network using small world network,2015,,10.16383/j.aas.2015.c150049,Nonlinear Dynamics & Chaos,,,,2.3
Reservoir computing with a single time-delay autonomous Boolean node,2015,,10.1103/PhysRevE.91.020801,Nonlinear Dynamics & Chaos,,,,11.8
Network traffic prediction method based on KPCA optimized ESN,2015,,10.15938/j.emc.2015.12.017,Nonlinear Dynamics & Chaos,,,,0.2
A wavelet perspective on deterministic echo state networks,2015,,10.12733/jics20105486,Mathematics & Theory,,,,0.0
"Using echo state networks to classify unscripted, real-world punctual activity",2015,,10.1007/978-3-319-23983-5_34,General RC / ESN Methods,,,,0.5
"13th International Work-Conference on Artificial Neural Networks, IWANN 2015",2015,,,General RC / ESN Methods,,,,0.0
Chaotic liquid state machine,2015,,10.4018/IJCINI.2015100101,Nonlinear Dynamics & Chaos,,,,0.7
Proceedings of SPIE - The International Society for Optical Engineering,2015,,,Photonics & Optics,,,,0.0
Real-time deep learning of robotic manipulator inverse dynamics,2015,,10.1109/IROS.2015.7353857,Control & Robotics,,,,7.9
Memristive computational architecture of an echo state network for real-time speech-emotion recognition,2015,,10.1109/CISDA.2015.7208624,Signal Processing & Comms,,,,1.2
Prediction of the Italian electricity price for smart grid applications,2015,,10.1016/j.neucom.2015.02.089,Nonlinear Dynamics & Chaos,,,,3.8
Optoelectronic systems trained with backpropagation through time,2015,,10.1109/TNNLS.2014.2344002,Photonics & Optics,,,,2.0
A Unified Framework for Reservoir Computing and Extreme Learning Machines based on a Single Time-delayed Neuron,2015,,10.1038/srep14945,Photonics & Optics,,,,17.0
Comparison of adaptive neuro-fuzzy inference systems and echo state networks for PV power prediction,2015,,10.1016/j.procs.2015.07.283,Control & Robotics,,,,1.9
Wireless spectral prediction by the modified echo state network based on leaky integrate and fire neurons,2015,,,Signal Processing & Comms,,,,0.4
Robust bone marrow cell discrimination by rotation-invariant training of multi-class echo state networks,2015,,10.1007/978-3-319-23983-5_36,Mathematics & Theory,,,,0.2
KPCA-ESN soft-sensor model of polymerization process optimized by biogeography-based optimization algorithm,2015,,10.1155/2015/493248,General RC / ESN Methods,,,,0.7
Exploring transfer function nonlinearity in echo state networks,2015,,10.1109/CISDA.2015.7208637,Nonlinear Dynamics & Chaos,,,,0.9
Symbolic computation using cellular automata-based hyperdimensional computing,2015,,10.1162/NECO_a_00787,Physical & Hardware RC,,,,3.7
Robust continuous digit recognition using Reservoir Computing,2015,,10.1016/j.csl.2014.09.006,Nonlinear Dynamics & Chaos,,,,1.8
An ensemble convolutional echo state networks for facial expression recognition,2015,,10.1109/ACII.2015.7344677,General RC / ESN Methods,,,,1.3
A recurrent neural network for multiple language acquisition: Starting with English and French,2015,,,Control & Robotics,,,,0.5
Short-term wind speed forecasting based on spectral clustering and optimised echo state networks,2015,,10.1016/j.renene.2015.01.022,Climate & Earth Sciences,,,,12.8
Unified photonic implementation of reservoir computing and extreme learning machines based on a single time-delayed node,2015,,,Photonics & Optics,,,,0.0
Integrated photonic reservoir computing based on hierarchical time-multiplexing structure,2015,,10.1364/CLEO_AT.2015.JTh2A.35,Photonics & Optics,,,,0.0
On the Design of Robust Linear Pattern Classifiers Based on M-Estimators,2015,,10.1007/s11063-014-9393-2,Signal Processing & Comms,,,,0.5
"SCESN, SPESN, SWESN: Three recurrent neural echo state networks with clustered reservoirs for prediction of nonlinear and chaotic time series",2015,,10.1007/s10489-015-0652-3,Nonlinear Dynamics & Chaos,,,,3.1
Delay-based reservoir computing: Noise effects in a combined analog and digital implementation,2015,,10.1109/TNNLS.2014.2311855,Nonlinear Dynamics & Chaos,,,,15.7
Equalization of the non-linear satellite communication channel with an Echo state network,2015,,10.1109/VTCSpring.2015.7145827,Signal Processing & Comms,,,,1.5
On Learning Navigation Behaviors for Small Mobile Robots with Reservoir Computing Architectures,2015,,10.1109/TNNLS.2014.2323247,Control & Robotics,,,,6.1
Network traffic prediction based on Hadoop,2015,,10.1109/WPMC.2014.7014785,Control & Robotics,,,,0.8
Research on hierarchical modular ESN and its application,2015,,10.1109/ChiCC.2015.7259962,Nonlinear Dynamics & Chaos,,,,0.2
"Combining DMSP/OLS nighttime light with echo state network for prediction of daily PM2.5 average concentrations in Shanghai, China",2015,,10.3390/atmos6101507,Climate & Earth Sciences,,,,2.6
Analogy making and logical inference on images using cellular automata based hyperdimensional computing,2015,,,Physical & Hardware RC,,,,0.0
A review of datasets and load forecasting techniques for smart natural gas and water grids: Analysis and experiments,2015,,10.1016/j.neucom.2015.04.098,General RC / ESN Methods,,,,4.1
A Digital Liquid State Machine with Biologically Inspired Learning and Its Application to Speech Recognition,2015,,10.1109/TNNLS.2015.2388544,Neuroscience & Comp. Neuro,,,,17.0
Functional connectivity analysis in resting state fMRI with echo-state networks and non-metric clustering for network structure recovery,2015,,10.1117/12.2082106,Neuroscience & Comp. Neuro,,,,0.0
Parameters selection method of the leaky integrator echo state network for time series,2015,,10.1109/ICMC.2014.7231760,General RC / ESN Methods,,,,0.1
Machine learning using cellular automata based feature expansion and reservoir computing,2015,,,Nonlinear Dynamics & Chaos,,,,3.0
Online multivariate time series prediction using SCKF-γESN model,2015,,10.1016/j.neucom.2014.06.057,Nonlinear Dynamics & Chaos,,,,2.1
Stochastic hardware implementation of Liquid State Machines,2016,,10.1109/IJCNN.2016.7727324,Physical & Hardware RC,,,,1.11
Neuromorphic mixed-signal circuitry for Asynchronous Pulse Processing,2016,,10.1109/ICRC.2016.7738686,Physical & Hardware RC,,,,0.89
Single- and multi-objective particle swarm optimization of reservoir structure in Echo State Network,2016,,10.1109/IJCNN.2016.7727232,Nonlinear Dynamics & Chaos,,,,2.67
Fuel Cells Fault Diagnosis under Dynamic Load Profile Using Reservoir Computing,2016,,10.1109/VPPC.2016.7791693,General RC / ESN Methods,,,,1.56
Deep self-organizing reservoir computing model for visual object recognition,2016,,10.1109/IJCNN.2016.7727351,General RC / ESN Methods,,,,0.33
Continuous multimodal human affect estimation using echo state networks,2016,,10.1145/2988257.2988260,General RC / ESN Methods,,,,1.56
Distributed Reservoir Computing with Sparse Readouts [Research Frontier],2016,,10.1109/MCI.2016.2601759,Nonlinear Dynamics & Chaos,,,,1.78
Audio bandwidth extension method based on echo state network,2016,,10.3969/j.issn.0372-2112.2016.11.027,Signal Processing & Comms,,,,0.0
An experimental evaluation of echo state network for colour image segmentation,2016,,10.1109/IJCNN.2016.7727326,General RC / ESN Methods,,,,1.11
Driving reservoir models with oscillations: a solution to the extreme structural sensitivity of chaotic networks,2016,,10.1007/s10827-016-0619-3,Nonlinear Dynamics & Chaos,,,,1.89
"Diverse, noisy and parallel: A New Spiking Neural Network approach for humanoid robot control",2016,,10.1109/IJCNN.2016.7727325,Neuroscience & Comp. Neuro,,,,1.56
Optimising a constrained echo state network using evolutionary algorithms for learning mental models of complex dynamical systems,2016,,10.1109/IJCNN.2016.7727822,Nonlinear Dynamics & Chaos,,,,0.44
Energy Efficient Spiking Temporal Encoder Design for Neuromorphic Computing Systems,2016,,10.1109/TMSCS.2016.2607164,Neuroscience & Comp. Neuro,,,,3.67
Autonomous all-photonic processor based on reservoir computing paradigm,2016,,10.1364/cleo_si.2016.sf1f.1,Photonics & Optics,,,,0.22
Towards using Reservoir Computing Networks for noise-robust image recognition,2016,,10.1109/IJCNN.2016.7727398,Signal Processing & Comms,,,,1.78
"AVEC 2016 - Proceedings of the 6th International Workshop on Audio/Visual Emotion Challenge, co-located with ACM Multimedia 2016",2016,,,Signal Processing & Comms,,,,0.0
Prognostic for hydraulic pump based upon DCT-composite spectrum and the modified echo state network,2016,,10.1186/s40064-016-2933-7,General RC / ESN Methods,,,,1.67
Restorable echo state network based on biological evolution,2016,,10.15918/j.tbit1001-0645.2016.11.009,Mathematics & Theory,,,,0.0
An online structural plasticity rule for generating better reservoirs,2016,,10.1162/NECO_a_00886,Neuroscience & Comp. Neuro,,,,1.78
A reservoir computing model of episodic memory,2016,,10.1109/IJCNN.2016.7727887,Nonlinear Dynamics & Chaos,,,,0.22
Nanoarchitectonic atomic switch networks for unconventional computing,2016,,10.7567/JJAP.55.1102B2,Neuroscience & Comp. Neuro,,,,5.67
A new echo state network with variable memory length,2016,,10.1016/j.ins.2016.07.065,Mathematics & Theory,,,,6.56
Reservoir computing approach for learning forward dynamics of industrial manipulators,2016,,10.1109/IROS.2016.7759116,Control & Robotics,,,,1.56
Functional echo state network for time series classification,2016,,10.1016/j.ins.2016.08.081,Mathematics & Theory,,,,10.33
An energy efficient decoding scheme for nonlinear MIMO-OFDM network using reservoir computing,2016,,10.1109/IJCNN.2016.7727329,Photonics & Optics,,,,1.11
Computational analysis of memory capacity in echo state networks,2016,,10.1016/j.neunet.2016.07.012,Mathematics & Theory,,,,7.78
Energy consumption prediction of office buildings based on echo state networks,2016,,10.1016/j.neucom.2016.08.004,Nonlinear Dynamics & Chaos,,,,10.33
Using Digital Masks to Enhance the Bandwidth Tolerance and Improve the Performance of On-Chip Reservoir Computing Systems,2016,,10.1109/TNNLS.2015.2498763,Photonics & Optics,,,,3.22
Neuro-fuzzy tuning of Kalman filter,2016,,10.1109/IS.2016.7737497,General RC / ESN Methods,,,,0.78
Digital neuromorphic design of a Liquid State Machine for real-time processing,2016,,10.1109/ICRC.2016.7738687,Physical & Hardware RC,,,,1.67
Echo State Networks with Orthogonal Pigeon-Inspired Optimization for Image Restoration,2016,,10.1109/TNNLS.2015.2479117,General RC / ESN Methods,,,,14.44
The Application of SHESN on Financial Time Series Prediction,2016,,10.1109/ICISCE.2016.153,Nonlinear Dynamics & Chaos,,,,0.22
Audio bandwidth extension using ensemble of recurrent neural networks,2016,,10.1186/s13636-016-0090-0,Signal Processing & Comms,,,,0.22
AP-STDP: A novel self-organizing mechanism for efficient reservoir computing,2016,,10.1109/IJCNN.2016.7727328,Neuroscience & Comp. Neuro,,,,2.67
Sensitivity analysis of echo state networks for forecasting pseudo-periodic time series,2016,,10.1109/SOCPAR.2015.7492768,Mathematics & Theory,,,,0.56
Photonic reservoir computing for ultra-fast information processing using semiconductor lasers,2016,,,Photonics & Optics,,,,0.44
Learning to decode human emotions with Echo State Networks,2016,,10.1016/j.neunet.2015.07.005,Neuroscience & Comp. Neuro,,,,5.89
Structured parallel implementation of tree Echo State Network model selection,2016,,10.3233/978-1-61499-621-7-145,General RC / ESN Methods,,,,0.0
Multivariate time series modeling and prediction based on reservoir independent components,2016,,10.1109/ICICIP.2015.7388191,Nonlinear Dynamics & Chaos,,,,0.11
A Hybrid Approach Based on Particle Swarm Optimization for Echo State Network Initialization,2016,,10.1109/SMC.2015.504,General RC / ESN Methods,,,,1.44
Non-linear satellite channel equalization based on a low complexity Echo State Network,2016,,10.1109/CISS.2016.7460484,Signal Processing & Comms,,,,1.22
Modified dynamic surface approach with bias torque for multi-motor servomechanism,2016,,10.1016/j.conengprac.2016.02.011,Mathematics & Theory,,,,4.78
Performance optimization of the echo state network for time series prediction and spoken digit recognition,2016,,10.1109/ICNC.2015.7378039,Nonlinear Dynamics & Chaos,,,,0.78
Echo state networks for proactive caching and content prediction in cloud radio access networks,2016,,10.1109/GLOCOMW.2016.7848887,Mathematics & Theory,,,,0.89
Investigations of the staircase memristor model and applications of memristor-based local connections,2016,,10.1007/s10470-016-0715-3,Physical & Hardware RC,,,,1.0
Nonlinear memory capacity of parallel time-delay reservoir computers in the processing of multidimensional signals,2016,,10.1162/NECO_a_00845,Mathematics & Theory,,,,1.89
Blind sequence detection of QAM system with short received data based on Echo State Networks,2016,,10.1109/CCDC.2016.7532203,Mathematics & Theory,,,,0.11
High-Density Liquid-State Machine Circuitry for Time-Series Forecasting,2016,,10.1142/S0129065715500367,Nonlinear Dynamics & Chaos,,,,2.89
An approach to design growing echo state networks,2016,,10.1007/978-3-319-46257-8_24,Nonlinear Dynamics & Chaos,,,,0.11
Use of a quantile regression based echo state network ensemble for construction of prediction Intervals of gas flow in a blast furnace,2016,,10.1016/j.conengprac.2015.10.003,General RC / ESN Methods,,,,4.67
Persistent memory in single node delay-coupled reservoir computing,2016,,10.1371/journal.pone.0165170,Nonlinear Dynamics & Chaos,,,,0.44
Regularized Taylor Echo State Networks for Predictive Control of Partially Observed Systems,2016,,10.1109/ACCESS.2016.2582478,General RC / ESN Methods,,,,2.33
Prediction of energy consumption in office buildings based on echo state network,2016,,10.1109/WCICA.2016.7578237,General RC / ESN Methods,,,,0.22
Embodiment of Learning in Electro-Optical Signal Processors,2016,,10.1103/PhysRevLett.117.128301,Photonics & Optics,,,,4.0
Experimental analysis of a hybrid reservoir computing technique,2016,,10.1007/978-3-319-27221-4_20,General RC / ESN Methods,,,,0.0
"15th International Conference on Hybrid Intelligent Systems, HIS 2015",2016,,,Signal Processing & Comms,,,,0.0
Channel estimation based on echo state networks in wireless MIMO systems,2016,,10.1109/IMCCC.2015.327,Signal Processing & Comms,,,,0.44
Data-driven bending elasticity design by shell thickness,2016,,10.1111/cgf.12972,General RC / ESN Methods,,,,0.22
Experimental analysis of forecasting solar irradiance with Echo state networks and simulating annealing,2016,,10.1007/978-3-319-39378-0_2,General RC / ESN Methods,,,,0.0
Autonomous bio-inspired photonic processor based on reservoir computing paradigm,2016,,10.1109/PHOSST.2016.7548782,Photonics & Optics,,,,0.22
Autonomous all-photonic processor based on reservoir computing paradigm,2016,,,Photonics & Optics,,,,0.11
Graceful degradation under noise on brain inspired robot controllers,2016,,10.1007/978-3-319-46687-3_21,Control & Robotics,,,,0.89
Echo state hoeffding tree learning,2016,,,Mathematics & Theory,,,,0.11
Unmodeled dynamics compensation and control of nonlinear system based on ESN,2016,,10.3969/j.issn.0372-2112.2016.01.010,Nonlinear Dynamics & Chaos,,,,0.33
Adaptive algorithm for sampling nonlinear circuit behaviour in time-domain,2016,,10.1109/SaPIW.2016.7496304,General RC / ESN Methods,,,,0.11
"25th International Conference on Artificial Neural Networks, ICANN 2016",2016,,,Neuroscience & Comp. Neuro,,,,0.0
High performance bio-inspired analog equalizer for DVB-S2 non-linear communication channel,2016,,10.1109/SPAWC.2016.7536818,Signal Processing & Comms,,,,0.22
Radio signal strength prediction using echo state networks,2016,,,Signal Processing & Comms,,,,0.0
On the gradient-based sequential tuning of the echo state network reservoir parameters,2016,,10.1007/978-3-319-42911-3_54,General RC / ESN Methods,,,,0.22
Pre-wiring and pre-training: What does a neural network need to learn truly general identity rules?,2016,,,Photonics & Optics,,,,0.22
Deep reservoir computing: A critical analysis,2016,,,General RC / ESN Methods,,,,4.22
L1/2 norm regularized echo state network for chaotic time series prediction,2016,,10.1007/978-3-319-46675-0_2,Nonlinear Dynamics & Chaos,,,,0.44
"15th International Conference on Unconventional Computation and Natural Computation, UCNC 2016",2016,,,Photonics & Optics,,,,0.0
Applicability of echo state networks to classify EEG data from a movement task,2016,,,General RC / ESN Methods,,,,0.0
Geostatistical simulations on irregular reservoir models,2016,,10.3997/2214-4609.201601886,General RC / ESN Methods,,,,0.11
A hybrid prediction model of smoothed monthly mean sunspot number,2016,,10.1360/SSPMA2016-00191,Mathematics & Theory,,,,0.56
Handwritten numeral recognition utilizing reservoir computing subject to optoelectronic feedback,2016,,10.1109/ICNC.2015.7378156,Photonics & Optics,,,,1.67
Reservoir computing and the Sooner-is-Better bottleneck,2016,,10.1017/S0140525X15000783,General RC / ESN Methods,,,,0.0
RSS-based robot localization in critical environments using reservoir computing,2016,,,Control & Robotics,,,,0.89
Exploiting heterogeneous units for reservoir computing with simple architecture,2016,,10.1007/978-3-319-46687-3_20,General RC / ESN Methods,,,,1.44
Feature selection using a genetic algorithm for solar power prediction,2016,,10.1007/978-3-319-33609-1_37,Climate & Earth Sciences,,,,0.11
A Receding Horizon Sliding Controller for Automotive Engine Coldstart: Design and Hardware-in-the-Loop Testing With an Echo State Network High-Fidelity Model,2016,,10.1002/asjc.1305,Control & Robotics,,,,0.67
A reservoir radial-basis function neural network in prediction tasks,2016,,10.3103/S0146411616020061,Nonlinear Dynamics & Chaos,,,,0.44
Modeling neural plasticity in echo state networks for classification and regression,2016,,10.1016/j.ins.2015.11.017,Neuroscience & Comp. Neuro,,,,7.33
Echo-state-network based electricity price forecasting in electric power market,2016,,10.7667/PSPC160564,General RC / ESN Methods,,,,0.44
Sequential data classification in the space of liquid state machines,2016,,10.1007/978-3-319-46128-1_20,General RC / ESN Methods,,,,0.67
"15th European Conference on Machine Learning and Principles and Practice of Knowledge Discovery in Databases, ECML PKDD 2016",2016,,,General RC / ESN Methods,,,,0.0
A Multi-objective Optimization Model for Alloy Addition in BOS Process Based on ESN and Modified MOPSO,2016,,10.1109/MCSI.2015.15,Nonlinear Dynamics & Chaos,,,,0.22
Towards adjustable signal generation with photonic reservoir computers,2016,,10.1007/978-3-319-44778-0_44,Photonics & Optics,,,,0.44
Reducing the phase sensitivity of laser-based optical reservoir computing systems,2016,,10.1364/OE.24.001238,Photonics & Optics,,,,5.67
Short-term wind speed hybrid prediction model based on ARIMA and ESN,2016,,,Climate & Earth Sciences,,,,1.67
"23rd International Conference on Neural Information Processing, ICONIP 2016",2016,,,Photonics & Optics,,,,0.0
State-dependent information processing in gene regulatory networks,2016,,,Nonlinear Dynamics & Chaos,,,,0.0
EEG-driven RNN classification for prognosis of neurodegeneration in at-risk patients,2016,,10.1007/978-3-319-44778-0_36,General RC / ESN Methods,,,,3.22
A reservoir computing approach for balance assessment,2016,,10.1007/978-3-319-44412-3_5,General RC / ESN Methods,,,,0.78
Time series classification in reservoir-and model-space: A comparison,2016,,10.1007/978-3-319-46182-3_17,General RC / ESN Methods,,,,1.78
Factors important for good visualisation of time series,2016,,10.1504/IJCSE.2016.074561,General RC / ESN Methods,,,,0.33
Laser dynamical reservoir computing with consistency: An approach of a chaos mask signal,2016,,10.1364/OE.24.008679,Photonics & Optics,,,,25.11
Restricted echo state networks,2016,,10.1007/978-3-319-50127-7_49,Physical & Hardware RC,,,,0.33
Echo state network based predictive control with particle swarm optimization for pneumatic muscle actuator,2016,,10.1016/j.jfranklin.2016.05.004,Control & Robotics,,,,5.44
An effective multivariate time series classification approach using echo state network and adaptive differential evolution algorithm,2016,,10.1016/j.eswa.2015.08.055,General RC / ESN Methods,,,,12.67
How much computation and distributedness is needed in sequence learning tasks?,2016,,10.1007/978-3-319-41649-6_28,General RC / ESN Methods,,,,0.56
Evolving carbon nanotube reservoir computers,2016,,10.1007/978-3-319-41312-9_5,Nonlinear Dynamics & Chaos,,,,6.33
"Wind speed forecasting using FEEMD echo state networks with RELM in Hebei, China",2016,,10.1016/j.enconman.2016.02.022,Climate & Earth Sciences,,,,14.78
A benchmark dataset for human activity recognition and ambient assisted living,2016,,10.1007/978-3-319-40114-0_1,General RC / ESN Methods,,,,2.0
Phoneme classification using Reservoirs with MFCC and Rasta-PLP features,2016,,10.1109/ICCCI.2016.7480007,Signal Processing & Comms,,,,0.44
Three approaches to train echo state network actors of adaptive critic design,2016,,10.1007/978-3-319-44778-0_58,Mathematics & Theory,,,,0.11
Performance comparizon of unorganized recurrent neural network applied to streamflow forecasting of Sobradinho plant,2016,,10.1109/LA-CCI.2015.7435968,Climate & Earth Sciences,,,,0.44
Parallel processing using an optical delay-based reservoir computer,2016,,10.1117/12.2228005,Photonics & Optics,,,,0.22
A decentralized training algorithm for Echo State Networks in distributed big data applications,2016,,10.1016/j.neunet.2015.07.006,General RC / ESN Methods,,,,10.89
A local Echo State Property through the largest Lyapunov exponent,2016,,10.1016/j.neunet.2015.12.013,Mathematics & Theory,,,,5.11
Pattern and frequency generation using an opto-electronic reservoir computer with output feedback,2016,,10.1007/978-3-319-46672-9_36,Photonics & Optics,,,,0.56
"17th International Conference on Intelligent Data Engineering and Automated Learning, IDEAL 2016",2016,,,Control & Robotics,,,,0.0
Optimizing recurrent reservoirs with neuro-evolution,2016,,10.1016/j.neucom.2016.01.088,Nonlinear Dynamics & Chaos,,,,3.56
Liquid state machine based pattern recognition on FPGA with firing-activity dependent power gating and approximate computing,2016,,10.1109/ISCAS.2016.7527245,Physical & Hardware RC,,,,4.78
An evaluation of forecasting methods for anticipating spare parts demand,2016,,10.1109/LA-CCI.2015.7435980,General RC / ESN Methods,,,,0.89
Fast and effective tuning of Echo state network reservoir parameters using evolutionary algorithms and template matrices,2016,,10.1109/ICSEC.2015.7401408,General RC / ESN Methods,,,,0.44
PV power forecasting based on AP-ESN,2016,,10.16081/j.issn.1006-6047.2016.07.007,Climate & Earth Sciences,,,,1.78
"15th International Conference on Artificial Intelligence and Soft Computing, ICAISC 2016",2016,,,Nonlinear Dynamics & Chaos,,,,0.0
Using reservoir computing and trend information for short-term streamflow forecasting,2016,,10.1007/978-3-319-44781-0_37,Climate & Earth Sciences,,,,0.11
Echo State Networks for Black-Box Modeling of Integrated Circuits,2016,,10.1109/TCAD.2015.2501312,Physical & Hardware RC,,,,2.33
Ill-posed Echo State Network based on L-curve Method for Prediction of Blast Furnace Gas Flow,2016,,10.1007/s11063-014-9404-3,General RC / ESN Methods,,,,3.0
Prognostic of RUL based on echo state network optimized by artificial bee colony,2016,,,General RC / ESN Methods,,,,0.78
Photonic reservoir computing based on laser dynamics with external feedback,2016,,10.1007/978-3-319-46687-3_24,Photonics & Optics,,,,1.67
Dynamics of reservoir computing at the edge of stability,2016,,10.1007/978-3-319-46687-3_22,Nonlinear Dynamics & Chaos,,,,1.0
Spectral analysis of echo state networks,2016,,,Mathematics & Theory,,,,0.0
Fully analogue photonic reservoir computer,2016,,10.1038/srep22381,Physical & Hardware RC,,,,19.56
Towards pattern generation and chaotic series prediction with photonic reservoir computers,2016,,10.1117/12.2210948,Photonics & Optics,,,,2.67
Reconfigurable digital design of a liquid state machine for spatio-temporal data,2016,,10.1145/2967446.2967449,Physical & Hardware RC,,,,1.22
Multi-dimensional data clustering and visualization via echo state networks,2016,,10.1007/978-3-319-32192-9_3,General RC / ESN Methods,,,,0.89
Multivariate Chaotic Time Series Prediction Using a Wavelet Diagonal Echo State Network,2016,,10.1109/MCSI.2015.44,Nonlinear Dynamics & Chaos,,,,0.33
Modelling of the vertical raw cement mill grinding process based on the echo state network,2016,,10.1109/WCICA.2016.7578240,Signal Processing & Comms,,,,1.22
A new criterion for echo state property of ESN with feedback,2016,,10.1109/CCDC.2016.7531282,Mathematics & Theory,,,,0.11
Hierarchical neural networks for multivariate time series prediction,2016,,10.1109/ChiCC.2016.7554455,Nonlinear Dynamics & Chaos,,,,0.56
Hierarchy echo state network based service-awareness in 10G-EPON,2016,,10.1016/S1005-8885(16)60025-0,Photonics & Optics,,,,0.22
Computational performance of echo state networks with dynamic synapses,2016,,10.1007/978-3-319-46687-3_29,Nonlinear Dynamics & Chaos,,,,0.33
Activity recognition with echo state networks using 3D body joints and objects category,2016,,,General RC / ESN Methods,,,,0.56
Reservoir computing: Quo vadis?,2016,,10.1145/2967446.2967448,Nonlinear Dynamics & Chaos,,,,1.0
Reservoir Computing Properties of Neural Dynamics in Prefrontal Cortex,2016,,10.1371/journal.pcbi.1004967,Neuroscience & Comp. Neuro,,,,16.22
A reservoir activation kernel for trees,2016,,,General RC / ESN Methods,,,,0.44
Multivariate chaotic system modeling based on nonuniform state space reconstruction and echo state network,2016,,10.1109/CAC.2015.7382615,Nonlinear Dynamics & Chaos,,,,0.11
Model-coupled autoencoder for time series visualisation,2016,,10.1016/j.neucom.2016.01.086,General RC / ESN Methods,,,,1.44
Active Shape Discrimination with Compliant Bodies as Reservoir Computers,2016,,10.1162/ARTL_a_00202,Physical & Hardware RC,,,,0.44
An incremental modular echo state network,2016,,10.13195/j.kzyjc.2015.0913,Mathematics & Theory,,,,0.22
Human activity recognition using multisensor data fusion based on Reservoir Computing,2016,,10.3233/AIS-160372,Signal Processing & Comms,,,,16.0
Receiver design for non-linear satellite channels: Equalizer training and symbol detection on the compressed constellation,2016,,10.1109/ICMCIS.2016.7496550,Signal Processing & Comms,,,,0.44
"29th Australasian Joint Conference on Artificial Intelligence, AI 2016",2016,,,Control & Robotics,,,,0.0
Time-delay prediction method based on improved genetic algorithm optimized echo state networks,2016,,10.1007/978-3-662-48365-7_22,Control & Robotics,,,,0.44
Echo state wavelet network with small-world scale-free characteristics,2016,,10.15918/j.tbit1001-0645.2016.05.012,Nonlinear Dynamics & Chaos,,,,0.0
Temporal learning using echo state network for human activity recognition,2016,,10.1109/ENIC.2016.039,General RC / ESN Methods,,,,0.67
Improved cycle reservoir with regular jump networks with simple disjunction algorithm,2016,,10.1109/CAC.2015.7382609,Nonlinear Dynamics & Chaos,,,,0.0
"1st ECML PKDD Workshop on Advanced Analysis and Learning on Temporal Data, AALTD 2015",2016,,,General RC / ESN Methods,,,,0.0
Incremental echo state network for a water-jet propulsion USV: Theoretical and experimental research,2016,,10.1109/ACC.2016.7526499,General RC / ESN Methods,,,,0.0
Containment maneuvering of marine surface vessels,2016,,10.1109/ICIST.2016.7483437,Climate & Earth Sciences,,,,0.33
"Proceedings of the 2015 7th International Conference of Soft Computing and Pattern Recognition, SoCPaR 2015",2016,,,Control & Robotics,,,,0.0
Novel Approach Using Echo State Networks for Microscopic Cellular Image Segmentation,2016,,10.1007/s12559-015-9354-8,General RC / ESN Methods,,,,3.33
Optimize state equation of leaky-integrator ESN based on extend kalman filtering,2016,,10.1109/CAC.2015.7382605,Mathematics & Theory,,,,0.11
Adaptive Elastic Echo State Network for Multivariate Time Series Prediction,2016,,10.1109/TCYB.2015.2467167,Nonlinear Dynamics & Chaos,,,,14.0
Optical packet header identification utilizing an all-optical feedback chaotic reservoir computing,2016,,10.1142/S0217984916501992,Photonics & Optics,,,,1.78
"Proceedings - 2015 2nd International Conference on Mathematics and Computers in Sciences and in Industry, MCSI 2015",2016,,,Nonlinear Dynamics & Chaos,,,,0.0
The application research on busy-time traffic prediction based ESNs of multivariate principal components analysis,2016,,10.14257/ijmue.2016.11.3.22,Signal Processing & Comms,,,,0.33
Novel spike based reservoir node design with high performance spike delay loop,2016,,10.1145/2967446.2967447,Neuroscience & Comp. Neuro,,,,1.89
A recurrent neural network for nonlinear control of a fixed-wing UAV,2016,,10.1109/ACC.2016.7525104,General RC / ESN Methods,,,,1.67
Echo state network ensemble for human motion data temporal phasing: A case study on tennis forehands,2016,,10.1007/978-3-319-46681-1_2,Control & Robotics,,,,0.89
Virtualization of a Photonic Reservoir Computer,2016,,10.1109/JLT.2016.2524559,Photonics & Optics,,,,3.56
"A comparison study of MIMO water wall model with linear, MFNN and ESN models",2016,,10.5370/JEET.2016.11.2.265,Nonlinear Dynamics & Chaos,,,,0.11
Semantic role labelling for robot instructions using echo state networks,2016,,,Control & Robotics,,,,0.56
D-LSM: Deep Liquid State Machine with unsupervised recurrent reservoir tuning,2016,,10.1109/ICPR.2016.7900035,Neuroscience & Comp. Neuro,,,,3.11
Modeling of the characteristic parameter of machined joints based on echo state network algorithm,2016,,,General RC / ESN Methods,,,,0.0
Stable limit cycles in recurrent neural networks,2016,,10.1109/ICComm.2016.7528305,Nonlinear Dynamics & Chaos,,,,0.33
SSO-LSM: A Sparse and Self-Organizing architecture for Liquid State Machine based neural processors,2016,,10.1145/2950067.2950100,Neuroscience & Comp. Neuro,,,,3.56
Multiclass prediction of wind power ramp events combining reservoir computing and support vector machines,2016,,10.1007/978-3-319-44636-3_28,Climate & Earth Sciences,,,,1.0
Optimized uplink-downlink decoupling in LTE-U networks: An echo state approach,2016,,10.1109/ICC.2016.7510701,Signal Processing & Comms,,,,1.78
On the importance of sluggish state memory for learning long term dependency,2016,,10.1016/j.knosys.2015.12.024,General RC / ESN Methods,,,,1.33
Reward-based learning of a memory-required task based on the internal dynamics of a chaotic neural network,2016,,10.1007/978-3-319-46687-3_42,Nonlinear Dynamics & Chaos,,,,0.89
FPGA-based stochastic echo state networks for time-series forecasting,2016,,10.1155/2016/3917892,Physical & Hardware RC,,,,5.89
An adaptive optimization algorithm based on FOA,2016,,10.1007/978-3-662-48365-7_10,Nonlinear Dynamics & Chaos,,,,0.22
Network traffic multi-step prediction based on chaos theory and improved echo state network,2016,,10.11959/j.issn.1000-436x.2016053,Nonlinear Dynamics & Chaos,,,,1.44
Audio bandwidth extension based on ensemble echo state networks with temporal evolution,2016,,10.1109/TASLP.2016.2519146,Signal Processing & Comms,,,,1.0
Smart feature extraction from acoustic camera multi-sensor measurements,2016,,10.1007/978-3-319-32207-0_15,Signal Processing & Comms,,,,0.0
FPGA based spike-time dependent encoder and reservoir design in neuromorphic computing processors,2016,,10.1016/j.micpro.2016.03.009,Physical & Hardware RC,,,,7.0
Information processing by using mutually-coupled optoelectronic systems,2016,,10.1109/MOC.2015.7416496,Photonics & Optics,,,,0.0
Recurrent networks for wind speed forecasting,2016,,,Climate & Earth Sciences,,,,0.11
Reservoir computing with a slowly modulated mask signal for preprocessing using a mutually coupled optoelectronic system,2016,,10.7567/JJAP.55.08RE06,Photonics & Optics,,,,3.67
An experiment on subspace learning for Echo State Network,2016,,10.1109/ICTEmSys.2016.7467130,General RC / ESN Methods,,,,0.0
Nanophotonic reservoir computing for noisy speech recognition,2016,,10.1007/s11082-016-0561-7,Photonics & Optics,,,,0.44
Echo state network for 3D motion pattern indexing: A case study on tennis forehands,2016,,10.1007/978-3-319-29451-3_24,Neuroscience & Comp. Neuro,,,,0.78
Parameters relation of the Leaky integrator echo state network for time series,2016,,10.1109/CAC.2015.7382604,General RC / ESN Methods,,,,0.0
Liquid State Machine Learning for Resource Allocation in a Network of Cache-Enabled LTE-U UAVs,2017,,10.1109/GLOCOM.2017.8254746,Control & Robotics,,,,7.5
Waveform Classification by Memristive Reservoir Computing,2017,,10.1007/978-3-319-70093-9_48,Physical & Hardware RC,,,,2.12
Small-world recurrent wavelet neural networks,2017,,10.14132/j.cnki.1673-5439.2017.04.016,Mathematics & Theory,,,,0.0
Real-time Fourier transformation based on photonic reservior,2017,,10.1109/IPCon.2017.8116072,Photonics & Optics,,,,0.0
Neuroevolution on the edge of chaos,2017,,10.1145/3071178.3071292,Nonlinear Dynamics & Chaos,,,,1.62
Prediction Model of Coupled Algorithm Based on Nonlinear STUKF and ESN,2017,,10.3969/j.issn.1004-1699.2017.07.010,Nonlinear Dynamics & Chaos,,,,0.38
Structural health monitoring of a footbridge using Echo State Networks and NARMAX,2017,,10.1016/j.engappai.2017.05.014,Signal Processing & Comms,,,,2.62
Blind sequence detection using reservoir computing,2017,,10.1016/j.dsp.2016.10.012,Mathematics & Theory,,,,0.75
Echo State Networks for Self-Organizing Resource Allocation in LTE-U with Uplink-Downlink Decoupling,2017,,10.1109/TWC.2016.2616400,Signal Processing & Comms,,,,12.5
Effects of the minimal singular value on the performance of echo state networks,2017,,10.23919/ChiCC.2017.8027967,Nonlinear Dynamics & Chaos,,,,0.38
Dynamic stability analysis of fractional order leaky integrator echo state neural networks,2017,,10.1016/j.cnsns.2016.11.013,Mathematics & Theory,,,,5.88
Robotic Manipulator's Visual Servo Control Based on Echo State Networks,2017,,10.16182/j.issn1004731x.joss.201708027,Control & Robotics,,,,0.38
Application of echo state networks for estimating voltage harmonic waveforms in power systems considering a photovoltaic system,2017,,10.1049/iet-rpg.2017.0046,General RC / ESN Methods,,,,1.62
Time-series Prediction Model Based on SCAD-ESN,2017,,10.15961/j.jsuese.201700072,Nonlinear Dynamics & Chaos,,,,0.0
Echo State Network for Fast Channel Prediction in Ricean Fading Scenarios,2017,,10.1109/LCOMM.2016.2632120,General RC / ESN Methods,,,,4.25
Conditions for reservoir computing performance using semiconductor lasers with delayed optical feedback,2017,,10.1364/OE.25.002401,Photonics & Optics,,,,22.5
Distributed Containment Maneuvering of Multiple Marine Vessels via Neurodynamics-Based Output Feedback,2017,,10.1109/TIE.2017.2652346,Control & Robotics,,,,41.12
Recurrent dynamical projection for time series-based fraud detection,2017,,10.1007/978-3-319-68612-7_57,General RC / ESN Methods,,,,0.12
Echo-state-network classification based multi-services awareness in high-speed optical passive networks,2017,,10.3772/j.issn.1006-6748.2017.01.007,Photonics & Optics,,,,0.0
High-speed photonic reservoir computing using a time-delay-based architecture: Million words per second classification,2017,,10.1103/PhysRevX.7.011015,Photonics & Optics,,,,56.62
"26th International Conference on Artificial Neural Networks, ICANN 2017",2017,,,Physical & Hardware RC,,,,0.0
Recurrent Neural Network for syntax learning with flexible predicates for robotic architectures,2017,,10.1109/DEVLRN.2016.7846807,Control & Robotics,,,,0.0
Scaling up liquid state machines to predict over address events from dynamic vision sensors,2017,,10.1088/1748-3190/aa7663,Neuroscience & Comp. Neuro,,,,2.38
Improved ESN neural network model for mine water inrush identification; [矿井突水水源判别的改进ESN神经网络模型],2017,,10.11835/j.issn.1000-582X.2017.12.011,General RC / ESN Methods,,,,0.25
Swing Control of a Lower Extremity Exoskeleton Using Echo State Networks,2017,,10.1016/j.ifacol.2017.08.220,Control & Robotics,,,,0.88
Recurrent neural network system using probability graph model optimization,2017,,10.1007/s10489-016-0879-7,Photonics & Optics,,,,1.12
Adaptive forgetting factor echo state networks for time series prediction,2017,,10.1504/IJISTA.2017.081317,Nonlinear Dynamics & Chaos,,,,0.12
Time series classification using time warping invariant Echo State Networks,2017,,10.1109/ICMLA.2016.166,General RC / ESN Methods,,,,9.12
Neurorobotic simulations on the degradation of multiple column liquid state machines,2017,,10.1109/IJCNN.2017.7965834,Control & Robotics,,,,0.0
Spatiotemporal Dynamics and Reliable Computations in Recurrent Spiking Neural Networks,2017,,10.1103/PhysRevLett.118.018103,Neuroscience & Comp. Neuro,,,,4.5
Caching in the Sky: Proactive Deployment of Cache-Enabled Unmanned Aerial Vehicles for Optimized Quality-of-Experience,2017,,10.1109/JSAC.2017.2680898,Signal Processing & Comms,,,,86.25
Echo state networks with double-reservoir for time-series prediction,2017,,10.1109/ICICIP.2016.7885901,Nonlinear Dynamics & Chaos,,,,0.75
Short-term plasticity in a liquid state machine biomimetic robot arm controller,2017,,10.1109/IJCNN.2017.7966283,Control & Robotics,,,,1.75
Map-reduce framework-based non-iterative granular echo state network for prediction intervals construction,2017,,10.1016/j.neucom.2016.10.019,General RC / ESN Methods,,,,1.62
On-chip passive photonic reservoir computing with integrated optical readout,2017,,10.1109/ICRC.2017.8123673,Photonics & Optics,,,,1.25
Distributed sequence memory of multidimensional inputs in recurrent networks,2017,,,Mathematics & Theory,,,,0.88
Generating probabilistic predictions using mean-variance estimation and echo state network,2017,,10.1016/j.neucom.2016.09.064,Nonlinear Dynamics & Chaos,,,,4.25
Biologically inspired speech emotion recognition,2017,,10.1109/ICASSP.2017.7953135,Signal Processing & Comms,,,,7.38
Local Dynamics in Trained Recurrent Neural Networks,2017,,10.1103/PhysRevLett.118.258101,Nonlinear Dynamics & Chaos,,,,6.12
Neural decomposition of time-series data,2017,,10.1109/SMC.2017.8123050,Nonlinear Dynamics & Chaos,,,,0.75
Echo state wavelet-sigmoid networks and their application to nonlinear system identification,2017,,,Nonlinear Dynamics & Chaos,,,,0.12
Predicting stock trend using multi-objective diversified Echo State Network,2017,,10.1109/ICIST.2017.7926754,Nonlinear Dynamics & Chaos,,,,0.5
ZIZO: A Novel Zoom-In-Zoom-Out Search Algorithm for the Global Parameters of Echo-State Networks,2017,,10.1109/CJECE.2017.2703093,General RC / ESN Methods,,,,0.25
Echo in a small-world reservoir: Time-series prediction using an economical recurrent neural network,2017,,10.1109/DEVLRN.2017.8329797,Nonlinear Dynamics & Chaos,,,,1.5
Reservoir Computing beyond Memory-Nonlinearity Trade-off,2017,,10.1038/s41598-017-10257-6,Nonlinear Dynamics & Chaos,,,,24.75
Reservoir computing in materio: An evaluation of configuration through evolution,2017,,10.1109/SSCI.2016.7850170,Physical & Hardware RC,,,,2.88
Stable Self-Assembled Atomic-Switch Networks for Neuromorphic Applications,2017,,10.1109/TED.2017.2766063,Physical & Hardware RC,,,,8.25
Bidirectional reservoir networks trained using SVM + privileged information for manufacturing process modeling,2017,,10.1007/s00500-016-2232-9,General RC / ESN Methods,,,,3.38
Echo State versus Wavelet Neural Networks: Comparison and Application to Nonlinear System Identification,2017,,10.1016/j.ifacol.2017.08.630,Nonlinear Dynamics & Chaos,,,,1.12
"16th International Conference on Artificial Intelligence and Soft Computing, ICAISC 2017",2017,,,Mathematics & Theory,,,,0.0
Parameter Optimization of Leaky Integrator Echo State Network with Internal-point Penalty Function Method,2017,,10.16383/j.aas.2017.c160541,Mathematics & Theory,,,,0.75
A Deep Learning Framework for Classifying Sounds of Mysticete Whales,2017,,10.1016/B978-0-12-811318-9.00022-3,Signal Processing & Comms,,,,0.25
An improved echo state network based on variational mode decomposition and bat optimization for Internet traffic forecasting,2017,,10.1109/ICCT.2017.8359673,General RC / ESN Methods,,,,0.88
Reservoir Computing with a Chaotic Circuit,2017,,,Nonlinear Dynamics & Chaos,,,,4.88
Memcapacitive reservoir computing,2017,,10.1109/NANOARCH.2017.8053719,Physical & Hardware RC,,,,1.88
"14th International Symposium on Neural Networks, ISNN 2017",2017,,,Control & Robotics,,,,0.0
Echo state queueing networks: A combination of reservoir computing and random neural networks,2017,,10.1017/S0269964817000110,General RC / ESN Methods,,,,1.38
Harnessing disordered-ensemble quantum dynamics for machine learning,2017,,10.1103/PhysRevApplied.8.024030,Quantum RC,,,,33.38
ESN for MPP tracking and power management in photovoltaic-Hydrogen hybrid system,2017,,10.1109/ICEE-B.2017.8191967,Climate & Earth Sciences,,,,0.25
Deep belief echo-state network and its application to time series prediction,2017,,10.1016/j.knosys.2017.05.022,Nonlinear Dynamics & Chaos,,,,12.5
Echo State Property of Deep Reservoir Computing Networks,2017,,10.1007/s12559-017-9461-9,Mathematics & Theory,,,,19.75
Application of KPCA-ESN Method in Wi-Fi Based Indoor Positioning; [KPCA-ESN方法在Wi-Fi室内定位中的应用],2017,,10.16182/j.issn1004731x.joss.201712015,General RC / ESN Methods,,,,0.0
Algorithm and implementation of distributed ESN using spark framework and parallel PSO,2017,,10.3390/app7040353,Nonlinear Dynamics & Chaos,,,,0.88
Robustness of a memristor based liquid state machine,2017,,10.1109/IJCNN.2017.7966149,Physical & Hardware RC,,,,4.12
Multiplex visibility graphs to investigate recurrent neural network dynamics,2017,,10.1038/srep44037,Mathematics & Theory,,,,4.25
Modular adaptive control for LOS-based cooperative path maneuvering of multiple underactuated autonomous surface vehicles,2017,,10.1109/TSMC.2017.2650219,Control & Robotics,,,,20.5
Performance of neural networks for localizing moving objects with an artificial lateral line,2017,,10.1088/1748-3190/aa7fcb,Climate & Earth Sciences,,,,4.5
Echo State Network ship motion modeling prediction based on Kalman filter,2017,,10.1109/ICMA.2017.8015795,Nonlinear Dynamics & Chaos,,,,2.25
Bridging semantic gap between high-level and low-level features in content-based video retrieval using multi-stage ESN–SVM classifier,2017,,10.1007/s12046-016-0574-8,General RC / ESN Methods,,,,1.25
Multivariate communication traffic prediction based on DESNs-4R-LI,2017,,,General RC / ESN Methods,,,,0.12
DropIn: Making reservoir computing neural networks robust to missing inputs by dropout,2017,,10.1109/IJCNN.2017.7966106,Signal Processing & Comms,,,,0.75
Self-organizing reservoir computing based on spiking-timing dependent plasticity and intrinsic plasticity mechanisms,2017,,10.1109/CAC.2017.8243892,Neuroscience & Comp. Neuro,,,,0.62
Improving detection in optical communications using all-optical reservoir computing,2017,,,Photonics & Optics,,,,0.5
ConvLight: A convolutional accelerator with memristor integrated photonic computing,2017,,10.1109/HiPC.2017.00022,Photonics & Optics,,,,2.12
Echo state network-based Q-learning method for optimal battery control of offices combined with renewable energy,2017,,10.1049/iet-cta.2016.0653,General RC / ESN Methods,,,,4.88
Real-time Audio Processing with a Cascade of Discrete-Time Delay Line-Based Reservoir Computers,2017,,10.1007/s12559-017-9457-5,Signal Processing & Comms,,,,3.62
Reservoir computing for emotion valence discrimination from EEG signals,2017,,10.1016/j.neucom.2016.03.108,General RC / ESN Methods,,,,5.25
Reservoir computing using dynamic memristors for temporal information processing,2017,,10.1038/s41467-017-02337-y,Physical & Hardware RC,,,,111.75
Hardware implementation of echo state networks using memristor double crossbar arrays,2017,,10.1109/IJCNN.2017.7966118,Physical & Hardware RC,,,,4.75
Reservoir observers: Model-free inference of unmeasured variables in chaotic systems,2017,,10.1063/1.4979665,Nonlinear Dynamics & Chaos,,,,35.88
Research on SNR prediction technology based on reservoir computing in wireless transmission of satellite communication system,2017,,10.1109/IST.2017.8261502,Signal Processing & Comms,,,,0.25
Combining reservoir computing and over-sampling for ordinal wind power ramp prediction,2017,,10.1007/978-3-319-59153-7_61,Climate & Earth Sciences,,,,0.62
A complex network of 1600 holographically coupled opto-electronic oscillators: Network dynamics and utilisation for reservoir computing,2017,,,Photonics & Optics,,,,0.0
IFSA-SCIS 2017 - Joint 17th World Congress of International Fuzzy Systems Association and 9th International Conference on Soft Computing and Intelligent Systems,2017,,,Signal Processing & Comms,,,,0.0
Comparison of echo state network output layer classification methods on noisy data,2017,,10.1109/IJCNN.2017.7966179,Mathematics & Theory,,,,0.5
A transfer learning framework for predicting the emotional content of generalized sound events,2017,,10.1121/1.4977749,Signal Processing & Comms,,,,3.75
Time accounting artificial neural networks for biochemical process models,2017,,10.1007/978-3-319-41438-6_4,General RC / ESN Methods,,,,0.0
Classifying bio-inspired model of point-light human motion using Echo State networks,2017,,10.1007/978-3-319-68600-4_11,Neuroscience & Comp. Neuro,,,,0.38
Data-driven detrending of nonstationary fractal time series with echo state networks,2017,,10.1016/j.ins.2016.12.015,Nonlinear Dynamics & Chaos,,,,2.88
Echo state transfer learning for data correlation aware resource allocation in wireless virtual reality,2017,,10.1109/ACSSC.2017.8335683,Signal Processing & Comms,,,,0.75
Granger Causality for Multivariate Time Series Classification,2017,,10.1109/ICBK.2017.36,General RC / ESN Methods,,,,3.62
Complex-Valued Neural Networks for Wave-Based Realization of Reservoir Computing,2017,,10.1007/978-3-319-70093-9_47,General RC / ESN Methods,,,,0.62
Performance optimization of echo state networks through principal neuron reinforcement,2017,,10.1109/IJCNN.2017.7966058,General RC / ESN Methods,,,,0.88
Time-Delay Reservoir Computers and High-Speed Information Processing Capacity,2017,,10.1109/CSE-EUC-DCABES.2016.230,Mathematics & Theory,,,,0.25
A novel digital neuromorphic architecture efficiently facilitating complex synaptic response functions applied to liquid state machines,2017,,10.1109/IJCNN.2017.7966150,Neuroscience & Comp. Neuro,,,,1.38
Fix-budget and recurrent data mining for online haptic perception,2017,,10.1007/978-3-319-70139-4_59,General RC / ESN Methods,,,,0.12
An echo state network based on Levenberg-Marquardt algorithm,2017,,10.23919/ChiCC.2017.8027966,Mathematics & Theory,,,,0.0
Representations of directions in EEG-BMI using Winner-Take-All readouts,2017,,10.1109/IWW-BCI.2017.7858178,Neuroscience & Comp. Neuro,,,,0.5
Using echo state networks for cryptography,2017,,10.1007/978-3-319-68612-7_75,Signal Processing & Comms,,,,1.38
Proton exchange membrane fuel cell ageing forecasting algorithm based on Echo State Network,2017,,10.1016/j.ijhydene.2016.05.286,Signal Processing & Comms,,,,17.12
Effects of firing patterns on spike strain classification performance of liquid state machine,2017,,10.1109/CAC.2017.8244185,Neuroscience & Comp. Neuro,,,,0.0
Optimized Echo State Network with Intrinsic Plasticity for EEG-Based Emotion Recognition,2017,,10.1007/978-3-319-70096-0_73,Signal Processing & Comms,,,,3.88
Liquid State Machine,2017,,10.1007/978-1-4899-7687-1_100269,General RC / ESN Methods,,,,0.0
Combining reservoir computing and variational inference for efficient one-class learning on dynamical systems,2017,,10.1109/SDPC.2017.21,Nonlinear Dynamics & Chaos,,,,0.12
A novel echo state network design method based on differential evolution algorithm,2017,,10.23919/ChiCC.2017.8027980,Nonlinear Dynamics & Chaos,,,,0.5
Optimizing Echo State Networks for Static Pattern Recognition,2017,,10.1007/s12559-017-9468-2,General RC / ESN Methods,,,,3.0
Reservoir computing in materio: A computational framework for in materio computing,2017,,10.1109/IJCNN.2017.7966119,Mathematics & Theory,,,,2.75
Advances in photonic reservoir computing,2017,,10.1515/nanoph-2016-0132,Photonics & Optics,,,,65.88
Spatiotemporal signal classification via principal components of reservoir states,2017,,10.1016/j.neunet.2017.04.008,General RC / ESN Methods,,,,1.75
Brain-inspired computational paradigm dedicated to fault diagnosis of PEM fuel cell stack,2017,,10.1016/j.ijhydene.2016.11.043,Climate & Earth Sciences,,,,5.12
Reservoir computing on the hypersphere,2017,,10.1142/S0129183117500954,Mathematics & Theory,,,,0.5
Numerical Simulation and Experiment on Optical Packet Header Recognition Utilizing Reservoir Computing Based on Optoelectronic Feedback,2017,,10.1109/JPHOT.2017.2658028,Photonics & Optics,,,,4.25
Convolutional drift networks for video classification,2017,,10.1109/ICRC.2017.8123647,General RC / ESN Methods,,,,0.75
Local lyapunov exponents of deep RNN,2017,,,Mathematics & Theory,,,,1.0
Towards autonomous photonic reservoir computer based on frequency parallelism of neurons,2017,,10.1117/12.2250865,Photonics & Optics,,,,0.12
Analog hardware implementation of spike-based delayed feedback reservoir computing system,2017,,10.1109/IJCNN.2017.7966288,Physical & Hardware RC,,,,3.12
A prey-predator model for efficient robot tracking,2017,,10.1109/ICRA.2017.7989409,Control & Robotics,,,,0.12
Component content control with zone control for rare earth extraction process,2017,,10.11949/j.issn.0438-1157.20161634,Control & Robotics,,,,0.75
Design of a time delay reservoir using stochastic logic: A feasibility study,2017,,10.1109/IJCNN.2017.7966120,General RC / ESN Methods,,,,0.38
Training echo estate neural network using harmony search algorithm,2017,,,Nonlinear Dynamics & Chaos,,,,8.62
What Is Morphological Computation? On How the Body Contributes to Cognition and Control,2017,,10.1162/ARTL_a_00219,Physical & Hardware RC,,,,16.75
The critical dynamics in neural network improve the computational capability of liquid state machines,2017,,10.1007/978-3-319-59072-1_47,Neuroscience & Comp. Neuro,,,,0.0
Echo state condition at the critical point,2017,,10.3390/e19010003,General RC / ESN Methods,,,,1.0
Application of echo state network for harmonic detection in distribution networks,2017,,10.1049/iet-gtd.2015.1556,General RC / ESN Methods,,,,1.0
Mobile robots for learning spatio-temporal interpolation models in sensor networks - The Echo State map approach,2017,,10.1109/ICRA.2017.7989310,Control & Robotics,,,,2.25
Implementation of learning mechanisms on a cat-scale cerebellar model and its simulation,2017,,10.1007/978-3-319-68600-4_21,Neuroscience & Comp. Neuro,,,,0.0
Spatio-Temporal learning with arrays of analog nanosynapses,2017,,10.1109/NANOARCH.2017.8053708,Physical & Hardware RC,,,,1.75
Echo state network-based radio signal strength prediction for wireless communication in Northern Namibia,2017,,10.1049/iet-com.2016.1290,Signal Processing & Comms,,,,1.12
Empirical analysis of the necessary and sufficient conditions of the echo state property,2017,,10.1109/IJCNN.2017.7965946,Mathematics & Theory,,,,2.25
Growing echo-state network with multiple subreservoirs,2017,,10.1109/TNNLS.2016.2514275,Mathematics & Theory,,,,23.0
Adaptive control of distillation column using adaptive critic design,2017,,10.1109/PC.2017.7976253,Control & Robotics,,,,0.38
Time series prediction using dynamic Bayesian network,2017,,10.1016/j.ijleo.2017.01.073,Nonlinear Dynamics & Chaos,,,,2.5
"European Conference on Lasers and Electro-Optics, CLEO_Europe 2017",2017,,,Photonics & Optics,,,,0.0
Path following control of nonlinear bicycle model using online learning,2017,,10.1109/URAI.2017.7992760,Control & Robotics,,,,0.25
WALKING WALKing walking: Action recognition from action echoes,2017,,10.24963/ijcai.2017/342,General RC / ESN Methods,,,,2.88
"Semiconductor laser networks: Synchrony, consistency, and analogy of synaptic neurons",2017,,10.1007/978-3-319-56138-7_14,Photonics & Optics,,,,0.12
Deep reservoir computing: A critical experimental analysis,2017,,10.1016/j.neucom.2016.12.089,Mathematics & Theory,,,,58.5
Stochastic generation and forecasting of monthly hydrometeorological data based on non-traditional neural network,2017,,10.1109/CLEI.2017.8226387,Climate & Earth Sciences,,,,0.12
Online Training for High-Performance Analogue Readout Layers in Photonic Reservoir Computers,2017,,10.1007/s12559-017-9459-3,Photonics & Optics,,,,1.62
Resource Management for Wireless Virtual Reality: Machine Learning Meets Multi-Attribute Utility,2017,,10.1109/GLOCOM.2017.8254650,Signal Processing & Comms,,,,3.25
"22nd International Conference on Soft Computing, MENDEL 2016",2017,,,Control & Robotics,,,,0.0
Critical echo state network dynamics by means of Fisher information maximization,2017,,10.1109/IJCNN.2017.7965941,Mathematics & Theory,,,,0.25
Cortico-striatal language pathways dynamically adjust for syntactic complexity: A computational study,2017,,10.1016/j.bandl.2016.08.005,Neuroscience & Comp. Neuro,,,,2.25
"10th International Conference on Integrated Modeling and Analysis in Applied Control and Automation, IMAACA 2017",2017,,,Control & Robotics,,,,0.0
Simulation study of physical reservoir computing by nonlinear deterministic time series analysis,2017,,10.1007/978-3-319-70087-8_66,Physical & Hardware RC,,,,0.62
The combination of circle topology and leaky integrator neurons remarkably improves the performance of echo state network on time series prediction,2017,,10.1371/journal.pone.0181816,Nonlinear Dynamics & Chaos,,,,2.0
Parameter Estimation-Based Time-Varying Sliding Mode Control for Multimotor Driving Servo Systems,2017,,10.1109/TMECH.2017.2725344,Control & Robotics,,,,6.12
Simplified echo-state-network based services awareness for high-speed passive optical network,2017,,10.1109/CC.2017.7961359,Photonics & Optics,,,,0.25
Electrical Load Forecasting Using Echo State Network and Optimizing by PSO Algorithm,2017,,10.1109/ICICTA.2017.94,General RC / ESN Methods,,,,1.38
Reservoir Computing with Both Neuronal Intrinsic Plasticity and Multi-Clustered Structure,2017,,10.1007/s12559-017-9467-3,Neuroscience & Comp. Neuro,,,,0.88
Positioning control on a collaborative robot by sensor fusion with liquid state machines,2017,,10.1109/I2MTC.2017.7969728,Control & Robotics,,,,0.25
Lung cancer detection using Local Energy-based Shape Histogram (LESH) feature extraction and cognitive machine learning techniques,2017,,10.1109/ICCI-CC.2016.7862060,Signal Processing & Comms,,,,2.12
Prediction of the vertical roller mill key parameters based on optimized ESN algorithm,2017,,10.1109/ICCSNT.2016.8070159,Nonlinear Dynamics & Chaos,,,,0.25
A learning system for automatic Berg Balance Scale score estimation,2017,,10.1016/j.engappai.2017.08.018,Control & Robotics,,,,4.75
Parameter Identification for a Class of Nonlinear Systems Based on ESN,2017,,10.1007/978-3-319-70093-9_24,Nonlinear Dynamics & Chaos,,,,0.12
Comparing neural networks for predicting stock markets,2017,,10.1007/978-3-319-65172-9_31,General RC / ESN Methods,,,,0.5
Echo State Networks-Based Reservoir Computing for MNIST Handwritten Digits Recognition,2017,,10.1109/CSE-EUC-DCABES.2016.229,Physical & Hardware RC,,,,7.62
Robust estimation of wind power ramp events with reservoir computing,2017,,10.1016/j.renene.2017.04.016,Climate & Earth Sciences,,,,3.0
Decouple adversarial capacities with dual-reservoir network,2017,,10.1007/978-3-319-70139-4_48,Nonlinear Dynamics & Chaos,,,,0.38
Adaptive lasso echo state network for time series prediction,2017,,10.1109/CAC.2017.8243686,Nonlinear Dynamics & Chaos,,,,0.12
Maximizing memory capacity of echo state networks with orthogonalized reservoirs,2017,,10.1109/IJCNN.2017.7966152,Mathematics & Theory,,,,0.62
Wind speed forecasting using an echo state network with nonlinear output functions,2017,,10.23919/ACC.2017.7963779,Climate & Earth Sciences,,,,2.38
PHM oriented behavior modeling for PEM fuel cell systems via delayed feedback reservoir computing model,2017,,,General RC / ESN Methods,,,,0.12
Reservoir Computing in Embedded Systems: Three variants of the reservoir algorithm,2017,,10.1109/MCE.2017.2685159,General RC / ESN Methods,,,,1.25
Optimizing the echo state network based on mutual information for modeling fed-batch bioprocesses,2017,,10.1016/j.neucom.2016.11.007,General RC / ESN Methods,,,,3.0
Improving learning efficiency of recurrent neural network through adjusting weights of all layers in a biologically-inspired framework,2017,,10.1109/IJCNN.2017.7965944,Neuroscience & Comp. Neuro,,,,0.38
Influence of the chaotic property on reinforcement learning using a chaotic neural network,2017,,10.1007/978-3-319-70087-8_78,Nonlinear Dynamics & Chaos,,,,0.62
Modality classification of medical images with distributed representations based on cellular automata reservoir computing,2017,,10.1109/ISBI.2017.7950697,General RC / ESN Methods,,,,3.62
Fisher memory of linear wigner echo state networks,2017,,,General RC / ESN Methods,,,,0.75
Echo state networks simulation of sir distributed control,2017,,10.1007/978-3-319-59063-9_8,Control & Robotics,,,,0.5
Differentiable oscillators in recurrent neural networks for gradient-based sequence modeling,2017,,,Nonlinear Dynamics & Chaos,,,,0.0
Reservoir computing using nonuniform binary cellular automata,2017,,10.25088/ComplexSystems.26.3.225,Nonlinear Dynamics & Chaos,,,,1.62
Echo state networks as novel approach for low-cost myoelectric control,2017,,10.1007/978-3-319-59758-4_40,Nonlinear Dynamics & Chaos,,,,0.38
Advances in Biologically Inspired Reservoir Computing,2017,,10.1007/s12559-017-9469-1,General RC / ESN Methods,,,,1.12
Reservoir computing & extreme learning machines using pairs of cellular automata rules,2017,,10.1109/IJCNN.2017.7966151,General RC / ESN Methods,,,,2.5
Orthogonal Echo State Networks and Stochastic Evaluations of Likelihoods,2017,,10.1007/s12559-017-9466-4,Nonlinear Dynamics & Chaos,,,,0.38
Prediction performance of reservoir computing systems based on a diode-pumped erbium-doped microchip laser subject to optical feedback,2017,,10.1364/OL.42.000375,Photonics & Optics,,,,6.5
An ensemble quadratic echo state network for non-linear spatio-temporal forecasting,2017,,10.1002/sta4.160,Climate & Earth Sciences,,,,7.62
Exploring sparsity of firing activities and clock gating for energy-efficient recurrent spiking neural processors,2017,,10.1109/ISLPED.2017.8009197,Neuroscience & Comp. Neuro,,,,0.75
Photonic reservoir computer with output feedback for chaotic time series prediction,2017,,10.1109/IJCNN.2017.7966148,Nonlinear Dynamics & Chaos,,,,0.5
Reservoir Computing,2017,,10.1007/978-1-4899-7687-1_731,General RC / ESN Methods,,,,0.0
Brain-Inspired Photonic Signal Processor for Generating Periodic Patterns and Emulating Chaotic Systems,2017,,10.1103/PhysRevApplied.7.054014,Photonics & Optics,,,,6.88
Reservoir computing with a small-world network for discriminating two sequential stimuli,2017,,10.1007/978-3-319-59072-1_33,Control & Robotics,,,,0.25
Empirical evaluation of the cycle reservoir with regular jumps for time series forecasting: A comparison study,2017,,10.1007/978-3-319-57261-1_12,General RC / ESN Methods,,,,0.62
Classification of EEG signals for wrist and grip movements using echo state network,2017,,,General RC / ESN Methods,,,,1.5
Modeling of the multiple superimposed oscillator problem using linear Echo State network with leaky-integrator neurons,2017,,10.1145/3078564.3078577,Nonlinear Dynamics & Chaos,,,,0.0
A Multiple-Input Strategy to Efficient Integrated Photonic Reservoir Computing,2017,,10.1007/s12559-017-9465-5,Photonics & Optics,,,,4.88
Unorganized neural networks applied to streamflow forecasting of Passo Real hydroelectric plant,2017,,10.1109/LA-CCI.2016.7885700,Climate & Earth Sciences,,,,0.12
Critical Echo state networks that anticipate input using morphable transfer functions,2017,,10.1007/978-3-319-59072-1_49,General RC / ESN Methods,,,,0.0
Research on intelligent gait detection based on wireless wearable sensor system,2017,,10.13245/j.hust.171020,Signal Processing & Comms,,,,0.38
Other recurrent neural networks models,2017,,10.1007/978-3-319-70338-1_4,General RC / ESN Methods,,,,1.12
Building scalable integrated silicon photonics reservoirs for signal processing,2017,,10.1364/FIO.2017.JTu2A.92,Photonics & Optics,,,,0.0
Water quality assessment based on probabilistic echo state networks,2017,,,General RC / ESN Methods,,,,0.62
Chaotic time series prediction using a photonic reservoir computer with output feedback,2017,,,Photonics & Optics,,,,0.25
PSO-based analysis of Echo State Network parameters for time series forecasting,2017,,10.1016/j.asoc.2017.01.049,Nonlinear Dynamics & Chaos,,,,24.62
An improved forecast of ship sway based on ESN,2017,,10.1109/ICCSS.2017.8091451,Nonlinear Dynamics & Chaos,,,,0.25
Short-term power forecasting for photovoltaic generation based on psoesn model,2017,,10.6329/CIEE.2017.1.03,Climate & Earth Sciences,,,,0.12
Genetic algorithm optimized double-reservoir echo state network for multi-regime time series prediction,2017,,10.1016/j.neucom.2017.01.053,Nonlinear Dynamics & Chaos,,,,11.62
Comparative approximations of criticality in a neural and quantum regime,2017,,10.1016/j.pbiomolbio.2017.09.007,Mathematics & Theory,,,,0.75
Echo State Network,2017,,10.1007/978-1-4899-7687-1_100130,General RC / ESN Methods,,,,0.0
Emotion prediction of sound events based on transfer learning,2017,,10.1007/978-3-319-65172-9_26,Signal Processing & Comms,,,,0.12
Improving performance of analogue readout layers for photonic reservoir computers with online learning,2017,,,Photonics & Optics,,,,0.0
A modified echo state network in chaotic time series prediction,2017,,10.1109/CCDC.2017.7979263,Nonlinear Dynamics & Chaos,,,,0.12
Multi-step prediction for the network traffic based on echo state network optimized by quantum-behaved fruit fly optimization algorithm,2017,,10.1109/CCDC.2017.7978893,Nonlinear Dynamics & Chaos,,,,1.5
Multilayered Echo State Machine: A Novel Architecture and Algorithm,2017,,10.1109/TCYB.2016.2533545,General RC / ESN Methods,,,,12.88
Bezier curve parameterization methods for solving optimal control problems of SIR model,2017,,10.1007/978-3-319-71069-3_8,Control & Robotics,,,,0.12
Reservoir computing with signal-mixing cavities,2017,,10.1109/ICTON.2017.8024990,Photonics & Optics,,,,0.12
Using machine learning to replicate chaotic attractors and calculate Lyapunov exponents from data,2017,,10.1063/1.5010300,Nonlinear Dynamics & Chaos,,,,65.88
Towards Making a Cyborg: A Closed-Loop Reservoir-Neuro System,2017,,,Control & Robotics,,,,4.75
Deep learning with cellular automaton-based reservoir computing,2017,,10.25088/ComplexSystems.26.4.319,Signal Processing & Comms,,,,2.75
Blood vessel segmentation in retinal images using echo state networks,2017,,10.1109/ICACI.2017.7974491,General RC / ESN Methods,,,,0.75
Online training of an opto-electronic reservoir computer applied to real-time channel equalization,2017,,10.1109/TNNLS.2016.2598655,Signal Processing & Comms,,,,9.62
The application of echo state network and recurrent multilayer perceptron in rotating machinery fault prognosis,2017,,10.1109/CGNCC.2016.7829148,Mathematics & Theory,,,,1.12
Lithium-ion battery remaining useful life prediction with long short-term memory recurrent neural network,2017,,,Mathematics & Theory,,,,2.62
Reservoir Computing: Information Processing of Stationary Signals,2017,,10.1109/CSE-EUC-DCABES.2016.231,Mathematics & Theory,,,,0.62
Research on the application of echo state network in data prediction,2017,,10.14257/ijgdc.2017.10.1.01,General RC / ESN Methods,,,,0.25
Geometric particle swarm optimization and reservoir computing for solar power forecasting,2017,,10.1007/978-3-319-58088-3_9,Control & Robotics,,,,0.38
Training Echo State Networks with Regularization Through Dimensionality Reduction,2017,,10.1007/s12559-017-9450-z,Nonlinear Dynamics & Chaos,,,,7.0
Training echo state networks for rotation-invariant bone marrow cell classification,2017,,10.1007/s00521-016-2609-9,Mathematics & Theory,,,,1.88
Calcium-modulated supervised spike-timing-dependent plasticity for readout training and sparsification of the liquid state machine,2017,,10.1109/IJCNN.2017.7966097,Neuroscience & Comp. Neuro,,,,0.62
Simulating neuromorphic reservoir computing: Abstract feed-forward hardware models,2017,,10.1109/IVCNZ.2017.8402482,Physical & Hardware RC,,,,0.0
Fuzzy echo state network for heartbeat detection using ultrasensitive vibration sensor,2017,,10.1109/IFSA-SCIS.2017.8023220,General RC / ESN Methods,,,,0.5
Embedding in neural networks: A-priori design of hybrid computers for prediction,2017,,10.1109/ICRC.2017.8123648,Nonlinear Dynamics & Chaos,,,,0.25
Robust echo state networks based on correntropy induced loss function,2017,,10.1016/j.neucom.2017.05.087,Nonlinear Dynamics & Chaos,,,,3.75
Optimal management of office energy consumption via Q-learning algorithm,2017,,10.23919/ACC.2017.7963459,General RC / ESN Methods,,,,0.0
Polymer waveguide-based reservoir computing,2017,,10.1007/978-3-319-70136-3_89,Photonics & Optics,,,,0.5
Malware classification with LSTM and GRU language models and a character-level CNN,2017,,10.1109/ICASSP.2017.7952603,General RC / ESN Methods,,,,30.38
State estimation for autonomous surface vehicles based on Echo state networks,2017,,10.1007/978-3-319-59072-1_16,Control & Robotics,,,,0.0
A novel reservoir design strategy for echo state network,2017,,10.1109/CAC.2017.8243001,Mathematics & Theory,,,,0.12
A reservoir computing approach for human gesture recognition from kinect data,2017,,,General RC / ESN Methods,,,,0.5
Classification via tensor decompositions of echo state networks,2017,,10.1109/SSCI.2017.8280968,General RC / ESN Methods,,,,0.75
Echo State Networks for Proactive Caching in Cloud-Based Radio Access Networks with Mobile Users,2017,,10.1109/TWC.2017.2683482,Mathematics & Theory,,,,21.38
Unorganized machines to predict hospital admissions for respiratory diseases,2017,,10.1109/LA-CCI.2016.7885699,General RC / ESN Methods,,,,4.0
Reservoir Computing with an Ensemble of Time-Delay Reservoirs,2017,,10.1007/s12559-017-9463-7,General RC / ESN Methods,,,,9.12
Computational capacity of a cerebellum model,2017,,,Neuroscience & Comp. Neuro,,,,0.0
Post-processing of Long-haul and Ethernet Optical Transmission Signals Using Photonic Reservoir Computing,2017,,10.1109/ECOC.2017.8345951,Photonics & Optics,,,,0.62
Computational Architecture of the Granular Layer of Cerebellum-Like Structures,2017,,10.1007/s12311-016-0759-z,Neuroscience & Comp. Neuro,,,,1.25
Nonlinear controller for a UAV using Echo State Network,2017,,10.1109/ICUAS.2017.7991518,Control & Robotics,,,,1.12
Research on marine photovoltaic power forecasting based on wavelet transform and Echo State Network,2017,,10.1515/pomr-2017-0064,Control & Robotics,,,,0.75
ANOVA method applied to proton exchange membrane fuel cell ageing forecasting using an echo state network,2017,,10.1016/j.matcom.2015.06.009,General RC / ESN Methods,,,,10.0
Signal detection for polarization multiplexing QAM optical coherent receivers using ESN,2017,,10.1117/12.2257948,Photonics & Optics,,,,0.0
Structure optimization of dynamic reservoir ensemble using genetic algorithm,2017,,10.1109/IJCNN.2017.7966121,Neuroscience & Comp. Neuro,,,,0.12
Semi-supervised Echo State Networks for Audio Classification,2017,,10.1007/s12559-016-9439-z,Signal Processing & Comms,,,,4.25
Learning tree-structured data in the model space,2017,,10.1109/ISAI.2016.0062,General RC / ESN Methods,,,,0.12
Improving liquid state machine with hybrid plasticity,2017,,10.1109/IMCEC.2016.7867559,Neuroscience & Comp. Neuro,,,,0.75
Performance and robustness of bio-inspired digital liquid state machines: A case study of speech recognition,2017,,10.1016/j.neucom.2016.11.045,Signal Processing & Comms,,,,3.62
Echo state network and particle swarm optimization for prognostics of a complex system,2017,,10.1109/AICCSA.2017.210,General RC / ESN Methods,,,,1.25
Non-Temporal logic performance of an atomic switch network,2017,,10.1109/NANOARCH.2017.8053728,Physical & Hardware RC,,,,0.88
Multi-reservoir echo state network for proton exchange membrane fuel cell remaining useful life prediction,2018,,10.1109/IECON.2018.8591345,General RC / ESN Methods,,,,6.29
Why Layering in Recurrent Neural Networks? A DeepESN Survey,2018,,10.1109/IJCNN.2018.8489368,General RC / ESN Methods,,,,2.14
All-Optical Reservoir Computing on a Photonic Chip Using Silicon-Based Ring Resonators,2018,,10.1109/JSTQE.2018.2836985,Photonics & Optics,,,,14.86
Brain-Inspired Computing with Spintronics Devices,2018,,10.1109/IMFEDK.2018.8581955,Physical & Hardware RC,,,,0.14
Tutorial: Photonic neural networks in delay systems,2018,,10.1063/1.5042342,Photonics & Optics,,,,20.57
Enhanced performance of a reservoir computer using polarization dynamics in VCSELs,2018,,10.1364/OL.43.004497,Photonics & Optics,,,,16.43
Machine-learning inference of fluid variables from data using reservoir computing,2018,,10.1103/PhysRevE.98.023111,Nonlinear Dynamics & Chaos,,,,10.29
Reservoir computing with a single delay-coupled non-linear mechanical oscillator,2018,,10.1063/1.5038038,Nonlinear Dynamics & Chaos,,,,21.86
A prediction model of photovoltaic power generation based on improved MNN,2018,,,Climate & Earth Sciences,,,,0.0
Generalized Maximum Correntropy-Based Echo State Network for Robust Nonlinear System Identification,2018,,10.1109/IJCNN.2018.8489249,Nonlinear Dynamics & Chaos,,,,1.0
Echo state learning for wireless virtual reality resource allocation in UAV-Enabled LTE-U Networks,2018,,10.1109/ICC.2018.8422503,Signal Processing & Comms,,,,3.0
Interactive reservoir computing for chunking information streams,2018,,10.1371/journal.pcbi.1006400,Neuroscience & Comp. Neuro,,,,2.14
Research on Abnormal Behavior Detection Technology of Launch Vehicle Controlled Network,2018,,10.1109/QRS-C.2018.00073,General RC / ESN Methods,,,,0.0
Neuromorphic Computing Based on Silicon Photonics and Reservoir Computing,2018,,10.1109/JSTQE.2018.2821843,Photonics & Optics,,,,7.14
Multiplexed networks: Reservoir computing with virtual and real nodes,2018,,10.1088/2399-6528/aad56d,Nonlinear Dynamics & Chaos,,,,5.43
Echo State Network with Multiple Loops Reservoir and its Application in Network Traffic Prediction,2018,,10.1109/CSCWD.2018.8465335,Nonlinear Dynamics & Chaos,,,,1.29
Integrated fromework for prognosis of Cervical Dysplasia,2018,,,General RC / ESN Methods,,,,0.0
Time Series Classification in Reservoir- and Model-Space,2018,,10.1007/s11063-017-9765-5,General RC / ESN Methods,,,,2.86
Evaluation of the computational capabilities of a memristive random network (MN3) under the context of reservoir computing,2018,,10.1016/j.neunet.2018.07.003,Nonlinear Dynamics & Chaos,,,,1.29
Silicon Photonics Neuromorphic Computing and its Application to Telecommunications (Invited),2018,,10.1109/ECOC.2018.8535262,Photonics & Optics,,,,0.14
Nonlinear prediction of speech by echo state networks,2018,,10.23919/EUSIPCO.2018.8553190,Signal Processing & Comms,,,,0.71
A molecular neuromorphic network device consisting of single-walled carbon nanotubes complexed with polyoxometalate,2018,,10.1038/s41467-018-04886-2,Physical & Hardware RC,,,,18.71
Data fusion combined with echo state network for multivariate time series prediction in complex electromechanical system,2018,,10.1007/s40314-018-0669-4,Nonlinear Dynamics & Chaos,,,,1.14
Pump-pressure-compensation-based adaptive neural torque control of a hydraulic excavator with open center valves,2018,,10.1109/AIM.2018.8452274,Control & Robotics,,,,0.14
Light-Stimulatable Molecules/Nanoparticles Networks for Switchable Logical Functions and Reservoir Computing,2018,,10.1002/adfm.201801506,Photonics & Optics,,,,3.29
Anti-oscillation and chaos control of the fractional-order brushless DC motor system via adaptive echo state networks,2018,,10.1016/j.jfranklin.2018.07.004,Nonlinear Dynamics & Chaos,,,,3.14
Low-Loss Photonic Reservoir Computing with Multimode Photonic Integrated Circuits,2018,,10.1038/s41598-018-21011-x,Photonics & Optics,,,,7.29
Application of Extreme Learning Machines and Echo State Networks to Seismic Multiple Removal,2018,,10.1109/IJCNN.2018.8489620,Climate & Earth Sciences,,,,0.29
Optimization of echo state networks by covariance matrix adaption evolutionary strategy,2018,,10.23919/IConAC.2018.8749124,General RC / ESN Methods,,,,0.29
Processing EMG signals using reservoir computing on an event-based neuromorphic system,2018,,10.1109/BIOCAS.2018.8584674,Physical & Hardware RC,,,,5.86
Scaling Up Echo-State Networks with Multiple Light Scattering,2018,,10.1109/SSP.2018.8450698,Photonics & Optics,,,,3.86
Fabrication of dense diameter-tuned quantum dot micropillar arrays for applications in photonic information processing,2018,,10.1063/1.5050669,Photonics & Optics,,,,4.86
Optoelectronic Reservoir Computing with VCSEL,2018,,10.1109/IJCNN.2018.8489757,Photonics & Optics,,,,1.14
Fiber-Optic Reservoir Computing for QAM-Signal Processing,2018,,10.1109/ECOC.2018.8535475,Photonics & Optics,,,,1.29
Wavelet-denoising multiple echo state networks for multivariate time series prediction,2018,,10.1016/j.ins.2018.07.015,Nonlinear Dynamics & Chaos,,,,7.57
Flexibility of boolean network reservoir computers in approximating arbitrary recursive and non-recursive binary filters,2018,,10.3390/e20120954,Mathematics & Theory,,,,1.14
Deep Tree Echo State Networks,2018,,10.1109/IJCNN.2018.8489464,General RC / ESN Methods,,,,0.86
Insect-inspired neuromorphic computing,2018,,10.1016/j.cois.2018.09.006,Physical & Hardware RC,,,,2.86
A Smart Grid in Ponza Island: Battery Energy Storage Management by Echo State Neural Network,2018,,10.1109/EEEIC.2018.8493820,Mathematics & Theory,,,,1.86
Stability Analysis of Black-Box Models of Integrated Circuits for DPI Simulations,2018,,10.1109/EMCEurope.2018.8485090,Mathematics & Theory,,,,0.0
“How do humans make sense?” multiscale dynamics and emergent meaning,2018,,10.1016/j.newideapsych.2017.09.002,General RC / ESN Methods,,,,1.57
Water Quality Prediction in the Waste Water Treatment Process Based on Ridge Regression Echo State Network,2018,,10.1088/1757-899X/435/1/012025,General RC / ESN Methods,,,,1.43
Physical Security Assessment Using Temporal Machine Learning,2018,,10.1109/CCST.2018.8585705,General RC / ESN Methods,,,,0.43
Quantum-Inspired Optimization of Echo State Networks Applied to System Identification,2018,,10.1109/CEC.2018.8477985,Control & Robotics,,,,0.29
LSTM-PSO: Long Short-Term Memory Ship Motion Prediction Based on Particle Swarm Optimization,2018,,10.1109/GNCC42960.2018.9018688,Nonlinear Dynamics & Chaos,,,,4.29
Network traffic prediction model based on deep belief echo-state network; [基于深度置信回声状态网络的网络流量预测模型],2018,,10.14132/j.cnki.1673-5439.2018.05.012,Signal Processing & Comms,,,,0.14
Coherently Driven Ultrafast Complex-Valued Photonic Reservoir Computing,2018,,,Photonics & Optics,,,,0.43
Journal of Physics: Conference Series,2018,,,General RC / ESN Methods,,,,0.0
Efficient design of hardware-enabled reservoir computing in FPGAs,2018,,10.1063/1.5039826,Physical & Hardware RC,,,,5.29
Chaotic time series analysis approach for prediction blood glucose concentration based on echo state networks,2018,,10.1109/CCDC.2018.8407457,Nonlinear Dynamics & Chaos,,,,1.57
Local Lyapunov exponents of deep echo state networks,2018,,10.1016/j.neucom.2017.11.073,Mathematics & Theory,,,,8.0
Microsaccades for asynchronous feature extraction with spiking networks,2018,,10.1109/DEVLRN.2018.8761007,Neuroscience & Comp. Neuro,,,,0.29
Emergence of winner-takes-all connectivity paths in random nanowire networks,2018,,10.1038/s41467-018-05517-6,Physical & Hardware RC,,,,16.0
Adaptive neural finite-time trajectory tracking control of hydraulic excavators,2018,,10.1177/0959651818767770,Control & Robotics,,,,3.86
Degradation assessment and trend prediction of rolling bearing based on MD-ESN,2018,,10.21595/vp.2018.20168,General RC / ESN Methods,,,,0.43
Rapid time series prediction with a hardware-based reservoir computer,2018,,10.1063/1.5048199,Nonlinear Dynamics & Chaos,,,,10.29
RISE-Based Asymptotic Prescribed Performance Tracking Control of Nonlinear Servo Mechanisms,2018,,10.1109/TSMC.2017.2769683,Control & Robotics,,,,20.71
A Simple Reservoir Model of Working Memory with Real Values,2018,,10.1109/IJCNN.2018.8489262,Neuroscience & Comp. Neuro,,,,0.71
Reservoir Computing Hardware for Time Series Forecasting,2018,,10.1109/PATMOS.2018.8463994,Mathematics & Theory,,,,2.0
Twitter Sentiment Classification Based on Deep Random Vector Functional Link,2018,,10.1109/IJCNN.2018.8489703,Control & Robotics,,,,3.29
Practical Nonlinear Model Predictive Control Using an Echo State Network Model,2018,,10.1109/IJCNN.2018.8489446,Control & Robotics,,,,2.14
Concentric ESN: Assessing the Effect of Modularity in Cycle Reservoirs,2018,,10.1109/IJCNN.2018.8489462,Mathematics & Theory,,,,0.71
Reservoir computing Echo State Network classifier training,2018,,10.1088/1742-6596/1117/1/012005,Nonlinear Dynamics & Chaos,,,,0.29
An empirical study on bidirectional recurrent neural networks for human motion recognition,2018,,10.4230/LIPIcs.TIME.2018.21,Signal Processing & Comms,,,,0.29
Asymptotic Fisher memory of randomized linear symmetric Echo State Networks,2018,,10.1016/j.neucom.2017.11.076,Neuroscience & Comp. Neuro,,,,1.71
Statistical pattern recognition for structural health monitoring using ESN feature extraction method,2018,,10.2316/Journal.206.2018.6.206-4686,General RC / ESN Methods,,,,0.86
Evaluation of Information-Theoretic Measures in Echo State Networks on the Edge of Stability,2018,,10.1109/IJCNN.2018.8489152,Mathematics & Theory,,,,0.29
Interpretive Reservoir: A Preliminary Study on the Association between Artificial Neural Network and Biological Neural Network,2018,,10.1109/IJCNN.2018.8489191,Neuroscience & Comp. Neuro,,,,0.14
Effective sparse adaboost method with ESN and FOA for industrial electricity consumption forecasting in China,2018,,10.1016/j.energy.2018.04.175,General RC / ESN Methods,,,,12.43
Randomized neural networks for preference learning with physiological data,2018,,10.1016/j.neucom.2017.11.070,General RC / ESN Methods,,,,2.29
Research for Parameters Optimization of Echo State Network,2018,,10.1109/ISCID.2018.10142,Nonlinear Dynamics & Chaos,,,,0.43
Estimating aircraft fuel consumption using radar tracks data,2018,,10.23940/ijpe.18.10.p1.22492260,Signal Processing & Comms,,,,0.43
Reservoir Computing with Untrained Convolutional Neural Networks for Image Recognition,2018,,10.1109/ICPR.2018.8545471,Nonlinear Dynamics & Chaos,,,,8.57
Virtual reality over wireless networks: Quality-of-service model and learning-based resource management,2018,,10.1109/TCOMM.2018.2850303,Signal Processing & Comms,,,,32.29
Prediction Performance of Reservoir Computing Using a Semiconductor Laser with Double Optical Feedback,2018,,10.1364/cleopr.2018.w1d.3,Photonics & Optics,,,,0.57
Integration of a parsimonious hydrological model with recurrent neural networks for improved streamflow forecasting,2018,,10.3390/w10111655,Climate & Earth Sciences,,,,12.14
Wavefront prediction with reservoir computing for minimizing the effects of angular anisoplanatism,2018,,10.1364/AO.57.007140,Photonics & Optics,,,,0.43
High-Speed All-Optical Reservoir Computing Using VCSEL Polarization Dynamics,2018,,10.1109/ECOC.2018.8535419,Photonics & Optics,,,,0.14
International Conference on Mobile Multimedia Communications (MobiMedia),2018,,,Signal Processing & Comms,,,,0.0
Recurrence-based information processing in gene regulatory networks,2018,,10.1063/1.5039861,Nonlinear Dynamics & Chaos,,,,3.14
"IEEE International Workshop on Machine Learning for Signal Processing, MLSP",2018,,,Signal Processing & Comms,,,,0.0
A characterization of the edge of criticality in binary echo state networks,2018,,10.1109/MLSP.2018.8516959,Signal Processing & Comms,,,,0.86
Controlling the Charging of Electric Vehicles with Neural Networks,2018,,10.1109/IJCNN.2018.8489027,General RC / ESN Methods,,,,1.14
Cuckoo Search Based Optimization of Echo State Network for Time Series Prediction,2018,,10.1109/ICIAS.2018.8540609,Nonlinear Dynamics & Chaos,,,,0.71
Improving liquid state machine in temporal pattern classification,2018,,10.1109/ICARCV.2018.8581122,Neuroscience & Comp. Neuro,,,,1.43
Three-Dimensional Local Energy-Based Shape Histogram (3D-LESH): A Novel Feature Extraction Technique,2018,,10.1016/j.eswa.2017.11.057,Signal Processing & Comms,,,,2.0
Efficient Optimization of Echo State Networks for Time Series Datasets,2018,,10.1109/IJCNN.2018.8489094,General RC / ESN Methods,,,,2.71
Modeling reservoir computing with the discrete nonlinear Schrödinger equation,2018,,10.1103/PhysRevE.98.052101,Physical & Hardware RC,,,,1.86
Brain-Inspired Wireless Communications: Where Reservoir Computing Meets MIMO-OFDM,2018,,10.1109/TNNLS.2017.2766162,Signal Processing & Comms,,,,11.14
Overview of Deep Learning Architectures for EEG-based Brain Imaging,2018,,10.1109/IJCNN.2018.8489561,Signal Processing & Comms,,,,3.43
Compact reservoir computing with a photonic integrated circuit,2018,,10.1364/OE.26.029424,Photonics & Optics,,,,23.14
Photonic machine learning implementation for signal recovery in optical communications,2018,,10.1038/s41598-018-26927-y,Photonics & Optics,,,,25.43
Macromagnetic Simulation for Reservoir Computing Utilizing Spin Dynamics in Magnetic Tunnel Junctions,2018,,10.1103/PhysRevApplied.10.034063,Physical & Hardware RC,,,,17.29
Fault Detection in Steel-Reinforced Concrete Using Echo State Networks,2018,,10.1109/IJCNN.2018.8489761,General RC / ESN Methods,,,,0.14
A comparison of neuromorphic classification tasks,2018,,10.1145/3229884.3229896,Physical & Hardware RC,,,,1.29
An FPGA based real time reservoir computing system for neuromorphic processors,2018,,10.1109/ACIRS.2018.8467252,Physical & Hardware RC,,,,0.29
"Using a reservoir computer to learn chaotic attractors, with applications to chaos synchronization and cryptography",2018,,10.1103/PhysRevE.98.012215,Nonlinear Dynamics & Chaos,,,,14.14
Improved echo state network (ESN) for the prediction of network traffic,2018,,10.4108/eai.21-6-2018.2276461,General RC / ESN Methods,,,,0.43
Fault Diagnosis of Terminal Guidance Radar Based on Attribute Granulation Clustering and Echo State Network; [基于属性粒化聚类与回声状态网络的末制导雷达故障诊断],2018,,10.16183/j.cnki.jsjtu.2018.09.016,Signal Processing & Comms,,,,0.14
Spying on chaos-based cryptosystems with reservoir computing,2018,,10.1109/IJCNN.2018.8489102,Nonlinear Dynamics & Chaos,,,,0.71
An FPGA implementation of a time delay reservoir using stochastic logic,2018,,10.1145/3269984,Physical & Hardware RC,,,,1.29
Research for SOC Prediction of Lithium Battery Based on GA-ESN,2018,,10.1109/ISCID.2018.10139,General RC / ESN Methods,,,,1.57
A linked-bottleneck control method for urban expressway on-ramp,2018,,10.1080/21642583.2018.1482478,Climate & Earth Sciences,,,,0.29
Testing dynamical system variables for reconstruction,2018,,10.1063/1.5049903,Nonlinear Dynamics & Chaos,,,,2.29
Reservoir computing based neural image filters,2018,,10.1109/IECON.2018.8591366,Photonics & Optics,,,,0.29
Realizing green symbol detection via reservoir computing: An energy-efficiency perspective,2018,,10.1109/ICC.2018.8422425,General RC / ESN Methods,,,,1.71
SpiLinC: Spiking liquid-ensemble computing for unsupervised speech and image recognition,2018,,10.3389/fnins.2018.00524,Neuroscience & Comp. Neuro,,,,4.86
Using reservoir computers to distinguish chaotic signals,2018,,10.1103/PhysRevE.98.052209,Nonlinear Dynamics & Chaos,,,,11.29
Area-efficient and low-power face-to-face-bonded 3D liquid state machine design,2018,,10.1145/3240765.3264695,Physical & Hardware RC,,,,0.43
Analog spike processing with high scalability and low energy consumption using thermal degree of freedom in phase transition materials,2018,,10.1109/VLSIT.2018.8510649,Physical & Hardware RC,,,,0.57
Echo state network-based visibility graph method for nonlinear time series prediction,2018,,10.1109/CCDC.2018.8407428,Nonlinear Dynamics & Chaos,,,,0.71
Echo state networks are universal,2018,,10.1016/j.neunet.2018.08.025,Mathematics & Theory,,,,31.86
Microgrid Energy Management by ANFIS Supported by an ESN Based Prediction Algorithm,2018,,10.1109/IJCNN.2018.8489018,General RC / ESN Methods,,,,2.14
Variational inference-based echo state network ensemble model for intervals prediction of industrial data; [基于变分推理回声状态网络集成模型的工业数据区间预测],2018,,10.7641/CTA.2018.70565,General RC / ESN Methods,,,,0.43
Deep Reinforcement Learning for Interference-Aware Path Planning of Cellular-Connected UAVs,2018,,10.1109/ICC.2018.8422706,Control & Robotics,,,,18.86
Design of deep echo state networks,2018,,10.1016/j.neunet.2018.08.002,Nonlinear Dynamics & Chaos,,,,32.86
DFR: An energy-efficient analog delay feedback reservoir computing system for brain-inspired computing,2018,,10.1145/3264659,Physical & Hardware RC,,,,6.86
Neuromorphic Time-Dependent Pattern Classification with Organic Electrochemical Transistor Arrays,2018,,10.1002/aelm.201800166,Physical & Hardware RC,,,,8.86
A prognostic methodology for power MOSFETs under thermal stress using echo state network and particle filter,2018,,10.1016/j.microrel.2018.07.137,Nonlinear Dynamics & Chaos,,,,4.86
On using reservoir computing for sensing applications: exploring environment-sensitive memristor networks,2018,,10.1080/17445760.2017.1287264,Physical & Hardware RC,,,,2.71
Performance analysis of unorganized machines in streamflow forecasting of Brazilian plants,2018,,10.1016/j.asoc.2018.04.007,Climate & Earth Sciences,,,,5.57
"Molecules, semiconductors, light and information: Towards future sensing and computing paradigms",2018,,10.1016/j.ccr.2018.03.018,General RC / ESN Methods,,,,5.0
Financial data forecasting using optimized echo state network,2018,,10.1007/978-3-030-04221-9_13,General RC / ESN Methods,,,,2.29
A fault diagnosis model of plasticity echo state network based on L½-norm regularization,2018,,10.13700/j.bh.1001-5965.2017.0214,General RC / ESN Methods,,,,0.0
Monthly Rainfall Forecasting Using Echo State Networks Coupled with Data Preprocessing Methods,2018,,10.1007/s11269-017-1832-1,Climate & Earth Sciences,,,,5.86
Magnetic Skyrmion as a Nonlinear Resistive Element: A Potential Building Block for Reservoir Computing,2018,,10.1103/PhysRevApplied.9.014034,Physical & Hardware RC,,,,36.0
Supervised learning algorithm for multi-spike liquid state machines,2018,,10.1007/978-3-319-95930-6_23,Neuroscience & Comp. Neuro,,,,0.29
Analysis of reservoir computing focusing on the spectrum of bistable delayed dynamical systems,2018,,10.1541/ieejeiss.138.1054,Nonlinear Dynamics & Chaos,,,,0.0
The Esns-Based Traction Electric Quantity Prediction of High-Speed Train with Adaptive Model Inputs Temporal Scale,2018,,10.1088/1742-6596/960/1/012001,Signal Processing & Comms,,,,0.0
Short-term memory of deep RNN,2018,,,General RC / ESN Methods,,,,2.14
Intrusion signal recognition based on optoelectronic reservoir computing in optical fiber perimeter systems,2018,,10.1117/12.2505709,Photonics & Optics,,,,0.29
"Nonlinear Photonics, NP 2018",2018,,,Photonics & Optics,,,,0.0
Simple recurrent neural networks for support vector machine training,2018,,10.1007/978-3-030-01424-7_2,General RC / ESN Methods,,,,0.14
"27th International Conference on Artificial Neural Networks, ICANN 2018",2018,,,Neuroscience & Comp. Neuro,,,,0.0
Cyclic reservoir computing with FPGA devices for efficient channel equalization,2018,,10.1007/978-3-319-91253-0_22,Signal Processing & Comms,,,,0.71
Recognition of multiple waveforms based on Mackey-Glass chaotic reservoir computing; [基于Mackey-Glass混沌储备池计算的多波形识别],2018,,10.7511/dllgxb201802010,Nonlinear Dynamics & Chaos,,,,0.29
Universal discrete-time reservoir computers with stochastic inputs and linear readouts using non-homogeneous state-affine systems,2018,,,Mathematics & Theory,,,,6.86
A path to energy-efficient spiking delayed feedback reservoir computing system for brain-inspired neuromorphic processors,2018,,10.1109/ISQED.2018.8357307,Physical & Hardware RC,,,,1.14
"18th International Conference on Artificial Intelligence: Methodology, Systems, and Applications, AIMSA 2018",2018,,,General RC / ESN Methods,,,,0.0
A deep learning based approach for analog hardware implementation of delayed feedback reservoir computing system,2018,,10.1109/ISQED.2018.8357305,Physical & Hardware RC,,,,4.14
Identification method for a class of periodic discrete-time dynamic nonlinear systems based on Sinusoidal ESN,2018,,10.1016/j.neucom.2017.09.092,Nonlinear Dynamics & Chaos,,,,6.29
Photonic resevoir computing: A brain-inspired approach for information processing,2018,,,Photonics & Optics,,,,0.29
Echo state network and variational autoencoder for efficient one-class learning on dynamical systems,2018,,10.3233/JIFS-169552,Nonlinear Dynamics & Chaos,,,,2.0
On the application of reservoir computing networks for noisy image recognition,2018,,10.1016/j.neucom.2016.11.100,Signal Processing & Comms,,,,9.14
Inferring Temporal Structure from Predictability in Bumblebee Learning Flight,2018,,10.1007/978-3-030-03493-1_53,Nonlinear Dynamics & Chaos,,,,0.14
"19th International Conference on Intelligent Data Engineering and Automated Learning, IDEAL 2018",2018,,,Mathematics & Theory,,,,0.0
Prediction of component content in rare earth extraction process based on ESNs-Adaboost,2018,,10.1016/j.ifacol.2018.09.390,Control & Robotics,,,,0.57
Policy learning using SPSA,2018,,10.1007/978-3-030-01424-7_1,Control & Robotics,,,,0.57
Echo state network for classification of human eye movements during decision making,2018,,10.1007/978-3-319-92007-8_29,General RC / ESN Methods,,,,0.57
On the interpretation and characterization of echo state networks dynamics: A complex systems perspective,2018,,10.1007/978-3-319-67946-4_5,General RC / ESN Methods,,,,0.14
Bird species identification via transfer learning from music genres,2018,,10.1016/j.ecoinf.2018.01.006,General RC / ESN Methods,,,,7.71
Applying macroclimatic variables to improve flow rate forecasting using neural networks techniques,2018,,10.1007/978-3-030-04221-9_6,General RC / ESN Methods,,,,0.0
Recurrent kernel extreme reservoir machine for time series prediction,2018,,10.1109/ACCESS.2018.2823336,Nonlinear Dynamics & Chaos,,,,3.0
Online adaptive dynamic programming based on echo state networks for dissolved oxygen control,2018,,10.1016/j.asoc.2017.09.015,Control & Robotics,,,,6.71
Recognition of the optical packet header for two channels utilizing the parallel reservoir computing based on a semiconductor ring laser,2018,,10.1142/S0217984918501506,Photonics & Optics,,,,2.29
Detecting data exploits using low-level hardware information: A short time series approach,2018,,10.1145/3203422.3203433,General RC / ESN Methods,,,,1.29
Mass-spring damper array as a mechanical medium for computation,2018,,10.1007/978-3-030-01424-7_76,Physical & Hardware RC,,,,1.14
Assessing the health of LiFePo4 traction batteries through monotonic echo state networks,2018,,10.3390/s18010009,General RC / ESN Methods,,,,2.29
Leak Detection Modeling Of a Pipeline Using Echo State Neural Networks,2018,,10.1016/B978-0-444-64235-6.50214-X,General RC / ESN Methods,,,,1.29
Overcoming catastrophic interference using conceptor-aided backpropagation,2018,,,General RC / ESN Methods,,,,13.0
Performance Enhancement of Reservoir Computing with Multi-Clustered Structure,2018,,10.23919/ChiCC.2018.8484167,Nonlinear Dynamics & Chaos,,,,0.0
A new deep neural network based on multi-layer Echo state network,2018,,10.2174/2213275911666180507112411,Mathematics & Theory,,,,0.14
Optimal neuron selection and generalization: NK ensemble neural networks,2018,,10.1007/978-3-319-99259-4_36,Nonlinear Dynamics & Chaos,,,,0.14
Short Utterance Speaker Recognition by Reservoir with Self-Organized Mapping,2018,,10.1109/SLT.2018.8639570,Signal Processing & Comms,,,,0.14
Design of polynomial echo state networks for time series prediction,2018,,10.1016/j.neucom.2018.02.036,Nonlinear Dynamics & Chaos,,,,6.71
Regularized ESN Based on TSVD,2018,,10.1109/CAC.2018.8623332,General RC / ESN Methods,,,,0.14
Combining memory and non-linearity in echo state networks,2018,,10.1007/978-3-030-01421-6_53,General RC / ESN Methods,,,,1.0
Impact of input mask signals on delay-based photonic reservoir computing with semiconductor lasers,2018,,10.1364/OE.26.005777,Photonics & Optics,,,,21.43
Dynamic Analysis of Executables to Detect and Characterize Malware,2018,,10.1109/ICMLA.2018.00011,General RC / ESN Methods,,,,1.14
Learning Structures of Conceptual Models from Observed Dynamics Using Evolutionary Echo State Networks,2018,,10.1515/jaiscr-2018-0010,General RC / ESN Methods,,,,1.14
Liquid state machine to generate the movement profiles for the gait cycle of a 6 DOF bipedal robot in a sagittal plane,2018,,10.1115/DETC2018-86206,Control & Robotics,,,,0.0
Deep Echo State Networks for diagnosis of Parkinson's disease,2018,,,General RC / ESN Methods,,,,3.86
Coherently driven ultrafast complex-valued photonic reservoir computing,2018,,10.1364/CLEO_SI.2018.SM1C.4,Photonics & Optics,,,,0.29
Itamoji 2018: Emoji prediction via tree echo state networks,2018,,,General RC / ESN Methods,,,,0.0
A prediction-based coordination caching scheme for content centric networking,2018,,10.1109/WOCC.2018.8372711,Photonics & Optics,,,,3.29
Moving Vehicle Classification Using Wireless Acoustic Sensor Networks,2018,,10.1109/TETCI.2017.2783340,Signal Processing & Comms,,,,7.43
Unsupervised heart-rate estimation in wearables with Liquid states and a probabilistic readout,2018,,10.1016/j.neunet.2017.12.015,Neuroscience & Comp. Neuro,,,,10.71
Reservoir computing for healthcare analytics,2018,,,General RC / ESN Methods,,,,0.29
Predictive regulation of neurotransmitter receptor pool for weight correction restriction,2018,,10.1016/j.procs.2018.11.090,Control & Robotics,,,,0.14
Reservoir computing for detection of steady state in performance tests of compressors,2018,,10.1016/j.neucom.2017.09.005,Mathematics & Theory,,,,1.0
Using echo state networks for classification: A case study in Parkinson's disease diagnosis,2018,,10.1016/j.artmed.2018.02.002,Signal Processing & Comms,,,,7.0
Estimation of human concentration using Echo State Networks,2018,,,Signal Processing & Comms,,,,0.29
Learning continuous muscle control for a multi-joint arm by extending proximal policy optimization with a liquid state machine,2018,,10.1007/978-3-030-01418-6_21,Control & Robotics,,,,2.43
Recursive Bayesian echo state network with an adaptive inflation factor for temperature prediction,2018,,10.1007/s00521-016-2698-5,Climate & Earth Sciences,,,,1.86
Enhancing short-term wind power forecasting through multiresolution analysis and Echo State Networks,2018,,10.3390/en11040824,Climate & Earth Sciences,,,,1.86
Optical signal processing for neural networks,2018,,10.1364/SPPCom.2018.SpW4G.4,Photonics & Optics,,,,0.0
A New PSOGSA Inspired Convolutional Echo State Network for Long-term Health Status Prediction,2018,,10.1109/ROBIO.2018.8665099,Nonlinear Dynamics & Chaos,,,,0.57
Proposal of carrier-wave reservoir computing,2018,,10.1007/978-3-030-04167-0_56,Photonics & Optics,,,,0.29
Complex network dynamics in self-assembled atomic-switch networks: Prospects for neuromorphic computation,2018,,10.1109/NANO.2018.8626230,Physical & Hardware RC,,,,0.43
Research on Sparsity of Output Synapses in Echo State Networks,2018,,10.1155/2018/1984524,Neuroscience & Comp. Neuro,,,,0.0
Improving Memory Capacity of Hardware Reservoir Computing by Multiple Feedback Loops; [基于多反馈环结构提高硬件储备池记忆能力],2018,,10.3969/j.issn.0372-2112.2018.02.006,Physical & Hardware RC,,,,0.43
Fuzzy Echo State Neural Network with Differential Evolution Framework for Time Series Forecasting,2018,,10.1109/ICMLA.2018.00214,General RC / ESN Methods,,,,0.43
Reservoir computing with delay in structured networks,2018,,10.1117/12.2307159,Nonlinear Dynamics & Chaos,,,,0.0
Extracting online information from dual and multiple data streams,2018,,10.1007/s00521-016-2647-3,General RC / ESN Methods,,,,0.29
Silicon photonics for neuromorphic information processing,2018,,10.1117/12.2284391,Photonics & Optics,,,,0.0
Fault diagnosis of PEMFC systems in the model space using reservoir computing,2018,,10.1109/VPPC.2018.8605029,General RC / ESN Methods,,,,1.0
Fiber-optic reservoir computing,2018,,10.1364/NP.2018.NpTh4G.5,Photonics & Optics,,,,0.0
Dimensionality reduction by reservoir computing and its application to IoT edge computing,2018,,10.1007/978-3-030-04167-0_58,Physical & Hardware RC,,,,1.0
Potential implementation of reservoir computing models based on magnetic skyrmions,2018,,10.1063/1.5006918,Physical & Hardware RC,,,,18.43
Bidirectional echo state network-based reservoir computing for cross-domain authorship attribution: Notebook for PAN at CLEF 2018,2018,,,General RC / ESN Methods,,,,0.0
Pre-Wiring and pre-training: what does a neural network need to learn truly general identity rules?,2018,,10.1613/jair.1.11197,Photonics & Optics,,,,1.71
Neuromorphic computing through time-multiplexing with a spin-torque nano-oscillator,2018,,10.1109/IEDM.2017.8268505,Physical & Hardware RC,,,,1.71
Soft-Sensor Model of Gas Concentration Based on WOA-ESN Network,2018,,10.1109/CAC.2018.8623294,Nonlinear Dynamics & Chaos,,,,0.14
Randomized recurrent neural networks,2018,,,General RC / ESN Methods,,,,1.86
Random Pattern and Frequency Generation Using a Photonic Reservoir Computer with Output Feedback,2018,,10.1007/s11063-017-9628-0,Photonics & Optics,,,,0.29
An adaptable deep learning model for ionospheric pattern analysis on spaceborne interferometric SAR systems,2018,,10.2514/6.2018-5211,Signal Processing & Comms,,,,0.0
Readouts for echo-state networks built using locally regularized orthogonal forward regression,2018,,10.1080/02664763.2017.1305331,Mathematics & Theory,,,,0.86
Anytime multipurpose emotion recognition from EEG data using a Liquid State Machine based framework,2018,,10.1016/j.artmed.2018.01.001,Signal Processing & Comms,,,,7.43
Investigating Echo-State Networks Dynamics by Means of Recurrence Analysis,2018,,10.1109/TNNLS.2016.2630802,Mathematics & Theory,,,,11.14
Online adaptation and energy minimization for hardware recurrent spiking neural networks,2018,,10.1145/3145479,Neuroscience & Comp. Neuro,,,,1.86
Practical fractional-order neuron dynamics for reservoir computing,2018,,10.1007/978-3-030-01424-7_12,Mathematics & Theory,,,,0.57
Echo State Networks Based Data-Driven Adaptive Fault Tolerant Control with Its Application to Electromechanical System,2018,,10.1109/TMECH.2018.2817495,Control & Robotics,,,,7.57
Simultaneous recognition of two channels of optical packet headers utilizing reservoir computing subject to mutual-coupling optoelectronic feedback,2018,,10.1016/j.ijleo.2017.11.134,Photonics & Optics,,,,4.43
Neuromorphic Computing with Signal-Mixing Cavities,2018,,10.1109/ICRC.2018.8638622,Photonics & Optics,,,,0.0
Detection of generalized synchronization using echo state networks,2018,,10.1063/1.5010285,Nonlinear Dynamics & Chaos,,,,4.71
Wind power ramp events ordinal prediction using minimum complexity echo state networks,2018,,10.1007/978-3-030-03496-2_21,Climate & Earth Sciences,,,,0.0
Attractor reconstruction by machine learning,2018,,10.1063/1.5039508,Nonlinear Dynamics & Chaos,,,,46.71
Reservoir computing with computational matter,2018,,10.1007/978-3-319-65826-1_14,Mathematics & Theory,,,,3.86
Reservoir Computing with Spin Waves Excited in a Garnet Film,2018,,10.1109/ACCESS.2018.2794584,Physical & Hardware RC,,,,28.14
Assessing the impact of PM2.5 on respiratory disease using artificial neural networks,2018,,10.1016/j.envpol.2017.12.111,General RC / ESN Methods,,,,18.71
A theory of sequence indexing and working memory in recurrent neural networks,2018,,10.1162/neco_a_01084,Neuroscience & Comp. Neuro,,,,11.29
Predictive modeling with notion of time,2018,,10.1007/978-3-319-66308-1_8,Nonlinear Dynamics & Chaos,,,,0.0
Recurrent neural system with minimum complexity: A deep learning perspective,2018,,10.1016/j.neucom.2017.09.075,Nonlinear Dynamics & Chaos,,,,1.86
Similarity learning and generalization with limited data: A reservoir computing approach,2018,,10.1155/2018/6953836,Physical & Hardware RC,,,,1.86
Fast Proposals for Image and Video Annotation Using Modified Echo State Networks,2018,,10.1109/ICMLA.2018.00199,General RC / ESN Methods,,,,0.71
Delayed feedback reservoir computing with VCSEL,2018,,10.1007/978-3-030-04167-0_54,Photonics & Optics,,,,0.43
Prediction performance of reservoir computing using a semiconductor laser with double optical feedback,2018,,,Photonics & Optics,,,,0.0
Long short-term memory networks based in echo state networks for wind speed forecasting,2018,,10.1007/978-3-319-75193-1_42,Climate & Earth Sciences,,,,0.43
Estimate and characterize PV power at demand-side hybrid system,2018,,10.1016/j.apenergy.2018.02.160,Physical & Hardware RC,,,,3.29
Towards integrated parallel photonic reservoir computing based on frequency multiplexing,2018,,10.1117/12.2306176,Photonics & Optics,,,,0.29
Predicting Mozart's next note via echo state networks,2018,,,General RC / ESN Methods,,,,0.0
A weight initialization method for echo state network,2018,,10.13195/j.kzyjc.2016.1401,General RC / ESN Methods,,,,0.29
Randomness and isometries in echo state networks and compressed sensing,2018,,10.1117/12.2304029,General RC / ESN Methods,,,,0.14
Wind power forecasting based on Echo State Networks and Long Short-Term Memory,2018,,10.3390/en11030526,Climate & Earth Sciences,,,,14.71
Joint content popularity prediction and content delivery policy for cache-enabled D2D networks: A deep reinforcement learning approach,2018,,10.1109/GlobalSIP.2018.8646427,Control & Robotics,,,,2.29
Neuroevolution of hierarchical reservoir computers,2018,,10.1145/3205455.3205520,Control & Robotics,,,,3.14
Design of incremental echo state network using leave-one-out cross-validation,2018,,10.1109/ACCESS.2018.2883114,Mathematics & Theory,,,,1.29
Dual-mode semiconductor lasers in reservoir computing,2018,,10.1117/12.2307328,Photonics & Optics,,,,0.43
Towards high-performance spatially parallel optical reservoir computing,2018,,10.1117/12.2306372,Photonics & Optics,,,,1.0
FPGA based real-time processing architecture for recurrent neural network,2018,,10.1007/978-3-319-69096-4_99,Physical & Hardware RC,,,,0.29
Short-term wind power prediction based on ewt-esn; [基于EWT-ESN的短期风电功率预测研究],2018,,,Climate & Earth Sciences,,,,0.86
Echo state networks for multidimensional data: Exploiting noncircularity and widely linear models,2018,,10.1016/B978-0-12-812976-0.00016-6,General RC / ESN Methods,,,,1.29
Nonlinear Model Predictive Control of an Oil Well with Echo State Networks,2018,,10.1016/j.ifacol.2018.06.348,Control & Robotics,,,,4.57
Reservoir computing meets smart grids: Attack detection using delayed feedback networks,2018,,10.1109/TII.2017.2769106,Physical & Hardware RC,,,,16.43
A Prognostic Fusion Algorithm Based on the INW-ESN,2018,,10.16450/j.cnki.issn.1004-6801.2018.01.025,General RC / ESN Methods,,,,0.14
A novel echo state network for multivariate and nonlinear time series prediction,2018,,10.1016/j.asoc.2017.10.038,Nonlinear Dynamics & Chaos,,,,6.57
Decoding the grasping intention from electromyography during reaching motions,2018,,10.1186/s12984-018-0396-5,Mathematics & Theory,,,,8.29
Effective electricity energy consumption forecasting using echo state network improved by differential evolution algorithm,2018,,10.1016/j.energy.2018.04.078,Climate & Earth Sciences,,,,15.71
Anomaly detection of petrochemical process engineering based on neural network,2018,,10.3303/CET1871044,General RC / ESN Methods,,,,0.14
On developing theory of reservoir computing for sensing applications: the state weaving environment echo tracker (SWEET) algorithm,2018,,10.1080/17445760.2016.1241880,Nonlinear Dynamics & Chaos,,,,2.71
Observing spatio-temporal dynamics of excitable media using reservoir computing,2018,,10.1063/1.5022276,Nonlinear Dynamics & Chaos,,,,20.57
Toward neuro-inspired computing using a small network of micro-ring resonators on an integrated photonic chip,2018,,10.1117/12.2306780,Photonics & Optics,,,,0.43
Prediction performance of reservoir computing system based on a semiconductor laser subject to double optical feedback and optical injection,2018,,10.1364/OE.26.010211,Photonics & Optics,,,,17.57
Ensemble of optimized echo state networks for remaining useful life prediction,2018,,10.1016/j.neucom.2017.11.062,Mathematics & Theory,,,,14.71
Optimal Forecast Combination Based on Neural Networks for Time Series Forecasting,2018,,10.1016/j.asoc.2018.02.004,General RC / ESN Methods,,,,17.14
Evolutionary optimisation of neural network models for fish collective behaviours in mixed groups of robots and zebrafish,2018,,10.1007/978-3-319-95972-6_10,Control & Robotics,,,,0.71
Experimental analysis of deep echo state networks for ambient assisted living,2018,,,Signal Processing & Comms,,,,0.29
A robust Channel Prediction Algorithm in Coordinated Networks with Backhaul Delay,2018,,10.1109/ICCChina.2018.8641233,General RC / ESN Methods,,,,0.0
Applications of Metaheuristics in Reservoir Computing Techniques: A Review,2018,,10.1109/ACCESS.2018.2873770,General RC / ESN Methods,,,,6.86
A neural network model for the orbitofrontal cortex and task space acquisition during reinforcement learning,2018,,10.1371/journal.pcbi.1005925,Neuroscience & Comp. Neuro,,,,2.86
Laplacian Echo State Network for Multivariate Time Series Prediction,2018,,10.1109/TNNLS.2016.2574963,Nonlinear Dynamics & Chaos,,,,15.71
TEMPEST in USB,2018,,10.1109/EMC-B.2017.8260373,General RC / ESN Methods,,,,0.0
Model-Free Prediction of Large Spatiotemporally Chaotic Systems from Data: A Reservoir Computing Approach,2018,,10.1103/PhysRevLett.120.024102,Nonlinear Dynamics & Chaos,,,,150.86
Enabling sustainable cyber physical security systems through neuromorphic computing,2018,,10.1109/TSUSC.2017.2717807,Physical & Hardware RC,,,,2.14
Network Traffic Prediction Method Based on Improved Echo State Network,2018,,10.1109/ACCESS.2018.2880272,Nonlinear Dynamics & Chaos,,,,3.86
Echo state network for word sense disambiguation,2018,,10.1007/978-3-319-99344-7_7,General RC / ESN Methods,,,,0.71
Identification and Prediction of Urban Traffic Congestion via Cyber-Physical Link Optimization,2018,,10.1109/ACCESS.2018.2875239,General RC / ESN Methods,,,,3.14
Enabling on-device learning with deep spiking neural networks for speech recognition,2018,,10.1149/08506.0127ecst,Neuroscience & Comp. Neuro,,,,0.29
Numerical demonstration of neuromorphic computing with photonic crystal cavities,2018,,10.1364/OE.26.007955,Photonics & Optics,,,,11.43
Photonic reservoir computing: A brain-inspired approach for information processing,2018,,10.1364/OFC.2018.M4F.4,Photonics & Optics,,,,0.0
Quantifying the reservoir quality using dimensionality reduction techniques,2018,,,Nonlinear Dynamics & Chaos,,,,0.14
A novel echo state network model using bayesian ridge regression and independent component analysis,2018,,10.1007/978-3-030-01421-6_3,Nonlinear Dynamics & Chaos,,,,0.71
Hybrid forecasting of chaotic processes: Using machine learning in conjunction with a knowledge-based model,2018,,10.1063/1.5028373,Nonlinear Dynamics & Chaos,,,,42.14
Echo State Network Based Power Control and Energy Management in Grid-Connected a Hybrid Wind-HydrogenPower Generation System,2018,,10.1109/ICWEAA.2018.8605092,Climate & Earth Sciences,,,,0.14
Network Traffic Short-Term Prediction Based on Echo State Network Optimized by Improved Black Hole Algorithm; [基于改进黑洞算法优化ESN的网络流量短期预测],2018,,10.12068/j.issn.1005-3026.2018.03.002,Nonlinear Dynamics & Chaos,,,,0.71
NDN Producer Mobility Management Based on Echo State Network: A Lightweight Machine Learning Approach,2018,,10.1109/PADSW.2018.8644896,General RC / ESN Methods,,,,0.86
Spacecraft short-term fault prediction method based on echo state network time series,2018,,10.1109/IMCCC.2018.00327,General RC / ESN Methods,,,,0.14
Bidirectional deep-readout echo state networks,2018,,,General RC / ESN Methods,,,,2.71
Prediction model with multiple sparse echo state network; [多稀疏回声状态网络预测模型],2018,,10.7641/CTA.2017.70315,General RC / ESN Methods,,,,0.43
An integrated model for traffic flow prediction based on the wavelet transform,2018,,10.1109/APCC.2018.8633451,Signal Processing & Comms,,,,0.71
Adaptive Levenberg-Marquardt Algorithm Based Echo State Network for Chaotic Time Series Prediction,2018,,10.1109/ACCESS.2018.2810190,Nonlinear Dynamics & Chaos,,,,6.86
Enabling an new era of brain-inspired computing: Energy-efficient spiking neural network with ring topology,2018,,10.1145/3195970.3196044,Neuroscience & Comp. Neuro,,,,1.29
Model-based adaptive predictive control with visual servo of a rotary crane system,2018,,10.11989/JEST.1674-862X.7092809,Control & Robotics,,,,0.0
Computational modeling of spiking neural network with learning rules from STDP and intrinsic plasticity,2018,,10.1016/j.physa.2017.08.053,Neuroscience & Comp. Neuro,,,,4.14
Adaptive echo state network control for a class of pure-feedback systems with input and output constraints,2018,,10.1016/j.neucom.2017.09.083,Control & Robotics,,,,12.86
Analysis of Memory Capacity for Deep Echo State Networks,2018,,10.1109/ICMLA.2018.00072,Mathematics & Theory,,,,1.43
Design and architectural co-optimization of monolithic 3D liquid state machine-based neuromorphic processor,2018,,10.1145/3195970.3196024,Physical & Hardware RC,,,,1.29
Determination of the Edge of Criticality in Echo State Networks Through Fisher Information Maximization,2018,,10.1109/TNNLS.2016.2644268,Mathematics & Theory,,,,7.71
Features extracted from auto-encoder based echo state network and its applications to process modeling; [基于自编码神经网络特征提取的回声状态网络研究及过程建模应用],2019,,10.11949/0438-1157.20191350,Nonlinear Dynamics & Chaos,,,,0.17
Dynamics of analog logic-gate networks for machine learning,2019,,10.1063/1.5123753,Physical & Hardware RC,,,,1.33
Echo State Networks with Self-Normalizing Activations on the Hyper-Sphere,2019,,10.1038/s41598-019-50158-4,Nonlinear Dynamics & Chaos,,,,3.5
Tackling the Trade-Off Between Information Processing Capacity and Rate in Delay-Based Reservoir Computers,2019,,10.3389/fphy.2019.00210,Mathematics & Theory,,,,1.5
An Epilepsy and Seizure Classification Approach Based on Multi-Spike Liquid State Machines,2019,,10.1109/CIS.2019.00030,Neuroscience & Comp. Neuro,,,,1.5
Soft bodies as input reservoir: Role of softness from the viewpoint of reservoir computing,2019,,10.1109/MHS48134.2019.9249256,Mathematics & Theory,,,,0.33
Bézier curve parametrisation and echo state network methods for solving optimal control problems of SIR model,2019,,10.1016/j.biosystems.2019.104029,Control & Robotics,,,,0.83
Using machine learning to assess short term causal dependence and infer network links,2019,,10.1063/1.5134845,Nonlinear Dynamics & Chaos,,,,5.67
PSO-based growing echo state network,2019,,10.1016/j.asoc.2019.105774,Mathematics & Theory,,,,6.17
Learned emergence in selfish collective motion,2019,,10.1063/1.5120776,Control & Robotics,,,,0.67
Populations of spiking neurons for reservoir computing: Closed loop control of a compliant quadruped,2019,,10.1016/j.cogsys.2019.08.002,Neuroscience & Comp. Neuro,,,,1.5
Forecasting chaotic systems with very low connectivity reservoir computers,2019,,10.1063/1.5120710,Nonlinear Dynamics & Chaos,,,,23.67
Passing the Message: Representation Transfer in Modular Balanced Networks,2019,,10.3389/fncom.2019.00079,Neuroscience & Comp. Neuro,,,,1.0
Towards Single-Input Single-Output Nonlinear System Identification and Signal Processing on Near-Term Quantum Computers,2019,,10.1109/CDC40024.2019.9029180,Signal Processing & Comms,,,,1.17
Predictive control of free calcium oxide based on improved echo state network; [基于改进回声状态网络的游离氧化钙预测控制],2019,,10.11949/0438-1157.20190716,Control & Robotics,,,,0.17
Grammatical Structure Detection with Intrinsic Plasticity based Echo State Networks for Cognitive Robot,2019,,10.1109/SSCI44817.2019.9002655,Control & Robotics,,,,0.17
Echo state network based ensemble approach for wind power forecasting,2019,,10.1016/j.enconman.2019.112188,Climate & Earth Sciences,,,,12.67
Intelligent fault diagnosis of 3D printers based on reservoir computing,2019,,10.23940/ijpe.19.12.p8.31713178,General RC / ESN Methods,,,,0.67
Research on ocean multitarget tracking control system based on the echo state network,2019,,10.2112/SI98-058.1,Control & Robotics,,,,0.0
Quantum reservoir processing,2019,,10.1038/s41534-019-0149-8,Quantum RC,,,,23.5
Real-Time Ultra-Low Power ECG Anomaly Detection Using an Event-Driven Neuromorphic Processor,2019,,10.1109/TBCAS.2019.2953001,Physical & Hardware RC,,,,19.67
Application of the deep learning for the prediction of rainfall in Southern Taiwan,2019,,10.1038/s41598-019-49242-6,Climate & Earth Sciences,,,,18.33
Photonic reservoir computing based on nonlinear wave dynamics at microscale,2019,,10.1038/s41598-019-55247-y,Photonics & Optics,,,,9.17
Efficient Cross-Validation of Echo State Networks,2019,,10.1007/978-3-030-30493-5_12,General RC / ESN Methods,,,,2.5
Short-term Wind Power Prediction Based on Improved Firefly Algorithm; [基于改进萤火虫算法的短期风功率预测],2019,,10.16182/j.issn1004731x.joss.19-FZ0322,Climate & Earth Sciences,,,,0.67
Online learning control with Echo State Networks of an oil production platform,2019,,10.1016/j.engappai.2019.06.011,Control & Robotics,,,,4.83
Novel frontier of photonics for data processing-Photonic accelerator,2019,,10.1063/1.5108912,Photonics & Optics,,,,32.5
Cross-predicting the dynamics of an optically injected single-mode semiconductor laser using reservoir computing,2019,,10.1063/1.5120822,Photonics & Optics,,,,6.17
Four-channels reservoir computing based on polarization dynamics in mutually coupled VCSELs system,2019,,10.1364/OE.27.023293,Photonics & Optics,,,,11.33
Integrated reservoir computing module using magnetic tunnel junction,2019,,10.1541/ieejjournal.139.674,General RC / ESN Methods,,,,0.0
Artificial Intelligence and Cerebellar Motor Learning,2019,,10.11477/mf.1416201339,Neuroscience & Comp. Neuro,,,,0.33
Unsupervised EEG feature extraction based on echo state network,2019,,10.1016/j.ins.2018.09.057,Signal Processing & Comms,,,,12.67
An intelligent interconnected network with multiple reservoir computing,2019,,10.1016/j.asoc.2019.02.010,Mathematics & Theory,,,,1.17
Neuromorphic information processing using silicon photonics,2019,,10.1117/12.2524707,Photonics & Optics,,,,0.17
Intelligent Reservoir Generation for Liquid State Machines using Evolutionary Optimization,2019,,10.1109/IJCNN.2019.8852472,Neuroscience & Comp. Neuro,,,,3.67
Improved vocal effort modeling by exploiting echo state network and radial basis function network,2019,,10.19682/j.cnki.1005-8885.2019.0010,Signal Processing & Comms,,,,0.0
Automated real-time method for ventricular heartbeat classification,2019,,10.1016/j.cmpb.2018.11.005,Signal Processing & Comms,,,,4.83
Effective behavioural dynamic coupling through echo state networks,2019,,10.3390/app9071300,Control & Robotics,,,,0.33
Echo-Liquid State Deep Learning for 360° Content Transmission and Caching in Wireless VR Networks with Cellular-Connected UAVs,2019,,10.1109/TCOMM.2019.2917440,Signal Processing & Comms,,,,15.0
Traffic flow cycle prediction based on the PCA-ESN model; [融合PCA和ESN的交通流周期预测模型],2019,,10.19665/j.issn1001-2400.2019.01.004,General RC / ESN Methods,,,,0.33
In a Spin-Wave Reservoir for Machine Learning,2019,,10.1109/IJCNN.2019.8852280,Physical & Hardware RC,,,,0.67
Monitoring wind turbine gearbox with echo state network modeling and dynamic threshold using SCADA vibration data,2019,,10.3390/en12060982,Climate & Earth Sciences,,,,2.5
Fuel Consumption Model of Aircraft in Descent Stage Based on DBN,2019,,10.1088/1757-899X/569/3/032005,General RC / ESN Methods,,,,0.17
Broad echo state network for multivariate time series prediction,2019,,10.1016/j.jfranklin.2019.01.027,Nonlinear Dynamics & Chaos,,,,8.0
An implementation of artificial neural reservoir computing technique for inflow forecasting of nagarjuna sagar dam,2019,,,Climate & Earth Sciences,,,,0.0
Radar signal processing for human identification by means of reservoir computing networks,2019,,10.1109/RADAR.2019.8835753,Signal Processing & Comms,,,,2.67
Deep-DFR: A memristive deep delayed feedback reservoir computing system with hybrid neural network topology,2019,,10.1145/3316781.3317796,Physical & Hardware RC,,,,1.67
Reservoir computing approaches applied to energy management in industry,2019,,10.1007/978-3-030-20257-6_6,General RC / ESN Methods,,,,3.67
Short-term Prediction of Hyperchaotic Flow Using Echo State Network,2019,,10.1109/IJCNN.2019.8852150,Nonlinear Dynamics & Chaos,,,,0.0
Decoupling control for wastewater treatment process based on recurrent fuzzy neural network,2019,,10.1002/asjc.1844,Mathematics & Theory,,,,4.0
Bi-level multi-objective evolution of a Multi-Layered Echo-State Network Autoencoder for data representations,2019,,10.1016/j.neucom.2019.03.012,General RC / ESN Methods,,,,3.5
Forecasting the residential solar energy consumption of the United States,2019,,10.1016/j.energy.2019.03.183,Control & Robotics,,,,8.17
Comparison between DeepESNs and gated RNNs on multivariate time-series prediction,2019,,,General RC / ESN Methods,,,,2.0
Reservoir fine structure and its effect on miscible fluid displacements,2019,,10.3997/2214-4609.201901441,Control & Robotics,,,,0.0
Non-volatile photonic weights and their impact on photonic reservoir computing systems,2019,,10.1109/CLEOE-EQEC.2019.8871437,Photonics & Optics,,,,1.0
A substrate-independent framework to characterize reservoir computers,2019,,10.1098/rspa.2018.0723,Mathematics & Theory,,,,12.17
Efficient optoelectronic reservoir computing with three-route input based on optical delay lines,2019,,10.1364/AO.58.004111,Photonics & Optics,,,,2.5
High performance optical reservoir computing based on spatially extended systems,2019,,10.1109/CLEOE-EQEC.2019.8872729,Photonics & Optics,,,,0.0
Optical neural network by disordered tumor spheroids,2019,,10.1109/CLEOE-EQEC.2019.8872254,Photonics & Optics,,,,0.33
Analysis of Tensor-Based Image Segmentation Using Echo State Networks,2019,,10.1007/978-3-030-14984-0_36,General RC / ESN Methods,,,,0.33
Learning to Parse Grounded Language using Reservoir Computing,2019,,10.1109/DEVLRN.2019.8850718,Signal Processing & Comms,,,,1.0
Toward a continuous authentication system using a biologically inspired machine learning approach: A case study,2019,,10.1145/3297280.3297588,General RC / ESN Methods,,,,0.0
Echo State Networks with Artificial Astrocytes and Hebbian Connections,2019,,10.1007/978-3-030-20521-8_38,General RC / ESN Methods,,,,0.33
Prediction and identification of discrete-time dynamic nonlinear systems based on adaptive echo state network,2019,,10.1016/j.neunet.2019.01.003,Nonlinear Dynamics & Chaos,,,,7.67
Phase Space Reconstruction-Based Conceptor Network for Time Series Prediction,2019,,10.1109/ACCESS.2019.2952365,Nonlinear Dynamics & Chaos,,,,2.33
Two innovative modelling approaches in order to forecast consumption of blast furnace gas by hot blast stoves,2019,,10.1016/j.egypro.2019.01.834,General RC / ESN Methods,,,,5.17
Efficient reservoir computing with memristors,2019,,10.1038/s41928-019-0318-y,Physical & Hardware RC,,,,6.17
Quantitative Analysis of Dynamical Complexity in Cultured Neuronal Network Models for Reservoir Computing Applications,2019,,10.1109/IJCNN.2019.8852207,Neuroscience & Comp. Neuro,,,,0.5
Echo state networks regulated by local intrinsic plasticity rules for regression,2019,,10.1016/j.neucom.2019.03.032,General RC / ESN Methods,,,,5.83
Intrusion recognition method based on echo state network for optical fiber perimeter security systems,2019,,10.1016/j.optcom.2019.06.058,Photonics & Optics,,,,5.5
Hourly urban water demand forecasting using the continuous deep belief echo state network,2019,,10.3390/w11020351,Mathematics & Theory,,,,4.17
Echo State vs. LSTM Networks for Word Sense Disambiguation,2019,,10.1007/978-3-030-30493-5_10,General RC / ESN Methods,,,,0.67
All-optical readout for integrated photonic reservoir computing,2019,,10.1109/ICTON.2019.8840492,Photonics & Optics,,,,0.33
Design of a negative group delay filter via reservoir computing approach: Real-time prediction of chaotic signals,2019,,10.1016/j.physleta.2019.07.015,Nonlinear Dynamics & Chaos,,,,2.67
A predictive on-demand placement of UAV base stations using echo state network,2019,,10.1109/ICCChina.2019.8855868,General RC / ESN Methods,,,,3.5
Optimizing simple deterministically constructed cycle reservoir network with a Redundant Unit Pruning Auto-Encoder algorithm,2019,,10.1016/j.neucom.2019.05.035,Nonlinear Dynamics & Chaos,,,,2.17
Task-independent computational abilities of semiconductor lasers with delayed optical feedback for reservoir computing,2019,,10.3390/photonics6040124,Photonics & Optics,,,,5.67
Prediction Using Cuckoo Search Optimized Echo State Network,2019,,10.1007/s13369-019-04008-0,General RC / ESN Methods,,,,2.0
Enabling Non-Hebbian Learning in Recurrent Spiking Neural Processors with Hardware-Friendly On-Chip Intrinsic Plasticity,2019,,10.1109/JETCAS.2019.2934939,Neuroscience & Comp. Neuro,,,,1.0
Time Series Prediction with Incomplete Dataset Based on Deep Bidirectional Echo State Network,2019,,10.1109/ACCESS.2019.2948367,Nonlinear Dynamics & Chaos,,,,1.5
Hierarchical memcapacitive reservoir computing architecture,2019,,10.1109/ICRC.2019.8914716,Physical & Hardware RC,,,,1.33
Neural Networks for Predicting Prices of Sugarcane Derivatives,2019,,10.1007/s12355-018-0648-5,Climate & Earth Sciences,,,,4.83
Polarization Dynamics of VCSELs Improves Reservoir Computing Performance,2019,,10.1007/978-3-030-30493-5_20,Signal Processing & Comms,,,,0.17
Research on prediction of time between failures for onboard subsystem of train control system,2019,,10.1109/SAFEPROCESS45799.2019.9213403,Control & Robotics,,,,0.17
Time series classification with Echo Memory Networks,2019,,10.1016/j.neunet.2019.05.008,Nonlinear Dynamics & Chaos,,,,5.0
Evaluating the Stability of Recurrent Neural Models during Training with Eigenvalue Spectra Analysis,2019,,10.1109/IJCNN.2019.8852181,Mathematics & Theory,,,,0.0
Reservoir Transfer on Analog Neuromorphic Hardware,2019,,10.1109/NER.2019.8716891,Physical & Hardware RC,,,,2.33
A Backward Learning Algorithm in Polynomial Echo State Networks,2019,,10.1007/978-3-030-32388-2_43,Signal Processing & Comms,,,,0.0
The Role of Structure and Complexity on Reservoir Computing Quality,2019,,10.1007/978-3-030-19311-9_6,Physical & Hardware RC,,,,2.17
A brainmorphic computing hardware paradigm through complex nonlinear dynamics,2019,,10.1007/978-3-030-10892-2_5,Nonlinear Dynamics & Chaos,,,,0.67
Author verification in stream of text with echo state network-based recurrent neural models,2019,,,General RC / ESN Methods,,,,0.0
Neural computational model GrowthEstimate: A model for studying living resources through digestive efficiency,2019,,10.1371/journal.pone.0216030,Climate & Earth Sciences,,,,1.0
Reservoir Computer using Speckle in a Multimode Waveguide,2019,,10.1109/IPCon.2019.8908446,Photonics & Optics,,,,0.0
Design of Weight Matrices for Echo State Networks with Truncated Singular Values,2019,,10.1109/CAC48633.2019.8996691,Nonlinear Dynamics & Chaos,,,,0.17
Brain dynamics and temporal trajectories during task and naturalistic processing,2019,,10.1016/j.neuroimage.2018.11.016,Neuroscience & Comp. Neuro,,,,2.0
Self-organization and emergence of dynamical structures in neuromorphic atomic switch networks,2019,,10.1007/978-3-319-76375-0_14,Physical & Hardware RC,,,,1.17
Photonic Reservoir Computing enabled by Silicon Micro-Rings,2019,,,Photonics & Optics,,,,0.0
Parallel Training for Large-Scale Echo State Networks via Alternating Direction Method of Multipliers,2019,,10.1109/CAC48633.2019.8996225,Nonlinear Dynamics & Chaos,,,,0.0
Prediction of tourist flow based on deep belief network and echo state network,2019,,10.18280/ria.330403,General RC / ESN Methods,,,,1.0
A novel wind speed forecasting model based on moving window and multi-objective particle swarm optimization algorithm,2019,,10.1016/j.apm.2019.07.001,Climate & Earth Sciences,,,,10.67
Online sequential echo state network with sparse RLS algorithm for time series prediction,2019,,10.1016/j.neunet.2019.05.006,Nonlinear Dynamics & Chaos,,,,8.0
Recent advances in physical reservoir computing: A review,2019,,10.1016/j.neunet.2019.03.005,Physical & Hardware RC,,,,298.17
Consistency in echo-state networks,2019,,10.1063/1.5079686,Nonlinear Dynamics & Chaos,,,,8.83
Designing neuromorphic computing systems with memristor devices,2019,,10.1007/978-3-319-76375-0_16,Physical & Hardware RC,,,,0.17
"18th International Conference on Unconventional Computation and Natural Computation, UCNC 2019",2019,,,Physical & Hardware RC,,,,0.0
Data Correlation-Aware Resource Management in Wireless Virtual Reality (VR): An Echo State Transfer Learning Approach,2019,,10.1109/TCOMM.2019.2900624,Signal Processing & Comms,,,,14.33
Long-range temporal correlations in scale-free neuromorphic networks,2019,,10.1162/netn_a_00128,Physical & Hardware RC,,,,8.83
Continual Learning Exploiting Structure of Fractal Reservoir Computing,2019,,10.1007/978-3-030-30493-5_4,Control & Robotics,,,,1.17
Reinforcement learning with low-complexity liquid state machines,2019,,10.3389/fnins.2019.00883,Control & Robotics,,,,3.5
A framework for automated collaborative fault detection in large-scale vehicle networks,2019,,10.1109/IVS.2019.8814176,General RC / ESN Methods,,,,0.0
Hybrid Regularized Echo State Network for Multivariate Chaotic Time Series Prediction,2019,,10.1109/TCYB.2018.2825253,Nonlinear Dynamics & Chaos,,,,10.83
Photonic reservoir computing based on the random interaction of transverse optical modes in large cross-section waveguides,2019,,10.1109/CLEOE-EQEC.2019.8873162,Photonics & Optics,,,,0.0
Reservoir computing with dipole-coupled nanomagnets,2019,,10.7567/1347-4065/ab2406,General RC / ESN Methods,,,,9.0
A Novel Strategy for Short-Term Prediction of Fading Channel,2019,,10.1088/1742-6596/1302/2/022078,General RC / ESN Methods,,,,0.0
Training Passive Photonic Reservoirs with Integrated Optical Readout,2019,,10.1109/TNNLS.2018.2874571,Photonics & Optics,,,,4.33
100 km 56 GBd PAM-4 transmission using photonic reservoir computing,2019,,,Photonics & Optics,,,,0.33
"2nd International Conference on Intelligent Human Systems Integration, IHSI 2019",2019,,,Control & Robotics,,,,0.0
Synchronization of chaotic systems and their machine-learning models,2019,,10.1103/PhysRevE.99.042203,Nonlinear Dynamics & Chaos,,,,21.33
Reinforcement learning of a memory task using an Echo State network with multi-layer readout,2019,,10.1007/978-3-319-78452-6_2,Control & Robotics,,,,0.33
Laser Speckle in Multimode Waveguides for Random Projections in Compressive Sensing and Reservoir Computing,2019,,10.1109/IPCon.2019.8908273,Photonics & Optics,,,,0.0
Evolutionary aspects of reservoir computing,2019,,10.1098/rstb.2018.0377,Nonlinear Dynamics & Chaos,,,,9.5
Robust Echo State Network for Recursive System Identification,2019,,10.1007/978-3-030-20521-8_21,General RC / ESN Methods,,,,0.17
Short-term wind power forecasting based on improved crow search algorithm and ESN neural network; [基于改进乌鸦算法和ESN神经网络的短期风电功率预测],2019,,10.7667/PSPC180251,Climate & Earth Sciences,,,,2.33
Analysis of the dynamics of the echo state network model using recurrence plot,2019,,10.1007/978-3-030-01818-4_35,Nonlinear Dynamics & Chaos,,,,0.0
Haptic Feedback with a Reservoir Computing-Based Recurrent Neural Network for Multiple Terrain Classification of a Walking Robot,2019,,10.1007/978-3-030-27538-9_20,Control & Robotics,,,,0.33
Optimizing echo state network with backtracking search optimization algorithm for time series forecasting,2019,,10.1016/j.engappai.2019.02.009,General RC / ESN Methods,,,,8.0
MReC: A Multilayer Photonic Reservoir Computing Architecture,2019,,10.1109/ISQED.2019.8697621,Photonics & Optics,,,,1.0
Extracting valuable information from big data for machine learning control: An application for a gas lift process,2019,,10.3390/pr7050252,Control & Robotics,,,,1.5
Recurrent neural networks for reconstructing complex directed brain connectivity,2019,,10.1109/EMBC.2019.8856721,Nonlinear Dynamics & Chaos,,,,0.83
Optical reservoir computing for lung tumor movement prediction in radiation therapy applications,2019,,10.1364/FIO.2019.FTh3F.7,Photonics & Optics,,,,0.0
A scalable Echo State Networks hardware generator for embedded systems using high-level synthesis,2019,,10.1109/MECO.2019.8760065,General RC / ESN Methods,,,,1.17
Adaptive lasso echo state network based on modified Bayesian information criterion for nonlinear system modeling,2019,,10.1007/s00521-018-3420-6,Nonlinear Dynamics & Chaos,,,,5.83
Nanophotonic hardware for reservoir computing - spectrally homogeneous microlaser arrays,2019,,10.1109/CLEOE-EQEC.2019.8873288,Photonics & Optics,,,,0.17
Network Traffic Prediction Using Variational Mode Decomposition and Multi-Reservoirs Echo State Network,2019,,10.1109/ACCESS.2019.2943026,Nonlinear Dynamics & Chaos,,,,5.17
A Power-Efficient Architecture for On-Chip Reservoir Computing,2019,,10.1007/978-3-030-30493-5_16,Photonics & Optics,,,,1.83
Fiber echo state network analogue for high-bandwidth dual-quadrature signal processing,2019,,10.1364/OE.27.002387,Physical & Hardware RC,,,,10.33
Human action recognition with a large-scale brain-inspired photonic computer,2019,,10.1038/s42256-019-0110-8,Photonics & Optics,,,,23.0
A reservoir computing model of reward-modulated motor learning and automaticity,2019,,10.1162/neco_a_01198,Neuroscience & Comp. Neuro,,,,1.67
"Delayed dynamical systems: Networks, chimeras and reservoir computing",2019,,10.1098/rsta.2018.0123,Nonlinear Dynamics & Chaos,,,,7.67
Differentiable reservoir computing,2019,,,Mathematics & Theory,,,,5.67
Analysis of reservoir computing focusing on the spectrum of bistable delayed dynamical systems,2019,,10.1002/ecj.12142,Nonlinear Dynamics & Chaos,,,,0.0
"Keynote Speech: Information processing hardware, physical reservoir computing and complex-valued neural networks",2019,,10.1109/IMFEDK48381.2019.8950700,Physical & Hardware RC,,,,1.67
Deep Reservoir Neural Networks for Trees,2019,,10.1016/j.ins.2018.12.052,Mathematics & Theory,,,,2.0
Ring-Topology Echo State Networks for ICU Sepsis Classification,2019,,10.23919/CinC49843.2019.9005810,General RC / ESN Methods,,,,0.33
Reservoir-Size Dependent Learning in Analogue Neural Networks,2019,,10.1007/978-3-030-30493-5_21,Physical & Hardware RC,,,,0.17
Machine learning aided trajectory design and power control of multi-UAV,2019,,10.1109/GLOBECOM38437.2019.9014216,Control & Robotics,,,,1.33
Mobile Robot Global Localization Based on Topological Relationship between Image Sequences in Indoor Environments; [室内环境下基于图像序列拓扑关系的移动机器人全局定位],2019,,10.13973/j.cnki.robot.180100,Control & Robotics,,,,1.0
Application of reservoir computing for the modeling of nano-contact vortex oscillator,2019,,10.3390/electronics8111315,Nonlinear Dynamics & Chaos,,,,0.33
Optical neural networks based on optical fiber-communication system,2019,,10.1016/j.neucom.2019.07.051,Photonics & Optics,,,,5.17
Liquid state machine learning for resource and cache management in LTE-U unmanned aerial vehicle (UAV) networks,2019,,10.1109/TWC.2019.2891629,Mathematics & Theory,,,,30.33
Collective dynamics of rate neurons for supervised learning in a reservoir computing system,2019,,10.1063/1.5119895,General RC / ESN Methods,,,,2.83
An interval prediction algorithm for chaos time series with controllable error rate; [一种错误率可控的混沌时间序列区间预测算法],2019,,10.13195/j.kzyjc.2017.1549,Nonlinear Dynamics & Chaos,,,,0.17
Machine learning with observers predicts complex spatiotemporal behavior,2019,,10.3389/fphy.2019.00024,Photonics & Optics,,,,2.5
Classification of Human Actions in Videos with a Large-Scale Photonic Reservoir Computer,2019,,10.1007/978-3-030-30493-5_15,Photonics & Optics,,,,0.0
Signal shaping and neuromorphic processing for optical communications,2019,,,Photonics & Optics,,,,0.0
Optical neural network by disordered tumor spheroids,2019,,,Photonics & Optics,,,,0.0
Echo State Property of Neuronal Cell Cultures,2019,,10.1007/978-3-030-30493-5_13,Mathematics & Theory,,,,2.33
A fast feature selection method in polynomial echo state networks,2019,,10.23919/ChiCC.2019.8865702,General RC / ESN Methods,,,,0.0
Reservoir computing based on cellular automata (RECA) in sequence learning,2019,,,General RC / ESN Methods,,,,0.67
The modified sufficient conditions for echo state property and parameter optimization of leaky integrator echo state network,2019,,10.1016/j.asoc.2019.02.005,Mathematics & Theory,,,,4.17
"Spiking Reservoir Networks: Brain-inspired recurrent algorithms that use random, fixed synaptic strengths",2019,,10.1109/MSP.2019.2931479,Neuroscience & Comp. Neuro,,,,1.67
Optoelectronic oscillators with time-delayed feedback,2019,,10.1103/RevModPhys.91.035006,Photonics & Optics,,,,32.5
Light-weighted services awareness scheme of the IP and optical converged network,2019,,10.1007/s11801-019-9053-x,Photonics & Optics,,,,0.0
Overview on the PHRESCO Project: PHotonic REServoir COmputing,2019,,10.1007/978-3-030-30493-5_14,Photonics & Optics,,,,0.0
Application Identification of Network Traffic by Reservoir Computing,2019,,10.1007/978-3-030-36802-9_41,Photonics & Optics,,,,0.5
Sample-level sound synthesis with recurrent neural networks and conceptors,2019,,10.7717/peerj-cs.205,Nonlinear Dynamics & Chaos,,,,1.17
Stochastic tucker-decomposed recurrent neural networks for forecasting,2019,,10.1109/GlobalSIP45357.2019.8969554,General RC / ESN Methods,,,,0.17
Comparison of Deep Neural Networks and Deep Hierarchical Models for Spatio-Temporal Data,2019,,10.1007/s13253-019-00361-7,General RC / ESN Methods,,,,3.5
Signal shaping and neuromorphic processing for optical communications,2019,,10.1109/CLEOE-EQEC.2019.8872694,Photonics & Optics,,,,0.0
Detecting unstable periodic orbits based only on time series: When adaptive delayed feedback control meets reservoir computing,2019,,10.1063/1.5120867,Nonlinear Dynamics & Chaos,,,,7.33
Photonic Neural Networks: A Survey,2019,,10.1109/ACCESS.2019.2957245,Photonics & Optics,,,,24.33
Decoding electroencephalographic signals for direction in brain-computer interface using echo state network and Gaussian readouts,2019,,10.1016/j.compbiomed.2019.05.024,Neuroscience & Comp. Neuro,,,,2.17
Physics-Informed Echo State Networks for Chaotic Systems Forecasting,2019,,10.1007/978-3-030-22747-0_15,Nonlinear Dynamics & Chaos,,,,5.67
Neuromorphic Computing in Ginzburg-Landau Polariton-Lattice Systems,2019,,10.1103/PhysRevApplied.11.064029,Physical & Hardware RC,,,,7.83
Low power neuromorphic analog system based on sub-threshold current mode circuits,2019,,10.1109/ISCAS.2019.8702633,Physical & Hardware RC,,,,0.17
Frequency-multiplexed photonic reservoir computing,2019,,10.1364/FIO.2019.JW3A.122,Photonics & Optics,,,,0.17
Temporally segregated reservoir computing and its dynamics; [时间分割的池计算网络及其动力学],2019,,10.7641/CTA.2018.80390,Nonlinear Dynamics & Chaos,,,,0.33
PAM-4 Transmission at 1550 nm Using Photonic Reservoir Computing Post-Processing,2019,,10.1109/ACCESS.2019.2905422,Photonics & Optics,,,,8.33
ESNemble: an Echo State Network-based ensemble for workload prediction and resource allocation of Web applications in the cloud,2019,,10.1007/s11227-019-02851-4,General RC / ESN Methods,,,,2.0
Parallelization in reservoir computing based on a mutually coupled electro-optic delay system,2019,,10.1364/FIO.2019.JW3A.100,Photonics & Optics,,,,0.17
Model Predictive Control Design for Dynamical Systems Learned by Echo State Networks,2019,,10.1109/LCSYS.2019.2920720,Control & Robotics,,,,8.0
A Reservoir Computing Framework for Continuous Gesture Recognition,2019,,10.1007/978-3-030-30493-5_1,General RC / ESN Methods,,,,0.5
Dynamic Clustering of Time Series with Echo State Networks,2019,,10.1007/978-3-030-20518-8_7,General RC / ESN Methods,,,,0.33
Photonic reservoir computing based on the random interaction of transverse optical modes in large cross-section waveguides,2019,,,Photonics & Optics,,,,0.0
Performance optimization research of reservoir computing system based on an optical feedback semiconductor laser under electrical information injection,2019,,10.1364/OE.27.019931,Photonics & Optics,,,,6.5
Analysis on Characteristics of Multi-Step Learning Echo State Networks for Nonlinear Time Series Prediction,2019,,10.1109/IJCNN.2019.8851876,Nonlinear Dynamics & Chaos,,,,2.17
Reservoir computing using VCSEL polarization dynamics,2019,,,Photonics & Optics,,,,0.0
Continuous Blood Pressure Estimation Through Optimized Echo State Networks,2019,,10.1007/978-3-030-30493-5_5,General RC / ESN Methods,,,,0.5
Time Series Processing with VCSEL-Based Reservoir Computer,2019,,10.1007/978-3-030-30493-5_17,Photonics & Optics,,,,0.0
Analysis of liquid ensembles for enhancing the performance and accuracy of liquid state machines,2019,,10.3389/fnins.2019.00504,Neuroscience & Comp. Neuro,,,,8.67
Structural and input reduction in a ESN for robotic navigation tasks,2019,,10.1109/SMC.2019.8914234,Control & Robotics,,,,0.33
Learning with precise spike times: A new decoding algorithm for liquid state machines,2019,,10.1162/neco_a_01218,Neuroscience & Comp. Neuro,,,,1.67
Optoelectronic Reservoir Computing Using a Mixed Digital-Analog Hardware Implementation,2019,,10.1007/978-3-030-30493-5_18,Photonics & Optics,,,,0.17
Evolutionary Optimization of Liquid State Machines for Robust Learning,2019,,10.1007/978-3-030-22796-8_41,Neuroscience & Comp. Neuro,,,,1.33
Phase noise robustness of a coherent spatially parallel optical reservoir,2019,,,Photonics & Optics,,,,0.0
Effective passenger flow forecasting using STL and ESN based on two improvement strategies,2019,,10.1016/j.neucom.2019.04.061,Nonlinear Dynamics & Chaos,,,,17.17
Multiple Sensors Based Prognostics with Prediction Interval Optimization via Echo State Gaussian Process,2019,,10.1109/ACCESS.2019.2925634,General RC / ESN Methods,,,,5.83
Behaviors of Reservoir Computing Models for Textual Documents Classification,2019,,10.1109/IJCNN.2019.8852304,Photonics & Optics,,,,1.17
"Reservoir computing with the frequency, phase, and amplitude of spin-torque nano-oscillators",2019,,10.1063/1.5079305,Nonlinear Dynamics & Chaos,,,,17.67
Characterization of the non-stationary nature of steady-state visual evoked potentials using echo state networks,2019,,10.1371/journal.pone.0218771,Neuroscience & Comp. Neuro,,,,1.33
Information dynamics with confidence: Using reservoir computing to construct confidence intervals for information-dynamic measures,2019,,10.1063/1.5100742,Physical & Hardware RC,,,,0.83
Emotion recognition based on physiological signals using brain asymmetry index and echo state network,2019,,10.1007/s00521-018-3664-1,Signal Processing & Comms,,,,8.0
Comprehensive Review of Artificial Neural Network Applications to Pattern Recognition,2019,,10.1109/ACCESS.2019.2945545,General RC / ESN Methods,,,,109.67
Echo State Network with Adversarial Training,2019,,10.1007/978-3-030-30493-5_8,Nonlinear Dynamics & Chaos,,,,0.17
Dynamical mode coexistence and chaos in a nanogap spin Hall nano-oscillator,2019,,10.1103/PhysRevB.100.104436,Nonlinear Dynamics & Chaos,,,,2.33
A Comparative Performance Analysis of Extreme Learning Machine and Echo State Network for Wireless Channel Prediction,2019,,10.1109/TELSIKS46999.2019.9002360,Signal Processing & Comms,,,,0.67
Pose regulation of a constrained circular object using Echo State Networks,2019,,10.3233/JIFS-18915,Control & Robotics,,,,0.0
Parallel tasks processing using polarization multiplexing reservoir computing based on a VCSEL with polarized optical feedback,2019,,,Photonics & Optics,,,,0.0
Deep liquid state machines with neural plasticity for video activity recognition,2019,,10.3389/fnins.2019.00686,Neuroscience & Comp. Neuro,,,,8.5
Chasing the echo state property,2019,,,Mathematics & Theory,,,,2.5
Experimental reservoir computing using VCSEL polarization dynamics,2019,,10.1364/OE.27.018579,Photonics & Optics,,,,12.33
Hybrid structure based pso for esn optimization,2019,,10.1109/ISPCE-CN48734.2019.8958625,General RC / ESN Methods,,,,0.33
Prognostic algorithm based on the relative entropy fusion and modified ESN; [一种基于关联熵融合与改进回声状态网络的故障预测方法],2019,,10.13465/j.cnki.jvs.2019.02.033,General RC / ESN Methods,,,,0.5
"15th International Work-Conference on Artificial Neural Networks, IWANN 2019",2019,,,Climate & Earth Sciences,,,,0.0
A Combination Model Based on EEMD-PE and Echo State Network for Chaotic Time Series Prediction,2019,,10.1109/ICACI.2019.8778487,Nonlinear Dynamics & Chaos,,,,0.67
Possible mechanism of internal visual perception: Context-dependent processing by predictive coding and reservoir computing network,2019,,10.2991/jrnal.k.190531.009,Nonlinear Dynamics & Chaos,,,,0.33
Road Traffic Forecasting using Stacking Ensembles of Echo State Networks,2019,,10.1109/ITSC.2019.8917356,General RC / ESN Methods,,,,1.0
Physical reservoir computing using magnetic skyrmion memristor and spin torque nano-oscillator,2019,,10.1063/1.5115183,Physical & Hardware RC,,,,20.83
Bio-Inspired Evolutionary Model of Spiking Neural Networks in Ionic Liquid Space,2019,,10.3389/fnins.2019.01085,Neuroscience & Comp. Neuro,,,,2.83
Energy-efficient FPGA spiking neural accelerators with supervised and unsupervised spike-timing-dependent-plasticity,2019,,10.1145/3313866,Neuroscience & Comp. Neuro,,,,1.67
Spiking echo state convolutional neural network for robust time series classification,2019,,10.1109/ACCESS.2018.2887354,Neuroscience & Comp. Neuro,,,,5.33
Orthogonal least squares based incremental echo state networks for nonlinear time series data analysis,2019,,10.1109/ACCESS.2019.2960606,Nonlinear Dynamics & Chaos,,,,0.5
Reservoir computing using VCSEL polarization dynamics,2019,,10.1109/CLEOE-EQEC.2019.8872562,Photonics & Optics,,,,0.17
Gradient-Based Learning of Compositional Dynamics with Modular RNNs,2019,,10.1007/978-3-030-30487-4_38,Signal Processing & Comms,,,,0.83
A prediction-based charging policy and interference mitigation approach in the wireless powered internet of things,2019,,10.1109/JSAC.2018.2872429,Signal Processing & Comms,,,,16.33
Reservoir Computing Based on Dynamics of Pseudo-Billiard System in Hypercube,2019,,10.1109/IJCNN.2019.8852329,Mathematics & Theory,,,,2.33
Avalanches and criticality in self-organized nanoscale networks,2019,,10.1126/sciadv.aaw8438,Physical & Hardware RC,,,,16.33
Nanophotonic hardware for reservoir computing - Spectrally homogeneous microlaser arrays,2019,,,Photonics & Optics,,,,0.0
The reservoir's perspective on generalized synchronization,2019,,10.1063/1.5120733,Nonlinear Dynamics & Chaos,,,,6.17
Reservoir computing for sensing - An experimental approach,2019,,,General RC / ESN Methods,,,,1.17
Reservoir Topology in Deep Echo State Networks,2019,,10.1007/978-3-030-30493-5_6,General RC / ESN Methods,,,,2.0
Hyper-spherical Reservoirs for Echo State Networks,2019,,10.1007/978-3-030-30493-5_9,Nonlinear Dynamics & Chaos,,,,0.0
Gradient based hyperparameter optimization in Echo State Networks,2019,,10.1016/j.neunet.2019.02.001,General RC / ESN Methods,,,,11.67
Attention based Echo state Network: A novel approach for fault prognosis,2019,,10.1145/3318299.3318325,Nonlinear Dynamics & Chaos,,,,2.67
New approaches towards chemosensing,2019,,10.1109/SMICND.2019.8923800,General RC / ESN Methods,,,,0.67
Calculation of Surface Potential Distribution of Grounding Grid Based on Echo State Network; [基于回声状态网络的接地网地表电位计算],2019,,10.13296/j.1001-1609.hva.2019.03.023,General RC / ESN Methods,,,,0.5
Transferring Reservoir Computing: Formulation and Application to Fluid Physics,2019,,10.1007/978-3-030-30493-5_22,Nonlinear Dynamics & Chaos,,,,1.17
"Echo state networks: Analysis, training and predictive control",2019,,10.23919/ECC.2019.8795677,Control & Robotics,,,,1.83
Effect of Synthesis Procedure on the Size of Ag/Ag2S Core-Shell Nanoparticles for Memristive Brain-Like Devices,2019,,10.1109/RSM46715.2019.8943543,Physical & Hardware RC,,,,0.17
Coupled Nonlinear Delay Systems as Deep Convolutional Neural Networks,2019,,10.1103/PhysRevLett.123.054101,Nonlinear Dynamics & Chaos,,,,8.33
ResInNet: A Novel Deep Neural Network with Feature Reuse for Internet of Things,2019,,10.1109/JIOT.2018.2853663,Mathematics & Theory,,,,13.33
Hybrid cycle reservoir with jumps for multivariate time series prediction: Industrial application in oil drilling process,2019,,10.1088/1361-6501/ab3fe3,Nonlinear Dynamics & Chaos,,,,1.17
Temporal data classification and forecasting using a memristor-based reservoir computing system,2019,,10.1038/s41928-019-0313-3,Physical & Hardware RC,,,,94.0
Non-volatile photonic weights and their impact on photonic reservoir computing systems,2019,,,Photonics & Optics,,,,0.0
Effects of singular value spectrum on the performance of echo state network,2019,,10.1016/j.neucom.2019.05.068,Mathematics & Theory,,,,1.83
Revising recurrent neural networks from a granular perspective,2019,,10.1016/j.asoc.2019.105535,Mathematics & Theory,,,,2.67
A predictive control for pneumatic muscle actuators based exoskeleton by using MIMO echo state network,2019,,10.1109/ICARM.2019.8833721,Control & Robotics,,,,0.17
Reservoir computing with complex cellular automata,2019,,10.25088/ComplexSystems.28.4.433,Nonlinear Dynamics & Chaos,,,,2.33
A novel combined model based on echo state network for multi-step ahead wind speed forecasting: A case study of NREL,2019,,10.1016/j.enconman.2018.10.068,Climate & Earth Sciences,,,,13.0
High performance optical reservoir computing based on spatially extended systems,2019,,,Photonics & Optics,,,,0.0
Trajectory design and power control for multi-UAV assisted wireless networks: A machine learning approach,2019,,10.1109/TVT.2019.2920284,Control & Robotics,,,,56.67
Deep Learning for 360° Content Transmission in UAV-Enabled Virtual Reality,2019,,10.1109/ICC.2019.8761472,Signal Processing & Comms,,,,1.83
Comparison of Feature Extraction Techniques for Handwritten Digit Recognition with a Photonic Reservoir Computer,2019,,10.1007/978-3-030-30493-5_19,Photonics & Optics,,,,0.0
Machine Learning for Position Prediction and Determination in Aerial Base Station System,2019,,10.1109/ICC.2019.8761117,General RC / ESN Methods,,,,1.33
Adaptive identification model for export clinker temperature in cement grate cooler; [水泥篦冷机出口熟料温度自适应辨识模型],2019,,10.7641/CTA.2018.70932,Control & Robotics,,,,0.5
Memristor-Based Echo State Network with Online Least Mean Square,2019,,10.1109/TSMC.2018.2825021,Physical & Hardware RC,,,,17.0
Richness of Deep Echo State Network Dynamics,2019,,10.1007/978-3-030-20521-8_40,General RC / ESN Methods,,,,4.0
Echo state network prediction based on backtracking search optimization algorithm,2019,,10.1109/ITNEC.2019.8729414,Nonlinear Dynamics & Chaos,,,,1.0
Prediction of air pollution concentration based on mRMR and echo state network,2019,,10.3390/app9091811,Nonlinear Dynamics & Chaos,,,,4.33
A novel photovoltaic power forecasting model based on echo state network,2019,,10.1016/j.neucom.2018.10.022,General RC / ESN Methods,,,,12.17
Boosting Computational Power through Spatial Multiplexing in Quantum Reservoir Computing,2019,,10.1103/PhysRevApplied.11.034021,Quantum RC,,,,21.5
Pruning Algorithm for Modular Echo State Network Based on Sensitivity Analysis,2019,,10.16383/j.aas.c180288,Mathematics & Theory,,,,1.83
Wind Power Forecasting Based on Echo State Network,2019,,10.1109/iSPEC48194.2019.8975249,Climate & Earth Sciences,,,,0.5
"Proceedings of the 2019 7th Annual Neuro-Inspired Computational Elements Workshop, NICE 2019",2019,,,Physical & Hardware RC,,,,0.0
Synchronizing hyperchaotic subsystems with a single variable: A reservoir computing approach,2019,,10.1016/j.physa.2019.122273,Nonlinear Dynamics & Chaos,,,,2.5
"5th International Conference on Robot Intelligence Technology and Applications, RiTA 2017",2019,,,Control & Robotics,,,,0.0
Echo state network-based spatio-temporal model for solar irradiance estimation,2019,,10.1016/j.egypro.2019.01.868,General RC / ESN Methods,,,,1.0
Prediction and classification performance of reservoir computing system using mutually delay-coupled semiconductor lasers,2019,,10.1016/j.optcom.2018.10.014,Photonics & Optics,,,,7.5
Wind speed and wind direction forecasting using echo state network with nonlinear functions,2019,,10.1016/j.renene.2018.07.060,Climate & Earth Sciences,,,,23.5
Federated deep learning for immersive virtual reality over wireless networks,2019,,10.1109/GLOBECOM38437.2019.9013419,Signal Processing & Comms,,,,1.17
Morphological Reservoir Computing Hardware,2019,,10.1109/PATMOS.2019.8862100,Physical & Hardware RC,,,,0.17
Optical equalization using photonic reservoir computing with optical analog signal injection,2019,,,Photonics & Optics,,,,0.0
Model-free prediction of spatiotemporal dynamical systems with recurrent neural networks: Role of network spectral radius,2019,,10.1103/PhysRevResearch.1.033056,Nonlinear Dynamics & Chaos,,,,21.17
Multiple Pattern Generations and Chaotic Itinerant Dynamics in Reservoir Computing,2019,,10.1007/978-3-030-30493-5_7,Nonlinear Dynamics & Chaos,,,,0.17
Multi-switches fault diagnosis based on small low-frequency data for voltage-source inverters of PMSM drives,2019,,10.1109/TPEL.2018.2875718,General RC / ESN Methods,,,,8.33
Self-similarity analysis and application of water network traffic,2019,,10.1109/BigDataService.2019.00045,General RC / ESN Methods,,,,0.0
A very concise feature representation for time series classification understanding,2019,,10.23919/MVA.2019.8757981,General RC / ESN Methods,,,,0.0
"28th International Conference on Artificial Neural Networks, ICANN 2019",2019,,,Photonics & Optics,,,,0.0
Network structure effects in reservoir computers,2019,,10.1063/1.5097686,Nonlinear Dynamics & Chaos,,,,12.0
Spatio-Temporal Interpolated Echo State Network for Meteorological Series Prediction,2019,,10.1109/TNNLS.2018.2869131,Climate & Earth Sciences,,,,8.0
Reconstruction of complex dynamical systems from time series using reservoir computing,2019,,10.1109/ISCAS.2019.8702137,Nonlinear Dynamics & Chaos,,,,2.17
Predicting slow and fast neuronal dynamics with machine learning,2019,,10.1063/1.5119723,Nonlinear Dynamics & Chaos,,,,2.17
An echo state network based approach to room classification of office buildings,2019,,10.1016/j.neucom.2018.12.033,General RC / ESN Methods,,,,2.83
Transmission condition monitoring of 3d printers based on the echo state network,2019,,10.3390/app9153058,General RC / ESN Methods,,,,1.5
A fast machine learning model for ECG-based heartbeat classification and arrhythmia detection,2019,,10.3389/fphy.2019.00109,Signal Processing & Comms,,,,28.33
Good and bad predictions: Assessing and improving the replication of chaotic attractors by means of reservoir computing,2019,,10.1063/1.5118725,Nonlinear Dynamics & Chaos,,,,11.5
Demystifying echo state network with deterministic simple topologies,2019,,10.1504/IJCSE.2019.101349,Mathematics & Theory,,,,0.67
A Neuromorphic Silicon Photonics Nonlinear Equalizer for Optical Communications with Intensity Modulation and Direct Detection,2019,,10.1109/JLT.2019.2900568,Photonics & Optics,,,,11.5
Parallel information processing by a reservoir computing system based on a VCSEL subject to double optical feedback and optical injection,2019,,10.1364/OE.27.026070,Photonics & Optics,,,,8.5
Reservoir computing model of prefrontal cortex creates novel combinations of previous navigation sequences from hippocampal place-cell replay with spatial reward propagation,2019,,10.1371/journal.pcbi.1006624,Neuroscience & Comp. Neuro,,,,3.33
A Distributed Algorithm for the Cooperative Prediction of Power Production in PV Plants,2019,,10.1109/TEC.2018.2873009,General RC / ESN Methods,,,,8.5
Seasonal Streamflow Series Forecasting Using Recurrent Neural Networks,2019,,10.1109/LA-CCI.2018.8625218,Climate & Earth Sciences,,,,0.33
Reservoir computing system with double optoelectronic feedback loops,2019,,10.1364/OE.27.027431,Photonics & Optics,,,,14.0
Reservoir computing based on transverse modes in a single optical waveguide,2019,,10.1364/OL.44.001218,Photonics & Optics,,,,2.33
A novel system for wind speed forecasting based on multi-objective optimization and echo state network,2019,,10.3390/su11020526,Climate & Earth Sciences,,,,6.83
Echo-State Networks for Network Traffic Prediction,2019,,10.1109/IEMCON.2019.8936255,Mathematics & Theory,,,,2.5
Phase noise robustness of a coherent spatially parallel optical reservoir,2019,,10.1109/CLEOE-EQEC.2019.8872207,Photonics & Optics,,,,0.17
Heave compensation prediction based on echo state network with correntropy induced loss function,2019,,10.1371/journal.pone.0217361,Nonlinear Dynamics & Chaos,,,,0.83
Batch Gradient Training Method with Smoothing l0 Regularization for Echo State Networks,2019,,10.1007/978-3-030-32388-2_42,Mathematics & Theory,,,,0.0
Effects of some operation parameters on the performance of a reservoir computing system based on a delay feedback semiconductor laser with information injection by current modulation,2019,,10.1109/ACCESS.2019.2938552,Photonics & Optics,,,,1.33
Encoding of a Chaotic Attractor in a Reservoir Computer: A Directional Fiber Investigation,2019,,10.1109/IJCNN.2019.8851853,Nonlinear Dynamics & Chaos,,,,0.17
Multiple round-trip delay-based architecture for Si-integrated photonic reservoir computing,2019,,,Photonics & Optics,,,,0.0
Short-term synaptic plasticity expands the operational range of long-term synaptic changes in neural networks,2019,,10.1016/j.neunet.2019.06.002,Neuroscience & Comp. Neuro,,,,1.67
Self-similarity Analysis and Application of Network Traffic,2019,,10.1007/978-3-030-28468-8_9,Signal Processing & Comms,,,,0.0
Enhanced performances of a photonic reservoir computer based on a single delayed quantum cascade laser,2019,,10.1364/OL.44.000049,Photonics & Optics,,,,6.83
Machine learning algorithms for predicting the amplitude of chaotic laser pulses,2019,,10.1063/1.5120755,Photonics & Optics,,,,12.17
Low-cost and Small-sample Fault Diagnosis for 3D Printers Based on Echo State Networks,2019,,10.1109/PHM-Qingdao46334.2019.8942894,Control & Robotics,,,,0.67
Liquid State Based Transfer Learning for 360° Image Transmission in Wireless VR Networks,2019,,10.1109/ICC.2019.8761494,Signal Processing & Comms,,,,1.0
Second type of criticality in the brain uncovers rich multiple-neuron dynamics,2019,,10.1073/pnas.1818972116,Neuroscience & Comp. Neuro,,,,13.0
Implementation of optical feedback modulation in photonic reservoir computing,2019,,10.1364/FIO.2019.JW3A.95,Photonics & Optics,,,,0.0
Dynamical regularized echo state network for time series prediction,2019,,10.1007/s00521-018-3488-z,Nonlinear Dynamics & Chaos,,,,6.33
Multiple round-trip delay-based architecture for Si-integrated photonic reservoir computing,2019,,10.1109/CLEOE-EQEC.2019.8872403,Photonics & Optics,,,,0.0
Method of selecting operating point of reservoir computing system based on semiconductor lasers; [半导体激光器储备池计算系统的工作点选取方法],2019,,10.7498/aps.68.20191039,Photonics & Optics,,,,0.83
Coexisting periodic regimes in semiconductor lasers with optical feedback,2019,,10.1117/12.2510499,Photonics & Optics,,,,0.0
Analysis of wide and deep echo state networks for multiscale spatiotemporal time series forecasting,2019,,10.1145/3320288.3320303,Neuroscience & Comp. Neuro,,,,0.67
Information processing capability of soft continuum arms,2019,,10.1109/ROBOSOFT.2019.8722777,Control & Robotics,,,,1.5
Reservoir computing based echo state networks for ventricular heart beat classification,2019,,10.3390/app9040702,Signal Processing & Comms,,,,3.67
Prediction of Chemical Oxygen Demand in Sewage Based on Support Vector Machine and Neural Network,2019,,10.1007/978-3-030-26763-6_18,General RC / ESN Methods,,,,0.0
Consensus maneuvering for a class of nonlinear multivehicle systems in strict-feedback form,2019,,10.1109/TCYB.2018.2822258,Mathematics & Theory,,,,10.17
Stochastic polarization switching induced by optical injection in bimodal quantum-dot micropillar lasers,2019,,10.1364/OE.27.028816,Photonics & Optics,,,,2.33
A small-world topology enhances the echo state property and signal propagation in reservoir computing,2019,,10.1016/j.neunet.2019.01.002,Mathematics & Theory,,,,22.83
A Chaotic Boltzmann Machine Working as a Reservoir and Its Analog VLSI Implementation,2019,,10.1109/IJCNN.2019.8852325,Physical & Hardware RC,,,,1.83
Online Blind Equalization Algorithm for Satellite Channel Based on Echo State Network; [基于回声状态网络的卫星信道在线盲均衡算法],2019,,10.11999/JEIT190034,Signal Processing & Comms,,,,0.33
Laser networks for reservoir computing: How can we optimize the performance?,2019,,,Photonics & Optics,,,,0.0
Deep Q-Network Based Power Allocation Meets Reservoir Computing in Distributed Dynamic Spectrum Access Networks,2019,,10.1109/INFCOMW.2019.8845152,Control & Robotics,,,,0.33
Echo-State Restricted Boltzmann Machines: A Perspective on Information Compensation,2019,,10.1109/ACCESS.2019.2893252,Mathematics & Theory,,,,1.67
Echo State Networks for Named Entity Recognition,2019,,10.1007/978-3-030-30493-5_11,General RC / ESN Methods,,,,1.5
"12th International Conference on Intelligent Robotics and Applications, ICIRA 2019",2019,,,Control & Robotics,,,,0.0
Lightweight autonomous bayesian optimization of Echo-State Networks,2019,,,Control & Robotics,,,,0.67
Photovoltaic output prediction model based on echo state networks with weather type index,2019,,10.1145/3319921.3319943,Climate & Earth Sciences,,,,0.5
Wearable wristworn gesture recognition using echo state network,2019,,10.1109/ICECS46596.2019.8965219,General RC / ESN Methods,,,,1.5
Reservoir computing on spin-torque oscillator array,2019,,10.1103/PhysRevApplied.12.024052,Nonlinear Dynamics & Chaos,,,,14.33
Predicting Performance using Approximate State Space Model for Liquid State Machines,2019,,10.1109/IJCNN.2019.8852038,Neuroscience & Comp. Neuro,,,,1.33
Lane change prediction using an echo state network,2019,,10.1007/978-3-030-11051-2_11,General RC / ESN Methods,,,,0.5
Stability analysis of reservoir computers dynamics via Lyapunov functions,2019,,10.1063/1.5123733,Mathematics & Theory,,,,1.83
Distributive dynamic spectrum access through deep reinforcement learning: A reservoir computing-based approach,2019,,10.1109/JIOT.2018.2872441,Control & Robotics,,,,33.83
Interference management for cellular-connected UAVs: A deep reinforcement learning approach,2019,,10.1109/TWC.2019.2900035,Control & Robotics,,,,59.33
Constructive Role of Noise for High-Quality Replication of Chaotic Attractor Dynamics Using a Hardware-Based Reservoir Computer,2019,,10.1103/PhysRevApplied.12.034058,Nonlinear Dynamics & Chaos,,,,4.33
Distributed Kerr Non-linearity in a Coherent All-Optical Fiber-Ring Reservoir Computer,2019,,10.3389/fphy.2019.00138,Photonics & Optics,,,,5.0
"Application of a hybrid model based on echo state network and improved particle swarm optimization in PM2.5 concentration forecasting: A case study of Beijing, China",2019,,10.3390/su11113096,Mathematics & Theory,,,,5.0
Data-driven reconstruction of nonlinear dynamics from sparse observation,2019,,10.1016/j.jcp.2019.06.039,Nonlinear Dynamics & Chaos,,,,4.33
Deep echo state network with reservoirs of multiple activation functions for time-series prediction,2019,,10.1007/s12046-019-1124-y,Nonlinear Dynamics & Chaos,,,,2.17
Chaotic Neural Network Reservoir,2019,,10.1109/IJCNN.2019.8852265,Nonlinear Dynamics & Chaos,,,,3.0
Control design for targeting dynamics of memristor murali-lakshmanan-chua circuit,2019,,10.23919/ECC.2019.8795813,Physical & Hardware RC,,,,1.5
Neural network-based modeling methodologies for energy transformation equipment in integrated steelworks processes,2019,,10.1016/j.egypro.2019.01.831,Control & Robotics,,,,2.83
Artificial Neural Networks-Based Machine Learning for Wireless Networks: A Tutorial,2019,,10.1109/COMST.2019.2926625,Signal Processing & Comms,,,,159.83
Physical reservoir computing based on spin torque oscillator with forced synchronization,2019,,10.1063/1.5081797,Nonlinear Dynamics & Chaos,,,,25.17
Question Classification with Untrained Recurrent Embeddings,2019,,10.1007/978-3-030-35166-3_26,General RC / ESN Methods,,,,0.67
Computing optimal discrete readout weights in reservoir computing is NP-hard,2019,,10.1016/j.neucom.2019.02.009,Physical & Hardware RC,,,,1.5
Structure optimization for echo state network based on contribution,2019,,10.26599/TST.2018.9010049,Nonlinear Dynamics & Chaos,,,,2.17
Time series prediction model of grey wolf optimized echo state network,2019,,10.5334/dsj-2019-016,Nonlinear Dynamics & Chaos,,,,1.17
Hierarchical temporal representation in linear reservoir computing,2019,,10.1007/978-3-319-95098-3_11,Nonlinear Dynamics & Chaos,,,,1.5
Model and Feature Aggregation Based Federated Learning for Multi-sensor Time Series Trend Following,2019,,10.1007/978-3-030-20521-8_20,General RC / ESN Methods,,,,2.17
Word Embeddings Improvement via Echo State Networks,2019,,10.1109/INISTA.2019.8778297,General RC / ESN Methods,,,,0.67
Detecting non-control-flow hijacking attacks using contextual execution information,2019,,10.1145/3337167.3337168,General RC / ESN Methods,,,,1.17
Delay-Based Reservoir Computing Using Multimode Semiconductor Lasers: Exploiting the Rich Carrier Dynamics,2019,,10.1109/JSTQE.2019.2952594,Photonics & Optics,,,,7.17
Impact of coupling topology upon noise robustness of small optical reservoirs,2020,,10.1038/s41598-020-70775-8,Photonics & Optics,,,,1.0
An ensemble of echo state networks for predicting the energy production of wind plants,2020,,10.3850/978-981-14-8593-0_5701-cd,Climate & Earth Sciences,,,,0.6
Reservoir Computing Meets Wi-Fi in Software Radios: Neural Network-based Symbol Detection using Training Sequences and Pilots,2020,,10.1109/WOCC48579.2020.9114937,Photonics & Optics,,,,2.4
The 2020 magnetism roadmap,2020,,10.1088/1361-6463/ab9d98,Photonics & Optics,,,,42.0
Optimization of a silicon micro-ring resonator for photonic reservoir computing,2020,,,Photonics & Optics,,,,0.0
Autoreservoir computing for multistep ahead prediction based on the spatiotemporal information transformation,2020,,10.1038/s41467-020-18381-0,Nonlinear Dynamics & Chaos,,,,21.8
Performance optimization of a reservoir computing system based on a solitary semiconductor laser under electrical-message injection,2020,,10.1364/AO.394999,Photonics & Optics,,,,2.6
Toward Arbitrary Control of Lattice Interactions in Nonequilibrium Condensates,2020,,10.1002/qute.201900065,Photonics & Optics,,,,3.6
A personalized blood pressure prediction model using recurrent kernel extreme reservoir machine,2020,,10.1007/978-3-030-12388-8_62,Control & Robotics,,,,0.2
Tropical Reservoir Computing Hardware,2020,,10.1109/TCSII.2020.2966320,Physical & Hardware RC,,,,0.8
A combination approach based on seasonal adjustment method and echo state network for energy consumption forecasting in USA,2020,,10.1007/s12053-020-09897-x,Signal Processing & Comms,,,,1.4
Ocean surface wind prediction Based on GA-LIESN On-line Learning Model,2020,,10.23919/CCC50068.2020.9188797,Climate & Earth Sciences,,,,0.0
Integrated photonic delay-lasers for reservoir computing,2020,,10.1117/12.2550576,Photonics & Optics,,,,1.2
Reservoir Computing for Jurkat T-cell Segmentation in High Resolution Live Cell Ca2+ Fluorescence Microscopy,2020,,10.1109/ISBI45749.2020.9098464,Photonics & Optics,,,,0.2
Flight operation risk prediction model based on the multivariate chaotic time series; [基于多变量混沌时间序列的航班运行风险预测模型],2020,,10.13374/j.issn2095-9389.2019.12.09.002,Nonlinear Dynamics & Chaos,,,,1.4
The location of the axon initial segment affects the bandwidth of spike initiation dynamics,2020,,10.1371/journal.pcbi.1008087,Neuroscience & Comp. Neuro,,,,1.6
Effective models and predictability of chaotic multiscale systems via machine learning,2020,,10.1103/PhysRevE.102.052203,Nonlinear Dynamics & Chaos,,,,3.0
Rebooting neuromorphic design - A complexity engineering approach,2020,,10.1109/ICRC2020.2020.00012,Physical & Hardware RC,,,,0.4
Neuromorphic reservoir computing system using a semiconductor nanolaser with double phase conjugate feedbacks,2020,,,Photonics & Optics,,,,0.0
Reservoir computing based on laser subject to optoelectronic feedback,2020,,10.1109/ICLO48556.2020.9285607,Photonics & Optics,,,,0.0
Echo State Network-Based Backstepping Adaptive Iterative Learning Control for Strict-Feedback Systems: An Error-Tracking Approach,2020,,10.1109/TCYB.2019.2931877,Control & Robotics,,,,30.6
Soft-sensor model of mine water inrush sources based on PCA-CRHJ network,2020,,10.1109/ICUEMS50872.2020.00119,Climate & Earth Sciences,,,,0.2
Stability and memory-loss go hand-in-hand: Three results in dynamics and computation: Stability & Memory-loss go Hand-in-Hand,2020,,10.1098/rspa.2020.0563,Physical & Hardware RC,,,,3.0
Chaotic time series prediction using phase space reconstruction based conceptor network,2020,,10.1007/s11571-020-09612-7,Nonlinear Dynamics & Chaos,,,,4.8
Improving time series recognition and prediction with networks and ensembles of passive photonic reservoirs,2020,,10.1109/JSTQE.2019.2929699,Photonics & Optics,,,,8.2
Reservoir Computing Using a Spin-Wave Delay-Line Active-Ring Resonator Based on Yttrium-Iron-Garnet Film,2020,,10.1103/PhysRevApplied.13.034057,Photonics & Optics,,,,17.4
Reservoir computing with two-bit input task using dipole-coupled nanomagnet array,2020,,10.7567/1347-4065/ab4f0f,Mathematics & Theory,,,,2.4
"ESANN 2020 - Proceedings, 28th European Symposium on Artificial Neural Networks, Computational Intelligence and Machine Learning",2020,,,Quantum RC,,,,0.0
Deep echo state network: a novel machine learning approach to model dew point temperature using meteorological variables,2020,,10.1080/02626667.2020.1735639,Climate & Earth Sciences,,,,7.0
Liquid State Machine to Generate the Movement Profiles for the Gait Cycle of a Six Degrees-of-Freedom Bipedal Robot in a Sagittal Plane,2020,,10.1115/1.4044621,Control & Robotics,,,,0.4
A Novel Sparse Echo Autoencoder Network for Data-Driven Fault Diagnosis of Delta 3-D Printers,2020,,10.1109/TIM.2019.2905752,Nonlinear Dynamics & Chaos,,,,13.2
Asynchronous Brain Computer Interfaces Using Echo State Networks,2020,,10.1109/IJCNN48605.2020.9207481,Signal Processing & Comms,,,,0.2
Development of Highly Homogenous Quantum Dot Micropillar Arrays for Optical Reservoir Computing,2020,,10.1109/JSTQE.2019.2925968,Photonics & Optics,,,,5.4
Design and Implementation of Pulse-Coupled Phase Oscillators on a Field-Programmable Gate Array for Reservoir Computing,2020,,10.1007/978-3-030-63823-8_39,Nonlinear Dynamics & Chaos,,,,1.0
Fault diagnosis in smart grids using a deep long short-term memory-based feature learning architecture,2020,,10.3850/978-981-14-8593-0_4713-cd,Signal Processing & Comms,,,,0.0
Echo state network-based feature extraction for efficient color image segmentation,2020,,10.1002/cpe.5719,General RC / ESN Methods,,,,3.4
"Electroformed, Self-Connected Tin Oxide Nanoparticle Networks for Electronic Reservoir Computing",2020,,10.1002/aelm.202000081,Physical & Hardware RC,,,,2.6
A hardware-oriented echo state network and its FPGA implementation,2020,,10.2991/jrnal.k.200512.012,Physical & Hardware RC,,,,3.6
Backpropagation algorithms and Reservoir Computing in Recurrent Neural Networks for the forecasting of complex spatiotemporal dynamics,2020,,10.1016/j.neunet.2020.02.016,Nonlinear Dynamics & Chaos,,,,81.8
Smoothed deep neural networks for marine sensor data prediction,2020,,10.1109/ACCESS.2020.2970202,Nonlinear Dynamics & Chaos,,,,0.8
EchoBay,2020,,10.1145/3404993,General RC / ESN Methods,,,,2.2
Bayesian optimized echo state network applied to short-term load forecasting,2020,,10.3390/en13092390,Mathematics & Theory,,,,8.6
A training algorithm for networks of high-variability reservoirs,2020,,10.1038/s41598-020-71549-y,Physical & Hardware RC,,,,1.8
Echo State Network for Extended State Observer and Sliding Mode Control of Vehicle Drive Motor with Unknown Hysteresis Nonlinearity,2020,,10.1155/2020/2534038,Nonlinear Dynamics & Chaos,,,,2.0
DeePr-ESN: A deep projection-encoding echo-state network,2020,,10.1016/j.ins.2019.09.049,Nonlinear Dynamics & Chaos,,,,20.8
Optimizing Deep Belief Echo State Network with a Sensitivity Analysis Input Scaling Auto-Encoder algorithm,2020,,10.1016/j.knosys.2019.105257,Mathematics & Theory,,,,2.4
Continual Learning of Recurrent Neural Networks by Locally Aligning Distributed Representations,2020,,10.1109/TNNLS.2019.2953622,Neuroscience & Comp. Neuro,,,,9.0
Self-Learning Hot Data Prediction: Where Echo State Network Meets NAND Flash Memories,2020,,10.1109/TCSI.2019.2960015,Nonlinear Dynamics & Chaos,,,,2.8
Simplifying deep reservoir architectures,2020,,,General RC / ESN Methods,,,,0.2
Machine learning based on reservoir computing with time-delayed optoelectronic and photonic systems,2020,,10.1063/1.5120788,Photonics & Optics,,,,14.8
A perspective on machine learning in turbulent flows,2020,,10.1080/14685248.2020.1757685,Climate & Earth Sciences,,,,18.8
Risk bounds for reservoir computing,2020,,,Mathematics & Theory,,,,6.8
Deep learning based physical layer security of D2D underlay cellular network,2020,,10.23919/JCC.2020.02.008,Mathematics & Theory,,,,3.8
Input-driven bifurcations and information processing capacity in spintronics reservoirs,2020,,10.1103/PhysRevResearch.2.043303,Physical & Hardware RC,,,,9.2
Mapping topological characteristics of dynamical systems into neural networks: A reservoir computing approach,2020,,10.1103/PhysRevE.102.033314,Nonlinear Dynamics & Chaos,,,,5.0
ALIFE 2018 - 2018 Conference on Artificial Life: Beyond AI,2020,,,General RC / ESN Methods,,,,0.0
Step-like dependence of memory function on pulse width in spintronics reservoir computing,2020,,10.1038/s41598-020-76142-x,Physical & Hardware RC,,,,4.2
Photonic reservoir computing enabled by active silicon micro-rings with transparent signal injection,2020,,10.1364/CLEO_AT.2020.JTu2E.11,Photonics & Optics,,,,0.0
Proposal and Experimental Demonstration of Reservoir Computing using Hf0.5Zr0.5O2/Si FeFETs for Neuromorphic Applications,2020,,10.1109/VLSITechnology18217.2020.9265110,Physical & Hardware RC,,,,7.0
On Improving The Computing Capacity of Dynamical Systems,2020,,10.1038/s41598-020-65404-3,Mathematics & Theory,,,,1.4
"29th International Conference on Artificial Neural Networks, ICANN 2020",2020,,,Physical & Hardware RC,,,,0.0
Ring Reservoir Neural Networks for Graphs,2020,,10.1109/IJCNN48605.2020.9206723,General RC / ESN Methods,,,,3.0
Spatial distribution of information effective for logic function learning in spin-wave reservoir computing chip utilizing spatiotemporal physical dynamics,2020,,10.1109/IJCNN48605.2020.9207629,Physical & Hardware RC,,,,0.6
"2020 IFIP/IEEE 28th International Conference on Very Large Scale Integration, VLSI-SOC 2020",2020,,,Physical & Hardware RC,,,,0.0
Predicting phase and sensing phase coherence in chaotic systems with machine learning,2020,,10.1063/5.0006304,Nonlinear Dynamics & Chaos,,,,8.8
Mixed-signal neuromorphic platform design for streaming biomedical signal processing,2020,,10.1049/PBCS055E_ch10,Physical & Hardware RC,,,,0.2
Using reservoir computer to predict and prevent extreme events,2020,,10.1016/j.physleta.2020.126591,Nonlinear Dynamics & Chaos,,,,7.6
Real-Time Recurrent Tactile Recognition: Momentum Batch-Sequential Echo State Networks,2020,,10.1109/TSMC.2017.2746565,General RC / ESN Methods,,,,0.4
Efficient reservoir computing using FPGA and electro-optic modulation,2020,,10.1364/FIO.2020.JM6B.20,Photonics & Optics,,,,0.2
Temperature Prediction of Photovoltaic Panels Based on Delayed Echo State Network; [基于延迟回声状态网的光伏电池板温度预测方法],2020,,10.16383/j.aas.c200167,Mathematics & Theory,,,,1.2
Forecasting energy consumption and wind power generation using deep echo state network,2020,,10.1016/j.renene.2020.03.042,Climate & Earth Sciences,,,,28.8
Photonic coherent reservoir computer based on fiber-ring with distributed nonlinearity,2020,,10.1117/12.2557484,Photonics & Optics,,,,0.0
Photonic Reservoir Computing in Optical Transmission Systems,2020,,10.1109/SUM48678.2020.9161045,Photonics & Optics,,,,1.6
Effect of recurrent infomax on the information processing capability of input-driven recurrent neural networks,2020,,10.1016/j.neures.2020.02.001,Photonics & Optics,,,,1.0
Optimizing echo state network through a novel fisher maximization based stochastic gradient descent,2020,,10.1016/j.neucom.2020.07.034,General RC / ESN Methods,,,,3.4
Optimizing a quantum reservoir computer for time series prediction,2020,,10.1038/s41598-020-71673-9,Quantum RC,,,,11.0
Time series prediction using deep echo state networks,2020,,10.1007/s00521-020-04948-x,Nonlinear Dynamics & Chaos,,,,19.6
Two-Step FORCE Learning Algorithm for Fast Convergence in Reservoir Computing,2020,,10.1007/978-3-030-61616-8_37,Mathematics & Theory,,,,1.4
Human-machine teaming: A movement-focused approach,2020,,10.1115/IMECE2020-23299,Control & Robotics,,,,0.0
Artificial neural networks to estimate the influence of vehicular emission variables on morbidity and mortality in the largest metropolis in South America,2020,,10.3390/su12072621,Climate & Earth Sciences,,,,8.0
Circuit techniques for efficient implementation of memristor based reservoir computing,2020,,10.1109/iscas45731.2020.9180800,Physical & Hardware RC,,,,1.4
Cross-Situational Learning with Reservoir Computing for Language Acquisition Modelling,2020,,10.1109/IJCNN48605.2020.9206650,Control & Robotics,,,,2.0
Building Reservoir Computing Hardware Using Low Energy-Barrier Magnetics,2020,,10.1145/3407197.3407217,Physical & Hardware RC,,,,0.2
The echo index and multistability in input-driven recurrent neural networks,2020,,10.1016/j.physd.2020.132609,Nonlinear Dynamics & Chaos,,,,3.4
Research and Application on Internal Model Control Algorithm Based on Echo State Network,2020,,10.1109/CCDC49329.2020.9164229,Control & Robotics,,,,0.0
Comparison of Photonic Reservoir Computing Systems for Fiber Transmission Equalization,2020,,10.1109/JSTQE.2019.2936947,Photonics & Optics,,,,9.4
Echo state networks for renewable energy forecasting,2020,,10.13182/T123-33110,General RC / ESN Methods,,,,0.0
Self-organizing kernel-based convolutional echo state network for human actions recognition,2020,,,General RC / ESN Methods,,,,0.6
An Improved Leaky-ESN for Electricity Load Forecasting,2020,,10.1007/978-3-030-64243-3_20,Control & Robotics,,,,0.2
Delayed Deep Echo State Network and Its Application on Time Series Prediction; [延迟深度回声状态网络及其在时间序列预测中的应用],2020,,10.16383/j.aas.c180264,Nonlinear Dynamics & Chaos,,,,0.8
EEG feature learning with Intrinsic Plasticity based Deep Echo State Network,2020,,10.1109/IJCNN48605.2020.9207464,Nonlinear Dynamics & Chaos,,,,2.6
Efficient mini-batch training for echo state networks,2020,,10.1145/3449301.3449341,Mathematics & Theory,,,,0.0
Energy-Efficient Pattern Recognition Hardware with Elementary Cellular Automata,2020,,10.1109/TC.2019.2949300,Physical & Hardware RC,,,,5.2
Reservoir Computing Based on Semiconductor Lasers Using Parallel Double Optical Feedback Structure,2020,,,Photonics & Optics,,,,0.0
"Chaotic Time Series Prediction Using a Novel Echo State Network Model with Input Reconstruction, Bayesian Ridge Regression and Independent Component Analysis",2020,,10.1142/S0218001420510088,Nonlinear Dynamics & Chaos,,,,2.6
Optical reservoir computer using speckle in a multimode waveguide,2020,,10.1117/12.2543220,Photonics & Optics,,,,0.6
Multidimensional fiber echo state network analogue,2020,,10.1088/2515-7647/abb584,Physical & Hardware RC,,,,1.8
ICONS 2020 - Proceedings of International Conference on Neuromorphic Systems 2020,2020,,,Physical & Hardware RC,,,,0.0
Low Power Neuromorphic Hardware Design and Implementation Based on Asynchronous Design Methodology,2020,,10.5369/JSST.2019.29.1.68,Physical & Hardware RC,,,,0.2
Spatio-temporal modeling with enhanced flexibility and robustness of solar irradiance prediction: A chain-structure echo state network approach,2020,,10.1016/j.jclepro.2020.121151,Mathematics & Theory,,,,5.8
A novel hybrid model for multi-step daily AQI forecasting driven by air pollution big data,2020,,10.1007/s11869-020-00795-w,Climate & Earth Sciences,,,,5.8
Multi-task learning for the prediction of wind power ramp events with deep neural networks,2020,,10.1016/j.neunet.2019.12.017,Climate & Earth Sciences,,,,16.4
A novel adaptive fuzzy-based controller design using field programmable gate arrays for grid-connected photovoltaic systems,2020,,10.1016/B978-0-12-824337-4.00012-6,Control & Robotics,,,,3.8
Performance Enhancement of a Delay-Based Reservoir Computing System by Using Gradient Boosting Technology,2020,,10.1109/ACCESS.2020.3017636,Photonics & Optics,,,,2.0
Ultra-short-term Photovoltaic Power Prediction Based on VMD-DESN-MSGP Model; [基于VMD-DESN-MSGP模型的超短期光伏功率预测],2020,,10.13335/j.1000-3673.pst.2019.0958,Nonlinear Dynamics & Chaos,,,,10.6
Continuous and long-term stabilization of degenerate optical parametric oscillators for large-scale optical hybrid computers,2020,,10.1364/OE.412078,Photonics & Optics,,,,0.6
Adaptive model selection in photonic reservoir computing by reinforcement learning,2020,,10.1038/s41598-020-66441-8,Photonics & Optics,,,,2.6
Echo state network (ESN) based generator speed prediction of wide area signals in a multimachine power system,2020,,10.1109/SAUPEC/RobMech/PRASA48453.2020.9041236,Nonlinear Dynamics & Chaos,,,,0.8
A brief review of integrated and passive photonic reservoir computing systems and an approach for achieving extra non-linearity in passive devices,2020,,10.1007/s11432-019-2837-0,Photonics & Optics,,,,0.4
Evolving Local Plasticity Rules for Synergistic Learning in Echo State Networks,2020,,10.1109/TNNLS.2019.2919903,Neuroscience & Comp. Neuro,,,,6.4
Modified echo state network enabled dynamic duty cycle for optimal opportunistic routing in EH-WSNs,2020,,10.3390/electronics9010098,Signal Processing & Comms,,,,2.6
Prediction Method of Ocean Wave Spectrum Based on an Echo State Network,2020,,10.2112/SI99-044.1,Climate & Earth Sciences,,,,0.4
Detecting causality from time series in a machine learning framework,2020,,10.1063/5.0007670,Nonlinear Dynamics & Chaos,,,,8.4
Analysis of an Ultra-Short True Time Delay Line Optical Reservoir Computer,2020,,10.1109/JLT.2020.2975165,Photonics & Optics,,,,1.4
Photonic Reservoir Computing enabled by Active Silicon Micro-Rings with Transparent Signal Injection,2020,,,Photonics & Optics,,,,0.4
Learning stable deep predictive coding networks with weight norm supervision,2020,,10.1109/ICPR48806.2021.9412189,Neuroscience & Comp. Neuro,,,,0.0
Reducing network size and improving prediction stability of reservoir computing,2020,,10.1063/5.0006869,Nonlinear Dynamics & Chaos,,,,4.6
More effective prognostics with elbow point detection and deep learning,2020,,10.1016/j.ymssp.2020.106987,General RC / ESN Methods,,,,4.8
Features extraction from human eye movements via echo state network,2020,,10.1007/s00521-019-04329-z,General RC / ESN Methods,,,,2.0
Forecast method for audit data analysis by modified liquid state machine,2020,,,General RC / ESN Methods,,,,2.0
An ESN based Modeling for Roll-to-Roll Printing Systems,2020,,10.1109/DDCLS49620.2020.9275061,General RC / ESN Methods,,,,0.4
CEUR Workshop Proceedings,2020,,,Physical & Hardware RC,,,,0.0
High Throughput Morphology-Based Cell Screening by Reservoir Computing,2020,,10.1109/IPC47351.2020.9252529,General RC / ESN Methods,,,,0.8
Remaining useful life prediction of PEMFC systems based on the multi-input echo state network,2020,,10.1016/j.apenergy.2020.114791,Mathematics & Theory,,,,35.6
Time Series Clustering with Deep Reservoir Computing,2020,,10.1007/978-3-030-61616-8_39,General RC / ESN Methods,,,,0.2
Deep time-delay reservoir computing: Dynamics and memory capacity,2020,,10.1063/5.0017974,Mathematics & Theory,,,,13.8
HP-ESN: Echo State Networks Combined with Hodrick-Prescott Filter for Nonlinear Time-Series Prediction,2020,,10.1109/IJCNN48605.2020.9206771,General RC / ESN Methods,,,,2.4
Surrogate-Assisted Evolutionary Search of Spiking Neural Architectures in Liquid State Machines,2020,,10.1016/j.neucom.2020.04.079,Neuroscience & Comp. Neuro,,,,7.4
Adaptive prognostic of fuel cells by implementing ensemble echo state networks in time-varying model space,2020,,10.1109/TIE.2019.2893827,General RC / ESN Methods,,,,24.0
Elastic mechanism of cross layer and multi domain communication network,2020,,10.1109/CVIDL51233.2020.00-61,Photonics & Optics,,,,0.0
A mott insulator-based oscillator circuit for reservoir computing,2020,,,Nonlinear Dynamics & Chaos,,,,1.6
Neural-based ensembles and unorganized machines to predict streamflow series from hydroelectric plants,2020,,10.3390/en13184769,Climate & Earth Sciences,,,,6.6
Feasibility and advantage of reservoir computing on single-electron devices,2020,,10.35848/1347-4065/ab79fc,General RC / ESN Methods,,,,1.0
Fault prognostics in presence of event-based measurements,2020,,10.3850/978-981-11-2724-3_0372-cd,General RC / ESN Methods,,,,0.6
Phase noise robustness of a coherent spatially parallel optical reservoir,2020,,10.1109/JSTQE.2019.2929181,Photonics & Optics,,,,1.8
Parallel information processing using a reservoir computing system based on mutually coupled semiconductor lasers,2020,,10.1007/s00340-019-7351-4,Photonics & Optics,,,,4.8
Reservoir Computing Universality with Stochastic Inputs,2020,,10.1109/TNNLS.2019.2899649,Mathematics & Theory,,,,20.4
Learning with Knowledge of Structure: A Neural Network-Based Approach for MIMO-OFDM Detection,2020,,10.1109/IEEECONF51394.2020.9443477,General RC / ESN Methods,,,,0.8
A Novel Exhaust Gas Temperature Prediction Method of Hot Blast Stove,2020,,10.23919/CCC50068.2020.9189443,Nonlinear Dynamics & Chaos,,,,1.0
A Machine Learning-Based Global Atmospheric Forecast Model,2020,,10.1029/2020GL087776,Climate & Earth Sciences,,,,24.6
A Novel Echo State Network and Its Application in Temperature Prediction of Exhaust Gas from Hot Blast Stove,2020,,10.1109/TIM.2020.3003975,Nonlinear Dynamics & Chaos,,,,5.4
Performance Improvement of Chaotic Baseband Wireless Communication Using Echo State Network,2020,,10.1109/TCOMM.2020.3007757,Nonlinear Dynamics & Chaos,,,,6.4
Jointly optimized echo state network for short-term channel state information prediction of fading channel,2020,,10.1109/IWCMC48107.2020.9148072,Nonlinear Dynamics & Chaos,,,,0.2
Multiple Engine Faults Detection Based on Variational Mode Decomposition and Echo State Network,2020,,10.4271/2020-01-0418,Signal Processing & Comms,,,,0.0
Detecting Dynamic Attacks in Smart Grids Using Reservoir Computing: A Spiking Delayed Feedback Reservoir Based Approach,2020,,10.1109/TETCI.2019.2902845,Neuroscience & Comp. Neuro,,,,7.6
Breaking symmetries of the reservoir equations in echo state networks,2020,,10.1063/5.0028993,Nonlinear Dynamics & Chaos,,,,8.8
Echo State Network and Echo State Gaussian Process for Non-Line-of-Sight Target Tracking,2020,,10.1109/JSYST.2020.2982516,Signal Processing & Comms,,,,2.6
A New Projected Active Set Conjugate Gradient Approach for Taylor-Type Model Predictive Control: Application to Lower Limb Rehabilitation Robots With Passive and Active Rehabilitation,2020,,10.3389/fnbot.2020.559048,Control & Robotics,,,,1.6
Electricity load forecasting with collective echo state networks,2020,,10.1109/SmartGridComm47815.2020.9302985,General RC / ESN Methods,,,,0.4
Reservoir Computing in Artificial Spin Ice,2020,,10.1162/isal_a_00268,Mathematics & Theory,,,,6.4
Dimension of reservoir computers,2020,,10.1063/1.5128898,Nonlinear Dynamics & Chaos,,,,4.2
"A neuro-inspired general framework for the evolution of stochastic dynamical systems: Cellular automata, random Boolean networks and echo state networks towards criticality",2020,,10.1007/s11571-020-09600-x,Nonlinear Dynamics & Chaos,,,,2.6
Bandwidth Enhanced Operation of Photonic Time Delay Reservoir Computing,2020,,10.1109/ECOC48923.2020.9333327,Photonics & Optics,,,,0.0
Prediction Interval Construction for Multivariate Point Forecasts Using Deep Learning,2020,,10.1109/ISCMI51676.2020.9311603,General RC / ESN Methods,,,,2.8
Prediction of lane change by echo state networks,2020,,10.1016/j.trc.2020.102841,General RC / ESN Methods,,,,2.4
Universal Self-Correcting Computing with Disordered Exciton-Polariton Neural Networks,2020,,10.1103/PHYSREVAPPLIED.13.064074,Photonics & Optics,,,,3.8
Evolving Deep Echo State Networks for Intelligent Fault Diagnosis,2020,,10.1109/TII.2019.2938884,General RC / ESN Methods,,,,32.8
Naive echo-state-network based services awareness algorithm of software defined optical networks,2020,,10.23919/JCC.2020.04.002,Photonics & Optics,,,,0.8
Chaotic spiking neural network connectivity configuration leading to memory mechanism formation,2020,,10.1007/978-3-030-30425-6_47,Neuroscience & Comp. Neuro,,,,0.6
Physics and Simulation of Optoelectronic Devices XXVIII,2020,,,Photonics & Optics,,,,0.0
Leakage-Aware Predictive Thermal Management for Multicore Systems Using Echo State Network,2020,,10.1109/TCAD.2019.2915316,Control & Robotics,,,,4.2
Fractional Order Echo State Network for Time Series Prediction,2020,,10.1007/s11063-020-10267-y,Nonlinear Dynamics & Chaos,,,,3.6
Optimizing the Reservoir Connection Structure Using Binary Symbiotic Organisms Search Algorithm: A Case Study on Electric Load Forecasting,2020,,10.1007/978-981-15-7530-3_21,General RC / ESN Methods,,,,0.4
"1st International Conference on Neural Computing for Advanced Applications, NCAA 2020",2020,,,Control & Robotics,,,,0.0
Experimental Implementation of a Photonic Neural Network with a 1550nm-VCSEL subject to Optical Injection and Delayed Optical Feedback,2020,,10.1109/IPC47351.2020.9252399,Photonics & Optics,,,,0.6
Reservoir memory machines,2020,,,General RC / ESN Methods,,,,0.6
Language Acquisition with Echo State Networks: Towards Unsupervised Learning,2020,,10.1109/ICDL-EpiRob48136.2020.9278041,Control & Robotics,,,,0.2
Robust implementation of memristive reservoir computing with crossbar based readout layer,2020,,10.1109/DCAS51144.2020.9330367,Physical & Hardware RC,,,,1.4
Pyramidal graph echo state networks,2020,,,General RC / ESN Methods,,,,0.4
A Bio-Inspired Reservoir-Computer for Real-Time Stress Detection from ECG Signal,2020,,10.1109/LSSC.2020.3016924,Nonlinear Dynamics & Chaos,,,,5.0
Tree Echo State Autoencoders with Grammars,2020,,10.1109/IJCNN48605.2020.9207165,Nonlinear Dynamics & Chaos,,,,0.4
Accelerating photonic computing by bandwidth enhancement of a time-delay reservoir,2020,,10.1515/nanoph-2020-0184,Photonics & Optics,,,,6.6
A Robot for Test Bed Aimed at Improving Telepresence System and Evasion from Discomfort Stimuli by Online Learning,2020,,10.1007/s12369-019-00551-w,Control & Robotics,,,,0.6
Exploring TTS without T using biologically/psychologically motivated neural network modules (ZeroSpeech 2020),2020,,10.21437/Interspeech.2020-3127,Signal Processing & Comms,,,,1.4
Detection through Deep Neural Networks: A Reservoir Computing Approach for MIMO-OFDM Symbol Detection,2020,,10.1145/3400302.3415722,Physical & Hardware RC,,,,1.0
Energy Constraints Improve Liquid State Machine Performance,2020,,10.1145/3407197.3407206,Neuroscience & Comp. Neuro,,,,0.6
Online blind equalization algorithm with echo state network based on prediction principle; [基于预测原理的回声状态网络在线盲均衡算法],2020,,10.11959/j.issn.1000-436x.2020031,Signal Processing & Comms,,,,0.2
"A New Model Using Multiple Feature Clustering and Neural Networks for Forecasting Hourly PM2.5 Concentrations, and Its Applications in China",2020,,10.1016/j.eng.2020.05.009,General RC / ESN Methods,,,,10.6
Large-Scale Optical Reservoir Computing for Spatiotemporal Chaotic Systems Prediction,2020,,10.1103/PhysRevX.10.041037,Photonics & Optics,,,,42.6
Frontiers in reservoir computing,2020,,,Neuroscience & Comp. Neuro,,,,0.6
Fast temperature extraction via Echo State Network for BOTDA sensors,2020,,,Photonics & Optics,,,,0.6
Reservoir Computing with Random Skyrmion Textures,2020,,10.1103/PhysRevApplied.14.054020,Physical & Hardware RC,,,,29.0
Reservoir Computing with Random Chemical Systems,2020,,10.1162/isal_a_00324,Nonlinear Dynamics & Chaos,,,,1.2
Efficient Embedded Machine Learning applications using Echo State Networks,2020,,10.23919/DATE48585.2020.9116334,Signal Processing & Comms,,,,0.4
Feature engineering and stacked echo state networks for musical onset detection,2020,,10.1109/ICPR48806.2021.9413205,Signal Processing & Comms,,,,1.6
Design of a reservoir for cloud-enabled echo state network with high clustering coefficient,2020,,10.1186/s13638-020-01672-x,Nonlinear Dynamics & Chaos,,,,1.6
Optimal training of echo state networks via scenario optimization,2020,,10.1016/j.ifacol.2020.12.1187,Nonlinear Dynamics & Chaos,,,,0.4
"Using multidimensional speckle dynamics for high-speed, large-scale, parallel photonic computing",2020,,10.1364/OE.399495,Photonics & Optics,,,,8.2
Resilience and Robustness of Spiking Neural Networks for Neuromorphic Systems,2020,,10.1109/IJCNN48605.2020.9207560,Physical & Hardware RC,,,,4.4
Reservoir computing meets recurrent kernels and structured transforms,2020,,,Nonlinear Dynamics & Chaos,,,,3.6
Discharge performance recovery of a solid oxide fuel cell based on a prognostic-based control strategy,2020,,10.1016/j.jpowsour.2020.229102,General RC / ESN Methods,,,,3.2
Controller Design Based on Echo State Network with Delay Output for Nonlinear System,2020,,10.1155/2020/8643029,Nonlinear Dynamics & Chaos,,,,2.8
Compact Piecewise Linear Model Based Temperature Control of Multicore Systems Considering Leakage Power,2020,,10.1109/TII.2019.2960414,Nonlinear Dynamics & Chaos,,,,2.0
Simple artificial neuron using an ovonic threshold switch featuring spike-frequency adaptation and chaotic activity,2020,,10.1103/PhysRevApplied.13.064056,Neuroscience & Comp. Neuro,,,,6.8
Slow Degradation Fault Detection in a Harsh Environment,2020,,10.1109/ACCESS.2020.3026348,Climate & Earth Sciences,,,,1.8
A short-term traffic forecasting model based on echo state network optimized by improved fruit fly optimization algorithm,2020,,10.1016/j.neucom.2019.02.062,General RC / ESN Methods,,,,8.6
Destination prediction using deep echo state network,2020,,10.1016/j.neucom.2019.09.115,Mathematics & Theory,,,,8.4
An echo state network architecture based on quantum logic gate and its optimization,2020,,10.1016/j.neucom.2019.09.002,Quantum RC,,,,7.2
"Correction to: Emotion recognition based on physiological signals using brain asymmetry index and echo state network (Neural Computing and Applications, (2019), 31, 9, (4491-4501), 10.1007/s00521-018-3664-1)",2020,,10.1007/s00521-018-3831-4,Signal Processing & Comms,,,,0.2
A reservoir computing approach for molecular computing,2020,,,General RC / ESN Methods,,,,1.6
Effects of synaptic integration on the dynamics and computational performance of spiking neural network,2020,,10.1007/s11571-020-09572-y,Neuroscience & Comp. Neuro,,,,2.6
Uncertainty quantification through dropout in time series prediction by echo state networks,2020,,10.3390/math8081374,Nonlinear Dynamics & Chaos,,,,2.4
Few shot learning framework to reduce inter-observer variability in medical images,2020,,10.1109/ICPR48806.2021.9412620,General RC / ESN Methods,,,,0.8
AI and Optical Data Sciences 2020,2020,,,Photonics & Optics,,,,0.0
Predicting bursting in a complete graph of mixed population through reservoir computing,2020,,10.1103/PhysRevResearch.2.033338,Nonlinear Dynamics & Chaos,,,,4.2
Construction of a non-locally connected anti-noise reservoir pool; [一种非局部连接的抗噪性储备池构建方法],2020,,10.7641/CTA.2019.90258,Neuroscience & Comp. Neuro,,,,0.0
Information processing using a single Izhikevich neuron,2020,,,Neuroscience & Comp. Neuro,,,,0.0
Nonlinear Networks with Mem-Elements: Complex Dynamics via Flux-Charge Analysis Method,2020,,10.1109/TCYB.2019.2904903,Physical & Hardware RC,,,,4.4
Neuromorphic computing with antiferromagnetic spintronics,2020,,10.1063/5.0009482,Physical & Hardware RC,,,,15.4
Enhanced Echo-State Restricted Boltzmann Machines for Network Traffic Prediction,2020,,10.1109/JIOT.2019.2954283,Control & Robotics,,,,5.8
A novel randomized machine learning approach: Reservoir computing extreme learning machine,2020,,10.1016/j.asoc.2020.106433,Mathematics & Theory,,,,2.8
Unfolding recurrence by Green’s functions for optimized reservoir computing,2020,,,Neuroscience & Comp. Neuro,,,,0.8
Gated Echo State Networks: A preliminary study,2020,,10.1109/INISTA49547.2020.9194681,General RC / ESN Methods,,,,1.2
A new wind power interval prediction approach based on reservoir computing and a quality-driven loss function,2020,,10.1016/j.asoc.2020.106327,Climate & Earth Sciences,,,,8.2
An Economical Echo State Network for Time-Series Generation Tasks,2020,,10.1109/ICCRE49379.2020.9096445,Mathematics & Theory,,,,0.2
Forecasting the amplitude of high-intensity chaotic laser pulses,2020,,10.1117/12.2556074,Photonics & Optics,,,,0.0
Deep Randomized Neural Networks,2020,,10.1007/978-3-030-43883-8_3,General RC / ESN Methods,,,,9.0
Deep Memcapacitive Network,2020,,10.1109/NEMS50311.2020.9265561,Physical & Hardware RC,,,,0.0
Improved quantile convolutional neural network with two-stage training for daily-ahead probabilistic forecasting of photovoltaic power,2020,,10.1016/j.enconman.2020.113085,General RC / ESN Methods,,,,21.0
A novel combined model based on echo state network–a case study of PM10 and PM2.5 prediction in China,2020,,10.1080/09593330.2018.1551941,Climate & Earth Sciences,,,,1.2
Experimental Demonstration of Optoelectronic Equalization for Short-reach Transmission with Reservoir Computing,2020,,10.1109/ECOC48923.2020.9333372,Photonics & Optics,,,,2.2
Quantifying Robustness and Capacity of Reservoir Computers with Consistency Profiles,2020,,10.1007/978-3-030-61616-8_36,Mathematics & Theory,,,,0.8
Augmenting Recurrent Neural Networks Resilience by Dropout,2020,,10.1109/TNNLS.2019.2899744,General RC / ESN Methods,,,,7.0
Data-driven Prognostics for PEMFC systems by different echo state network prediction structures,2020,,10.1109/ITEC48692.2020.9161581,General RC / ESN Methods,,,,4.6
Asymmetrical performance of a laser-based reservoir computer with optoelectronic feedback,2020,,10.1364/OL.405177,Photonics & Optics,,,,4.0
Self-organized dynamic attractors in recurrent neural networks,2020,,,Nonlinear Dynamics & Chaos,,,,0.4
Time-multiplexed photonic reservoir computing,2020,,10.1117/12.2544006,Photonics & Optics,,,,0.0
Deep Echo State Networks with Multi-Span Features for Nonlinear Time Series Prediction,2020,,10.1109/IJCNN48605.2020.9207401,Nonlinear Dynamics & Chaos,,,,1.6
Analysis of Reservoir Structure Contributing to Robustness Against Structural Failure of Liquid State Machine,2020,,10.1007/978-3-030-61616-8_35,Physical & Hardware RC,,,,0.2
Design of echo state network with coordinate descent method and l1 Regularization,2020,,10.1007/978-981-15-7670-6_30,General RC / ESN Methods,,,,0.4
Optical reservoir computing using multiple light scattering for chaotic systems prediction,2020,,10.1109/JSTQE.2019.2936281,Photonics & Optics,,,,19.8
A preliminary experiment combining marine robotics and citizenship engagement using imitation learning,2020,,10.1016/j.ifacol.2020.12.1464,Control & Robotics,,,,0.6
Reservoir-computing based equalization with optical pre-processing for short-reach optical transmission,2020,,10.1109/JSTQE.2020.2975607,Photonics & Optics,,,,10.6
Ordinal Multi-class Architecture for Predicting Wind Power Ramp Events Based on Reservoir Computing,2020,,10.1007/s11063-018-9922-5,Climate & Earth Sciences,,,,1.0
Short-term wind speed forecasting based on autoregressive moving average with echo state network compensation,2020,,10.1177/0309524X19849867,Climate & Earth Sciences,,,,6.6
An asynchronously deep reservoir computing for predicting chaotic time series,2020,,10.1016/j.asoc.2020.106530,Nonlinear Dynamics & Chaos,,,,9.0
Enhanced memory capacity of a neuromorphic reservoir computing system based on a VCSEL with double optical feedbacks,2020,,10.1007/s11432-020-2862-7,Photonics & Optics,,,,3.6
Effective energy consumption forecasting using enhanced bagged echo state network,2020,,10.1016/j.energy.2019.116778,General RC / ESN Methods,,,,16.0
Research on face recognition technology based on ESN multi feature fusion,2020,,10.3966/160792642020092105029,General RC / ESN Methods,,,,0.6
Hierarchical-Task Reservoir for Anytime POS Tagging from Continuous Speech,2020,,10.1109/IJCNN48605.2020.9207285,Signal Processing & Comms,,,,1.2
Periodic structure of memory function in spintronics reservoir with feedback current,2020,,10.1103/PhysRevResearch.2.023389,Physical & Hardware RC,,,,5.8
Wind speed prediction method based on CEEMDAN and echo state network; [基于CEEMDAN与回声状态网络的风速预测方法],2020,,10.19783/j.cnki.pspc.190923,Climate & Earth Sciences,,,,2.8
Temperature-based inputs for molecular reservoir computers,2020,,10.1162/isal_a_00293,Nonlinear Dynamics & Chaos,,,,1.0
Product Demand Forecasting Based on Reservoir Computing,2020,,10.1007/978-3-030-23816-2_2,Nonlinear Dynamics & Chaos,,,,0.4
A Model of Online Temporal-Spatial Integration for Immediacy and Overrule in Discourse Comprehension,2020,,10.1162/nol_a_00026,General RC / ESN Methods,,,,2.0
A Novel Framework of Reservoir Computing for Deterministic and Probabilistic Wind Power Forecasting,2020,,10.1109/TSTE.2019.2890875,Climate & Earth Sciences,,,,22.8
Accurate and Efficient Quantized Reservoir Computing System,2020,,10.1109/ISQED48828.2020.9136986,General RC / ESN Methods,,,,1.0
A soft sensor approach based on an echo state network optimized by improved genetic algorithm,2020,,10.3390/s20175000,Mathematics & Theory,,,,2.2
Development of a metal oxide-based molecular-gap atomic switch for unconventional computing,2020,,10.35848/1347-4065/ab8026,General RC / ESN Methods,,,,0.2
Low-cost reservoir computing using cellular automata and random forests,2020,,,Physical & Hardware RC,,,,0.4
Randomly generated node-state-update procedure for dipole-coupled magnetic reservoir computing with voltage control of the magnetism,2020,,10.1088/1361-6463/ab5a27,Mathematics & Theory,,,,0.2
Model-size reduction for reservoir computing by concatenating internal states through time,2020,,10.1038/s41598-020-78725-0,Mathematics & Theory,,,,4.8
Reinforcement learning for quadrupedal locomotion with design of continual–hierarchical curriculum,2020,,10.1016/j.engappai.2020.103869,Control & Robotics,,,,2.8
Sparsity in Reservoir Computing Neural Networks,2020,,10.1109/INISTA49547.2020.9194611,General RC / ESN Methods,,,,2.4
Impact of optical coherence on the performance of large-scale spatiotemporal photonic reservoir computing systems,2020,,10.1364/OE.400546,Photonics & Optics,,,,2.0
Reservoir computing model of two-dimensional turbulent convection,2020,,10.1103/PhysRevFluids.5.113506,Nonlinear Dynamics & Chaos,,,,9.2
Transfer function optimization for a nonlinear-optical loop mirror (NOLM)-based optical reservoir,2020,,10.1364/FIO.2020.FW5A.3,Photonics & Optics,,,,0.8
Recent Advances in Reservoir Computing with A Focus on Electronic Reservoirs,2020,,10.1109/IGSC51522.2020.9290858,Physical & Hardware RC,,,,2.2
An improved fruit fly algorithm-unscented Kalman filter-echo state network method for time series prediction of the network traffic data with noises,2020,,10.1177/0142331219888366,Nonlinear Dynamics & Chaos,,,,3.0
"2020 11th International Green and Sustainable Computing Workshops, IGSC 2020",2020,,,Physical & Hardware RC,,,,0.0
"Ultra-Compact, Scalable, Energy-Efficient $vO{2}$ Insulator-Metal-Transition Oxide Based Spiking Neurons for Liquid State Machines",2020,,10.1109/VLSI-SOC46417.2020.9344078,Neuroscience & Comp. Neuro,,,,0.4
Line-of-Sight-Based Guidance and Adaptive Neural Path-Following Control for Sailboats,2020,,10.1109/JOE.2019.2923502,Control & Robotics,,,,13.4
Analysis of Regularized Echo State Networks on the Impact of Air Pollutants on Human Health,2020,,10.1007/978-3-030-41862-5_33,General RC / ESN Methods,,,,0.2
Evolutionary echo state network for long-term time series prediction: on the edge of chaos,2020,,10.1007/s10489-019-01546-w,Nonlinear Dynamics & Chaos,,,,3.2
A chaotic microresonator structure for an optical implementation of an artificial neural network,2020,,10.1117/12.2548716,Photonics & Optics,,,,0.4
Learning-based predictive control of the cooling system of a large business centre,2020,,10.1016/j.conengprac.2020.104348,Control & Robotics,,,,8.0
Learning hidden states in a chaotic system: A physics-informed echo state network approach,2020,,10.1007/978-3-030-50433-5_9,Nonlinear Dynamics & Chaos,,,,1.2
Energy Efficient and Adaptive Analog IC Design for Delay-Based Reservoir Computing,2020,,10.1109/MWSCAS48704.2020.9184677,Physical & Hardware RC,,,,1.0
Reservoir Computing; [リザバーコンピューティング],2020,,10.3169/ITEJ.74.532,General RC / ESN Methods,,,,0.0
Modeling data-driven sensor with a novel deep echo state network,2020,,10.1016/j.chemolab.2020.104062,Nonlinear Dynamics & Chaos,,,,5.2
Abstract echo state networks,2020,,10.1007/978-3-030-58309-5_6,General RC / ESN Methods,,,,0.2
Fault prognostics by an ensemble of Echo State Networks in presence of event based measurements,2020,,10.1016/j.engappai.2019.103346,General RC / ESN Methods,,,,6.4
Model-based reinforcement learning for type 1 diabetes blood glucose control,2020,,,Control & Robotics,,,,0.6
Calibrated reservoir computers,2020,,10.1063/5.0030651,Nonlinear Dynamics & Chaos,,,,0.2
LeTera: Stochastic beam control through ESN learning in terahertz-band wireless UAV networks,2020,,10.1109/INFOCOMWKSHPS50562.2020.9162766,Signal Processing & Comms,,,,1.8
Echo State Network with Hub Property,2020,,10.1007/978-981-32-9050-1_61,General RC / ESN Methods,,,,0.2
Synchronization of reservoir computers with applications to communications,2020,,10.1016/j.physa.2019.123453,Nonlinear Dynamics & Chaos,,,,2.2
Efficient parallel implementation of reservoir computing systems,2020,,10.1007/s00521-018-3912-4,Physical & Hardware RC,,,,5.4
Fault Diagnosis in Smart Grids Using a Deep Long Short-Term Memory-based Feature Learning Architecture,2020,,,Signal Processing & Comms,,,,0.0
Improved Fast Tracking Echo State Network and PM2.5 Prediction; [改进的快速跟踪回声状态网络及PM2.5预测],2020,,10.3969/j.issn.1000-1158.2020.09.17,Nonlinear Dynamics & Chaos,,,,0.4
Deep hybrid state network with feature reinforcement for intelligent fault diagnosis of delta 3-D printers,2020,,10.1109/TII.2019.2920661,General RC / ESN Methods,,,,9.8
Preliminary research of chaotic characteristics and prediction of short-term wind speed time series,2020,,10.1142/S021812742050176X,Nonlinear Dynamics & Chaos,,,,7.4
Health assessment of LFP automotive batteries using a fractional-order neural network,2020,,10.1016/j.neucom.2019.06.107,Mathematics & Theory,,,,5.0
Towards High-efficient QoT Prediction of Wide-area Optical Backbone Network: A Reservoir Computing View,2020,,10.1109/ICCC49849.2020.9238888,Photonics & Optics,,,,0.2
Quantized Reservoir Computing on Edge Devices for Communication Applications,2020,,10.1109/SEC50012.2020.00068,Physical & Hardware RC,,,,1.2
Reconstructing coupled time series in climate systems using three kinds of machine-learning methods,2020,,10.5194/esd-11-835-2020,Nonlinear Dynamics & Chaos,,,,4.2
Echo State Network Performance Analysis using Non-random Topologies,2020,,10.1109/ColCACI50549.2020.9248714,Nonlinear Dynamics & Chaos,,,,0.2
Robust modelling of binary decisions in Laplacian Eigenmaps-based Echo State Networks,2020,,10.1016/j.engappai.2020.103828,Control & Robotics,,,,1.2
Delay-based reservoir computing: Tackling performance degradation due to system response time,2020,,10.1364/OL.378410,Photonics & Optics,,,,2.8
Remaining Useful Life Prediction Based on Stacked Sparse Autoencoder and Echo State Network,2020,,10.23919/CCC50068.2020.9188550,General RC / ESN Methods,,,,0.6
Use of adaptive weighted echo state network ensemble for construction of prediction intervals and prediction reliability of silicon content in ironmaking process,2020,,10.1109/IAI50351.2020.9262187,General RC / ESN Methods,,,,0.2
Time delay reservoir computing with VCSEL,2020,,10.1117/12.2544981,Photonics & Optics,,,,0.0
In-ear EEG based attention state classification using echo state network,2020,,10.3390/brainsci10060321,General RC / ESN Methods,,,,8.8
Unorganized machines and linear multivariate regression model applied to atmospheric pollutant forecasting,2020,,10.4025/ACTASCITECHNOL.V42I1.48203,Climate & Earth Sciences,,,,2.4
Assessing observability of chaotic systems using Delay Differential Analysis,2020,,10.1063/5.0015533,Nonlinear Dynamics & Chaos,,,,2.0
Evolutionary Optimization for Neuromorphic Systems,2020,,10.1145/3381755.3381758,Physical & Hardware RC,,,,14.0
An improved small-world topology for optimizing the performance of echo state network,2020,,10.1109/ISPA-BDCloud-SocialCom-SustainCom51426.2020.00211,Mathematics & Theory,,,,0.6
Temporal information processing on noisy quantum computers,2020,,10.1103/PhysRevApplied.14.024065,Quantum RC,,,,19.0
Fault diagnosis model based on Granular Computing and Echo State Network,2020,,10.1016/j.engappai.2020.103694,Signal Processing & Comms,,,,2.4
Echo State Network based on Phase Space Reconstruction: El Niño 3 Index Forecasting,2020,,10.1109/CCDC49329.2020.9163959,Nonlinear Dynamics & Chaos,,,,0.4
Machine Learning in the Optical Domain Enabled by Reservoir Computing,2020,,10.1364/acpc.2020.t1b.3,Photonics & Optics,,,,0.4
On-chip parallel photonic reservoir computing using multiple delay lines,2020,,10.1109/SBAC-PAD49847.2020.00015,Photonics & Optics,,,,1.4
A hardware-oriented echo state network for fpga implementation,2020,,10.5954/ICAROB.2020.OS20-1,Physical & Hardware RC,,,,0.0
"15th International Conference on Green, Pervasive, and Cloud Computing, GPC  2020",2020,,,Nonlinear Dynamics & Chaos,,,,0.0
Path length statistics in reservoir computers,2020,,10.1063/5.0014643,Nonlinear Dynamics & Chaos,,,,2.4
Dispersion-Managed Fiber Echo State Network Analogue with High (Including THz) Bandwidth,2020,,10.1109/JLT.2020.2996311,Physical & Hardware RC,,,,2.0
ICDL-EpiRob 2020 - 10th IEEE International Conference on Development and Learning and Epigenetic Robotics,2020,,,Control & Robotics,,,,0.0
"Data-driven predictions of a multiscale Lorenz 96 chaotic system using machine-learning methods: Reservoir computing, artificial neural network, and long short-term memory network",2020,,10.5194/npg-27-373-2020,Nonlinear Dynamics & Chaos,,,,33.4
Reservoir computing using laser networks,2020,,10.1109/JSTQE.2019.2927578,Photonics & Optics,,,,6.6
Learning ergodic averages in chaotic systems,2020,,10.1007/978-3-030-50433-5_10,Nonlinear Dynamics & Chaos,,,,3.2
Reservoir computing using high order synchronization of coupled oscillators,2020,,10.1088/1757-899X/862/5/052062,Nonlinear Dynamics & Chaos,,,,1.8
Classification of time-domain waveforms using a speckle-based optical reservoir computer,2020,,10.1364/OE.379264,Photonics & Optics,,,,8.6
Deep Fuzzy Echo State Networks for Machinery Fault Diagnosis,2020,,10.1109/TFUZZ.2019.2914617,General RC / ESN Methods,,,,20.8
Broad Echo State Network for Channel Prediction in MIMO-OFDM Systems,2020,,10.1109/TVT.2020.3025913,Mathematics & Theory,,,,3.4
A nature-inspired biomarker for mental concentration using a single-channel EEG,2020,,10.1007/s00521-019-04574-2,Control & Robotics,,,,2.4
A methodology to increase the accuracy of particulate matter predictors based on time decomposition,2020,,10.3390/SU12187310,Climate & Earth Sciences,,,,2.8
Memristor networks for real-time neural activity analysis,2020,,10.1038/s41467-020-16261-1,Physical & Hardware RC,,,,40.8
Multi-reservoir echo state computing for solar irradiance prediction: A fast yet efficient deep learning approach,2020,,10.1016/j.asoc.2020.106481,General RC / ESN Methods,,,,7.8
Separation of chaotic signals by reservoir computing,2020,,10.1063/1.5132766,Nonlinear Dynamics & Chaos,,,,8.0
Modeling of furnace operation with a new adaptive data echo state network method integrating block recursive partial least squares,2020,,10.1016/j.applthermaleng.2020.115088,Nonlinear Dynamics & Chaos,,,,1.2
Dynamic firing on static analog/digital neuron circuits with resistive synapses for time-series neural network,2020,,,Physical & Hardware RC,,,,0.0
Assessing the biochemical oxygen demand using neural networks and ensemble tree approaches in South Korea,2020,,10.1016/j.jenvman.2020.110834,Climate & Earth Sciences,,,,11.6
Minimally produced inkjet-printed tactile sensor model for improved data reliability,2020,,10.1109/ICECE51571.2020.9393138,General RC / ESN Methods,,,,1.6
Experimental realization of dual task processing with a photonic reservoir computer,2020,,10.1063/5.0017574,Photonics & Optics,,,,6.0
Accuracy of neural networks for the simulation of chaotic dynamics: Precision of training data vs precision of the algorithm,2020,,10.1063/5.0021264,Nonlinear Dynamics & Chaos,,,,5.0
Improving csi prediction accuracy with deep echo state networks in 5g networks,2020,,10.3390/s20226475,Nonlinear Dynamics & Chaos,,,,0.2
Dynamical systems as temporal feature spaces,2020,,,Nonlinear Dynamics & Chaos,,,,4.2
Speckle-based optical waveguide reservoir computer for blind signal classification,2020,,10.1364/CLEO_AT.2020.JTh2B.4,Photonics & Optics,,,,0.0
Multi-step wind speed forecasting based on hybrid multi-stage decomposition model and long short-term memory neural network,2020,,10.1016/j.enconman.2020.112869,Climate & Earth Sciences,,,,43.6
Long-term prediction of chaotic systems with machine learning,2020,,10.1103/PhysRevResearch.2.012080,Nonlinear Dynamics & Chaos,,,,32.2
Deep Echo State Networks in Industrial Applications,2020,,10.1007/978-3-030-49186-4_5,Nonlinear Dynamics & Chaos,,,,2.2
Learning for Detection: MIMO-OFDM Symbol Detection through Downlink Pilots,2020,,10.1109/TWC.2020.2976004,Signal Processing & Comms,,,,10.4
Speckle-Based Optical Waveguide Reservoir Computer for Blind Signal Classification,2020,,,Photonics & Optics,,,,0.0
Reservoir computing based on quenched chaos,2020,,10.1016/j.chaos.2020.110131,Nonlinear Dynamics & Chaos,,,,4.0
Reinforcement learning with convolutional reservoir computing,2020,,10.1007/s10489-020-01679-3,Control & Robotics,,,,4.0
Tailoring Echo State Networks for Optimal Learning,2020,,10.1016/j.isci.2020.101440,Mathematics & Theory,,,,5.2
The Computational Capacity of Mem-LRC Reservoirs,2020,,10.1145/3381755.3381779,Physical & Hardware RC,,,,0.2
Adaptive elastic echo state network for channel prediction in IEEE802.11ah standard-based OFDM system,2020,,10.1109/ACCESS.2020.2964810,Signal Processing & Comms,,,,1.2
Colocalized sensing and intelligent computing in micro-sensors,2020,,10.3390/s20216346,Physical & Hardware RC,,,,4.4
Photonic neuromorphic information processing and reservoir computing,2020,,10.1063/1.5129762,Photonics & Optics,,,,17.0
Large-scale spatiotemporal photonic reservoir computer for image classification,2020,,10.1109/JSTQE.2019.2924138,Photonics & Optics,,,,10.8
Demonstrating delay-based reservoir computing using a compact photonic integrated chip,2020,,10.1364/OE.382556,Photonics & Optics,,,,17.4
Deep Reinforcement Learning Approaches for Content Caching in Cache-Enabled D2D Networks,2020,,10.1109/JIOT.2019.2951509,Control & Robotics,,,,23.6
A unified information perceptron using deep reservoir computing,2020,,10.1016/j.compeleceng.2020.106705,Signal Processing & Comms,,,,1.6
"1st Symposium on Machine Learning and Metaheuristics Algorithms, and Applications, SoMMA 2019",2020,,,General RC / ESN Methods,,,,0.0
Exploration of Input Patterns for Enhancing the Performance of Liquid State Machines,2020,,10.1109/ICSIP49896.2020.9339389,Neuroscience & Comp. Neuro,,,,0.8
Echo State Network Based on L0 Norm Regularization for Chaotic Time Series Prediction,2020,,10.1007/978-3-030-64243-3_12,Nonlinear Dynamics & Chaos,,,,0.0
Method of Recurrent Neural Network Hardware Implementation,2020,,10.1007/978-3-030-51971-1_35,Physical & Hardware RC,,,,0.8
Prediction of blood glucose concentration for type 1 diabetes based on echo state networks embedded with incremental learning,2020,,10.1016/j.neucom.2019.10.003,Nonlinear Dynamics & Chaos,,,,5.8
High-Speed Neuromorphic Reservoir Computing Based on a Semiconductor Nanolaser with Optical Feedback under Electrical Modulation,2020,,10.1109/JSTQE.2020.2987077,Photonics & Optics,,,,6.6
Multilayer photonic reservoir computing architecture using time division multiplexing for parallel computation,2020,,10.1117/12.2575402,Photonics & Optics,,,,0.0
Emulating a sensor using soft material dynamics: A reservoir computing approach to pneumatic artificial muscle,2020,,10.1109/RoboSoft48309.2020.9115974,Control & Robotics,,,,5.6
Do reservoir computers work best at the edge of chaos?,2020,,10.1063/5.0038163,Nonlinear Dynamics & Chaos,,,,13.8
Reservoir Computing with Neuromemristive Nanowire Networks,2020,,10.1109/IJCNN48605.2020.9207727,Physical & Hardware RC,,,,7.2
Feed-forward versus recurrent architecture and local versus cellular automata distributed representation in reservoir computing for sequence memory learning,2020,,10.1007/s10462-020-09815-8,General RC / ESN Methods,,,,1.0
A Feature-Based Prognostics Strategy for PEM Fuel Cell Operated under Dynamic Conditions,2020,,10.1109/PHM-Besancon49106.2020.00026,General RC / ESN Methods,,,,3.0
Performance boost of time-delay reservoir computing by non-resonant clock cycle,2020,,10.1016/j.neunet.2020.01.010,Physical & Hardware RC,,,,11.4
Harnessing adaptive dynamics in neuro-memristive nanowire networks for transfer learning,2020,,10.1109/ICRC2020.2020.00007,Nonlinear Dynamics & Chaos,,,,3.4
Moving Toward Intelligence: Detecting Symbols on 5G Systems Through Deep Echo State Network,2020,,10.1109/JETCAS.2020.2992238,Physical & Hardware RC,,,,3.8
A deep learning approach to automatic road surface monitoring and pothole detection,2020,,10.1007/s00779-019-01234-z,General RC / ESN Methods,,,,29.2
Invertible generalized synchronization: A putative mechanism for implicit learning in neural systems,2020,,10.1063/5.0004344,Nonlinear Dynamics & Chaos,,,,7.2
Role of non-linear data processing on speech recognition task in the framework of reservoir computing,2020,,10.1038/s41598-019-56991-x,Signal Processing & Comms,,,,15.0
Echo state network optimization using binary grey wolf algorithm,2020,,10.1016/j.neucom.2019.12.069,General RC / ESN Methods,,,,12.6
A reservoir computing scheme for multi-class classification,2020,,10.1145/3374135.3385265,Nonlinear Dynamics & Chaos,,,,0.6
Long-Short Term Echo State Network for Time Series Prediction,2020,,10.1109/ACCESS.2020.2994773,Nonlinear Dynamics & Chaos,,,,8.4
EvoDynamic: A Framework for the Evolution of Generally Represented Dynamical Systems and Its Application to Criticality,2020,,10.1007/978-3-030-43722-0_9,Nonlinear Dynamics & Chaos,,,,0.4
Deep Echo State Networks for Short-Term Traffic Forecasting: Performance Comparison and Statistical Assessment,2020,,10.1109/ITSC45102.2020.9294200,General RC / ESN Methods,,,,2.6
Dynamics of a network of map-based model neurons for supervised learning of a reservoir computing system,2020,,10.18500/0869-6632-2020-28-1-77-89,Nonlinear Dynamics & Chaos,,,,1.4
Modelling a Penicillin Fermentation Process Using Attention-Based Echo State Networks Optimized by Covariance Matrix Adaption Evolutionary Strategy,2020,,10.1016/B978-0-12-823377-1.50187-7,General RC / ESN Methods,,,,1.0
Simulation of THz-TDS echo filtering algorithm based on deep learning,2020,,10.1117/12.2573406,General RC / ESN Methods,,,,0.0
Imbalanced dataset-based echo state networks for anomaly detection,2020,,10.1007/s00521-018-3747-z,General RC / ESN Methods,,,,5.6
Predicting chaotic time series using optoelectronic feedback laser,2020,,10.1117/12.2556368,Photonics & Optics,,,,0.6
Closed Loop Control of a Compliant Quadruped with Spiking Neural Networks,2020,,10.1007/978-3-030-25719-4_71,Neuroscience & Comp. Neuro,,,,0.0
Deep reservoir computing meets 5G MIMO-OFDM systems in symbol detection,2020,,,Mathematics & Theory,,,,6.0
Classification strategies in machine learning techniques predicting regime changes and durations in the Lorenz system,2020,,10.1063/5.0003892,Nonlinear Dynamics & Chaos,,,,1.4
Spatiotemporal dynamics of a buoyancy-driven turbulent fire,2020,,10.1103/PhysRevE.101.042214,General RC / ESN Methods,,,,2.6
Synchronization properties and reservoir computing capability of hexagonal spintronic oscillator arrays,2020,,10.1016/j.jmmm.2020.167251,Nonlinear Dynamics & Chaos,,,,1.8
Nonlinear process modelling using echo state networks optimised by covariance matrix adaption evolutionary strategy,2020,,10.1016/j.compchemeng.2020.106730,General RC / ESN Methods,,,,3.2
Federated Echo State Learning for Minimizing Breaks in Presence in Wireless Virtual Reality Networks,2020,,10.1109/TWC.2019.2942929,Signal Processing & Comms,,,,18.4
Echo State Network Performance in Electrical and Industrial Applications,2020,,10.1109/IJCNN48605.2020.9207069,General RC / ESN Methods,,,,0.4
An Area-Efficient Implementation of Recurrent Neural Network Core for Unsupervised Anomaly Detection,2020,,10.1109/COOLCHIPS49199.2020.9097631,General RC / ESN Methods,,,,0.6
Predicting critical transitions in multiscale dynamical systems using reservoir computing,2020,,10.1063/5.0023764,Nonlinear Dynamics & Chaos,,,,5.6
"A comparative evaluation of time-delay, deep learning and echo state neural networks when used as simulated transhumeral prosthesis controllers",2020,,10.1109/IJCNN48605.2020.9206772,General RC / ESN Methods,,,,1.4
Polarization multiplexing reservoir computing based on a VCSEL with polarized optical feedback,2020,,10.1109/JSTQE.2019.2932023,Photonics & Optics,,,,19.0
Reservoir generation via simulating the non-local connections between brain functional columns,2020,,10.1109/SSCI47803.2020.9308583,Neuroscience & Comp. Neuro,,,,0.0
Household level electricity load forecasting using echo state network,2020,,10.1109/SmartGridComm47815.2020.9302961,General RC / ESN Methods,,,,0.4
Reservoir computing and decision making using laser dynamics for photonic accelerator,2020,,10.35848/1347-4065/ab7860,Photonics & Optics,,,,1.4
Real-time sensory–motor integration of hippocampal place cell replay and prefrontal sequence learning in simulated and physical rat robots for novel path optimization,2020,,10.1007/s00422-020-00820-2,Control & Robotics,,,,2.4
A Tuning-Free Hardware Reservoir Based on MOSFET Crossbar Array for Practical Echo State Network Implementation,2020,,10.1109/ASP-DAC47756.2020.9045694,Physical & Hardware RC,,,,1.8
Adaptive Load Frequency Control Based on Echo State Network for Power System,2020,,10.1109/CAC51589.2020.9327081,Control & Robotics,,,,0.0
Towards reconfigurable optoelectronic hardware accelerator for reservoir computing,2020,,10.1117/12.2575401,Photonics & Optics,,,,0.0
Microfabricated Neuroaccelerometer: Integrating Sensing and Reservoir Computing in MEMS,2020,,10.1109/JMEMS.2020.2978467,Physical & Hardware RC,,,,11.0
WOA-Based Echo State Network for Chaotic Time Series Prediction,2020,,10.3938/jkps.76.384,Nonlinear Dynamics & Chaos,,,,3.2
ReservoirPy: An Efficient and User-Friendly Library to Design Echo State Networks,2020,,10.1007/978-3-030-61616-8_40,Signal Processing & Comms,,,,12.0
ILS-based Reservoir Computing for Handwritten Digits Recognition,2020,,10.1109/CFIS49607.2020.9238722,Physical & Hardware RC,,,,0.8
Energy efficient routing and lightpath management in software defined networking based inter-DC elastic optical networks,2020,,10.1016/j.yofte.2019.102128,Photonics & Optics,,,,1.8
Forward and backward input variable selection for polynomial echo state networks,2020,,10.1016/j.neucom.2020.02.034,General RC / ESN Methods,,,,1.2
"13th Conference on Advanced Computer Architecture, ACA 2020",2020,,,Physical & Hardware RC,,,,0.0
Reservoir Computing Using Multiple Lasers with Feedback on a Photonic Integrated Circuit,2020,,10.1109/JSTQE.2019.2929179,Photonics & Optics,,,,21.2
Automatic classification of video using a scalable photonic neuro-inspired architecture,2020,,10.1117/12.2551368,Photonics & Optics,,,,0.0
Optics InfoBase Conference Papers,2020,,,Photonics & Optics,,,,0.0
Neural-network-based nonlinear model predictive tracking control of a pneumatic muscle actuator-driven exoskeleton,2020,,10.1109/JAS.2020.1003351,Control & Robotics,,,,18.6
Reservoir computing with inertial manifold∗,2020,,10.1109/ICAIIC48513.2020.9065204,Mathematics & Theory,,,,0.4
Physics-informed echo state networks,2020,,10.1016/j.jocs.2020.101237,Nonlinear Dynamics & Chaos,,,,9.6
"INISTA 2020 - 2020 International Conference on INnovations in Intelligent SysTems and Applications, Proceedings",2020,,,Control & Robotics,,,,0.0
Liquid state machine applications mapping for noc-based neuromorphic platforms,2020,,10.1007/978-981-15-8135-9_20,Physical & Hardware RC,,,,0.4
Network Traffic Anomaly Detection Based on ML-ESN for Power Metering System,2020,,10.1155/2020/7219659,General RC / ESN Methods,,,,2.6
Embedding and approximation theorems for echo state networks,2020,,10.1016/j.neunet.2020.05.013,Mathematics & Theory,,,,18.8
An Improved Grasshopper Optimization Algorithm Based Echo State Network for Predicting Faults in Airplane Engines,2020,,10.1109/ACCESS.2020.3020356,Nonlinear Dynamics & Chaos,,,,6.0
Comparison of recurrent neural networks for wind power forecasting,2020,,10.1007/978-3-030-49076-8_3,Climate & Earth Sciences,,,,1.4
Nonlinear time-series prediction using a single mems reservoir,2020,,10.1115/DETC2020-22671,Nonlinear Dynamics & Chaos,,,,0.2
Prediction of Photovoltaic Time Series by Recurrent Neural Networks and Genetic Embedding,2020,,10.1109/CEC48606.2020.9185891,General RC / ESN Methods,,,,0.0
Real-Time Recognition and Parameters Estimation of Linear Frequency Modulation Microwave Signal Based on Reservoir Computing,2020,,10.23919/mwp48676.2020.9314419,Signal Processing & Comms,,,,1.0
A Gated Recurrent Unit based Echo State Network,2020,,10.1109/IJCNN48605.2020.9206786,General RC / ESN Methods,,,,0.8
A novel method for lake level prediction: deep echo state network,2020,,10.1007/s12517-020-05965-9,General RC / ESN Methods,,,,3.0
Formation and dissolution of conductive channels in an Ag2S-islands network,2020,,10.35848/1347-4065/ab922d,General RC / ESN Methods,,,,1.0
Neuromorphic information processing with nanowire networks,2020,,,Physical & Hardware RC,,,,3.6
Evaluation of photonic reservoir computing for use in short reach PAM-4 transmission systems,2020,,,Photonics & Optics,,,,0.0
A delay-based neuromorphic processor for arrhythmias detection,2020,,,Physical & Hardware RC,,,,2.0
Lead-free monocrystalline perovskite resistive switching device for temporal information processing,2020,,10.1016/j.nanoen.2020.104616,Physical & Hardware RC,,,,29.0
A multiple-input multiple-output reservoir computing system subject to optoelectronic feedbacks and mutual coupling,2020,,10.3390/e22020231,Photonics & Optics,,,,2.2
Novel soft sensor development using echo state network integrated with singular value decomposition: Application to complex chemical processes,2020,,10.1016/j.chemolab.2020.103981,General RC / ESN Methods,,,,14.2
Multisensor prognostic of RUL based on EMD-ESN,2020,,10.1155/2020/6639171,Signal Processing & Comms,,,,1.4
Machine learning in the optical domain enabled by reservoir computing,2020,,,Photonics & Optics,,,,0.0
Analyzing Architectures of Reservoir Computing Models Using Particle Swarm Intelligence,2020,,10.1007/978-981-15-4301-2_2,General RC / ESN Methods,,,,0.0
Online blind equalization for QAM signals based on prediction principle via complex echo state network,2020,,10.1109/LCOMM.2020.2978393,Signal Processing & Comms,,,,1.4
Physical reservoir computing-an introductory perspective,2020,,10.35848/1347-4065/ab8d4f,Physical & Hardware RC,,,,75.4
Feature extraction of surface electromyography based on improved small-world leaky echo state network,2020,,10.1162/neco_a_01270,Neuroscience & Comp. Neuro,,,,1.6
Multi-objective ensembles of echo state networks and extreme learning machines for streamflow series forecasting,2020,,10.1016/j.engappai.2020.103910,Climate & Earth Sciences,,,,9.8
Chaotic systems learning with hybrid echo state network/proper orthogonal decomposition based model,2021,,10.1017/dce.2021.17,Nonlinear Dynamics & Chaos,,,,0.0
Neurodynamic Approximation-Based Quantized Control with Improved Transient Performances for Microelectromechanical System Gyroscopes: Theory and Experimental Results,2021,,10.1109/TIE.2020.3026297,Control & Robotics,,,,10.25
A Hopf physical reservoir computer,2021,,10.1038/s41598-021-98982-x,Physical & Hardware RC,,,,6.5
Deep learning models for solar irradiance forecasting: A comprehensive review,2021,,10.1016/j.jclepro.2021.128566,Climate & Earth Sciences,,,,91.75
Echo state network-based online optimal control for discrete-time nonlinear systems,2021,,10.1016/j.amc.2021.126324,Nonlinear Dynamics & Chaos,,,,2.75
Model-free inference of unseen attractors: Reconstructing phase space features from a single noisy trajectory using reservoir computing,2021,,10.1063/5.0065813,Nonlinear Dynamics & Chaos,,,,11.0
Reservoir Computing Based on Mutually Injected Phase Modulated Semiconductor Lasers as a Monolithic Integrated Hardware Accelerator,2021,,10.1109/JQE.2021.3104855,Photonics & Optics,,,,1.0
Water quality prediction method based on multi-source transfer learning for water environmental IoT system,2021,,10.3390/s21217271,General RC / ESN Methods,,,,6.25
3D Trajectory Design of UAV Based on Deep Reinforcement Learning in Time-varying Scenes,2021,,10.1145/3507971.3507982,Control & Robotics,,,,0.25
Unveiling the role of plasticity rules in reservoir computing,2021,,10.1016/j.neucom.2020.05.127,Neuroscience & Comp. Neuro,,,,4.75
Numerical study of parallel optoelectronic reservoir computing to enhance nonlinear channel equalization,2021,,10.3390/photonics8100406,Photonics & Optics,,,,3.5
Reservoir Computing for Scalable Hardware with Block-Based Neural Network,2021,,10.1002/tee.23473,Physical & Hardware RC,,,,0.5
Symmetry-aware reservoir computing,2021,,10.1103/PhysRevE.104.045307,Nonlinear Dynamics & Chaos,,,,4.25
Reservoir computing with random and optimized time-shifts,2021,,10.1063/5.0068941,General RC / ESN Methods,,,,2.5
Double-layer staged training echo-state networks for wind speed prediction using variational mode decomposition,2021,,10.1016/j.apenergy.2021.117461,Climate & Earth Sciences,,,,16.75
Modelling and implementation of soft bio-mimetic turtle using echo state network and soft pneumatic actuators,2021,,10.1038/s41598-021-91136-z,Control & Robotics,,,,8.0
Cellular Traffic Prediction via a Deep Multi-Reservoir Regression Learning Network for Multi-Access Edge Computing,2021,,10.1109/MWC.001.2100029,General RC / ESN Methods,,,,1.75
Analytical evidence of nonlinearity in qubits and continuous-variable quantum reservoir computing,2021,,10.1088/2632-072X/ac340e,Quantum RC,,,,4.0
Neuromorphic computation with a single magnetic domain wall,2021,,10.1038/s41598-021-94975-y,Physical & Hardware RC,,,,11.25
The challenges of modern computing and new opportunities for optics,2021,,10.1186/s43074-021-00042-0,Photonics & Optics,,,,29.75
Reservoir computing with delayed input for fast and easy optimisation,2021,,10.3390/e23121560,Nonlinear Dynamics & Chaos,,,,11.75
"Toward Real-Time, At-Home Patient Health Monitoring Using Reservoir Computing CMOS IC",2021,,10.1109/JETCAS.2021.3128587,General RC / ESN Methods,,,,4.75
Simulating self-learning in photorefractive optical reservoir computers,2021,,10.1038/s41598-021-81899-w,Photonics & Optics,,,,3.0
A combination forecasting model of wind speed based on decomposition,2021,,10.1016/j.egyr.2021.02.002,Climate & Earth Sciences,,,,21.25
High-speed photonic reservoir computer based on a delayed Fano laser under electrical modulation,2021,,10.1364/OL.445278,Photonics & Optics,,,,5.5
Echo State network based soft sensor for Monitoring and Fault Detection of Industrial Processes,2021,,10.1016/j.compchemeng.2021.107512,Nonlinear Dynamics & Chaos,,,,7.5
Dynamic memristor-based reservoir computing for high-efficiency temporal signal processing,2021,,10.1038/s41467-020-20692-1,Physical & Hardware RC,,,,133.5
Novel hybrid model based on echo state neural network applied to the prediction of stock price return volatility,2021,,10.1016/j.eswa.2021.115490,Nonlinear Dynamics & Chaos,,,,26.25
Dynamical system analysis of a data-driven model constructed by reservoir computing,2021,,10.1103/PhysRevE.104.044215,Nonlinear Dynamics & Chaos,,,,4.5
Machine learning in spectral domain,2021,,10.1038/s41467-021-21481-0,General RC / ESN Methods,,,,7.75
Network traffic prediction method based on echo state network with adaptive reservoir,2021,,10.1002/spe.2950,Mathematics & Theory,,,,3.25
Research on Edge Intelligence Technology of Power Transmission Line Equipment Internet of Things,2021,,10.1109/ITNEC52019.2021.9587136,Mathematics & Theory,,,,0.25
Self-Adaptive Particle Swarm Optimization-Based Echo State Network for Time Series Prediction,2021,,10.1142/S012906572150057X,Nonlinear Dynamics & Chaos,,,,8.5
Echo State Network-Based Decentralized Control of Continuous-Time Nonlinear Large-Scale Interconnected Systems,2021,,10.1109/TSMC.2019.2958484,Mathematics & Theory,,,,22.25
Remaining useful life prediction of PEMFC based on cycle reservoir with jump model,2021,,10.1016/j.ijhydene.2021.09.233,Climate & Earth Sciences,,,,8.75
Transfer-RLS method and transfer-FORCE learning for simple and fast training of reservoir computing models,2021,,10.1016/j.neunet.2021.06.031,Physical & Hardware RC,,,,4.5
Realising and compressing quantum circuits with quantum reservoir computing,2021,,10.1038/s42005-021-00606-3,Quantum RC,,,,11.0
Network Traffic Prediction of Dropout Echo State Network; [Dropout回声状态网络的网络流量预测],2021,,10.13190/j.jbupt.2021-021,Signal Processing & Comms,,,,0.75
Optimized ensemble deep learning framework for scalable forecasting of dynamics containing extreme events,2021,,10.1063/5.0074213,Nonlinear Dynamics & Chaos,,,,5.75
All optical XOR logic gate formed by unsupervised optical neuron networks,2021,,10.1016/j.neucom.2021.07.028,Photonics & Optics,,,,4.5
Parameters optimization method for the time-delayed reservoir computing with a nonlinear duffing mechanical oscillator,2021,,10.1038/s41598-020-80339-5,Nonlinear Dynamics & Chaos,,,,4.75
Neuromorphic Properties of Forming-Free Non-Filamentary TiN/Ta2O5/Ta Structures with an Asymmetric Current–Voltage Characteristic,2021,,10.1134/S2635167621060136,Physical & Hardware RC,,,,1.25
Addressing limited weight resolution in a fully optical neuromorphic reservoir computing readout,2021,,10.1038/s41598-021-82720-4,Photonics & Optics,,,,2.5
Observer-based optimal adaptive control for multimotor driving servo systems,2021,,10.1002/rnc.5795,Control & Robotics,,,,1.75
Reservoir Computing Approach to Quantum State Measurement,2021,,10.1103/PhysRevX.11.041062,Photonics & Optics,,,,10.0
Dynamic soft sensor modeling method fusing process feature information based on an improved intelligent optimization algorithm,2021,,10.1016/j.chemolab.2021.104415,Mathematics & Theory,,,,1.75
Performance versus complexity study of neural network equalizers in coherent optical systems,2021,,10.1109/JLT.2021.3096286,Photonics & Optics,,,,42.75
Effect of excited state lasing on the chaotic dynamics of spin QD-VCSELs,2021,,10.1007/s11071-021-06955-6,Photonics & Optics,,,,3.75
Novel Gray Orthogonal Echo State Network Integrating the Process Mechanism for Dynamic Soft Sensor Development,2021,,10.1021/acs.iecr.1c02380,Nonlinear Dynamics & Chaos,,,,2.0
Gaussian states of continuous-variable quantum systems provide universal and versatile reservoir computing,2021,,10.1038/s42005-021-00556-w,Quantum RC,,,,20.5
Echo state network activation function based on bistable stochastic resonance,2021,,10.1016/j.chaos.2021.111503,Physical & Hardware RC,,,,8.5
Estimation of heat generation by using echo state network for diagnosing thermal characteristics,2021,,10.1016/j.measen.2021.100238,General RC / ESN Methods,,,,0.0
Integrating a softened multi-interval loss function into neural networks for wind power prediction,2021,,10.1016/j.asoc.2021.108009,Climate & Earth Sciences,,,,4.0
Online learning of oil leak anomalies in wind turbines with block-based binary reservoir,2021,,10.3390/electronics10222836,General RC / ESN Methods,,,,3.5
Contingency-based adaptive synthetic data generation to improve transient stability prediction in power systems,2021,,10.1002/2050-7038.13128,General RC / ESN Methods,,,,0.75
Is prediction nothing more than multi-scale pattern completion of the future?,2021,,10.1016/j.brainres.2021.147578,Neuroscience & Comp. Neuro,,,,5.5
Scalable reservoir computing on coherent linear photonic processor,2021,,10.1038/s42005-021-00519-1,Photonics & Optics,,,,43.5
Room temperature demonstration of in-materio reservoir computing for optimizing Boolean function with single-walled carbon nanotube/porphyrin-polyoxometalate composite,2021,,10.35848/1882-0786/ac24db,General RC / ESN Methods,,,,4.25
Network traffic prediction model based on ensemble empirical mode decomposition and multiple models,2021,,10.1002/dac.4966,General RC / ESN Methods,,,,1.0
Fast physical repetitive patterns generation for masking in time-delay reservoir computing,2021,,10.1038/s41598-021-86150-0,Photonics & Optics,,,,4.5
Direct adaptive control for nonlinear systems using a TSK fuzzy echo state network based on fractional-order learning algorithm,2021,,10.1016/j.jfranklin.2021.09.015,Control & Robotics,,,,5.5
Forecasting energy consumption using deep echo state networks optimized with genetic algorithm,2021,,10.1201/9781003153405-11,General RC / ESN Methods,,,,0.75
"Photonic neural field on a silicon chip: Large-scale, high-speed neuro-inspired computing and sensing",2021,,10.1364/OPTICA.434918,Photonics & Optics,,,,15.5
Experimental Research of the Optical Reservoir Computing Based on the VCSEL (Invited); [基于VCSEL的光储备池计算实验研究(特邀)],2021,,10.3788/gzxb20215010.1020002,Photonics & Optics,,,,0.25
Next generation reservoir computing,2021,,10.1038/s41467-021-25801-2,Next-Gen RC,,,,126.25
Narrative event segmentation in the cortical reservoir,2021,,10.1371/journal.pcbi.1008993,Neuroscience & Comp. Neuro,,,,3.75
In-Materio Reservoir Computing in a Sulfonated Polyaniline Network,2021,,10.1002/adma.202102688,Mathematics & Theory,,,,30.75
Novelty and imitation within the brain: a Darwinian neurodynamic approach to combinatorial problems,2021,,10.1038/s41598-021-91489-5,General RC / ESN Methods,,,,1.25
A Cost-Efficient Digital ESN Architecture on FPGA for OFDM Symbol Detection,2021,,10.1145/3440017,Physical & Hardware RC,,,,5.0
Physical reservoir computing with origami and its application to robotic crawling,2021,,10.1038/s41598-021-92257-1,Physical & Hardware RC,,,,23.5
Water Quality Prediction Method Based on Transfer Learning and Echo State Network,2021,,10.1142/S0218126621502625,General RC / ESN Methods,,,,1.5
An Echo State Network Parameter Optimization Method Based on Behavior Space,2021,,10.13976/j.cnki.xk.2021.0529,Mathematics & Theory,,,,1.25
Reservoir computing using photon-magnon coupling,2021,,10.1063/5.0061429,Photonics & Optics,,,,2.75
Reconstructing Solar Wind Profiles Associated With Extreme Magnetic Storms: A Machine Learning Approach,2021,,10.1029/2021GL096275,General RC / ESN Methods,,,,3.25
Estimation of remaining useful life of bearings using reduced affinity propagated clustering,2021,,,General RC / ESN Methods,,,,3.0
Technological and Legal Aspects of the Use of Machine Learning Elements in Chaotic Information Processing Systems,2021,,10.1109/PICST51311.2020.9467935,Nonlinear Dynamics & Chaos,,,,0.5
Energy consumption forecasting for smart meters using extreme learning machine ensemble,2021,,10.3390/s21238096,General RC / ESN Methods,,,,5.0
Tunable reservoir computing based on iterative function systems,2021,,10.1364/OE.441236,Photonics & Optics,,,,1.25
Physical reservoir computing with FORCE learning in a living neuronal culture,2021,,10.1063/5.0064771,Physical & Hardware RC,,,,13.5
An EEG emotion recognition method based on transfer learning and echo state network for HilCPS,2021,,10.1016/j.micpro.2020.103381,Signal Processing & Comms,,,,3.5
Spatio-temporal feature learning with reservoir computing for T-cell segmentation in live-cell Ca 2 + fluorescence microscopy,2021,,10.1038/s41598-021-87607-y,Photonics & Optics,,,,1.5
Reservoir computing based on a silicon microring and time multiplexing for binary and analog operations,2021,,10.1038/s41598-021-94952-5,Photonics & Optics,,,,18.25
Time-Delayed Reservoir Computing Based on a Two-Element Phased Laser Array for Image Identification,2021,,10.1109/JPHOT.2021.3115598,Photonics & Optics,,,,8.5
Robust forecasting using predictive generalized synchronization in reservoir computing,2021,,10.1063/5.0066013,Nonlinear Dynamics & Chaos,,,,7.0
Recent Progress in Photonic Reservoir Neural Network; [光蓄水池神经网络研究进展],2021,,10.3788/CJL202148.1906001,Photonics & Optics,,,,1.0
Time-varying data processing with nonvolatile memristor-based temporal kernel,2021,,10.1038/s41467-021-25925-5,Physical & Hardware RC,,,,20.25
Unorganized machines to estimate the number of hospital admissions due to respiratory diseases caused by pm10 concentration,2021,,10.3390/atmos12101345,Climate & Earth Sciences,,,,2.25
Multi-Stage Prediction of Feed System Time Series,2021,,10.3233/FAIA210387,Control & Robotics,,,,0.0
Approach for short-term wind power prediction via kernel principal component analysis and echo state network optimized by improved particle swarm optimization algorithm,2021,,10.1177/01423312211046421,Climate & Earth Sciences,,,,3.5
Novel nondelay-based reservoir computing with a single micromechanical nonlinear resonator for high-efficiency information processing,2021,,10.1038/s41378-021-00313-7,Nonlinear Dynamics & Chaos,,,,9.0
Photonic reservoir computer using speckle in multimode waveguide ring resonators,2021,,10.1364/OE.425062,Photonics & Optics,,,,4.25
Experimental realization of integrated photonic reservoir computing for nonlinear fiber distortion compensation,2021,,10.1364/OE.435013,Photonics & Optics,,,,18.5
In-sensor reservoir computing for language learning via two-dimensional memristors,2021,,10.1126/sciadv.abg1455,Physical & Hardware RC,,,,77.0
Multicolor Tunable Photonic Reservoir Computing,2021,,10.1109/CLEO/Europe-EQEC52157.2021.9592670,Photonics & Optics,,,,0.25
Computing with Open Dynamical Systems,2021,,10.1109/CogSIMA51574.2021.9475943,Nonlinear Dynamics & Chaos,,,,0.0
Deep Echo State Networks for Functional Ambulation Categories Estimation,2021,,10.14428/esann/2021.ES2021-149,General RC / ESN Methods,,,,0.0
Intermittent evolution routes to the periodic or the chaotic orbits in Rulkov map,2021,,10.1063/5.0060205,Nonlinear Dynamics & Chaos,,,,3.0
Natural Synchronization of Wireless Sensor Networks for Structural Health Monitoring,2021,,,Nonlinear Dynamics & Chaos,,,,0.0
Optically Pumped Spin VCSELs for Reservoir Computing,2021,,,Photonics & Optics,,,,0.0
Dynamic ensemble wind speed prediction model based on hybrid deep reinforcement learning,2021,,10.1016/j.aei.2021.101290,Climate & Earth Sciences,,,,18.75
Echo State Network Performance Analysis Using Non-random Topologies,2021,,10.1007/978-3-030-69774-7_10,Nonlinear Dynamics & Chaos,,,,0.0
Multipitch tracking in music signals using echo state networks,2021,,10.23919/Eusipco47968.2020.9287638,Signal Processing & Comms,,,,3.5
Convolutional Multitimescale Echo State Network,2021,,10.1109/TCYB.2019.2919648,General RC / ESN Methods,,,,13.75
Wavelength division multiplexing reservoir computer using quantum dot lasers with delayed optical feedback,2021,,10.1117/12.2577145,Photonics & Optics,,,,0.0
Learning function from structure in neuromorphic networks,2021,,10.1038/s42256-021-00376-1,Physical & Hardware RC,,,,22.75
Processing-Response Dependence on the On-Chip Readout Positions in Spin-Wave Reservoir Computing,2021,,10.1007/978-3-030-92238-2_25,General RC / ESN Methods,,,,0.0
A Modified Echo State Network for Time Independent Image Classification,2021,,10.1109/MWSCAS47672.2021.9531776,General RC / ESN Methods,,,,2.25
High Density Multi-Chip Module for Photonic Reservoir Computing,2021,,10.1109/ECTC32696.2021.00047,Photonics & Optics,,,,0.5
"A combined model based on SSA, neural networks, and LSSVM for short-term electric load and price forecasting",2021,,10.1007/s00521-020-05113-0,Climate & Earth Sciences,,,,10.25
ECG Denoising using a Single-Node Dynamic Reservoir Computing Architecture; [تقليل الضوضاء في مخطط كهربية القلب باستخدام بنية حوسبة الخزان الديناميكي أحادية العقدة],2021,,10.21608/bfemu.2021.209673,Neuroscience & Comp. Neuro,,,,0.75
PV Power Forecasting with Univariate Input Based on mRMR-ESN; [基于mRMR-ESN的单变量光伏功率预测],2021,,10.12068/j.issn.1005-3026.2021.02.004,Nonlinear Dynamics & Chaos,,,,0.25
Tunable Synaptic Characteristics of a Ti/TiO2/Si Memory Device for Reservoir Computing,2021,,10.1021/acsami.1c06618,Neuroscience & Comp. Neuro,,,,19.0
An area-efficient recurrent neural network core for unsupervised time-series anomaly detection,2021,,10.1587/transele.2020LHP0003,General RC / ESN Methods,,,,0.5
Reservoir Computing based Signal Recovery for 56 Gb/s PAM4 System,2021,,,Photonics & Optics,,,,0.25
Exploiting a distributed nonlinearity in a photonic coherent fiber-based reservoir computer,2021,,,Photonics & Optics,,,,0.0
A Single-Node Classifier Implementation on Chua Oscillator within a Physical Reservoir Computing Framework,2021,,10.1142/S0218127421501613,Nonlinear Dynamics & Chaos,,,,1.0
Physical Reservoir Computing in Robotics,2021,,10.1007/978-981-13-1687-6_8,Physical & Hardware RC,,,,3.5
A New Improved Echo State Network with Multiple Output Layers for Time Series Prediction,2021,,10.1109/ICRAE53653.2021.9657812,Nonlinear Dynamics & Chaos,,,,0.5
Radar-based hand gesture recognition using spiking neural networks,2021,,10.3390/electronics10121405,Neuroscience & Comp. Neuro,,,,10.25
Computational Efficiency of a Modular Reservoir Network for Image Recognition,2021,,10.3389/fncom.2021.594337,Neuroscience & Comp. Neuro,,,,1.25
Fault Diagnosis for Wind Turbine Gearboxes by Using Deep Enhanced Fusion Network,2021,,10.1109/TIM.2020.3024048,General RC / ESN Methods,,,,11.75
Neuromorphic Electronic Systems for Reservoir Computing,2021,,10.1007/978-981-13-1687-6_10,Physical & Hardware RC,,,,1.0
Implementation of a reservoir computing system using the short-term effects of Pt/HfO2/TaOx/TiN memristors with self-rectification,2021,,10.1016/j.chaos.2021.111223,Physical & Hardware RC,,,,14.75
Constructing higher-dimensional digital chaotic systems via loop-state contraction algorithm,2021,,10.1109/TCSI.2021.3091404,Nonlinear Dynamics & Chaos,,,,4.75
"Learn to synchronize, synchronize to learn",2021,,10.1063/5.0056425,Mathematics & Theory,,,,5.75
Hierarchical architectures in reservoir computing systems,2021,,10.1088/2634-4386/ac1b75,Nonlinear Dynamics & Chaos,,,,9.75
Time Series Prediction Based on Improved Differential Evolution and Echo State Network; [基于改进差分进化和回声状态网络的时间序列预测研究],2021,,10.16383/j.aas.c180549,Nonlinear Dynamics & Chaos,,,,1.5
A delay-sensitive resource allocation algorithm for container cluster in edge computing environment,2021,,10.1016/j.comcom.2021.01.020,Mathematics & Theory,,,,5.25
Synergies between synaptic and intrinsic plasticity in echo state networks,2021,,10.1016/j.neucom.2020.12.007,Neuroscience & Comp. Neuro,,,,4.5
Short-Term Temperature and Rainfall Prediction at Local and Global Spatial Scale: A Review,2021,,10.1109/ICACITE51222.2021.9404767,Climate & Earth Sciences,,,,1.5
Chaotic time series prediction using echo state network based on selective opposition grey wolf optimizer,2021,,10.1007/s11071-021-06452-w,Nonlinear Dynamics & Chaos,,,,10.25
"19th International Conference on Unconventional Computation and Natural Computation, UCNC 2021",2021,,,Physical & Hardware RC,,,,0.0
Improved Reservoir Computing by Carbon Nanotube Network with Polyoxometalate Decoration,2021,,10.1109/NEMS51815.2021.9451290,Physical & Hardware RC,,,,1.25
Blind Equalization for Chaotic Signals Based on Echo State Network and Kalman Filter under Nonlinear Channels,2021,,10.1109/LCOMM.2020.3032587,Nonlinear Dynamics & Chaos,,,,1.5
"21st International Conference on Computational Science, ICCS 2021",2021,,,Control & Robotics,,,,0.0
Neuromorphic Integrated Photonics as Hardware Accelerators for Ultra-high Speed Telecom and Imaging Applications,2021,,,Photonics & Optics,,,,0.0
Photonic artificial intelligence using complex photonics: Reservoir computing and decision making,2021,,,Photonics & Optics,,,,0.0
Grouped Echo State Network with Late Fusion for Speech Emotion Recognition,2021,,10.1007/978-3-030-92238-2_36,Signal Processing & Comms,,,,1.25
Signal recovery based on optoelectronic reservoir computing for high speed optical fiber communication system,2021,,10.1016/j.optcom.2021.127082,Photonics & Optics,,,,5.5
Implementing a Magnonic Reservoir Computer Model Based on Time-Delay Multiplexing,2021,,10.1103/PhysRevApplied.15.064060,Mathematics & Theory,,,,15.0
BloomCA: A Memory Efficient Reservoir Computing Hardware Implementation Using Cellular Automata and Ensemble Bloom Filter,2021,,10.23919/DATE51398.2021.9474047,Control & Robotics,,,,1.75
Numerical simulation of artificial spin ice for reservoir computing,2021,,10.35848/1882-0786/abdcd8,Mathematics & Theory,,,,8.5
Multi-timescale Forecast of Solar Irradiance Based on Multi-task Learning and Echo State Network Approaches,2021,,10.1109/TII.2020.2987096,General RC / ESN Methods,,,,17.5
Two-phase deep learning model for short-term wind direction forecasting,2021,,10.1016/j.renene.2021.04.041,Climate & Earth Sciences,,,,26.75
Physics and Simulation of Optoelectronic Devices XXIX,2021,,,Photonics & Optics,,,,0.0
MNIST classification using Neuromorphic Nanowire Networks,2021,,10.1145/3477145.3477162,Physical & Hardware RC,,,,0.75
Complex network perspective on modelling chaotic systems via machine learning,2021,,10.1088/1674-1056/abd9b3,Nonlinear Dynamics & Chaos,,,,1.5
Speckle-based Telecommunication and Computing in Multimode Fibers,2021,,,Photonics & Optics,,,,0.0
"International Conference on Artificial Intelligence, Virtual Reality, and Visualization, AIVRV 2021",2021,,,General RC / ESN Methods,,,,0.0
Households Energy Consumption Forecasting with Echo State Network,2021,,10.1007/978-3-030-73882-2_119,Nonlinear Dynamics & Chaos,,,,0.5
"International Conference in Artificial Intelligence in Renewable Energetic Systems, ICAIRES 2020",2021,,,Control & Robotics,,,,0.0
Echo state network for two-dimensional turbulent moist Rayleigh-Bénard convection,2021,,10.1103/PhysRevE.103.053107,Physical & Hardware RC,,,,4.5
Insight into delay based reservoir computing via eigenvalue analysis,2021,,10.1088/2515-7647/abf237,Photonics & Optics,,,,7.25
Robot Arm Control Using Reward-Modulated Hebbian Learning,2021,,10.1007/978-3-030-92310-5_7,Control & Robotics,,,,0.5
Reservoir computing on epidemic spreading: A case study on COVID-19 cases,2021,,10.1103/PhysRevE.104.014308,Control & Robotics,,,,11.25
Physics-informed reservoir computing with autonomously switching readouts: a case study in pneumatic artificial muscles,2021,,10.1109/MHS53471.2021.9767178,Control & Robotics,,,,1.75
Soft Sensors Based on Adaptive Stacked Polymorphic Model for Silicon Content Prediction in Ironmaking Process,2021,,10.1109/TIM.2020.3038285,General RC / ESN Methods,,,,11.75
Detection of ADHD Disorder Using Dynamic Connectivity Tensors in Bidirectional Circular Reservoir Computing,2021,,10.1109/ICBME54433.2021.9750383,Neuroscience & Comp. Neuro,,,,0.0
Event-triggered compound learning tracking control of autonomous surface vessels in the measurement network,2021,,10.1016/j.oceaneng.2021.108817,Control & Robotics,,,,4.5
Erratum: Macromagnetic simulation for reservoir computing utilizing spin-dynamics in magnetic tunnel junctions (Physical Review Applied (2018) 10 (034063) DOI: 10.1103/PhysRevApplied.10.034063),2021,,10.1103/PhysRevApplied.16.029901,General RC / ESN Methods,,,,0.0
A Scheme for Optical Reservoir Computers with Atomic Memory,2021,,10.1109/CLEO/Europe-EQEC52157.2021.9541799,Photonics & Optics,,,,0.0
Semiconductor Lasers and Applications XI,2021,,,Photonics & Optics,,,,0.0
Improving full-FORCE with dynamical data coupling and multilayer architecture,2021,,10.1109/BioCAS49922.2021.9645012,Physical & Hardware RC,,,,0.25
Multi-modeshape reservoir computing using a continuous MEMS microbeam,2021,,10.1115/DETC2021-71659,General RC / ESN Methods,,,,0.0
Reservoir computing with an inertial form,2021,,10.1137/20M134527X,Mathematics & Theory,,,,0.0
Reconstructing Quantum States with Quantum Reservoir Networks,2021,,10.1109/TNNLS.2020.3009716,Quantum RC,,,,12.25
Online H∞ control for continuous-time nonlinear large-scale systems via single echo state network,2021,,10.1016/j.neucom.2021.03.017,Mathematics & Theory,,,,3.5
Remaining useful life prediction of PEMFC systems under dynamic operating conditions,2021,,10.1016/j.enconman.2021.113825,Mathematics & Theory,,,,37.25
A Numerical Exploration of Signal Detector Arrangement in a Spin-Wave Reservoir Computing Device,2021,,10.1109/ACCESS.2021.3079583,Physical & Hardware RC,,,,5.5
Reservoir Computing in Material Substrates,2021,,10.1007/978-981-13-1687-6_7,Physical & Hardware RC,,,,2.25
Phase Transition Adaptation,2021,,10.1109/IJCNN52387.2021.9534006,Mathematics & Theory,,,,1.25
An Echo State Network for fuel cell lifetime prediction under a dynamic micro-cogeneration load profile,2021,,10.1016/j.apenergy.2020.116297,General RC / ESN Methods,,,,16.5
Model-free control of dynamical systems with deep reservoir computing,2021,,10.1088/2632-072X/ac24f3,Nonlinear Dynamics & Chaos,,,,10.5
Advances in fiber-based time-delay reservoir computing,2021,,,Photonics & Optics,,,,0.0
Design of parallel reservoir computing by mutually-coupled semiconductor lasers with optoelectronic feedback,2021,,10.1016/j.optcom.2021.127120,Photonics & Optics,,,,5.25
Long-Time Prediction of Arrhythmic Cardiac Action Potentials Using Recurrent Neural Networks and Reservoir Computing,2021,,10.3389/fphys.2021.734178,Mathematics & Theory,,,,4.5
A Decentralized Algorithm for Deep Echo State Networks,2021,,10.1109/CAC53003.2021.9728101,Nonlinear Dynamics & Chaos,,,,0.0
Machine-learning construction of a model for a macroscopic fluid variable using the delay-coordinate of a scalar observable,2021,,10.3934/dcdss.2020352,Nonlinear Dynamics & Chaos,,,,2.25
Long-Term Performance Prediction of PEMFC Based on LASSO-ESN,2021,,10.1109/TIM.2021.3058365,General RC / ESN Methods,,,,16.75
A reservoir computing approach for forecasting and regenerating both dynamical and time-delay controlled financial system behavior,2021,,10.1371/journal.pone.0246737,Nonlinear Dynamics & Chaos,,,,3.25
Pneumatic reservoir computing for sensing soft body: Computational ability of air in tube and its application to posture estimation of soft exoskeleton,2021,,10.18494/SAM.2021.3345,Physical & Hardware RC,,,,6.75
Advanced CMOS technologies for ultra-low power logic and AI applications,2021,,10.1109/EDTM50988.2021.9420870,General RC / ESN Methods,,,,0.5
Fixed complexity tiny reservoir heterogeneous network for on-line ECG learning of anomalies,2021,,10.1109/GCCE53005.2021.9622022,General RC / ESN Methods,,,,2.75
Neural-Based Ensembles for Particulate Matter Forecasting,2021,,10.1109/ACCESS.2021.3050437,General RC / ESN Methods,,,,14.5
Reservoir computing with swarms,2021,,10.1063/5.0039745,Mathematics & Theory,,,,5.0
Reservoir computing with solitons,2021,,10.1088/1367-2630/abda84,Photonics & Optics,,,,10.0
Higher-order and long-range synchronization effects for classification and computing in oscillator-based spiking neural networks,2021,,10.1007/s00521-020-05177-y,Nonlinear Dynamics & Chaos,,,,1.5
A Novel Approach to Image-Sequence-Based Mobile Robot Place Recognition,2021,,10.1109/TSMC.2019.2956321,Control & Robotics,,,,3.0
Predicting amplitude death with machine learning,2021,,10.1103/PhysRevE.104.014205,Nonlinear Dynamics & Chaos,,,,13.0
JCSSE 2021 - 18th International Joint Conference on Computer Science and Software Engineering: Cybernetics for Human Beings,2021,,,Signal Processing & Comms,,,,0.0
Echo State Networks for Estimating Exteroceptive Conditions From Proprioceptive States in Quadruped Robots,2021,,10.3389/fnbot.2021.655330,Control & Robotics,,,,3.75
Erratum: Controller design based on echo state network with delay output for nonlinear system (Complexity (2020) 2020 (8643029) DOI: 10.1155/2020/8643029),2021,,10.1155/2021/3041205,Nonlinear Dynamics & Chaos,,,,0.0
Toward intelligence in communication networks: A deep learning identification strategy for radio frequency fingerprints,2021,,10.1109/ISQED51717.2021.9424319,Signal Processing & Comms,,,,2.25
Forecasting of adaptive network’s dynamics,2021,,10.1109/DCNA53427.2021.9587253,Nonlinear Dynamics & Chaos,,,,0.0
Automatic-differentiated Physics-Informed Echo State Network (API-ESN),2021,,10.1007/978-3-030-77977-1_25,Nonlinear Dynamics & Chaos,,,,1.25
Echo state network with a global reversible autoencoder for time series classification,2021,,10.1016/j.ins.2021.04.074,General RC / ESN Methods,,,,5.25
Echo state network based model predictive control for active vibration control of hybrid electric vehicle powertrains,2021,,10.3390/app11146621,Control & Robotics,,,,2.75
Machine learning prediction of critical transition and system collapse,2021,,10.1103/PhysRevResearch.3.013090,Nonlinear Dynamics & Chaos,,,,33.0
Spoken Digit Classification by In-Materio Reservoir Computing With Neuromorphic Atomic Switch Networks,2021,,10.3389/fnano.2021.675792,Physical & Hardware RC,,,,16.75
"CLEO: Science and Innovations, CLEO:S and I 2021",2021,,,Photonics & Optics,,,,0.0
Emerging Topics in Artificial Intelligence (ETAI) 2021,2021,,,Photonics & Optics,,,,0.0
RC-Struct: Reservoir Computing Meets Knowledge of Structure in MIMO-OFDM,2021,,10.1109/GCWkshps52748.2021.9682086,Signal Processing & Comms,,,,0.5
A comparative performance analysis of different machine learning techniques for SNR prediction in microcell and picocell wireless environment,2021,,10.1504/IJRIS.2021.118645,Signal Processing & Comms,,,,0.0
Multifunctionality in a reservoir computer,2021,,10.1063/5.0019974,Nonlinear Dynamics & Chaos,,,,9.5
Prediction Utilizing Photonic Reservoir Computing Based on Complex Chaotic Mask,2021,,10.1109/ICOCN53177.2021.9563789,Photonics & Optics,,,,0.5
Revisiting the memory capacity in reservoir computing of directed acyclic network,2021,,10.1063/5.0040251,Mathematics & Theory,,,,3.25
Research on teaching quality evaluation system of Public Security Colleges Based on Integrated Neural Network,2021,,10.1145/3480001.3480020,General RC / ESN Methods,,,,0.0
Powerlifting score prediction using a machine learning method,2021,,10.3934/MBE.2021056,General RC / ESN Methods,,,,1.5
Novel reservoir computing approach for the detection of chaos,2021,,10.1109/ISCAS51556.2021.9401735,Nonlinear Dynamics & Chaos,,,,0.25
Reservoir Computing in Reduced Order Modeling for Chaotic Dynamical Systems,2021,,10.1007/978-3-030-90539-2_4,Nonlinear Dynamics & Chaos,,,,0.5
Functional differentiations in evolutionary reservoir computing networks,2021,,10.1063/5.0019116,Nonlinear Dynamics & Chaos,,,,2.75
Comparison of echo state network and feed-forward neural networks in electrical load forecasting for demand response programs,2021,,10.1016/j.matcom.2020.07.011,General RC / ESN Methods,,,,17.75
Detection of Denial of Service Attacks Using Echo State Networks,2021,,10.1109/SMC52423.2021.9659212,General RC / ESN Methods,,,,1.25
Two methods to approximate the Koopman operator with a reservoir computer,2021,,10.1063/5.0026380,Mathematics & Theory,,,,2.75
Forecasting COVID-19 pandemic using an echo state neural network-based framework,2021,,10.1109/IJCNN52387.2021.9533857,Control & Robotics,,,,0.75
An artificial olfactory inference system based on memristive devices,2021,,10.1002/inf2.12196,Neuroscience & Comp. Neuro,,,,18.75
Reservoir Computing based on Mutually Injected Phase Modulated Lasers: A monolithic integration approach suitable for short-reach communication systems,2021,,,Photonics & Optics,,,,0.5
Predicting Player Churn with Echo State Networks,2021,,10.1109/CoG52621.2021.9619059,Nonlinear Dynamics & Chaos,,,,1.0
Seasonal prediction of Indian summer monsoon onset with echo state networks,2021,,10.1088/1748-9326/ac0acb,Climate & Earth Sciences,,,,4.25
Reservoir Computing Using Autonomous Boolean Networks Realized on Field-Programmable Gate Arrays,2021,,10.1007/978-981-13-1687-6_11,Control & Robotics,,,,1.25
Photonic reservoir computer with output expansion for unsupervized parameter drift compensation,2021,,10.3390/e23080955,Photonics & Optics,,,,0.75
Short- And long-term predictions of chaotic flows and extreme events: A physics-constrained reservoir computing approach,2021,,10.1098/rspa.2021.0135,Nonlinear Dynamics & Chaos,,,,11.5
Generalization characteristics of complex-valued reservoir computing for interferometric synthetic aperture radar applications,2021,,,Signal Processing & Comms,,,,0.25
Reservoir Computing Leveraging the Transient Non-linear Dynamics of Spin-Torque Nano-Oscillators,2021,,10.1007/978-981-13-1687-6_13,Nonlinear Dynamics & Chaos,,,,0.5
Energy Efficient MIMO-OFDM Spectrum Sensing Using Deep Stacked Spiking Delayed Feedback Reservoir Computing,2021,,10.1109/TGCN.2020.3046725,Neuroscience & Comp. Neuro,,,,4.5
An Artificial Electrical-Chemical Mixed Synapse Based on Ion-Gated MoS2Nanosheets for Real-Time Facilitation Index Tuning,2021,,10.1021/acsami.0c21161,Neuroscience & Comp. Neuro,,,,2.5
Speech Emotion Recognition Using a New Hybrid Quaternion-Based Echo State Network-Bilinear Filter,2021,,10.1109/ICSPIS54653.2021.9729337,Signal Processing & Comms,,,,5.0
Geo-AI to aid disaster response by memory-augmented deep reservoir computing,2021,,10.3233/ICA-210657,Physical & Hardware RC,,,,3.75
An Information Theoretic Study of a Duffing Oscillator Array Reservoir Computer,2021,,10.1115/1.4051270,Nonlinear Dynamics & Chaos,,,,4.0
Reservoir Computing with Low-Power-Consumption All-Optical Nonlinear Activation Using Membrane SOA on Si,2021,,,Photonics & Optics,,,,1.5
Autonomous Boolean network regulation based on logic gates' response characteristics; [基于逻辑器件响应特性的自治布尔网络调控],2021,,10.7498/aps.70.20201249,Nonlinear Dynamics & Chaos,,,,0.25
"2021 International Symposium on Micro-NanoMechatronics and Human Science, MHS 2021",2021,,,Control & Robotics,,,,0.0
Short-term Traffic Flow Prediction Based on Improved Deep Echo State Network,2021,,10.23919/CCC52363.2021.9550595,General RC / ESN Methods,,,,0.25
A Circuit-embedded Reservoir Computer for Smart Noise Reduction of MCG Signals,2021,,10.1109/IoTaIS53735.2021.9628824,Physical & Hardware RC,,,,1.5
Edge computing enabled services identification algorithm of elastic optical networks,2021,,10.1504/IJWMC.2021.114137,Photonics & Optics,,,,0.5
Federated Reservoir Computing Neural Networks,2021,,10.1109/IJCNN52387.2021.9534035,General RC / ESN Methods,,,,5.25
Multi-layer tree liquid state machine recurrent auto encoder for thyroid detection,2021,,10.1007/s11042-020-10243-7,Neuroscience & Comp. Neuro,,,,2.0
A scheme for optical reservoir computers with atomic memory,2021,,,Photonics & Optics,,,,0.0
A Multi-Reservoir Echo State Network with Multiple-Size Input Time Slices for Nonlinear Time-Series Prediction,2021,,10.1007/978-3-030-92270-2_3,Nonlinear Dynamics & Chaos,,,,1.0
Spatial resolution of complex-valued reservoir computing in aspect classification using InSAR data,2021,,10.1109/APSAR52370.2021.9688400,Signal Processing & Comms,,,,0.0
7.5nJ/inference CMOS Echo State Network for Coronary Heart Disease prediction,2021,,10.1109/ESSCIRC53450.2021.9567753,General RC / ESN Methods,,,,1.5
Ensemble echo network with deep architecture for time-series modeling,2021,,10.1007/s00521-020-05286-8,Nonlinear Dynamics & Chaos,,,,5.25
Experimental demonstration of reservoir computing with a silicon resonator and time multiplexing,2021,,10.1109/GFP51802.2021.9673869,Photonics & Optics,,,,0.0
Enhancing computational performance of a spin-wave reservoir computer with input synchronization,2021,,10.1063/5.0033292,Nonlinear Dynamics & Chaos,,,,9.0
Reservoir computing with self-organizing neural oscillators,2021,,,Nonlinear Dynamics & Chaos,,,,0.5
Reservoir Computing by Discretizing ODEs,2021,,10.14428/esann/2021.ES2021-101,General RC / ESN Methods,,,,0.5
Multi-channel optical neuromorphic processor for frequency-multiplexed signals,2021,,10.1088/2515-7647/abcb72,Photonics & Optics,,,,2.0
Research progress in hardware implementations of reservoir computing,2021,,10.3788/LOP54.080005,Photonics & Optics,,,,1.25
Toward NMR Quantum Reservoir Computing,2021,,10.1007/978-981-13-1687-6_19,Quantum RC,,,,1.5
Spin waves propagating through a stripe magnetic domain structure and their applications to reservoir computing,2021,,10.1103/PhysRevResearch.3.033243,Mathematics & Theory,,,,13.25
Global bridge damage detection using multi-sensor data based on optimized functional echo state networks,2021,,10.1177/1475921720948206,Mathematics & Theory,,,,2.5
A neural architecture search based framework for liquid state machine design,2021,,10.1016/j.neucom.2021.02.076,Neuroscience & Comp. Neuro,,,,8.25
A novel doublet extreme learning machines for Delta 3D printer fault diagnosis using attitude sensor,2021,,10.1016/j.isatra.2020.10.024,General RC / ESN Methods,,,,3.25
Online learning on tiny micro-controllers for anomaly detection in water distribution systems,2021,,10.1109/ICCE-Berlin53567.2021.9720009,General RC / ESN Methods,,,,4.25
Efficient and reconfigurable reservoir computing to realize alphabet pronunciation recognition based on processing-in-memory,2021,,10.1063/5.0057132,Nonlinear Dynamics & Chaos,,,,1.0
Achieving criticality for reservoir computing using environment-induced explosive death,2021,,10.1063/5.0038881,Nonlinear Dynamics & Chaos,,,,2.5
AQI time series prediction based on a hybrid data decomposition and echo state networks,2021,,10.1007/s11356-021-14186-w,Nonlinear Dynamics & Chaos,,,,7.0
"Towards modeling physically-consistent, chaotic spatiotemporal dynamics with echo state networks",2021,,,Nonlinear Dynamics & Chaos,,,,0.0
Image classification using delay-based optoelectronic reservoir computing,2021,,10.1117/12.2578062,Photonics & Optics,,,,1.25
Physical reservoir computing with origami - A feasibility study,2021,,10.1117/12.2582588,Physical & Hardware RC,,,,0.75
Long and Short Term Maneuver Trajectory Prediction of UCAV Based on Deep Learning,2021,,10.1109/ACCESS.2021.3060783,Control & Robotics,,,,5.25
An RUL prediction approach for lithium-ion battery based on SADE-MESN,2021,,10.1016/j.asoc.2021.107195,Mathematics & Theory,,,,17.5
Self-organizing deep belief modular echo state network for time series prediction,2021,,10.1016/j.knosys.2021.107007,Nonlinear Dynamics & Chaos,,,,9.5
A Software Framework for Comparing Training Approaches for Spiking Neuromorphic Systems,2021,,10.1109/IJCNN52387.2021.9533881,Physical & Hardware RC,,,,1.5
Evolving reservoir weights in the frequency domain,2021,,10.1145/3449726.3459457,Nonlinear Dynamics & Chaos,,,,0.75
Soft sensor development using novel multiactivation functions based ensemble echo state network,2021,,10.1109/CAC53003.2021.9728611,Nonlinear Dynamics & Chaos,,,,0.0
FlyBeam: Echo State Learning for Joint Flight and Beamforming Control in Wireless UAV Networks,2021,,10.1109/ICC42927.2021.9500519,Signal Processing & Comms,,,,1.25
TE-ESN: Time Encoding Echo State Network for Prediction Based on Irregularly Sampled Time Series Data,2021,,10.24963/ijcai.2021/414,Nonlinear Dynamics & Chaos,,,,4.5
Leaky integrator dynamical systems and reachable sets,2021,,10.1109/ICASSP39728.2021.9413667,Nonlinear Dynamics & Chaos,,,,0.5
Accelerating simulation of stiff nonlinear systems using continuous-time echo state networks,2021,,,Nonlinear Dynamics & Chaos,,,,0.25
Stochastic approach for assessing the predictability of chaotic time series using reservoir computing,2021,,10.1063/5.0058439,Nonlinear Dynamics & Chaos,,,,2.25
Transient chaotic dimensionality expansion by recurrent networks,2021,,10.1103/PhysRevX.11.021064,Nonlinear Dynamics & Chaos,,,,6.5
Hardware-Friendly Synaptic Orders and Timescales in Liquid State Machines for Speech Classification,2021,,10.1109/IJCNN52387.2021.9534021,Neuroscience & Comp. Neuro,,,,1.5
Gas Concentration Prediction in Continuous Monitoring Based on Echo State Network,2021,,10.1109/CCDC52312.2021.9602557,Control & Robotics,,,,0.0
Forecasting industrial aging processes with machine learning methods,2021,,10.1016/j.compchemeng.2020.107123,Nonlinear Dynamics & Chaos,,,,6.25
Noise-Removal from Spectrally-Similar Signals Using Reservoir Computing for MCG Monitoring,2021,,10.1109/ICC42927.2021.9500993,Physical & Hardware RC,,,,3.0
An Improved Echo State Network Model for Spatial-Temporal Energy Consumption Prediction in Public Buildings,2021,,10.1007/978-981-16-5188-5_7,General RC / ESN Methods,,,,0.25
Optimizing Reservoir Computers for Signal Classification,2021,,10.3389/fphys.2021.685121,Physical & Hardware RC,,,,4.0
CompressedCache: Enabling Storage Compression on Neuromorphic Processor for Liquid State Machine,2021,,10.1007/978-3-030-79478-1_37,Physical & Hardware RC,,,,0.5
High-Speed Neuromorphic Computing Using Spin-Controlled VCSELs,2021,,10.1109/CLEO/Europe-EQEC52157.2021.9541646,Photonics & Optics,,,,0.25
AI and Optical Data Sciences II,2021,,,Photonics & Optics,,,,0.0
Unsupervised Learning Reservoir Computing Leveraging Analog Spintronic Phenomena,2021,,10.1109/NMDC50713.2021.9677501,Physical & Hardware RC,,,,0.5
Real-Time Recognition and Parameters Estimation for Linear Frequency Modulation Signal Based on Reservoir Computing; [基于池计算的线性调频信号实时识别与参数估计],2021,,10.3969/j.issn.1673-3193.2021.01.007,Signal Processing & Comms,,,,0.0
Hierarchical delay-memory echo state network: A model designed for multi-step chaotic time series prediction,2021,,10.1016/j.engappai.2021.104229,Nonlinear Dynamics & Chaos,,,,10.75
Exploiting Multiple Timescales in Hierarchical Echo State Networks,2021,,10.3389/fams.2020.616658,General RC / ESN Methods,,,,8.0
Unconventional applications of skyrmions,2021,,10.1016/B978-0-12-820815-1.00004-3,Physical & Hardware RC,,,,0.25
Measuring chaos in the Lorenz and Rössler models: Fidelity tests for reservoir computing,2021,,10.1063/5.0065044,Nonlinear Dynamics & Chaos,,,,2.0
Reservoir Computing Based Equalization for Radio over Fiber System,2021,,10.23919/ICACT51234.2021.9370401,Photonics & Optics,,,,2.0
A preliminary evaluation of Echo State Networks for Brugada syndrome classification,2021,,10.1109/SSCI50451.2021.9659966,General RC / ESN Methods,,,,1.5
Enhanced Prediction Performance of a Neuromorphic Reservoir Computing System Using a Semiconductor Nanolaser with Double Phase Conjugate Feedbacks,2021,,10.1109/JLT.2020.3023451,Photonics & Optics,,,,7.75
Optimization of NARX neural models using particle swarm optimization and genetic algorithms applied to identification of photovoltaic systems,2021,,10.1115/1.4049718,General RC / ESN Methods,,,,3.75
An n×n Parallel and All-optical Reservoir Computing System for Recognizing 128-bit Optical Packet Headers,2021,,10.1109/ICICSP54369.2021.9611997,Photonics & Optics,,,,0.25
Reservoirs Learn to Learn,2021,,10.1007/978-981-13-1687-6_3,Neuroscience & Comp. Neuro,,,,3.5
A PM2.5 concentration prediction method using echo state network in big data environment,2021,,,Climate & Earth Sciences,,,,0.0
Time series forecasting for port throughput using recurrent neural network algorithm,2021,,10.1080/25725084.2021.2014245,General RC / ESN Methods,,,,1.5
Short-time prediction of chaotic laser using time-delayed photonic reservoir computing; [基于时延光子储备池计算的混沌激光短期预测],2021,,10.7498/aps.70.20210355,Photonics & Optics,,,,1.25
Laplacian deep echo state network optimized by genetic algorithm,2021,,10.1109/ICICSE52190.2021.9404115,Nonlinear Dynamics & Chaos,,,,1.25
Time-multiplexed optical systems for reservoir computing and coherent Ising machines,2021,,10.1117/12.2594700,Photonics & Optics,,,,0.0
Machine-learning-based equalization for short-reach transmission: Neural networks and reservoir computing,2021,,10.1117/12.2583011,Photonics & Optics,,,,4.25
Reservoir computing with biocompatible organic electrochemical networks for brain-inspired biosignal classification,2021,,10.1126/sciadv.abh0693,Nonlinear Dynamics & Chaos,,,,29.25
A Lightweight Network Edge Service-Aware Method for Edge Networks,2021,,10.1007/978-3-030-72792-5_3,Mathematics & Theory,,,,0.0
Chaos prediction and synchronization of a motor system based on reservoir computing; [基于储备池计算的电机系统混沌预测与同步研究],2021,,10.13465/j.cnki.jvs.2021.16.025,Nonlinear Dynamics & Chaos,,,,0.5
A novel framework for reservoir computing with inertial manifolds,2021,,10.1109/ICAIIC51459.2021.9415194,Nonlinear Dynamics & Chaos,,,,0.0
Online Algorithms for Polynomial Regression on Physical Reservoir Computers with Noisy Measurements,2021,,10.1109/CDC45484.2021.9683633,Physical & Hardware RC,,,,0.0
Exploiting transient dynamics of a time-multiplexed reservoir to boost the system performance,2021,,10.1109/IJCNN52387.2021.9534333,Nonlinear Dynamics & Chaos,,,,0.75
Predictive learning of multi-channel isochronal chaotic synchronization by utilizing parallel optical reservoir computers based on three laterally coupled semiconductor lasers with delay-time feedback,2021,,10.1364/OE.418202,Photonics & Optics,,,,5.25
Energy efficient and robust reservoir computing system using ultrathin (3.5 nm) ferroelectric tunneling junctions for temporal data learning,2021,,,General RC / ESN Methods,,,,6.0
Towards embedded computation with building materials,2021,,10.3390/ma14071724,Nonlinear Dynamics & Chaos,,,,2.25
Dual time- A nd wavelength-multiplexed photonic reservoir computing,2021,,10.1117/12.2576946,Photonics & Optics,,,,0.25
Optimization of echo state network behavior space based on microbial genetic algorithm,2021,,10.1109/CCDC52312.2021.9602533,Mathematics & Theory,,,,0.5
Stock Price Forecasting: An Echo State Network Approach,2021,,10.32604/csse.2021.014189,Mathematics & Theory,,,,3.0
Comprehensive Performance Analysis of a VCSEL-Based Photonic Reservoir Computer,2021,,10.1109/LPT.2021.3075095,Photonics & Optics,,,,10.0
Energy Management Strategy and Optimization of a MicroGrid System Based on Echo State Networks,2021,,10.1007/978-3-030-63846-7_17,Climate & Earth Sciences,,,,0.0
Hybrid Deep-Readout Echo State Network and Support Vector Machine with Feature Selection for Human Activity Recognition,2021,,10.1007/978-3-030-72802-1_11,Signal Processing & Comms,,,,1.25
Predicting high-dimensional heterogeneous time series employing generalized local states,2021,,10.1103/PhysRevResearch.3.023215,Nonlinear Dynamics & Chaos,,,,1.75
Memristor-based Echo State Network and Prediction for Time Series,2021,,10.1109/ICNC52316.2021.9608158,Physical & Hardware RC,,,,0.5
RETRACTED: Tourist Demand Prediction Model Based on Improved Fruit Fly Algorithm,2021,,10.1155/2021/3411797,Mathematics & Theory,,,,1.25
On explaining the surprising success of reservoir computing forecaster of chaos? The universal machine learning dynamical system with contrast to VAR and DMD,2021,,10.1063/5.0024890,Nonlinear Dynamics & Chaos,,,,36.5
Analog information processing with time-multiplexed optoelectronic systems,2021,,10.1117/12.2594151,Photonics & Optics,,,,0.0
An improved ESN with three reservoirs for time series prediction,2021,,10.1109/CAC53003.2021.9728188,Nonlinear Dynamics & Chaos,,,,0.25
Parameter extraction with reservoir computing: Nonlinear time series analysis and application to industrial maintenance,2021,,10.1063/5.0039193,Nonlinear Dynamics & Chaos,,,,1.25
Design of sparse Bayesian echo state network for time series prediction,2021,,10.1007/s00521-020-05477-3,Nonlinear Dynamics & Chaos,,,,3.0
Short Term Load Forecasting Based on BFA-DRESN Algorithm,2021,,10.1109/ICBAIE52039.2021.9389896,Climate & Earth Sciences,,,,0.75
FPGA implementation of pulse-coupled phase oscillators working as a reservoir at the edge of chaos,2021,,10.1109/ISCAS51556.2021.9401215,Nonlinear Dynamics & Chaos,,,,1.0
Reservoir Computing as a Tool for Climate Predictability Studies,2021,,10.1029/2020MS002290,Climate & Earth Sciences,,,,9.0
7.5nJ/inference CMOS Echo State Network for Coronary Heart Disease prediction,2021,,10.1109/ESSDERC53440.2021.9631777,General RC / ESN Methods,,,,0.0
Echo-state neural networks forecasting steelworks off-gases for their dispatching in CH4 and CH3OH syntheses reactors,2021,,10.14428/esann/2021.ES2021-41,Control & Robotics,,,,0.75
"2021 IEEE International Symposium on Circuits and Systems, ISCAS 2021 - Proceedings",2021,,,Physical & Hardware RC,,,,0.0
Overview of Echo State Networks using Different Reservoirs and Activation Functions,2021,,10.1109/RoEduNet54112.2021.9637715,Nonlinear Dynamics & Chaos,,,,0.75
Time series forecasting based on echo state network and empirical wavelet transformation,2021,,10.1016/j.asoc.2021.107111,Control & Robotics,,,,23.0
Echo Memory-Augmented Network for time series classification,2021,,10.1016/j.neunet.2020.10.015,Nonlinear Dynamics & Chaos,,,,6.75
RF Signal Classification using Boolean Reservoir Computing on an FPGA,2021,,10.1109/IJCNN52387.2021.9533342,Physical & Hardware RC,,,,1.25
Study on the Prediction of Short-term Power Load Based on ECGWO-WDESN Combined Model,2021,,10.23919/CCC52363.2021.9550433,Mathematics & Theory,,,,0.0
"The color phi phenomenon: Not so special, after all?",2021,,10.1371/journal.pcbi.1009344,Photonics & Optics,,,,1.5
Pipeline FPGA-Based Implementations of ANNs for the Prediction of up to 600-Steps-Ahead of Chaotic Time Series,2021,,10.1142/S0218126621501644,Nonlinear Dynamics & Chaos,,,,5.0
"Cortico-Striatal Origins of Reservoir Computing, Mixed Selectivity, and Higher Cognitive Function",2021,,10.1007/978-981-13-1687-6_2,Neuroscience & Comp. Neuro,,,,0.75
Memory properties of electromigrated Au nanogaps to realize reservoir computing,2021,,10.1063/5.0055352,Neuroscience & Comp. Neuro,,,,2.0
Prediction of Chaotic Time Series Based on SALR Model with Its Application on Heating Load Prediction,2021,,10.1007/s13369-021-05407-y,Nonlinear Dynamics & Chaos,,,,2.5
Prediction Method for NOx Emissions in Cement Arotary Kiln Based on EMD and ESNs,2021,,10.1109/CAC53003.2021.9727941,Signal Processing & Comms,,,,0.25
"Proceedings - 2021 20th RoEduNet Conference: Networking in Education and Research, RoEduNet 2021",2021,,,Signal Processing & Comms,,,,0.0
Machine Learning Link Inference of Noisy Delay-Coupled Networks with Optoelectronic Experimental Tests,2021,,10.1103/PhysRevX.11.031014,Photonics & Optics,,,,8.25
Prediction of short-term wind power based on ESN improved by VMD,2021,,10.1109/CCDC52312.2021.9601700,Climate & Earth Sciences,,,,0.25
Ability to generate output series for Hysteresis Reservoir Computing,2021,,10.1109/ISOCC53507.2021.9614006,Nonlinear Dynamics & Chaos,,,,0.0
Stock market index prediction based on reservoir computing models,2021,,10.1016/j.eswa.2021.115022,General RC / ESN Methods,,,,13.75
Machine learning-based approach to GPS antijamming,2021,,10.1007/s10291-021-01154-7,Signal Processing & Comms,,,,3.5
A Multiswitch Open-Circuit Fault Diagnosis of Microgrid Inverter Based on Slidable Triangularization Processing,2021,,10.1109/TPEL.2020.3004531,General RC / ESN Methods,,,,3.75
Silicon Photonic Microring Based Chip-Scale Accelerator for Delayed Feedback Reservoir Computing,2021,,10.1109/VLSID51830.2021.00027,Photonics & Optics,,,,1.25
Robust speed prediction of high-speed trains based on improved echo state networks,2021,,10.1007/s00521-020-05096-y,Control & Robotics,,,,2.75
A Visual Servo-Based Predictive Control with Echo State Gaussian Process for Soft Bending Actuator,2021,,10.1109/TMECH.2020.3042774,Control & Robotics,,,,5.0
Time series prediction based on echo state network tuned by divided adaptive multi-objective differential evolution algorithm,2021,,10.1007/s00500-020-05457-8,Nonlinear Dynamics & Chaos,,,,1.0
Bagging machine learning algorithms: A generic computing framework based on machine-learning methods for regional rainfall forecasting in upstate new york,2021,,10.3390/informatics8030047,Climate & Earth Sciences,,,,3.75
Data-driven prognostics for proton exchange membrane fuel cell degradation by deep learning method,2021,,10.46855/energy-proceedings-9205,General RC / ESN Methods,,,,0.0
Multi-step traffic flow prediction using stacking ensemble learning model,2021,,10.1117/12.2620226,General RC / ESN Methods,,,,0.5
Improved Acoustic Modeling for Automatic Piano Music Transcription Using Echo State Networks,2021,,10.1007/978-3-030-85099-9_12,Signal Processing & Comms,,,,0.25
Reservoir Computing Using Networks of CMOS Logic Gates,2021,,10.1145/3477145.3477163,Nonlinear Dynamics & Chaos,,,,0.75
Meta-stability of Behavioural Models of Integrated Circuits with DC and RF Sub-Models,2021,,10.1109/EMCCompo52133.2022.9758619,General RC / ESN Methods,,,,0.0
On the Characteristics and Structures of Dynamical Systems Suitable for Reservoir Computing,2021,,10.1007/978-981-13-1687-6_5,Nonlinear Dynamics & Chaos,,,,3.0
Wearable Tactile Sensor Suit for Natural Body Dynamics Extraction: Case Study on Posture Prediction Based on Physical Reservoir Computing,2021,,10.1109/IROS51168.2021.9636194,Physical & Hardware RC,,,,2.0
Data-driven estimation using an Echo-State Neural Network equipped with an Ensemble Kalman Filter,2021,,10.23919/ACC50511.2021.9483373,Nonlinear Dynamics & Chaos,,,,2.75
Classification of IQ-Modulated Signals Based on Reservoir Computing with Narrowband Optoelectronic Oscillators,2021,,10.1109/JQE.2021.3074132,Photonics & Optics,,,,5.0
Physical reservoir computing in a soft swimming robot,2021,,,Physical & Hardware RC,,,,2.0
Performance of Ag-Ag2S core-shell nanoparticle-based random network reservoir computing device,2021,,10.35848/1347-4065/abe206,Mathematics & Theory,,,,4.75
Echo state speech recognition,2021,,10.1109/ICASSP39728.2021.9414495,Signal Processing & Comms,,,,4.0
Effect of Neural Decay Factors on Prediction Performance in Chaotic Echo State Networks,2021,,10.1109/SMC52423.2021.9659012,Nonlinear Dynamics & Chaos,,,,1.0
Spatial Photonic Reservoir Computing based on Non-Linear Phase-to-Amplitude Conversion in Micro-Ring Resonators,2021,,,Photonics & Optics,,,,2.75
Fast job recognition and sorting based on image processing,2021,,10.18280/TS.380220,Control & Robotics,,,,0.25
Semiparametric Information State Embedding for Policy Search under Imperfect Information,2021,,10.1109/CDC45484.2021.9682964,Mathematics & Theory,,,,0.75
Evaluation of Recurrent Neural Network Models for Parkinson's Disease Classification Using Drawing Data,2021,,10.1109/EMBC46164.2021.9630106,Signal Processing & Comms,,,,2.25
Benchmarking the performance of neuromorphic and spiking neural network simulators,2021,,10.1016/j.neucom.2021.03.028,Neuroscience & Comp. Neuro,,,,5.25
Regular echo state networks: Simple and accurate reservoir models to real-world applications,2021,,10.1145/3412841.3441983,General RC / ESN Methods,,,,1.25
Assessment of Hybrid Machine Learning Applications on Trajectories in the CR3BP,2021,,,Mathematics & Theory,,,,0.0
Experimental Investigation of Optoelectronic Receiver with Reservoir Computing in Short Reach Optical Fiber Communications,2021,,10.1109/JLT.2021.3049473,Photonics & Optics,,,,10.75
Charge-offset stability of single-electron devices based on single-layered Fe nanodot array,2021,,10.1063/5.0040241,Quantum RC,,,,0.75
Quality of internal representation shapes learning performance in feedback neural networks,2021,,10.1103/PhysRevResearch.3.013176,General RC / ESN Methods,,,,3.25
Continual Learning with Echo State Networks,2021,,10.14428/esann/2021.ES2021-80,General RC / ESN Methods,,,,3.0
Deep learning and regression approaches to forecasting blood glucose levels for type 1 diabetes,2021,,10.1016/j.bspc.2021.102923,Nonlinear Dynamics & Chaos,,,,13.25
Optical Packet Header Recognition System Based on Parallel Reservoir Computing and Compatible with IPv6 Protocol Addresses,2021,,10.1007/978-3-030-70665-4_148,Photonics & Optics,,,,0.25
Anticipating synchronization with machine learning,2021,,10.1103/PhysRevResearch.3.023237,Nonlinear Dynamics & Chaos,,,,18.0
Computing with Magnetic Thin Films: Using Film Geometry to Improve Dynamics,2021,,10.1007/978-3-030-87993-8_2,Physical & Hardware RC,,,,1.5
Functional deep echo state network improved by a bi-level optimization approach for multivariate time series classification,2021,,10.1016/j.asoc.2021.107314,General RC / ESN Methods,,,,8.25
Reservoir Computing Approaches for Representation and Classification of Multivariate Time Series,2021,,10.1109/TNNLS.2020.3001377,General RC / ESN Methods,,,,46.75
Neuromorphic Silicon Photonics for Artificial Intelligence,2021,,10.1007/978-3-030-68222-4_10,Photonics & Optics,,,,0.75
Constraint optimization for Echo State Networks applied to satellite image forecasting,2021,,10.14428/esann/2021.ES2021-135,General RC / ESN Methods,,,,0.0
Tradeoffs with physical delay feedback reservoir computing,2021,,10.1109/SSCI50451.2021.9660137,Nonlinear Dynamics & Chaos,,,,0.75
Reservoir Computing in MEMS,2021,,10.1007/978-981-13-1687-6_9,Nonlinear Dynamics & Chaos,,,,0.5
RIS Enhanced Massive Non-Orthogonal Multiple Access Networks: Deployment and Passive Beamforming Design,2021,,10.1109/JSAC.2020.3018823,Control & Robotics,,,,45.0
Distributed Containment Maneuvering of Uncertain Multiagent Systems in MIMO Strict-Feedback Form,2021,,10.1109/TSMC.2019.2896662,Mathematics & Theory,,,,15.75
Second-order Time Delay Reservoir Computing for Nonlinear Time Series Problems,2021,,10.1109/SSCI50451.2021.9659913,Nonlinear Dynamics & Chaos,,,,0.25
High-Speed Reservoir Computing with Spin-VCSELs,2021,,10.1109/ISLC51662.2021.9615908,Photonics & Optics,,,,0.0
A multi-objective LSM/NoC architecture co-design framework,2021,,10.1016/j.sysarc.2021.102154,Neuroscience & Comp. Neuro,,,,2.25
Performance Improvement of FORCE Learning for Chaotic Echo State Networks,2021,,10.1007/978-3-030-92270-2_23,Nonlinear Dynamics & Chaos,,,,1.0
Adding filters to improve reservoir computer performance,2021,,10.1016/j.physd.2020.132798,Physical & Hardware RC,,,,2.75
Enhancing performance of reservoir computing system based on coupled mems resonators,2021,,10.3390/s21092961,Nonlinear Dynamics & Chaos,,,,5.0
Frequency multiplexed optical extreme learning machine,2021,,10.1117/12.2593955,Photonics & Optics,,,,0.0
Impact of gate input pulse width on FeFET-based reservoir computing,2021,,10.1109/SNW51795.2021.00014,Physical & Hardware RC,,,,0.75
A Machine Learning Based Smart Contact-less pH Sensing and Classification,2021,,10.1109/MWSCAS47672.2021.9531918,Photonics & Optics,,,,1.25
Reservoir computing approaches to microsleep detection,2021,,10.1088/1741-2552/abcb7f,General RC / ESN Methods,,,,3.25
Echo state networks and existing paradigms for stock market prediction,2021,,10.1109/ESCI50559.2021.9396961,Nonlinear Dynamics & Chaos,,,,1.0
Deep reservoir architecture for short-term residential load forecasting: An online learning scheme for edge computing,2021,,10.1016/j.apenergy.2021.117176,General RC / ESN Methods,,,,7.5
Tiny Reservoir Computing for Extreme Learning of Motor Control,2021,,10.1109/IJCNN52387.2021.9534304,Control & Robotics,,,,1.75
The optical reservoir computer: A new approach to a programmable integrated optics system based on an artificial neural network,2021,,10.1049/PBCS077G_ch12,Photonics & Optics,,,,0.25
Simple Reservoir Computing Capitalizing on the Nonlinear Response of Materials: Theory and Physical Implementations,2021,,10.1103/PhysRevApplied.15.024030,Nonlinear Dynamics & Chaos,,,,14.75
Probabilistic segmentation of small metastatic brain tumors using liquid state machine ensemble,2021,,10.1117/12.2582154,Neuroscience & Comp. Neuro,,,,0.0
EEG denoising through a wide and deep echo state network optimized by UPSO algorithm,2021,,10.1016/j.asoc.2021.107149,Signal Processing & Comms,,,,3.75
Echo state network models for nonlinear Granger causality,2021,,10.1098/rsta.2020.0256,Neuroscience & Comp. Neuro,,,,3.75
Echo-state networks for soft sensor design in an SRU process,2021,,10.1016/j.ins.2021.03.013,General RC / ESN Methods,,,,10.5
A broad learning system based on reservoir computing; [一种基于池计算的宽度学习系统],2021,,10.13195/j.kzyjc.2019.1729,Nonlinear Dynamics & Chaos,,,,0.5
Unsupervised Pretraining of Echo State Networks for Onset Detection,2021,,10.1007/978-3-030-86383-8_5,Signal Processing & Comms,,,,0.75
Performance Improvement of Delay-Based Photonic Reservoir Computing,2021,,10.1007/978-981-13-1687-6_16,Photonics & Optics,,,,0.0
Human Control Intent Inference Using ESNs and Input-Tracking Based Inverse Model Predictive Control,2021,,10.1007/978-3-030-89095-7_61,Control & Robotics,,,,0.0
Symmetry kills the square in a multifunctional reservoir computer,2021,,10.1063/5.0055699,Nonlinear Dynamics & Chaos,,,,2.75
Domain-driven models yield better predictions at lower cost than reservoir computers in Lorenz systems,2021,,10.1098/rsta.2020.0246,Nonlinear Dynamics & Chaos,,,,4.75
Robust Deep Reservoir Computing through Reliable Memristor with Improved Heat Dissipation Capability,2021,,10.1109/TCAD.2020.3002539,Physical & Hardware RC,,,,3.0
Robust Optimization and Validation of Echo State Networks for learning chaotic dynamics,2021,,10.1016/j.neunet.2021.05.004,Nonlinear Dynamics & Chaos,,,,17.5
Single-Layer Learning-Based Predictive Control with Echo State Network for Pneumatic-Muscle-Actuators-Driven Exoskeleton,2021,,10.1109/TCDS.2020.2968733,Control & Robotics,,,,9.25
Optical Reservoir-based Noise Compensation in a Space Division Multiplexing Transmission System,2021,,,Photonics & Optics,,,,0.75
Training photonic extreme learning machines using feedback alignment,2021,,,Photonics & Optics,,,,0.75
Dynamical Phase Transitions in Quantum Reservoir Computing,2021,,10.1103/PhysRevLett.127.100502,Quantum RC,,,,21.0
Fabry-Perot Lasers as Enablers for Parallel Reservoir Computing,2021,,10.1109/JSTQE.2020.3011879,Photonics & Optics,,,,13.5
Combining ensemble Kalman filter and reservoir computing to predict spatiotemporal chaotic systems from imperfect observations and models,2021,,10.5194/gmd-14-5623-2021,Nonlinear Dynamics & Chaos,,,,3.25
Practical Training for RF Fingerprinting of Commercial Transmitters at the Edge,2021,,10.1109/GCWkshps52748.2021.9681934,Signal Processing & Comms,,,,0.75
Role of Noise in Spontaneous Activity of Networks of Neurons on Patterned Silicon Emulated by Noise-activated CMOS Neural Nanoelectronic Circuits,2021,,10.1088/2632-959X/abf2ae,Neuroscience & Comp. Neuro,,,,0.5
Erratum: On explaining the surprising success of reservoir computing forecaster of chaos: On universal machine learning dynamical system with contrasts to VAR and DMD (Chaos (2021) 31:1 (013108) DOI: 10.1063/5.0024890),2021,,10.1063/5.0050702,Nonlinear Dynamics & Chaos,,,,0.5
Solving the Three-Body Problem Using Numerical Simulations and Neural Networks,2021,,10.1109/AINIT54228.2021.00073,Nonlinear Dynamics & Chaos,,,,0.25
Characterization of nonlinear spin-wave interference by reservoir-computing metrics,2021,,10.1063/5.0048982,Nonlinear Dynamics & Chaos,,,,8.0
Which Hype for My New Task? Hints and Random Search for Echo State Networks Hyperparameters,2021,,10.1007/978-3-030-86383-8_7,General RC / ESN Methods,,,,2.25
PDE-guided reservoir computing for image denoising with small data,2021,,10.1063/5.0049911,General RC / ESN Methods,,,,1.25
RCNet: Incorporating Structural Information into Deep RNN for Online MIMO-OFDM Symbol Detection with Limited Training,2021,,10.1109/TWC.2021.3051317,Mathematics & Theory,,,,10.0
Low dimensional manifolds in reservoir computers,2021,,10.1063/5.0047006,Mathematics & Theory,,,,1.0
Mobility-Aware Seamless Handover with MPTCP in Software-Defined HetNets,2021,,10.1109/TNSM.2021.3050627,Signal Processing & Comms,,,,10.75
Nonlinear time series prediction algorithm based on AD-SSNET for artificial intelligence–powered Internet of Things,2021,,10.1177/15501477211004112,Nonlinear Dynamics & Chaos,,,,0.75
Fading memory echo state networks are universal,2021,,10.1016/j.neunet.2021.01.025,Mathematics & Theory,,,,15.0
Multicolor tunable photonic reservoir computing,2021,,,Photonics & Optics,,,,0.0
A stability criterion for discrete-time fractional-order echo state network and its application,2021,,10.1007/s00500-020-05489-0,Mathematics & Theory,,,,3.0
Reservoir computing with optical solitons,2021,,10.1117/12.2592329,Photonics & Optics,,,,0.0
Neuro-inspired computing with spin-vcsels,2021,,10.3390/app11094232,Photonics & Optics,,,,5.75
Modularity and multitasking in neuro-memristive reservoir networks,2021,,10.1088/2634-4386/ac156f,Physical & Hardware RC,,,,8.25
Auto-Encoded Reservoir Computing for Turbulence Learning,2021,,10.1007/978-3-030-77977-1_27,Climate & Earth Sciences,,,,2.25
Adaptive Echo State Network Robot Control with Guaranteed Parameter Convergence,2021,,10.1007/978-3-030-89092-6_53,Control & Robotics,,,,0.75
Neuromorphic Computing Systems with Emerging Devices,2021,,10.1002/9783527835317.ch6,Physical & Hardware RC,,,,0.25
Learning Hamiltonian dynamics with reservoir computing,2021,,10.1103/PhysRevE.104.024205,Nonlinear Dynamics & Chaos,,,,9.0
Double echo state network with multiple reservoirs for time-series prediction,2021,,10.1117/12.2626677,Mathematics & Theory,,,,0.25
Opportunities in Quantum Reservoir Computing and Extreme Learning Machines,2021,,10.1002/qute.202100027,Quantum RC,,,,32.0
Automatic exploration of the property space of reservoirs,2021,,10.1145/3449726.3459426,Mathematics & Theory,,,,0.0
Speech Emotion Recognition by Late Fusion for Bidirectional Reservoir Computing with Random Projection,2021,,10.1109/ACCESS.2021.3107858,Signal Processing & Comms,,,,5.75
Simulation and construction of physical reservoir based on gas molecules/carbon nanotubes/polyoxometalate composite structure,2021,,10.1109/EDTM50988.2021.9420928,Physical & Hardware RC,,,,0.25
Effective electricity load forecasting using enhanced double-reservoir echo state network,2021,,10.1016/j.engappai.2020.104132,General RC / ESN Methods,,,,4.75
Diffusive and Drift Halide Perovskite Memristive Barristors as Nociceptive and Synaptic Emulators for Neuromorphic Computing,2021,,10.1002/adma.202007851,Physical & Hardware RC,,,,38.75
"2021 6th International Conference on Robotics and Automation Engineering, ICRAE 2021",2021,,,Control & Robotics,,,,0.0
Reservoir Computing Based on Spintronics Technology,2021,,10.1007/978-981-13-1687-6_14,Physical & Hardware RC,,,,3.0
Non-instantaneous Information Transfer in Physical Reservoir Computing,2021,,10.1007/978-3-030-87993-8_11,Physical & Hardware RC,,,,0.5
Quantum reservoir computing with a single nonlinear oscillator,2021,,10.1103/PhysRevResearch.3.013077,Quantum RC,,,,22.25
A Subthreshold Spiking Neuron Circuit Based on the Izhikevich Model,2021,,10.1007/978-3-030-86383-8_14,Neuroscience & Comp. Neuro,,,,2.0
Handwritten numeral recognition utilizing optoelectronic reservoir computing with double reservoir layers,2021,,10.1117/12.2601295,Photonics & Optics,,,,0.25
HfZrO-Based Ferroelectric Devices for Lower Power AI and Memory Applications,2021,,10.1149/10404.0017ecst,Physical & Hardware RC,,,,4.75
Dynamic Graph Echo State Networks,2021,,10.14428/esann/2021.ES2021-70,Mathematics & Theory,,,,1.75
Adaptive input-to-neuron interlink development in training of spike-based liquid state machines,2021,,10.1109/ISCAS51556.2021.9401085,Neuroscience & Comp. Neuro,,,,1.25
Local Homeostatic Regulation of the Spectral Radius of Echo-State Networks,2021,,10.3389/fncom.2021.587721,Neuroscience & Comp. Neuro,,,,1.75
Integrated Silicon Resonator with Bragg Grating Reflectors for Passive Reservoir Computing,2021,,,Photonics & Optics,,,,0.0
Computational Capacity of Complex Memcapacitive Networks,2021,,10.1145/3445795,Mathematics & Theory,,,,3.0
"Physical principles of brain–computer interfaces and their applications for rehabilitation, robotics and control of human brain states",2021,,10.1016/j.physrep.2021.03.002,Control & Robotics,,,,47.75
Reservoir Computing Assisted Ultrafast User Localization in Beam Steering Optical Wireless System,2021,,10.1109/LPT.2021.3090744,Photonics & Optics,,,,2.75
Quantum Neuromorphic Computing with Reservoir Computing Networks,2021,,10.1002/qute.202100053,Physical & Hardware RC,,,,14.5
Dynamically Driven Emergence in a Nanomagnetic System,2021,,10.1002/adfm.202008389,Physical & Hardware RC,,,,11.0
Efficient Text Classification with Echo State Networks,2021,,10.1109/IJCNN52387.2021.9533958,General RC / ESN Methods,,,,2.5
The promise of spintronics for unconventional computing,2021,,10.1016/j.jmmm.2020.167506,Physical & Hardware RC,,,,30.25
Echo State Networks trained by Tikhonov least squares are L2(μ) approximators of ergodic dynamical systems,2021,,10.1016/j.physd.2021.132882,Mathematics & Theory,,,,11.5
Wind Power Forecasting Based on Wavelet Packet and Echo State Network; [基于小波包与回声状态网的风电功率预测],2021,,10.11985/2021.03.017,Climate & Earth Sciences,,,,0.75
Efficient Spike Timing Dependent Plasticity rule for Complex-Valued Neurons,2021,,,Neuroscience & Comp. Neuro,,,,0.25
Quantum Reservoir Computing: A Reservoir Approach Toward Quantum Machine Learning on Near-Term Quantum Devices,2021,,10.1007/978-981-13-1687-6_18,Quantum RC,,,,9.75
A hardware aware liquid state machine generation framework,2021,,10.1109/ISCAS51556.2021.9401057,Physical & Hardware RC,,,,2.0
Photonic reservoir computer with all-optical reservoir,2021,,10.1117/12.2577774,Photonics & Optics,,,,0.75
PROPOSAL OF COMPLEX-VALUED RESERVOIR COMPUTING FOR TOPOGRAPHIC ASPECT CLASSIFICATION,2021,,10.1109/IGARSS47720.2021.9554751,Nonlinear Dynamics & Chaos,,,,1.0
Reservoir Based Edge Training on RF Data to Deliver Intelligent and Efficient IoT Spectrum Sensors,2021,,10.1109/SMARTCOMP52413.2021.00023,Photonics & Optics,,,,0.5
"10th EAI International Conference on Big Data Technologies and Applications, BDTA 2020 and 13th EAI International Conference on Wireless Internet, WiCON 2020",2021,,,Signal Processing & Comms,,,,0.0
Maximizing the Generative Performance of Echo State Networks Using the Particle Swarm Optimization,2021,,10.1109/JCSSE53117.2021.9493824,General RC / ESN Methods,,,,0.25
Experimental Demonstration of Nonlinear fibre Distortion Compensation with Integrated Photonic Reservoir Computing,2021,,10.1109/ECOC52684.2021.9606162,Photonics & Optics,,,,1.0
Reservoir Computing with Dipole-Coupled Nanomagnets,2021,,10.1007/978-981-13-1687-6_15,General RC / ESN Methods,,,,1.5
Deep echo state neural network model for light propagation through strong atmospheric turbulence,2021,,10.1117/12.2586517,Climate & Earth Sciences,,,,0.25
Novel Artificial Immune Networks-based optimization of shallow machine learning (ML) classifiers,2021,,10.1016/j.eswa.2020.113834,Mathematics & Theory,,,,5.0
Reconstructing Complex Cardiac Excitation Waves From Incomplete Data Using Echo State Networks and Convolutional Autoencoders,2021,,10.3389/fams.2020.616584,Neuroscience & Comp. Neuro,,,,1.5
Nonlinear Adaptive Control of Unmanned Aerial Vehicle Using Echo State Neural Networks,2021,,10.1109/ICUAS51884.2021.9476857,Control & Robotics,,,,0.5
Adaptive image block hiding technology based on optical spatial-frequency domain transform,2021,,10.3788/LOP202158.1609001,Photonics & Optics,,,,0.75
Reservoir Computing for Forecasting Large Spatiotemporal Dynamical Systems,2021,,10.1007/978-981-13-1687-6_6,Nonlinear Dynamics & Chaos,,,,0.5
A Quantized Kernel Least-mean-square Algorithm Based on Echo State Network for Online Time-series Prediction,2021,,10.1109/ICIST52614.2021.9440563,Nonlinear Dynamics & Chaos,,,,0.25
Deep Reservoir Computing,2021,,10.1007/978-981-13-1687-6_4,General RC / ESN Methods,,,,1.5
Prediction of remaining useful life for aircraft gas turbines using echo state networks,2021,,10.2514/6.2021-0664,Mathematics & Theory,,,,0.25
Photonic Artificial Intelligence Using Complex Photonics: Reservoir Computing and Decision Making,2021,,10.1364/oecc.2021.s3d.1,Photonics & Optics,,,,0.0
Neural network computing using a large-area vertical-cavity surface-emitting laser,2021,,10.1109/CLEO/Europe-EQEC52157.2021.9541754,Photonics & Optics,,,,0.0
Implementation and evaluation of an echo state network for a quality inspection system for laser welding,2021,,10.1016/j.procir.2021.03.070,Photonics & Optics,,,,0.25
Effect of gravity on synchronization of two coupled buoyancy-induced turbulent flames,2021,,10.1103/PhysRevE.104.024218,Nonlinear Dynamics & Chaos,,,,2.5
Micro-Ring Resonator Based Photonic Reservoir Computing for PAM Equalization,2021,,10.1109/LPT.2021.3087323,Photonics & Optics,,,,8.25
Recursive Least Squares Policy Control with Echo State Network,2021,,10.1109/ICAIBD51990.2021.9458984,Mathematics & Theory,,,,0.75
A Spatio-Temporal Multiscale Neural Network Approach for Wind Turbine Fault Diagnosis with Imbalanced SCADA Data,2021,,10.1109/TII.2020.3041114,Climate & Earth Sciences,,,,33.0
Pre-classified reservoir computing for the fault diagnosis of 3D printers,2021,,10.1016/j.ymssp.2020.106961,General RC / ESN Methods,,,,3.5
Echo State Network Learning for the Detection of Cyber Attacks in Additive Manufacturing,2021,,10.1109/CASE49439.2021.9551673,General RC / ESN Methods,,,,2.25
Deadline-aware caching using echo state network integrated fuzzy logic for mobile edge networks,2021,,10.1007/s11276-021-02578-2,Mathematics & Theory,,,,3.75
Modulation format identification in fiber communications using single dynamical node-based photonic reservoir computing,2021,,10.1364/PRJ.409114,Photonics & Optics,,,,17.5
Object Recognition Using the Deformation Dynamics of Polyurethane Foam,2021,,10.1109/MHS53471.2021.9767110,Physical & Hardware RC,,,,0.75
Reservoir computing dissection and visualization based on directed network embedding,2021,,10.1016/j.neucom.2021.02.029,Nonlinear Dynamics & Chaos,,,,2.75
Chaos may enhance expressivity in cerebellar granular layer,2021,,10.1016/j.neunet.2020.12.020,Nonlinear Dynamics & Chaos,,,,3.5
Photonic Reservoir Computing based on Optical Filters in a Loop as a High Performance and Low-Power Consumption Equalizer for 100 Gbaud Direct Detection Systems,2021,,10.1109/ECOC52684.2021.9606123,Photonics & Optics,,,,4.5
Equivalent Modeling of Micro-grid using Optimized ESN; [基于优化回声状态网络的微电网等效建模],2021,,10.3969/j.issn.1000-1158.2021.07.14,General RC / ESN Methods,,,,1.0
Benchmarking Reservoir and Recurrent Neural Networks for Human State and Activity Recognition,2021,,10.1007/978-3-030-85099-9_14,General RC / ESN Methods,,,,1.5
Analog Signal Processing Using Stochastic Magnets,2021,,10.1109/ACCESS.2021.3075839,Physical & Hardware RC,,,,2.5
Sitting Posture Recognition Using a Spiking Neural Network,2021,,10.1109/JSEN.2020.3016611,Neuroscience & Comp. Neuro,,,,8.0
Wind speed forecasting based on variational mode decomposition and improved echo state network,2021,,10.1016/j.renene.2020.09.109,Climate & Earth Sciences,,,,45.75
Mode-coupling Crosstalk Compensation through Nonlinear-optical Loop Mirror (NOLM)-based Reservoir Computing,2021,,,Photonics & Optics,,,,0.0
Canary Song Decoder: Transduction and Implicit Segmentation with ESNs and LTSMs,2021,,10.1007/978-3-030-86383-8_6,Signal Processing & Comms,,,,1.0
Comparative Analysis of Neural Networks Techniques to Forecast Global Horizontal Irradiance,2021,,10.1109/ACCESS.2021.3110167,General RC / ESN Methods,,,,5.25
Emergence of transient chaos and intermittency in machine learning,2021,,10.1088/2632-072X/ac0b00,Nonlinear Dynamics & Chaos,,,,10.0
Efficient reservoir computing using field programmable gate array and electro-optic modulation,2021,,10.1364/OSAC.417996,Photonics & Optics,,,,4.75
Analysis on adaptability and training methods of Photonic Reservoir Computing in compensating nonlinear effects,2021,,10.1109/ICOCN53177.2021.9563898,Photonics & Optics,,,,0.0
Signals to Spikes for Neuromorphic Regulated Reservoir Computing and EMG Hand Gesture Recognition,2021,,10.1145/3477145.3477267,Neuroscience & Comp. Neuro,,,,3.0
Transfer learning of chaotic systems,2021,,10.1063/5.0033870,Nonlinear Dynamics & Chaos,,,,4.75
The Parallel Optoelectronic Reservoir Computing Based Nonlinear Channel Equalization,2021,,10.1109/OGC52961.2021.9654348,Photonics & Optics,,,,0.25
Chaotic Time Series Prediction using Three-Dimensional FOA and Echo State Network,2021,,10.1109/ICNC52316.2021.9608484,Nonlinear Dynamics & Chaos,,,,0.25
Reservoir Computing Based on Two Parallel Reservoirs under Identical Electrical Message Injection,2021,,10.1109/JPHOT.2020.3048702,Photonics & Optics,,,,6.75
Lowering Nitrogen Oxide Emissions in a Coal-Powered 1000-MW Boiler,2021,,10.1155/2021/9958972,General RC / ESN Methods,,,,0.25
Deep Echo State Network with Multiple Adaptive Reservoirs for Time Series Prediction,2021,,10.1109/TCDS.2021.3062177,Nonlinear Dynamics & Chaos,,,,10.5
Synchrony-Based State Representation for Classification by Liquid State Machines,2021,,10.1109/ICCICC53683.2021.9811304,Neuroscience & Comp. Neuro,,,,0.0
Exploiting a Distributed Nonlinearity in a Photonic Coherent Fiber-Based Reservoir Computer,2021,,10.1109/CLEO/Europe-EQEC52157.2021.9542499,Photonics & Optics,,,,0.0
Unsupervised fNIRS feature extraction with CAE and ESN autoencoder for driver cognitive load classification,2021,,10.1088/1741-2552/abd2ca,General RC / ESN Methods,,,,5.5
Grouped Multi-Layer Echo State Networks with Self-Normalizing Activations,2021,,10.1007/978-3-030-77961-0_9,General RC / ESN Methods,,,,1.0
Increasing Liquid State Machine Performance with Edge-of-Chaos Dynamics Organized by Astrocyte-modulated Plasticity,2021,,,Neuroscience & Comp. Neuro,,,,7.75
Design of a single-electron neural network circuit controlling weights for reservoir computing,2021,,10.35848/1347-4065/abe7fe,General RC / ESN Methods,,,,0.75
"A review: Photonics devices, architectures, and algorithms for optical neural computing",2021,,10.1088/1674-4926/42/2/023105,Photonics & Optics,,,,18.25
An image classification method based on Echo State Network,2021,,10.1109/ICNC52316.2021.9607999,General RC / ESN Methods,,,,2.5
"2021 Silicon Nanoelectronics Workshop, SNW 2021",2021,,,Quantum RC,,,,0.0
Reservoir Computing System using Biomolecular Memristor,2021,,10.1109/NANO51122.2021.9514305,Physical & Hardware RC,,,,1.5
Real-time identification of frequency-hopping millimeter-wave signals using photonic time stretch and reservoir computing,2021,,10.1117/12.2601446,Photonics & Optics,,,,0.5
Reservoir computing quality: connectivity and topology,2021,,10.1007/s11047-020-09823-1,Physical & Hardware RC,,,,11.0
Experimental Investigation of an Optical Reservoir Computing System Based on Two Parallel Time-Delay Reservoirs,2021,,10.1109/JPHOT.2021.3075055,Photonics & Optics,,,,4.0
Sparsely connected asynchronous reservoir computing network; [稀疏连接的异步池计算网络],2021,,10.1360/SSI-2019-0183,Mathematics & Theory,,,,0.25
Voltage-controlled superparamagnetic ensembles for low-power reservoir computing,2021,,10.1063/5.0048911,Nonlinear Dynamics & Chaos,,,,4.5
Application of ESN prediction model based on compressed sensing in stock market,2021,,10.1016/j.cnsns.2021.105857,Nonlinear Dynamics & Chaos,,,,4.75
Quantum reservoir computing in bosonic networks,2021,,10.1117/12.2596177,Photonics & Optics,,,,0.0
Network model of predictive coding based on reservoir computing for multi-modal processing of visual and auditory signals,2021,,10.1587/nolta.12.143,General RC / ESN Methods,,,,3.5
Optimizing input mask for maximum memory performance of time-delay reservoir subjected to state noise,2021,,10.1587/nolta.12.662,Nonlinear Dynamics & Chaos,,,,0.0
Cyclic reservoir neural network circuit for 3D IC implementation,2021,,10.1587/nolta.12.309,Physical & Hardware RC,,,,2.0
Algebraic approach towards the exploitation of “softness”: the input–output equation for morphological computation,2021,,10.1177/0278364920912298,Physical & Hardware RC,,,,3.75
A model of computing with road traffic dynamics,2021,,10.1587/nolta.12.175,Physical & Hardware RC,,,,1.0
Analysis of dynamics in chaotic neural network reservoirs: Time-series prediction tasks,2021,,10.1587/nolta.12.639,Mathematics & Theory,,,,4.0
Speed control of PMSM based on neural network model predictive control,2022,,10.1177/01423312221086267,Control & Robotics,,,,8.67
Predicting chaotic time series and replicating chaotic attractors based on two novel echo state network models,2022,,10.1016/j.neucom.2022.03.054,Nonlinear Dynamics & Chaos,,,,5.33
Learning ocean circulation models with reservoir computing,2022,,10.1063/5.0119061,Climate & Earth Sciences,,,,0.67
Randomized high order fuzzy cognitive maps as reservoir computing models: A first introduction and applications,2022,,10.1016/j.neucom.2022.09.030,Nonlinear Dynamics & Chaos,,,,4.33
Chaotic synchronization of mutually coupled systems-arbitrary proportional linear relations,2022,,10.1063/5.0100897,Nonlinear Dynamics & Chaos,,,,1.0
Cellular Automata Can Reduce Memory Requirements of Collective-State Computing,2022,,10.1109/TNNLS.2021.3119543,General RC / ESN Methods,,,,4.33
Integer Echo State Networks: Efficient Reservoir Computing for Digital Hardware,2022,,10.1109/TNNLS.2020.3043309,Physical & Hardware RC,,,,13.33
Rotating neurons for all-analog implementation of cyclic reservoir computing,2022,,10.1038/s41467-022-29260-1,Physical & Hardware RC,,,,36.0
Reservoir weights learning based on adaptive dynamic programming and its application in time series classification,2022,,10.1007/s00521-021-06827-5,Control & Robotics,,,,1.0
Efficient optical reservoir computing for parallel data processing,2022,,10.1364/OL.464288,Photonics & Optics,,,,7.67
Photonic reinforcement learning based on optoelectronic reservoir computing,2022,,10.1038/s41598-022-07404-z,Photonics & Optics,,,,5.0
Photonic Implementation of Reservoir Computing,2022,,10.53829/ntr202208fa8,Photonics & Optics,,,,0.67
Parallel Machine Learning for Forecasting the Dynamics of Complex Networks,2022,,10.1103/PhysRevLett.128.164101,Nonlinear Dynamics & Chaos,,,,15.67
Robust echo state network with sparse online learning,2022,,10.1016/j.ins.2022.02.009,Mathematics & Theory,,,,7.67
Reconfigurable training and reservoir computing in an artificial spin-vortex ice via spin-wave fingerprinting,2022,,10.1038/s41565-022-01091-7,Physical & Hardware RC,,,,52.33
Natural quantum reservoir computing for temporal information processing,2022,,10.1038/s41598-022-05061-w,Quantum RC,,,,21.33
Chain-structure time-delay reservoir computing for synchronizing chaotic signal and an application to secure communication,2022,,10.1186/s13634-022-00893-0,Nonlinear Dynamics & Chaos,,,,0.67
Input-driven chaotic dynamics in vortex spin-torque oscillator,2022,,10.1038/s41598-022-26018-z,Nonlinear Dynamics & Chaos,,,,3.67
Learning spatiotemporal chaos using next-generation reservoir computing,2022,,10.1063/5.0098707,Nonlinear Dynamics & Chaos,,,,12.33
Multiscale Network Traffic Prediction Method Based on Deep Echo-State Network for Internet of Things,2022,,10.1109/JIOT.2022.3181807,Nonlinear Dynamics & Chaos,,,,17.0
A tighter generalization bound for reservoir computing,2022,,10.1063/5.0082258,Mathematics & Theory,,,,2.0
Adaptive Broad Echo State Network for Nonstationary Time Series Forecasting,2022,,10.3390/math10173188,General RC / ESN Methods,,,,1.67
LSMCore: A 69k-Synapse/mm2Single-Core Digital Neuromorphic Processor for Liquid State Machine,2022,,10.1109/TCSI.2022.3147380,Physical & Hardware RC,,,,11.33
A comparative study of the performance of methods for f-wave extraction,2022,,10.1088/1361-6579/ac96ca,Signal Processing & Comms,,,,1.33
Time series change detection using reservoir computing networks for remote sensing data,2022,,10.1002/int.22984,Mathematics & Theory,,,,2.33
Echo State Network-Enhanced Super-Twisting Control of Passive Gait Training Exoskeleton Driven by Pneumatic Muscles,2022,,10.1109/TMECH.2022.3172715,Control & Robotics,,,,6.67
Predicting the data structure prior to extreme events from passive observables using echo state network,2022,,10.3389/fams.2022.955044,Climate & Earth Sciences,,,,3.0
A Compact Fully Ferroelectric-FETs Reservoir Computing Network With Sub-100 ns Operating Speed,2022,,10.1109/LED.2022.3188496,General RC / ESN Methods,,,,10.67
Real-time thermoacoustic data assimilation,2022,,10.1017/jfm.2022.653,Nonlinear Dynamics & Chaos,,,,7.33
Guiding principle of reservoir computing based on “small-world” network,2022,,10.1038/s41598-022-21235-y,General RC / ESN Methods,,,,5.33
Performance Improvement of Memristor-Based Echo State Networks by Optimized Programming Scheme,2022,,10.1109/LED.2022.3165831,Physical & Hardware RC,,,,4.33
Forecasting the outcome of spintronic experiments with Neural Ordinary Differential Equations,2022,,10.1038/s41467-022-28571-7,Physical & Hardware RC,,,,16.0
Analysis of Mobile Communication Network Architecture Based on SDN,2022,,10.1007/s10723-022-09617-y,Signal Processing & Comms,,,,1.67
Relation between prognostics predictor evaluation metrics and local interpretability SHAP values,2022,,10.1016/j.artint.2022.103667,General RC / ESN Methods,,,,75.67
"9th IFAC Conference on Foundations of Systems Biology in Engineering, FOSBE 2022 - Proceedings",2022,,,General RC / ESN Methods,,,,0.0
Effect of biologically-motivated energy constraints on liquid state machine dynamics and classification performance,2022,,10.1088/2634-4386/ac5d1f,Physical & Hardware RC,,,,1.0
Electroactive polymer gels as probabilistic reservoir automata for computation,2022,,10.1016/j.isci.2022.105558,Control & Robotics,,,,0.33
Optimizing Echo State Networks for Enhancing Large Prediction Horizons of Chaotic Time Series,2022,,10.3390/math10203886,Nonlinear Dynamics & Chaos,,,,5.33
Nonlinear MIMO System Identification with Echo-State Networks,2022,,10.1007/s40313-021-00874-y,Nonlinear Dynamics & Chaos,,,,4.33
Optimized Mixture Kernels Independent Component Analysis and Echo State Network for Flame Image Recognition,2022,,10.1007/s42835-022-01123-1,General RC / ESN Methods,,,,2.33
Reservoir Memory Machines as Neural Computers,2022,,10.1109/TNNLS.2021.3094139,General RC / ESN Methods,,,,1.67
Remaining useful life prognosis of turbofan engines based on deep feature extraction and fusion,2022,,10.1038/s41598-022-10191-2,General RC / ESN Methods,,,,7.33
Rotating machinery faults detection method based on deep echo state network,2022,,10.1016/j.asoc.2022.109335,General RC / ESN Methods,,,,4.67
Surface electromyography classification using extreme learning machines and echo state networks,2022,,10.1007/s42600-022-00201-7,Signal Processing & Comms,,,,1.33
An Echo State Network Imparts a Curve Fitting,2022,,10.1109/TNNLS.2021.3099091,Mathematics & Theory,,,,3.0
Lipreading Using Liquid State Machine with STDP-Tuning,2022,,10.3390/app122010484,Neuroscience & Comp. Neuro,,,,2.0
LEAESN: Predicting DDoS attack in healthcare systems based on Lyapunov Exponent Analysis and Echo State Neural Networks,2022,,10.1007/s11042-020-10179-y,Mathematics & Theory,,,,2.33
Photonic Physical Unclonable Function Based on Integrated Neuromorphic Devices,2022,,10.1109/JLT.2022.3200307,Photonics & Optics,,,,3.33
Design of PID Controller Based on Echo State Network With Time-Varying Reservoir Parameter,2022,,10.1109/TCYB.2021.3090812,Control & Robotics,,,,6.0
FPGA-based reservoir computing system for ECG denoising,2022,,10.1016/j.micpro.2022.104549,Physical & Hardware RC,,,,8.33
IMPROVED NOISE-RESILIENT ISOLATED WORDS SPEECH RECOGNITION USING PIECEWISE DIFFERENTIATION,2022,,10.1142/S0218348X22402277,Signal Processing & Comms,,,,2.67
Exploiting Morphology of an Underactuated Two-segment Soft-bodied Arm for Swing-up Control,2022,,10.1007/s10846-022-01700-6,Physical & Hardware RC,,,,2.0
A Microring as a Reservoir Computing Node: Memory/Nonlinear Tasks and Effect of Input Non-Ideality,2022,,10.1109/JLT.2022.3183694,Photonics & Optics,,,,4.67
A Multitasking Flexible Sensor via Reservoir Computing,2022,,10.1002/adma.202201663,Climate & Earth Sciences,,,,17.33
Reinforcement Learning for POMDP Environments Using State Representation with Reservoir Computing,2022,,10.20965/jaciii.2022.p0562,Control & Robotics,,,,1.33
Deep optical reservoir computing and chaotic synchronization predictions based on the cascade coupled optically pumped spin-VCSELs,2022,,10.1364/OE.464804,Photonics & Optics,,,,4.33
Nonlinear input transformations are ubiquitous in quantum reservoir computing,2022,,10.1088/2634-4386/ac4fcd,Quantum RC,,,,7.0
An improved deep echo state network inspired by tissue-like P system forecasting for non-stationary time series,2022,,10.1007/s41965-022-00103-8,Nonlinear Dynamics & Chaos,,,,2.33
A Semi-Supervised Reservoir Computing System Based on Tapered Whisker for Mobile Robot Terrain Identification and Roughness Estimation,2022,,10.1109/LRA.2022.3159859,Control & Robotics,,,,5.33
A machine-learning approach for long-term prediction of experimental cardiac action potential time series using an autoencoder and echo state networks,2022,,10.1063/5.0087812,Nonlinear Dynamics & Chaos,,,,6.67
Reservoir computing with diverse timescales for prediction of multiscale dynamics,2022,,10.1103/PhysRevResearch.4.L032014,Nonlinear Dynamics & Chaos,,,,15.67
Optimizing the Neural Structure and Hyperparameters of Liquid State Machines Based on Evolutionary Membrane Algorithm,2022,,10.3390/math10111844,Neuroscience & Comp. Neuro,,,,5.67
Synchronization between two linearly coupled reservoir computers,2022,,10.1016/j.chaos.2022.111882,Nonlinear Dynamics & Chaos,,,,4.67
A Fletcher-Reeves conjugate gradient optimized multi-reservoir echo state network for state of charge estimation in vehicle battery,2022,,10.1002/er.8067,General RC / ESN Methods,,,,3.0
A Novel Reservoir Computing Platform Constructed by Laser Controlled GaAs Resonator,2022,,10.1109/LED.2022.3194577,Photonics & Optics,,,,0.0
Multiresolution Reservoir Graph Neural Network,2022,,10.1109/TNNLS.2021.3090503,Nonlinear Dynamics & Chaos,,,,10.67
Enhanced Prediction Performance of Reservoir Computing Based on Mutually Delay-Coupled Semiconductor Lasers via Parameter Mismatch,2022,,10.3390/electronics11162577,Photonics & Optics,,,,1.67
Adaptive time-delayed photonic reservoir computing based on Kalman-filter training,2022,,10.1364/OE.454852,Photonics & Optics,,,,7.67
Gel Biter: food texture discriminator based on physical reservoir computing with multiple soft materials,2022,,10.1007/s10015-022-00814-2,Physical & Hardware RC,,,,1.67
In-sensor reservoir computing system for latent fingerprint recognition with deep ultraviolet photo-synapses and memristor array,2022,,10.1038/s41467-022-34230-8,Physical & Hardware RC,,,,105.0
Theoretical model for nonlinear spin-wave transient processes in active-ring oscillators with variable gain and its application for magnonic reservoir computing,2022,,10.1063/5.0081142,Nonlinear Dynamics & Chaos,,,,5.33
Harnessing Tensor Structures - Multi-Mode Reservoir Computing and Its Application in Massive MIMO,2022,,10.1109/TWC.2022.3164203,Signal Processing & Comms,,,,3.0
Feature-Weighted Echo State Network for Dynamic Frequency Offset Modeling of Quartz Crystal Resonators,2022,,10.1109/TUFFC.2022.3207788,Nonlinear Dynamics & Chaos,,,,0.33
Spintronic reservoir computing without driving current or magnetic field,2022,,10.1038/s41598-022-14738-1,Physical & Hardware RC,,,,12.67
Brain connectivity meets reservoir computing,2022,,10.1371/journal.pcbi.1010639,Neuroscience & Comp. Neuro,,,,15.67
Liquid State Machine on SpiNNaker for Spatio-Temporal Classification Tasks,2022,,10.3389/fnins.2022.819063,Physical & Hardware RC,,,,9.67
Model-assisted deep learning of rare extreme events from partial observations,2022,,10.1063/5.0077646,Nonlinear Dynamics & Chaos,,,,3.67
A novel Bayesian ensembling model for wind power forecasting,2022,,10.1016/j.heliyon.2022.e11599,Climate & Earth Sciences,,,,2.33
Filament Engineering of Two-Dimensional h-BN for a Self-Power Mechano-Nociceptor System,2022,,10.1002/smll.202200185,Physical & Hardware RC,,,,21.67
An Inkjet-Printed Artificial Neuron for Physical Reservoir Computing,2022,,10.1109/JFLEX.2022.3193346,Physical & Hardware RC,,,,6.33
Polyoxometalate Accelerated Cationic Migration for Reservoir Computing,2022,,10.1002/adfm.202204721,Physical & Hardware RC,,,,13.0
Implementation of reservoir computing using volatile WOx-based memristor,2022,,10.1016/j.apsusc.2022.153876,Physical & Hardware RC,,,,19.0
Predicting vertical ground reaction forces from 3D accelerometry using reservoir computers leads to accurate gait event detection,2022,,10.3389/fspor.2022.1037438,Mathematics & Theory,,,,2.33
Extended liquid state machines for speech recognition,2022,,10.3389/fnins.2022.1023470,Neuroscience & Comp. Neuro,,,,10.0
On Recurrent Neural Networks for learning-based control: Recent results and ideas for future developments,2022,,10.1016/j.jprocont.2022.04.011,Control & Robotics,,,,26.67
Neural echo state network using oscillations of gas bubbles in water,2022,,10.1103/PhysRevE.105.044206,Physical & Hardware RC,,,,4.33
Behavioral Diversity Generated from Body-Environment Interactions in a Simulated Tensegrity Robot,2022,,10.1109/LRA.2021.3139083,Control & Robotics,,,,2.33
Echo state neural network-assisted mobility-aware seamless handoff in mobile WSNs,2022,,10.1016/j.adhoc.2022.102818,Signal Processing & Comms,,,,0.67
IoT Based Virtual E-Learning System for Sustainable Development of Smart Cities,2022,,10.1007/s10723-022-09616-z,General RC / ESN Methods,,,,11.0
Optimizing integrated steelworks process off-gas distribution through Economic Hybrid Model Predictive Control and Echo State Networks,2022,,10.1016/j.ifacol.2023.01.089,Control & Robotics,,,,1.67
Boosting learning ability of overdamped bistable stochastic resonance system based physical reservoir computing model by time-delayed feedback,2022,,10.1016/j.chaos.2022.112314,Physical & Hardware RC,,,,6.0
Hilbert space as a computational resource in reservoir computing,2022,,10.1103/PhysRevResearch.4.033007,Quantum RC,,,,8.33
A Neuromorphic Electrothermal Processor for Near-Sensor Computing,2022,,10.1002/admt.202200361,Physical & Hardware RC,,,,2.33
Detecting Faults at the Edge via Sensor Data Fusion Echo State Networks,2022,,10.3390/s22082858,Control & Robotics,,,,2.33
Machine-learning potential of a single pendulum,2022,,10.1103/PhysRevE.105.054203,Nonlinear Dynamics & Chaos,,,,6.33
Edge-of-chaos learning achieved by ion-electron- coupled dynamics in an ion-gating reservoir,2022,,10.1126/sciadv.ade1156,Nonlinear Dynamics & Chaos,,,,29.33
Non-volatile and volatile switching behaviors determined by first reset in Ag/TaOx/TiN device for neuromorphic system,2022,,10.1016/j.jallcom.2021.163075,Physical & Hardware RC,,,,6.67
Multi-Timescale Lifespan Prediction for PEMFC Systems under Dynamic Operating Conditions,2022,,10.1109/TTE.2021.3103921,General RC / ESN Methods,,,,16.0
A systematic exploration of reservoir computing for forecasting complex spatiotemporal dynamics,2022,,10.1016/j.neunet.2022.06.025,Nonlinear Dynamics & Chaos,,,,13.67
Learning Coupled Oscillators System with Reservoir Computing,2022,,10.3390/sym14061084,Nonlinear Dynamics & Chaos,,,,2.67
Forecasting macroscopic dynamics in adaptive Kuramoto network using reservoir computing,2022,,10.1063/5.0114127,Nonlinear Dynamics & Chaos,,,,6.67
High-speed liquid crystal display simulation using parallel reservoir computing approach,2022,,10.35848/1347-4065/ac7ca9,Nonlinear Dynamics & Chaos,,,,1.33
Ultralow-Power Machine Vision with Self-Powered Sensor Reservoir,2022,,10.1002/advs.202106092,Photonics & Optics,,,,53.33
A fault diagnosis method for a wind turbine planetary gearbox based on a deep feature fusion network; [基于深度特征融合网络的风电机组行星齿轮箱故障诊断方法],2022,,10.19783/j.cnki.pspc.210919,General RC / ESN Methods,,,,2.33
State observer-based fuzzy echo state network sliding mode control for uncertain strict-feedback chaotic systems without backstepping,2022,,10.1016/j.chaos.2022.112442,Nonlinear Dynamics & Chaos,,,,7.33
Beam Learning in MmWave/THz-Band Drone Networks Under In-Flight Mobility Uncertainties,2022,,10.1109/TMC.2020.3034064,Mathematics & Theory,,,,11.0
Multitasking Memristor for High Performance and Ultralow Power Artificial Synaptic Device Application,2022,,10.1021/acsaelm.2c00663,Physical & Hardware RC,,,,8.67
The reservoir learning power across quantum many-body localization transition,2022,,10.1007/s11467-022-1158-1,Mathematics & Theory,,,,8.67
Processing-Speed Enhancement in a Delay-Laser-Based Reservoir Computer by Optical Injection,2022,,10.3390/photonics9040240,Photonics & Optics,,,,2.0
Chaos Prediction of Motor System Based on WOA-ESN; [基于WOA-ESN的电机系统混沌振荡预测],2022,,10.19596/j.cnki.1001-246x.8442,Nonlinear Dynamics & Chaos,,,,0.67
Grey Wolf Optimization–Based Deep Echo State Network for Time Series Prediction,2022,,10.3389/fenrg.2022.858518,Nonlinear Dynamics & Chaos,,,,3.0
Simultaneous modulation format identification and OSNR monitoring based on optoelectronic reservoir computing,2022,,10.1364/OE.474207,Photonics & Optics,,,,5.0
Focused surface acoustic wave induced nano-oscillator based reservoir computing,2022,,10.1063/5.0110769,Nonlinear Dynamics & Chaos,,,,3.0
Predictive anomaly detection for marine diesel engine based on echo state network and autoencoder,2022,,10.1016/j.egyr.2022.01.225,General RC / ESN Methods,,,,8.33
Using photonic reservoirs as preprocessors for deep neural networks,2022,,10.3389/fphy.2022.1051941,Photonics & Optics,,,,3.33
Adaptive echo state network based-channel prediction algorithm for the internet of things based on the IEEE 802.11ah standard,2022,,10.1007/s11235-022-00934-x,Signal Processing & Comms,,,,1.0
Boosting energy harvesting via deep learning-based renewable power generation prediction,2022,,10.1016/j.jksus.2021.101815,Climate & Earth Sciences,,,,18.0
Short-term Traffic Flow Prediction Method Based on IGSA-DESN; [基于IGSA-DESN的短时交通流预测方法],2022,,10.3963/j.issn.1671-4431.2022.07.013,General RC / ESN Methods,,,,0.0
Input-to-State Representation in Linear Reservoirs Dynamics,2022,,10.1109/TNNLS.2021.3059389,Neuroscience & Comp. Neuro,,,,4.33
Long-term ENSO prediction with echo-state networks,2022,,10.1088/2752-5295/ac7f4c,Climate & Earth Sciences,,,,8.33
Degradation prediction model of PEMFC based on multi-reservoir echo state network with mini reservoir,2022,,10.1016/j.ijhydene.2022.09.160,Mathematics & Theory,,,,10.0
Detecting Gait Events from Accelerations Using Reservoir Computing,2022,,10.3390/s22197180,Signal Processing & Comms,,,,2.67
Modeling chaotic systems: Dynamical equations vs machine learning approach,2022,,10.1016/j.cnsns.2022.106452,Nonlinear Dynamics & Chaos,,,,9.0
Research on Normal Behavior Models for Status Monitoring and Fault Early Warning of Pitch Motors,2022,,10.3390/app12157747,General RC / ESN Methods,,,,1.33
Latent Representation in Human-Robot Interaction With Explicit Consideration of Periodic Dynamics,2022,,10.1109/THMS.2022.3182909,Control & Robotics,,,,2.67
DNA Memristors and Their Application to Reservoir Computing,2022,,10.1021/acssynbio.2c00184,Physical & Hardware RC,,,,4.0
Methodology for Blockwise Behavioral Modeling of ICs for Narrow-Band RF Interference Injection,2022,,10.1109/TEMC.2022.3207950,Physical & Hardware RC,,,,0.0
Double Diagonal Puzzle Encryption Standard-512 for Securing Data over Cloud Environment,2022,,10.1007/s10723-022-09612-3,General RC / ESN Methods,,,,0.67
Time series reconstructing using calibrated reservoir computing,2022,,10.1038/s41598-022-20331-3,Nonlinear Dynamics & Chaos,,,,4.67
Hands-on reservoir computing: a tutorial for practical implementation,2022,,10.1088/2634-4386/ac7db7,Physical & Hardware RC,,,,56.67
An echo state network based adaptive dynamic programming approach for time-varying parameters optimization with application in algal bloom prediction,2022,,10.1016/j.asoc.2022.108796,Mathematics & Theory,,,,2.33
Deep learning-based symbol detection algorithm in IMDD-OOFDM system,2022,,10.19682/j.cnki.1005-8885.2022.1022,Photonics & Optics,,,,0.0
A Simple Memristive Circuit for Pattern Classification Based on Reservoir Computing,2022,,10.1142/S0218127422501413,Nonlinear Dynamics & Chaos,,,,5.0
Chain-Structure Echo State Network With Stochastic Optimization: Methodology and Application,2022,,10.1109/TNNLS.2021.3098866,Nonlinear Dynamics & Chaos,,,,11.67
An optoelectronic synapse based on α-In2Se3 with controllable temporal dynamics for multimode and multiscale reservoir computing,2022,,10.1038/s41928-022-00847-2,Photonics & Optics,,,,149.33
Echo spiking neural P systems,2022,,10.1016/j.knosys.2022.109568,Neuroscience & Comp. Neuro,,,,15.67
Small-world spiking neural network with anti-interference ability based on speech recognition under interference,2022,,10.1016/j.asoc.2022.109645,Neuroscience & Comp. Neuro,,,,3.33
Echo State Networks for Practical Nonlinear Model Predictive Control of Unknown Dynamic Systems,2022,,10.1109/TNNLS.2021.3136357,Control & Robotics,,,,13.67
A memristor-based analogue reservoir computing system for real-time and power-efficient signal processing,2022,,10.1038/s41928-022-00838-3,Physical & Hardware RC,,,,96.0
Stably Accelerating Stiff Quantitative Systems Pharmacology Models: Continuous-Time Echo State Networks as Implicit Machine Learning,2022,,10.1016/j.ifacol.2023.01.004,Physical & Hardware RC,,,,1.67
Grid-graph modeling of emergent neuromorphic dynamics and heterosynaptic plasticity in memristive nanonetworks,2022,,10.1088/2634-4386/ac4d86,Physical & Hardware RC,,,,5.33
Dynamic Nonlinear Behavior of Ionic Liquid-Based Reservoir Computing Devices,2022,,10.1021/acsami.2c04167,Physical & Hardware RC,,,,9.67
Forecasting stock market with nanophotonic reservoir computing system based on silicon optomechanical oscillators,2022,,10.1364/OE.454973,Photonics & Optics,,,,2.67
Error-Driven Chained Multiple-Subnetwork Echo State Network for Time-Series Prediction,2022,,10.1109/JSEN.2022.3200069,Photonics & Optics,,,,3.33
A Perovskite Memristor with Large Dynamic Space for Analog-Encoded Image Recognition,2022,,10.1021/acsnano.2c09569,Physical & Hardware RC,,,,24.67
Adapting reservoir computing to solve the Schrödinger equation,2022,,10.1063/5.0087785,Nonlinear Dynamics & Chaos,,,,0.33
Generalizability of reservoir computing for flux-driven two-dimensional convection,2022,,10.1103/PhysRevE.106.055303,Climate & Earth Sciences,,,,4.0
Anticipating measure synchronization in coupled Hamiltonian systems with machine learning,2022,,10.1063/5.0093663,Nonlinear Dynamics & Chaos,,,,2.0
Data-driven adaptive predictive control of hydrocracking process using a covariance matrix adaption evolution strategy,2022,,10.1016/j.conengprac.2022.105222,Climate & Earth Sciences,,,,2.33
"Computational capacity of LRC, memristive, and hybrid reservoirs",2022,,10.1103/PhysRevE.106.045310,Mathematics & Theory,,,,2.67
Information Processing Capacity of a Single-Node Reservoir Computer: An Experimental Evaluation,2022,,10.1109/TNNLS.2021.3116709,Mathematics & Theory,,,,7.33
Misestimate of the performance in VCSEL-based reservoir computing systems with optical information injection by high surface reflectivity,2022,,10.1364/AO.475139,Photonics & Optics,,,,1.0
Time-delayed reservoir computing based on a dual-waveband quantum-dot spin polarized vertical cavity surface-emitting laser,2022,,10.1364/OME.451585,Photonics & Optics,,,,5.33
Complicated Dynamics of a Delayed Photonic Reservoir Computing System,2022,,10.1142/S0218127422501152,Photonics & Optics,,,,0.67
Exploring of Chaotic Secure Communications with High-speed Using Optical Reservoir Computers; [基于光学储备池计算的高速混沌保密通信的研究],2022,,10.3788/gzxb20225104.0406005,Photonics & Optics,,,,2.0
Multilayer Reservoir Computing Based on Ferroelectric α-In2Se3 for Hierarchical Information Processing,2022,,10.1002/adma.202108826,Physical & Hardware RC,,,,50.67
A Tapered Whisker-Based Physical Reservoir Computing System for Mobile Robot Terrain Identification in Unstructured Environments,2022,,10.1109/LRA.2022.3146602,Physical & Hardware RC,,,,7.67
Echo state network with multiple delayed outputs for multiple delayed time series prediction,2022,,10.1016/j.jfranklin.2022.09.059,Nonlinear Dynamics & Chaos,,,,10.67
Skyrmion based energy-efficient straintronic physical reservoir computing,2022,,10.1088/2634-4386/aca178,Physical & Hardware RC,,,,4.0
Ultra-Low-Power Reservoir Computing Based on Synthetic Antiferromagnetic Skyrmion Pairs,2022,,10.1109/LED.2022.3194866,Physical & Hardware RC,,,,2.33
Echo state network based on improved fruit fly optimization algorithm for chaotic time series prediction,2022,,10.1007/s12652-020-01920-4,Nonlinear Dynamics & Chaos,,,,9.0
Variability-Controlled HfZrO2Ferroelectric Tunnel Junctions for Reservoir Computing,2022,,10.1109/TED.2022.3212332,Physical & Hardware RC,,,,3.0
Modified BBO-Based Multivariate Time-Series Prediction System With Feature Subset Selection and Model Parameter Optimization,2022,,10.1109/TCYB.2020.2977375,Nonlinear Dynamics & Chaos,,,,12.33
Reservoir computing based on an external-cavity semiconductor laser with optical feedback modulation,2022,,10.1364/OE.460016,Photonics & Optics,,,,9.67
Predicting shallow water dynamics using echo-state networks with transfer learning,2022,,10.1007/s13137-022-00210-9,Control & Robotics,,,,1.33
Neuromorphic Time-Multiplexed Reservoir Computing With On-the-Fly Weight Generation for Edge Devices,2022,,10.1109/TNNLS.2021.3085165,Physical & Hardware RC,,,,2.33
Discriminative and regularized echo state network for time series classification,2022,,10.1016/j.patcog.2022.108811,Nonlinear Dynamics & Chaos,,,,6.0
Hyperparameter tuning in echo state networks,2022,,10.1145/3512290.3528721,General RC / ESN Methods,,,,2.0
Equivalence of machine learning models in modeling chaos,2022,,10.1016/j.chaos.2022.112831,Nonlinear Dynamics & Chaos,,,,3.67
Accurate separation of mixed high-dimension optical-chaotic signals using optical reservoir computing based on optically pumped VCSELs,2022,,10.1364/OE.470857,Photonics & Optics,,,,6.67
Influence of the input signal’s phase modulation on the performance of optical delay-based reservoir computing using semiconductor lasers,2022,,10.1364/OE.449508,Photonics & Optics,,,,9.33
PyRCN: A toolbox for exploration and application of Reservoir Computing Networks,2022,,10.1016/j.engappai.2022.104964,Nonlinear Dynamics & Chaos,,,,6.33
High-Performance Reservoir Computing With Fluctuations in Linear Networks,2022,,10.1109/TNNLS.2021.3105695,Nonlinear Dynamics & Chaos,,,,8.33
Continuum-Body-Pose Estimation From Partial Sensor Information Using Recurrent Neural Networks,2022,,10.1109/LRA.2022.3199034,Control & Robotics,,,,7.33
Reservoir Computing-Based Design of ZnO Memristor-Type Digital Identification Circuits,2022,,10.3390/mi13101700,Physical & Hardware RC,,,,2.33
Dynamic effects on reservoir computing with a Hopf oscillator,2022,,10.1103/PhysRevE.105.044212,Nonlinear Dynamics & Chaos,,,,5.67
Real-Time and Adaptive Reservoir Computing With Application to Profile Prediction in Fusion Plasma,2022,,10.1109/TNNLS.2021.3085504,General RC / ESN Methods,,,,8.0
Degradation prediction of proton exchange membrane fuel cell based on Bi-LSTM-GRU and ESN fusion prognostic framework,2022,,10.1016/j.ijhydene.2022.07.230,Climate & Earth Sciences,,,,28.67
Performance of reservoir computing in a random network of single-walled carbon nanotubes complexed with polyoxometalate,2022,,10.1088/2634-4386/ac4339,Physical & Hardware RC,,,,20.33
Thin liquid film as an optical nonlinear-nonlocal medium and memory element in integrated optofluidic reservoir computer,2022,,10.1117/1.AP.4.4.046005,Photonics & Optics,,,,4.0
Formation Mechanism of a Coastal Zone Environment Collaborative Governance Relationship: A Qualitative Comparative Analysis Based on fsQCA,2022,,10.3390/ijerph191711081,Climate & Earth Sciences,,,,1.67
NEUROMORPHIC COMPUTING BASED ON STOCHASTIC SPIKING RESERVOIR FOR HEARTBEAT CLASSIFICATION,2022,,10.5455/jjcit.71-1642596471,Physical & Hardware RC,,,,1.0
Fault diagnosis of industrial robot gearbox using joint interclass and intraclass mappings,2022,,10.1088/1361-6501/ac7a07,Control & Robotics,,,,1.67
Data-driven prediction and control of extreme events in a chaotic flow,2022,,10.1103/PhysRevFluids.7.104402,Nonlinear Dynamics & Chaos,,,,7.0
A Neuromorphic Model With Delay-Based Reservoir for Continuous Ventricular Heartbeat Detection,2022,,10.1109/TBME.2021.3129306,Physical & Hardware RC,,,,4.33
Semi-supervised echo state network with temporal–spatial graph regularization for dynamic soft sensor modeling of industrial processes,2022,,10.1016/j.isatra.2022.04.014,General RC / ESN Methods,,,,8.67
Reservoir Computing Meets Extreme Learning Machine in Real-Time MIMO-OFDM Receive Processing,2022,,10.1109/TCOMM.2022.3141399,Signal Processing & Comms,,,,4.67
Guest Editorial Special Issue on New Frontiers in Extremely Efficient Reservoir Computing,2022,,10.1109/TNNLS.2022.3172586,General RC / ESN Methods,,,,1.0
Chaotic Modeling of Stream Nitrate Concentration and Transportation via IFPA-ESN and Turning Point Analyses,2022,,10.3389/fenvs.2022.855694,Nonlinear Dynamics & Chaos,,,,2.0
Prospects and applications of volatile memristors,2022,,10.1063/5.0093964,Physical & Hardware RC,,,,18.33
A Bayesian Deep Learning Approach to Near-Term Climate Prediction,2022,,10.1029/2022MS003058,Climate & Earth Sciences,,,,4.67
Reservoir computing with 3D nanowire networks,2022,,10.1016/j.neunet.2022.07.001,Physical & Hardware RC,,,,15.0
Electromagnetic wave-based extreme deep learning with nonlinear time-Floquet entanglement,2022,,10.1038/s41467-022-30297-5,Photonics & Optics,,,,9.0
Cross-gain modulation-based photonic reservoir computing using low-power-consumption membrane SOA on Si,2022,,10.1364/OE.458264,Photonics & Optics,,,,6.67
Synchronization of reservoir computing models via a nonlinear controller,2022,,10.1016/j.physa.2022.128205,Nonlinear Dynamics & Chaos,,,,2.67
From “Dynamics on Graphs” to “Dynamics of Graphs”: An Adaptive Echo-State Network Solution (Student Abstract),2022,,10.1609/aaai.v36i11.21692,General RC / ESN Methods,,,,0.0
Deep-Readout Random Recurrent Neural Networks for Real-World Temporal Data,2022,,10.1007/s42979-022-01118-9,Physical & Hardware RC,,,,0.67
Discrete-Time Signatures and Randomness in Reservoir Computing,2022,,10.1109/TNNLS.2021.3076777,Mathematics & Theory,,,,9.67
A Brain-Inspired Approach for Collision-Free Movement Planning in the Small Operational Space,2022,,10.1109/TNNLS.2021.3111051,Neuroscience & Comp. Neuro,,,,5.67
Single- and Multiagent Actor-Critic for Initial UAV's Deployment and 3-D Trajectory Design,2022,,10.1109/JIOT.2022.3150184,Control & Robotics,,,,8.0
Physical deep learning with biologically inspired training method: gradient-free approach for physical hardware,2022,,10.1038/s41467-022-35216-2,Photonics & Optics,,,,31.0
Feeling of Presence Maximization: mmWave-Enabled Virtual Reality Meets Deep Reinforcement Learning,2022,,10.1109/TWC.2022.3181674,Control & Robotics,,,,10.0
Parallel Time-Delay Reservoir Computing with Quantum Dot Lasers,2022,,10.1109/JQE.2022.3146561,Photonics & Optics,,,,7.67
Criticality in reservoir computer of coupled phase oscillators,2022,,10.1103/PhysRevE.105.L052201,Nonlinear Dynamics & Chaos,,,,5.0
Computational Modeling of Structural Synaptic Plasticity in Echo State Networks,2022,,10.1109/TCYB.2021.3060466,Neuroscience & Comp. Neuro,,,,5.0
Development of a recurrent neural networks-based NMPC for controlling the concentration of a crystallization process,2022,,10.1016/j.dche.2022.100052,Control & Robotics,,,,9.67
Nonlinear Autoregression With Convergent Dynamics on Novel Computational Platforms,2022,,10.1109/TCST.2021.3136227,Mathematics & Theory,,,,1.0
Using Machine Learning Method to Discover Hygrothermal Transfer Patterns from the Outside of the Wall to Interior Bamboo and Wood Composite Sheathing,2022,,10.3390/buildings12070898,General RC / ESN Methods,,,,4.67
An enhanced hybrid ensemble deep learning approach for forecasting daily PM2.5; [一种基于深度学习的当日PM2.5混合集成预测方法],2022,,10.1007/s11771-022-5051-4,General RC / ESN Methods,,,,5.33
Optimization of photonic reservoir computing using short internal cavity laser; [短内腔激光器对光子储备池计算的优化],2022,,10.7498/aps.71.20220774,Photonics & Optics,,,,0.0
Quantum Reservoir Computing Using Arrays of Rydberg Atoms,2022,,10.1103/PRXQuantum.3.030325,Quantum RC,,,,18.33
Reducing echo state network size with controllability matrices,2022,,10.1063/5.0071926,Nonlinear Dynamics & Chaos,,,,2.67
3D-structured mesoporous silica memristors for neuromorphic switching and reservoir computing,2022,,10.1039/d2nr05012a,Physical & Hardware RC,,,,13.67
Optimization of Deep Reservoir Computing with Binary Genetic Algorithm for Multi-Time Horizon Forecasting of Power Consumption,2022,,10.18280/jesa.550602,General RC / ESN Methods,,,,1.67
Hybrid quantum-classical reservoir computing of thermal convection flow,2022,,10.1103/PhysRevResearch.4.033176,Nonlinear Dynamics & Chaos,,,,18.0
Consistency Hierarchy of Reservoir Computers,2022,,10.1109/TNNLS.2021.3119548,Mathematics & Theory,,,,3.0
RF Fingerprinting Based on Reservoir Computing Using Narrowband Optoelectronic Oscillators,2022,,10.1109/JLT.2022.3198967,Photonics & Optics,,,,3.67
Time series forecasting by the novel Gaussian process wavelet self-join adjacent-feedback loop reservoir model,2022,,10.1016/j.eswa.2022.116772,General RC / ESN Methods,,,,3.33
Bidirectional parallel echo state network for speech emotion recognition,2022,,10.1007/s00521-022-07410-2,Signal Processing & Comms,,,,5.67
High-speed photonic neuromorphic computing using recurrent optical spectrum slicing neural networks,2022,,10.1038/s44172-022-00024-5,Photonics & Optics,,,,16.0
Brain-inspired Signal Processing Using MEMS Resonator Based Physical Reservoir Computing System; [基于 MEMS 谐振器硬件储备池计算的类脑信号处理方法],2022,,10.16798/j.issn.1003-0530.2022.11.006,Signal Processing & Comms,,,,0.0
Statistical Analysis on Random Matrices of Echo State Network in PEMFC System’s Lifetime Prediction,2022,,10.3390/app12073421,General RC / ESN Methods,,,,2.33
Brownian reservoir computing realized using geometrically confined skyrmion dynamics,2022,,10.1038/s41467-022-34309-2,Photonics & Optics,,,,36.67
EchoVPR: Echo State Networks for Visual Place Recognition,2022,,10.1109/LRA.2022.3150505,Control & Robotics,,,,3.67
Processing IMU action recognition based on brain-inspired computing with microfabricated MEMS resonators,2022,,10.1088/2634-4386/ac5ddf,General RC / ESN Methods,,,,4.67
Weather forecasting based on data-driven and physics-informed reservoir computing models,2022,,10.1007/s11356-021-17668-z,Climate & Earth Sciences,,,,7.0
Reservoir computing with memristors,2022,,10.1038/s41928-022-00867-y,Physical & Hardware RC,,,,1.33
Learning unseen coexisting attractors,2022,,10.1063/5.0116784,Nonlinear Dynamics & Chaos,,,,8.33
Heterogeneous data fusion for the improved non-destructive detection of steel-reinforcement defects using echo state networks,2022,,10.1177/14759217221080718,Signal Processing & Comms,,,,2.0
Multi-target ranging using an optical reservoir computing approach in the laterally coupled semiconductor lasers with self-feedback,2022,,10.1088/1674-1056/ac4021,Photonics & Optics,,,,0.67
A Hybrid Approach to Atmospheric Modeling That Combines Machine Learning With a Physics-Based Numerical Model,2022,,10.1029/2021MS002712,Climate & Earth Sciences,,,,19.33
Enhanced prediction performance of a time-delay reservoir computing system based on a VCSEL by dual-training method,2022,,10.1364/OE.460770,Photonics & Optics,,,,4.33
MP-CRJ: Multi-parallel cycle reservoirs with jumps for industrial multivariate time series predictions,2022,,10.1177/01423312211069483,Nonlinear Dynamics & Chaos,,,,2.67
Novel single and multi-layer echo-state recurrent autoencoders for representation learning,2022,,10.1016/j.engappai.2022.105051,Nonlinear Dynamics & Chaos,,,,3.33
Wavelength dimension in waveguide-based photonic reservoir computing,2022,,10.1364/OE.455774,Photonics & Optics,,,,6.0
Simulation platform for pattern recognition based on reservoir computing with memristor networks,2022,,10.1038/s41598-022-13687-z,Physical & Hardware RC,,,,12.0
Reservoir computing with 2D materials,2022,,10.1038/s41928-022-00872-1,General RC / ESN Methods,,,,4.0
Unknown Input Reconstruction from Temporal Activity Patterns of Thermosensitive Neuronal Ensembles using Reservoir Computing,2022,,10.1016/j.ifacol.2022.09.156,Neuroscience & Comp. Neuro,,,,0.67
RC-Struct: A Structure-Based Neural Network Approach for MIMO-OFDM Detection,2022,,10.1109/TWC.2022.3155945,Signal Processing & Comms,,,,9.67
Creating new chaotic signals with reservoir computers,2022,,10.1016/j.chaos.2022.112688,Nonlinear Dynamics & Chaos,,,,4.0
A CNN-Assisted deep echo state network using multiple Time-Scale dynamic learning reservoirs for generating Short-Term solar energy forecasting,2022,,10.1016/j.seta.2022.102275,General RC / ESN Methods,,,,22.33
A Bifunctional Memristor Enables Multiple Neuromorphic Computing Applications,2022,,10.1002/aelm.202101235,Physical & Hardware RC,,,,5.67
"On the post-hoc explainability of deep echo state networks for time series forecasting, image and video classification",2022,,10.1007/s00521-021-06359-y,General RC / ESN Methods,,,,3.67
Non-spectroscopic sensing enabled by an electro-optical reservoir computer,2022,,10.1364/OME.449036,Photonics & Optics,,,,1.67
Key role of neuronal diversity in structured reservoir computing,2022,,10.1063/5.0111131,Nonlinear Dynamics & Chaos,,,,0.67
Discrete-time dynamic graph echo state networks,2022,,10.1016/j.neucom.2022.05.001,Mathematics & Theory,,,,10.67
Reservoir Dynamic Interpretability for Time Series Prediction: A Permutation Entropy View,2022,,10.3390/e24121709,Nonlinear Dynamics & Chaos,,,,1.33
Leveraging plant physiological dynamics using physical reservoir computing,2022,,10.1038/s41598-022-16874-0,Physical & Hardware RC,,,,8.33
Fault-tolerant adaptive tracking control of Euler-Lagrange systems – An echo state network approach driven by reinforcement learning,2022,,10.1016/j.neucom.2021.10.083,Control & Robotics,,,,7.33
TSK fuzzy echo state neural network: a hybrid structure for black-box nonlinear systems identification,2022,,10.1007/s00521-021-06838-2,Nonlinear Dynamics & Chaos,,,,4.33
Deterministic and uncertainty crude oil price forecasting based on outlier detection and modified multi-objective optimization algorithm,2022,,10.1016/j.resourpol.2022.102780,General RC / ESN Methods,,,,17.67
A Novel Broad Echo State Network for Time Series Prediction: Cascade of Mapping Nodes and Optimization of Enhancement Layer,2022,,10.3390/app12136396,Nonlinear Dynamics & Chaos,,,,1.0
Optimal quantum reservoir computing for the noisy intermediate-scale quantum era,2022,,10.1103/PhysRevE.106.L043301,Quantum RC,,,,7.67
ESN Reinforcement Learning for Spectrum and Flight Control in THz-Enabled Drone Networks,2022,,10.1109/TNET.2021.3128836,Control & Robotics,,,,3.0
Intelligent dual stream CNN and echo state network for anomaly detection,2022,,10.1016/j.knosys.2022.109456,General RC / ESN Methods,,,,28.0
Echo state network with logistic mapping and bias dropout for time series prediction,2022,,10.1016/j.neucom.2022.03.018,Nonlinear Dynamics & Chaos,,,,10.0
Growing deep echo state network with supervised learning for time series prediction,2022,,10.1016/j.asoc.2022.109454,Nonlinear Dynamics & Chaos,,,,6.0
An Echo State Network with Improved Topology for Time Series Prediction,2022,,10.1109/JSEN.2022.3148742,Nonlinear Dynamics & Chaos,,,,12.33
Abstract Reservoir Computing,2022,,10.3390/ai3010012,Physical & Hardware RC,,,,0.33
Prediction of chaotic time series using recurrent neural networks and reservoir computing techniques: A comparative study,2022,,10.1016/j.mlwa.2022.100300,Nonlinear Dynamics & Chaos,,,,34.0
Circuit Optimization Techniques for Efficient Ex-Situ Training of Robust Memristor Based Liquid State Machine,2022,,10.1145/3565478.3572542,Physical & Hardware RC,,,,0.67
Reservoir computing with dielectric relaxation at an electrode–ionic liquid interface,2022,,10.1038/s41598-022-10152-9,Physical & Hardware RC,,,,14.0
Multi-Objective Multi-Learner Robot Trajectory Prediction Method for IoT Mobile Robot Systems,2022,,10.3390/electronics11132094,Control & Robotics,,,,2.33
Adaptive Practical Nonlinear Model Predictive Control for Echo State Network Models,2022,,10.1109/TNNLS.2021.3109821,Control & Robotics,,,,4.33
Implementation of convolutional neural network and 8-bit reservoir computing in CMOS compatible VRRAM,2022,,10.1016/j.nanoen.2022.107886,Physical & Hardware RC,,,,21.67
Connecting reservoir computing with statistical forecasting and deep neural networks,2022,,10.1038/s41467-021-27715-5,Nonlinear Dynamics & Chaos,,,,10.0
Nonlinear channel models and their simulations,2022,,10.1142/12647,Nonlinear Dynamics & Chaos,,,,0.0
Short-term Electrical Load Prediction Based on Deep Hybrid Reservoir Calculation Model; [基于深度混合储备池计算模型的短期电力负荷预测],2022,,10.13335/j.1000-3673.pst.2022.0618,General RC / ESN Methods,,,,4.33
Quantitative analysis of nonlinear optical input/output of a quantum-dot network based on the echo state property,2022,,10.1364/OE.450132,Photonics & Optics,,,,2.67
Bio-Inspired In-Sensor Compression and Computing Based on Phototransistors,2022,,10.1002/smll.202201111,Photonics & Optics,,,,13.33
Optical neuromorphic computing based on a large-scale laterally coupled laser array,2022,,10.1016/j.optcom.2022.128599,Photonics & Optics,,,,3.33
Hardware-Friendly Delayed-Feedback Reservoir for Multivariate Time-Series Classification,2022,,10.1109/TCAD.2022.3197488,Physical & Hardware RC,,,,1.0
Human recognition with the optoelectronic reservoir-computing-based micro-Doppler radar signal processing,2022,,10.1364/AO.462299,Photonics & Optics,,,,1.0
High-Speed Reservoir Computing Based on Circular-Side Hexagonal Resonator Microlaser with Optical Feedback,2022,,10.3390/electronics11101578,Photonics & Optics,,,,1.0
Integration of velocity-dependent spatio-temporal structure of place cell activation during navigation in a reservoir model of prefrontal cortex,2022,,10.1007/s00422-022-00945-6,Neuroscience & Comp. Neuro,,,,0.67
Randomized Convolutional Neural Network Architecture for Eyewitness Tweet Identification During Disaster,2022,,10.1007/s10723-022-09609-y,Climate & Earth Sciences,,,,2.0
Predicting sea surface temperatures with coupled reservoir computers,2022,,10.5194/npg-29-255-2022,Climate & Earth Sciences,,,,4.67
"Classification of hyperchaotic, chaotic, and regular signals using single nonlinear node delay-based reservoir computers",2022,,10.1063/5.0124204,Nonlinear Dynamics & Chaos,,,,3.67
Nonlinear Model Predictive Control of Electrical Submersible Pumps based on Echo State Networks,2022,,10.1016/j.aei.2022.101553,Control & Robotics,,,,8.67
Experimental photonic quantum memristor,2022,,10.1038/s41566-022-00973-5,Photonics & Optics,,,,40.33
Local Discrimination Based on Piezoelectric Sensing in Robots Composed of Soft Matter with Different Physical Properties,2022,,10.20965/jrm.2022.p0339,Control & Robotics,,,,0.67
An Improved Adaptive Dynamic Programming Algorithm Based on Fuzzy Extended State Observer for Dissolved Oxygen Concentration Control,2022,,10.3390/pr10122618,Control & Robotics,,,,2.0
An Event Based Gesture Recognition System Using a Liquid State Machine Accelerator,2022,,10.1145/3526241.3530357,Physical & Hardware RC,,,,1.0
Enhanced performance of a reservoir computing system based on a dual-loop optoelectronic oscillator,2022,,10.1364/AO.454422,Photonics & Optics,,,,5.33
Towards efficient and effective renewable energy prediction via deep learning,2022,,10.1016/j.egyr.2022.08.009,General RC / ESN Methods,,,,26.0
ReservoirComputing.jl: An Efficient and Modular Library for Reservoir Computing Models,2022,,,Nonlinear Dynamics & Chaos,,,,3.33
Asymptotic Tracking Control for Uncertain MIMO Systems: A Biologically Inspired ESN Approach,2022,,10.1109/TNNLS.2021.3091641,Nonlinear Dynamics & Chaos,,,,2.33
Bifurcation and Entropy Analysis of a Chaotic Spike Oscillator Circuit Based on the S-Switch,2022,,10.3390/e24111693,Nonlinear Dynamics & Chaos,,,,1.33
Modified echo state network for prediction of nonlinear chaotic time series,2022,,10.1007/s11071-022-07788-7,Nonlinear Dynamics & Chaos,,,,5.0
Time shifts to reduce the size of reservoir computers,2022,,10.1063/5.0097850,Photonics & Optics,,,,7.33
On the Prediction of Chaotic Time Series using Neural Networks,2022,,10.51537/chaos.1116084,Nonlinear Dynamics & Chaos,,,,3.0
Reservoir Computing with Spin Waves in a Skyrmion Crystal,2022,,10.1103/PhysRevApplied.18.014074,Physical & Hardware RC,,,,14.0
Numerical simulation of performance of magnonic reservoir computer based on active-ring oscillator,2022,,10.1016/j.jmmm.2022.169968,Nonlinear Dynamics & Chaos,,,,2.0
Energy efficient short-term memory characteristics in Ag/SnOx/TiN RRAM for neuromorphic system,2022,,10.1016/j.ceramint.2022.06.328,Physical & Hardware RC,,,,11.67
Controlling proton volatility in SiO2-capped TiO2thin films for neuromorphic functionality,2022,,10.1063/5.0094481,Physical & Hardware RC,,,,0.67
Continuous-time echo state networks for predicting power system dynamics,2022,,10.1016/j.epsr.2022.108562,Control & Robotics,,,,5.67
Exploiting Reservoir Computing for Optical Secure Communication,2022,,10.1088/1742-6596/2219/1/012025,Photonics & Optics,,,,0.33
Multi-step network traffic prediction using echo state network with a selective error compensation strategy,2022,,10.1177/01423312211050296,Nonlinear Dynamics & Chaos,,,,2.67
Direct data-driven forecast of local turbulent heat flux in Rayleigh-Bénard convection,2022,,10.1063/5.0087977,Climate & Earth Sciences,,,,9.67
Extreme vorticity events in turbulent Rayleigh-Bénard convection from stereoscopic measurements and reservoir computing,2022,,10.1103/PhysRevResearch.4.023180,Mathematics & Theory,,,,4.0
Probe Dynamics Direct Control for Aerial Recovery With Preassigned Docking Performance,2022,,10.1109/TAES.2022.3152136,Control & Robotics,,,,7.33
Role of assortativity in predicting burst synchronization using echo state network,2022,,10.1103/PhysRevE.105.064205,Nonlinear Dynamics & Chaos,,,,3.67
Learning to Equalize OTFS,2022,,10.1109/TWC.2022.3160600,Signal Processing & Comms,,,,14.33
P-CRITICAL: a reservoir autoregulation plasticity rule for neuromorphic hardware,2022,,10.1088/2634-4386/ac6533,Physical & Hardware RC,,,,2.67
Film-penetrating transducers applicable to on-chip reservoir computing with spin waves,2022,,10.1063/5.0102974,General RC / ESN Methods,,,,2.67
Clustered and deep echo state networks for signal noise reduction,2022,,10.1007/s10994-022-06135-6,Nonlinear Dynamics & Chaos,,,,3.67
Short-term data-based spatial parallel autoreservoir computing on spatiotemporally chaotic system prediction,2022,,10.1007/s00521-021-06854-2,Nonlinear Dynamics & Chaos,,,,0.67
On the Optimization of Machine Learning Techniques for Chaotic Time Series Prediction,2022,,10.3390/electronics11213612,Nonlinear Dynamics & Chaos,,,,4.33
Quantifying the computational capability of a nanomagnetic reservoir computing platform with emergent magnetisation dynamics,2022,,10.1088/1361-6528/ac87b5,General RC / ESN Methods,,,,7.33
Image recognition based on optical reservoir computing,2022,,10.1063/5.0110838,Photonics & Optics,,,,3.67
Reservoir computing on a silicon platform with a ferroelectric field-effect transistor,2022,,10.1038/s44172-022-00021-8,Nonlinear Dynamics & Chaos,,,,27.0
Next-generation reservoir computing based on memristor array; [基于忆阻器阵列的下一代储池计算],2022,,10.7498/aps.71.20220082,Next-Gen RC,,,,2.33
Reservoir computing goes fully analogue,2022,,10.1038/s41928-022-00854-3,Physical & Hardware RC,,,,2.0
Predicting the dynamical behaviors for chaotic semiconductor lasers by reservoir computing,2022,,10.1364/OL.459638,Photonics & Optics,,,,9.0
Spoken digit recognition utilizing a reservoir computing system based on mutually coupled VCSELs under optical injection,2022,,10.1364/OPTCON.453196,Photonics & Optics,,,,0.0
Model-free prediction of multistability using echo state network,2022,,10.1063/5.0119963,Nonlinear Dynamics & Chaos,,,,11.67
Secure Communication via Laser Chaos Synchronization Based on Reservoir Computing; [基于储备池计算的激光混沌同步保密通信研究],2022,,10.3788/CJL202249.1806001,Nonlinear Dynamics & Chaos,,,,1.33
"Proceedings of the 17th ACM International Symposium on Nanoscale Architectures, NANOARCH 2022",2022,,,Physical & Hardware RC,,,,0.0
Multi-task photonic time-delay reservoir computing based on polarization modulation,2022,,10.1364/OL.479472,Photonics & Optics,,,,5.67
Fuzzy-Weighted Echo State Networks,2022,,10.3389/fenrg.2021.825526,Nonlinear Dynamics & Chaos,,,,2.0
Short-wavelength reverberant wave systems for physical realization of reservoir computing,2022,,10.1103/PhysRevResearch.4.023167,Photonics & Optics,,,,4.33
Optimal echo state network parameters based on behavioural spaces,2022,,10.1016/j.neucom.2022.06.008,Mathematics & Theory,,,,5.33
"Wind power prediction based on outlier correction, ensemble reinforcement learning, and residual correction",2022,,10.1016/j.energy.2022.123857,Climate & Earth Sciences,,,,19.0
Lane Change Prediction With an Echo State Network and Recurrent Neural Network in the Urban Area,2022,,10.1109/TITS.2021.3058035,General RC / ESN Methods,,,,7.33
Semiconductor technologies and related topics for implementation of electronic reservoir computing systems,2022,,10.1088/1361-6641/ac8c66,Nonlinear Dynamics & Chaos,,,,0.0
An internet traffic classification method based on echo state network and improved salp swarm algorithm,2022,,10.7717/PEERJ-CS.860,Signal Processing & Comms,,,,1.33
Design of incremental regularized echo state network; [基于增量式学习的正则化回声状态网络],2022,,10.13195/j.kzyjc.2020.1311,Mathematics & Theory,,,,2.0
Application Comparison of WPD-RSO-ESN and SSA-RSO-ESN Models in Runoff Time Series Forecasting; [WPD-RSO-ESN 和 SSA-RSO-ESN 模型在径流时间序列预测中应用比较],2022,,,Nonlinear Dynamics & Chaos,,,,1.33
Adaptive magnonic networks for nanoscale reservoir computing,2022,,,Photonics & Optics,,,,0.0
Recurrent Neural Network controllers learned using Virtual Reference Feedback Tuning with application to an Electronic Throttle Body,2022,,10.23919/ECC55457.2022.9838081,Nonlinear Dynamics & Chaos,,,,2.0
Detection and Classification of Drones Through Acoustic Features Using a Spike-Based Reservoir Computer for Low Power Applications,2022,,10.1109/DASC55683.2022.9925735,Neuroscience & Comp. Neuro,,,,3.67
"24th International Conference on Advanced Communication Technology: Artificial Intelligence Technologies toward Cybersecurity!!, ICACT 2022 - Proceedings",2022,,,Photonics & Optics,,,,0.0
Global optimization of hyper-parameters in reservoir computing,2022,,10.3934/ERA.2022139,Nonlinear Dynamics & Chaos,,,,4.33
Multi-reservoir echo state networks with sequence resampling for nonlinear time-series prediction,2022,,10.1016/j.neucom.2021.08.122,Nonlinear Dynamics & Chaos,,,,17.67
"Photonic reservoir computing with non-linear memory cells: Interplay between topology, delay and delayed input",2022,,10.1117/12.2633339,Photonics & Optics,,,,1.33
An Engine Fault Detection Method Based on the Deep Echo State Network and Improved Multi‐Verse Optimizer,2022,,10.3390/en15031205,General RC / ESN Methods,,,,5.0
Emerging dynamic memristors for neuromorphic reservoir computing,2022,,10.1039/d1nr06680c,Physical & Hardware RC,,,,35.0
Echo State Networks in Data Marketplaces for Digital Content Creation,2022,,10.1007/978-3-031-08223-8_31,General RC / ESN Methods,,,,0.0
Forecasting high-frequency spatio-temporal wind power with dimensionally reduced echo state networks,2022,,10.1111/rssc.12540,Climate & Earth Sciences,,,,7.67
Microring resonators with external optical feedback for time delay reservoir computing,2022,,10.1364/OE.444063,Photonics & Optics,,,,24.0
Analysis and improvement of Boolean chaos robustness to noise,2022,,10.1016/j.cnsns.2021.106064,Nonlinear Dynamics & Chaos,,,,0.67
A Characteristic of Speaker's Audio in the Model Space Based on Adaptive Frequency Scaling,2022,,10.1109/BigDIA56350.2022.9874057,Signal Processing & Comms,,,,4.33
Low-power-consumption physical reservoir computing model based on overdamped bistable stochastic resonance system,2022,,10.1016/j.neucom.2021.09.074,Physical & Hardware RC,,,,9.67
Learning the dynamics of coupled oscillators from transients,2022,,10.1103/PhysRevResearch.4.013137,Nonlinear Dynamics & Chaos,,,,5.0
"31st International Conference on Artificial Neural Networks, ICANN 2022",2022,,,Neuroscience & Comp. Neuro,,,,0.0
SELF-ORGANIZING RESERVOIR NETWORK FOR ACTION RECOGNITION,2022,,10.22452/mjcs.vol35no3.4,Neuroscience & Comp. Neuro,,,,0.0
Predicting Sea Surface Temperature Based on a Parallel Autoreservoir Computing Approach With Short-Term Measured Data,2022,,10.1109/LGRS.2022.3167408,Climate & Earth Sciences,,,,0.33
Photonic neuromorphic technologies in optical communications,2022,,10.1515/nanoph-2021-0578,Photonics & Optics,,,,11.33
Predicting Deep Atmospheric Turbulence Using a Deep Echo State Neural Network,2022,,,Climate & Earth Sciences,,,,0.0
Short-term Global Horizontal Irradiance Prediction Based on Deep Echo State Network,2022,,10.1088/1742-6596/2171/1/012028,General RC / ESN Methods,,,,0.33
Artificial neural networks for water quality soft-sensing in wastewater treatment: a review,2022,,10.1007/s10462-021-10038-8,General RC / ESN Methods,,,,52.67
Cross-Gain Modulation-Based Reservoir Computing Using Membrane SOAs on Si-MZI,2022,,,Photonics & Optics,,,,0.0
On the effectiveness of Gated Echo State Networks for data exhibiting long-term dependencies,2022,,10.2298/CSIS210218063D,General RC / ESN Methods,,,,0.33
Mems Reservoir Computing Using Frequency Modulated Accelerometer,2022,,10.1109/MEMS51670.2022.9699777,Nonlinear Dynamics & Chaos,,,,5.0
Improving Neural Network Time Series Prediction with a GA-BFGS Grown Dynamic Architecture,2022,,10.1109/ICAC55051.2022.9911133,Nonlinear Dynamics & Chaos,,,,0.0
Reduced complexity on micro-controller learning of ECG anomalies,2022,,10.1109/MetroInd4.0IoT54413.2022.9831621,General RC / ESN Methods,,,,1.0
An electrocorticographic decoder for arm movement for brain–machine interface using an echo state network and Gaussian readout,2022,,10.1016/j.asoc.2021.108393,Neuroscience & Comp. Neuro,,,,3.0
Nonlinear photonic dynamical systems for unconventional computing,2022,,10.1587/nolta.13.26,Photonics & Optics,,,,1.33
Deep Echo State Network Based Neuroadaptive Control for Uncertain Systems,2022,,10.1007/978-981-19-6142-7_21,Control & Robotics,,,,0.0
A Novel Approach to Time Series Complexity via Reservoir Computing,2022,,10.1007/978-3-031-22695-3_31,Nonlinear Dynamics & Chaos,,,,1.0
"A Hybrid Echo State Network for Hypercomplex Pattern Recognition, Classification, and Big Data Analysis",2022,,10.1109/ICCKE57176.2022.9960125,Signal Processing & Comms,,,,9.0
Time Series Prediction with Neural Networks: a Review,2022,,10.1109/ICEST55168.2022.9828735,Nonlinear Dynamics & Chaos,,,,1.67
Noise effects on time delay reservoir computing using silicon microring resonators,2022,,10.1117/12.2609056,Photonics & Optics,,,,0.33
An Interval Prediction Model based on Improved Double Echo State Network and Bootstrap,2022,,10.1109/IMCEC55388.2022.10020118,General RC / ESN Methods,,,,0.0
"2022 IEEE Nanotechnology Materials and Devices Conference, NMDC 2022",2022,,,Photonics & Optics,,,,0.0
Learning continuous chaotic attractors with a reservoir computer,2022,,10.1063/5.0075572,Nonlinear Dynamics & Chaos,,,,5.0
A Hybrid Sailfish Whale Optimization and Deep Long Short-Term Memory (SWO-DLSTM) Model for Energy Efficient Autonomy in India by 2048,2022,,10.3390/su14031355,Mathematics & Theory,,,,3.67
Making Intelligent Reflecting Surfaces More Intelligent: A Roadmap Through Reservoir Computing,2022,,10.1109/MNET.101.2100213,Nonlinear Dynamics & Chaos,,,,1.67
Hierarchical Dynamics in Deep Echo State Networks,2022,,10.1007/978-3-031-15934-3_55,Mathematics & Theory,,,,1.33
A Pattern Recognition Framework for Signal Processing in Metaverse,2022,,10.1109/ICSPIS56952.2022.10044059,Signal Processing & Comms,,,,5.0
Short-Term Traffic Flow Prediction Based on I-SAWOA-Deep Echo State Network,2022,,10.1109/CAC57257.2022.10055270,General RC / ESN Methods,,,,0.0
A Weight Optimization Method of Deep Echo State Network Based on Improved Knowledge Evolution,2022,,10.1109/CAC57257.2022.10056013,Nonlinear Dynamics & Chaos,,,,0.67
Enhancing the Performance of Liquid State Machine with Time-Division Sampling and Reservoir Reconstructing,2022,,10.1109/HPCC-DSS-SmartCity-DependSys53884.2021.00172,Physical & Hardware RC,,,,0.0
Effects of Connectivity on Narrative Temporal Processing in Structured Reservoir Computing,2022,,10.1109/IJCNN55064.2022.9891967,Neuroscience & Comp. Neuro,,,,2.33
Multi-layer Echo State Network with Nonlinear Vector Autoregression Reservoir for Time Series Prediction,2022,,10.1007/978-981-19-6142-7_37,Nonlinear Dynamics & Chaos,,,,1.0
Feature Extraction Mechanism for Each Layer of Deep Echo State Network,2022,,10.1109/ICETCI55171.2022.9921370,Mathematics & Theory,,,,2.0
Unsupervised Learning in Reservoir Computing for EEG-Based Emotion Recognition,2022,,10.1109/TAFFC.2020.2982143,Signal Processing & Comms,,,,16.67
Real-time Machine Learning for Symbol Detection in MIMO-OFDM Systems,2022,,10.1109/INFOCOM48880.2022.9796854,Signal Processing & Comms,,,,5.33
Ridge-regression Echo State Network for Effluent Ammonia Nitrogen Prediction,2022,,10.1109/CAC57257.2022.10055863,General RC / ESN Methods,,,,0.0
Investigating Electromagnetic Acoustic Emission Signal Processing Based on Optimized Variational Mode Decomposition,2022,,10.1109/ICSP54964.2022.9778336,Signal Processing & Comms,,,,0.67
Circuit Simulation Model of Liquid Crystal Capacitor using Reservoir Computing Approach,2022,,,General RC / ESN Methods,,,,0.0
"23rd International Conference on Intelligent Data Engineering and Automated Learning, IDEAL 2022",2022,,,Control & Robotics,,,,0.0
Deep Q-Network Based Dynamic Spectrum Access for Cognitive Networks with Limited Spectrum Sensing Capability SUs,2022,,10.1109/ICCCAS55266.2022.9824895,Mathematics & Theory,,,,0.33
Macroscopic dynamics prediction by reservoir computing,2022,,10.1109/DCNA56428.2022.9923251,Nonlinear Dynamics & Chaos,,,,0.0
Prediction of Chaotic Intensities and Dynamics for an Optically Injected Semiconductor Laser Using Reservoir Computing,2022,,10.1109/ACP55869.2022.10088568,Photonics & Optics,,,,0.0
Kernel Risk Sensitive Loss-based Echo State Networks for Predicting Therapeutic Peptides with Sparse Learning,2022,,10.1109/BIBM55620.2022.9994902,General RC / ESN Methods,,,,1.67
Chaos Prediction of Power Systems by Using Deep Learning,2022,,10.1145/3529836.3529843,Nonlinear Dynamics & Chaos,,,,0.33
"Proceedings - 2022 IEEE International Conference on Bioinformatics and Biomedicine, BIBM 2022",2022,,,General RC / ESN Methods,,,,0.0
Nonlinear Behavior of Dendritic Polymer Networks for Reservoir Computing,2022,,10.1002/aelm.202100330,Neuroscience & Comp. Neuro,,,,11.0
Learning to Compute with Sound in Nonlinear Disordered Cavities,2022,,10.1109/Metamaterials54993.2022.9920861,Mathematics & Theory,,,,0.33
Protein Structured Reservoir Computing for Spike-Based Pattern Recognition,2022,,10.1109/TPDS.2021.3068826,Neuroscience & Comp. Neuro,,,,5.0
Durable Pneumatic Artificial Muscles with Electric Conductivity for Reliable Physical Reservoir Computing,2022,,10.20965/jrm.2022.p0240,Physical & Hardware RC,,,,6.0
Voltage prognosis of PEMFC estimated using Multi-Reservoir Bidirectional Echo State Network,2022,,10.1109/ICSC57768.2022.9993961,Mathematics & Theory,,,,1.0
Memristor based ultrasonic optimized excitations for mesoscopic nonlinear characterization of biomedical tissues,2022,,10.1109/BEC56180.2022.9935594,Physical & Hardware RC,,,,0.0
Medium and Long-Term Fault Prediction of Avionics Based on Echo State Network,2022,,10.1155/2022/5343909,General RC / ESN Methods,,,,1.33
FPGA-driven High Density Photonic Reservoir Computing,2022,,10.23919/ICEP55381.2022.9795514,Photonics & Optics,,,,0.33
Double-Reservoir Deep Echo State Network Architecture for short-term Electricity Demand Forecasting,2022,,10.1109/EEM54602.2022.9921048,General RC / ESN Methods,,,,1.33
Composite FORCE Learning of Chaotic Echo State Networks for Time-Series Prediction,2022,,10.23919/CCC55666.2022.9901897,Nonlinear Dynamics & Chaos,,,,2.0
A FRAMEWORK FOR MACHINE LEARNING OF MODEL ERROR IN DYNAMICAL SYSTEMS,2022,,10.1090/cams/10,Nonlinear Dynamics & Chaos,,,,15.0
Quantum Reservoir Computing for Speckle Disorder Potentials,2022,,10.3390/condmat7010017,Quantum RC,,,,2.67
Dynamic Modeling of P(VDF-TrFE-CTFE)-based Soft Actuators via Echo State Networks,2022,,10.1109/AIM52237.2022.9863398,Control & Robotics,,,,1.0
Lifespan Prediction for Proton Exchange Membrane Fuel Cells Based on Wavelet Transform and Echo State Network,2022,,10.1109/TTE.2021.3121179,General RC / ESN Methods,,,,14.0
Heterogeneous Reservoir Computing Models for Persian Speech Recognition,2022,,10.1109/IJCNN55064.2022.9892570,Signal Processing & Comms,,,,1.33
Regularized Echo State Network with an Improved Log Penalty,2022,,10.1109/ICCIA55271.2022.9828417,Nonlinear Dynamics & Chaos,,,,0.0
Physical Implementation of Reservoir Computing through Electrochemical Reaction,2022,,10.1002/advs.202104076,Physical & Hardware RC,,,,25.0
High Resolution Display Model of Wind Profile Radar Based on Multi-core Liquid State Machine,2022,,10.1109/ICAML57167.2022.00054,Signal Processing & Comms,,,,1.0
Proposal of Reconstructive Reservoir Computing to Detect Anomaly in Time-series Signals,2022,,10.1109/IJCNN55064.2022.9892805,General RC / ESN Methods,,,,2.33
Prediction and Replication of Chaotic Dynamics Using Photonic Reservoir Computing with Semiconductor Laser,2022,,10.1364/CLEOPR.2022.CThA13B_04,Photonics & Optics,,,,0.33
MMG/EMG Mapping with Reservoir Computing,2022,,10.1109/ICECS202256217.2022.9971109,Physical & Hardware RC,,,,1.33
Consideration of the output series generated by hysteresis reservoir computing,2022,,10.1587/nolta.13.258,Nonlinear Dynamics & Chaos,,,,1.0
Impact of phase modulation on the performance of photonic delay-based reservoir computing with semiconductor lasers,2022,,10.1117/12.2626778,Photonics & Optics,,,,0.0
Enabling Mechano-Intelligence in Adaptive Structures utilizing Physical Computing,2022,,10.1117/12.2614439,Physical & Hardware RC,,,,1.33
Silicon Photonic Integrated Reservoir Computing Processor with Ultra-high Tunability for High-speed IM/DD Equalization,2022,,10.1109/OGC55558.2022.10051045,Photonics & Optics,,,,0.67
Study of Filter-based Neuromorphic Photonic Reservoir Computing for Signal Equalization in 224Gbps Sub-carrier Modulation IM-DD Short Reach Optical Fiber Communication System,2022,,10.1109/OGC55558.2022.10051043,Photonics & Optics,,,,0.33
Echo State Networks with Special Memory Module,2022,,10.1109/ICCIA55271.2022.9828443,Nonlinear Dynamics & Chaos,,,,0.0
Smart city infrastructure protection: real-time threat detection employing online reservoir computing architecture,2022,,10.1007/s00521-021-05733-0,Physical & Hardware RC,,,,3.0
Composing Modeling and Simulation with Machine Learning in Julia,2022,,,General RC / ESN Methods,,,,0.0
A Hardware Efficient Reservoir Computing System Using Cellular Automata and Ensemble Bloom Filter,2022,,10.1587/transinf.2021EDP7203,General RC / ESN Methods,,,,0.33
A Deep Learning-based approach for forecasting off-gas production and consumption in the blast furnace,2022,,10.1007/s00521-021-05984-x,Nonlinear Dynamics & Chaos,,,,15.67
Deep Echo State Network with Variable Memory Pattern for Solar Irradiance Prediction,2022,,10.1155/2022/8506312,Mathematics & Theory,,,,0.0
Exploring the limits of multifunctionality across different reservoir computers,2022,,10.1109/IJCNN55064.2022.9892203,Nonlinear Dynamics & Chaos,,,,2.33
A pseudo-inverse decomposition-based self-organizing modular echo state network for time series prediction,2022,,10.1016/j.asoc.2021.108317,Nonlinear Dynamics & Chaos,,,,8.33
Seeking optimal parameters for achieving a lightweight reservoir computing: A computational endeavor,2022,,10.3934/era.2022152,Nonlinear Dynamics & Chaos,,,,1.0
"2022 12th International Conference on Computer and Knowledge Engineering, ICCKE 2022",2022,,,General RC / ESN Methods,,,,0.0
Characterizing the memory capacity of transmon qubit reservoirs,2022,,10.1109/QCE53715.2022.00035,Quantum RC,,,,1.33
Maximum Power Point Tracking in Power System Control Using Reservoir Computing,2022,,10.3389/fenrg.2022.784191,Mathematics & Theory,,,,1.0
Photonic accelerator based on optical chaos,2022,,10.1117/12.2610751,Photonics & Optics,,,,0.0
On the Post Hoc Explainability of Optimized Self-Organizing Reservoir Network for Action Recognition,2022,,10.3390/s22051905,Mathematics & Theory,,,,1.33
Photonic Reservoir Computing for Nonlinear Equalization of 64-QAM Signals with a Kramers-Kronig Receiver,2022,,,Photonics & Optics,,,,0.33
A 2D Hyperchaotic Discrete Memristive Map and Application in Reservoir Computing,2022,,10.1109/TCSII.2021.3118646,Nonlinear Dynamics & Chaos,,,,14.0
Underwater Acoustic Communication Channel Modeling Using Reservoir Computing,2022,,10.1109/ACCESS.2022.3177728,Nonlinear Dynamics & Chaos,,,,9.0
Policy-based Fully Spiking Reservoir Computing for Multi-Agent Distributed Dynamic Spectrum Access,2022,,10.1109/ICC45855.2022.9838849,Neuroscience & Comp. Neuro,,,,1.67
Analog Optical Computing for Artificial Intelligence,2022,,10.1016/j.eng.2021.06.021,Photonics & Optics,,,,31.33
Experimental Validation of Origami’s Reservoir Computing Power and An Mechano-Intelligent Task of Payload Identification,2022,,10.1115/DETC2022-89501,Control & Robotics,,,,0.33
"Proceedings - 2022 IEEE International Symposium on High-Performance Computer Architecture, HPCA 2022",2022,,,General RC / ESN Methods,,,,0.0
"Proceedings - 2022 International Conference on Advanced Mechatronic Systems, ICAMechS 2022",2022,,,Control & Robotics,,,,0.0
An information theoretic parameter tuning for MEMS-based reservoir computing,2022,,10.1587/nolta.13.459,Physical & Hardware RC,,,,1.33
An Adaptive PCA-Like Asynchronously Deep Reservoir Computing for Modeling Data-Driven Soft Sensors,2022,,10.1007/978-3-031-18907-4_55,General RC / ESN Methods,,,,0.0
Short-Term QoS Forecasting at the Edge for Reliable Service Applications,2022,,10.1109/TSC.2020.2975799,General RC / ESN Methods,,,,7.0
A novel long short-term memory networks-based data-driven prognostic strategy for proton exchange membrane fuel cells,2022,,10.1016/j.ijhydene.2022.01.121,Climate & Earth Sciences,,,,28.33
Reservoir time series analysis: Using the response of complex dynamical systems as a universal indicator of change,2022,,10.1063/5.0082122,Nonlinear Dynamics & Chaos,,,,3.67
Wireless-Powered Cooperative Key Generation for e-Health: A Reservoir Learning Approach,2022,,10.1109/VTC2022-Spring54318.2022.9860947,Signal Processing & Comms,,,,3.33
Virtual reservoir computer using an optical resonator,2022,,10.1364/OME.450256,Photonics & Optics,,,,4.67
Distance-Based Delays in Echo State Networks,2022,,10.1007/978-3-031-21753-1_21,Photonics & Optics,,,,1.33
Reservoir Computing for Early Stage Alzheimer's Disease Detection,2022,,10.1109/ACCESS.2022.3180045,Nonlinear Dynamics & Chaos,,,,6.33
Reservoir Computing Using DNA Oscillators,2022,,10.1021/acssynbio.1c00483,Nonlinear Dynamics & Chaos,,,,6.67
On the Nature of Functional Differentiation: The Role of Self-Organization with Constraints,2022,,10.3390/e24020240,Neuroscience & Comp. Neuro,,,,1.0
Degradation Prediction of PEMFCs Using Stacked Echo State Network Based on Genetic Algorithm Optimization,2022,,10.1109/TTE.2021.3111906,General RC / ESN Methods,,,,13.0
"2022 IEEE International Black Sea Conference on Communications and Networking, BlackSeaCom 2022",2022,,,Signal Processing & Comms,,,,0.0
Fault-Tolerant Model Predictive Control for Multirotor UAVs,2022,,10.23919/ACC53348.2022.9867240,Control & Robotics,,,,5.67
Prediction on blockchain virtual currency transaction under long short-term memory model and deep belief network,2022,,10.1016/j.asoc.2021.108349,Nonlinear Dynamics & Chaos,,,,6.67
Scalable In-Memory Computing Architectures for Sparse Matrix Multiplication,2022,,10.1109/IEDM45625.2022.10019535,Physical & Hardware RC,,,,0.0
Remarks on a Feedforward Feedback Controller Using an Echo State Network for Controlling Dynamic Systems,2022,,10.1109/ICAMechS57222.2022.10003364,Control & Robotics,,,,0.0
A Prediction of Time Series Driving Motion Scenarios Using LSTM and ESN,2022,,10.1109/SMC53654.2022.9945220,Signal Processing & Comms,,,,4.0
Liquid State Machines,2022,,10.1007/978-1-0716-1006-0_300331,General RC / ESN Methods,,,,0.0
Real-Time Hardware-Based Malware and Micro-Architectural Attack Detection Utilizing CMOS Reservoir Computing,2022,,10.1109/TCSII.2021.3102526,General RC / ESN Methods,,,,5.0
Reservoir Computing Approach for Gray Images Segmentation,2022,,10.1109/INISTA55318.2022.9894221,General RC / ESN Methods,,,,0.67
Towards Lightweight Architectures for Embedded Machine Learning in Musical Instruments,2022,,,Signal Processing & Comms,,,,0.0
Similarity-Based Echo State Network for Remaining Useful Life Prediction,2022,,10.1088/1742-6596/2171/1/012016,Control & Robotics,,,,1.33
Grammatical structure detection by Instinct Plasticity based Echo State Networks with Genetic Algorithm,2022,,10.1016/j.neucom.2021.09.073,General RC / ESN Methods,,,,4.0
XPM-Based Reservoir Computing Using Membrane MZM Integrated with SOAs on Si,2022,,10.23919/OECC/PSC53152.2022.9850191,Photonics & Optics,,,,1.33
Online Assistance Control of a Pneumatic Gait Assistive Suit Using Physical Reservoir Computing Exploiting Air Dynamics,2022,,10.1109/ICRA46639.2022.9812377,Physical & Hardware RC,,,,4.33
Pre-training on physical dynamics enhances indirect sensing in recurrent neural networks,2022,,10.1109/MHS56725.2022.10092140,Physical & Hardware RC,,,,0.0
Research on comprehensive energy data fusion method based on semantic association feature mining,2022,,,General RC / ESN Methods,,,,0.0
Data-based optimal tracking control of unknown nonlinear systems with constrained-input via echo state network,2022,,10.23919/CCC55666.2022.9901821,Nonlinear Dynamics & Chaos,,,,0.0
Material Networks for Neuromorphic Computing,2022,,10.23919/AM-FPD54920.2022.9851368,Physical & Hardware RC,,,,0.0
Drowsiness Estimation of Drivers Using Echo State Networks,2022,,10.20485/jsaeijae.13.2_60,General RC / ESN Methods,,,,0.0
Dynamic Multiobjective Optimization Aided by ESN-based Prediction Approach,2022,,10.1109/ISPCE-ASIA57917.2022.9970806,Nonlinear Dynamics & Chaos,,,,0.33
Efficient Fake News Detection using Bagging Ensembles of Bidirectional Echo State Networks,2022,,10.1109/IJCNN55064.2022.9892331,General RC / ESN Methods,,,,2.67
Short-term PM2.5 prediction based on variational mode decomposition and machine learning methods,2022,,10.1109/MLKE55170.2022.00012,General RC / ESN Methods,,,,1.0
"Recurrent Network Models, Reservoir Computing",2022,,10.1007/978-1-0716-1006-0_796,General RC / ESN Methods,,,,0.0
Particle Swarm Optimization of a Liquid State Machine for Epilepsy and Seizure EEG Signal Classification,2022,,10.1109/CYBER55403.2022.9907687,Neuroscience & Comp. Neuro,,,,0.0
Investigating Echo State Network Performance with Biologically-Inspired Hierarchical Network Structure,2022,,10.1109/IJCNN55064.2022.9892248,Mathematics & Theory,,,,1.0
"Emerging Topics in Artificial Intelligence, ETAI 2022",2022,,,Photonics & Optics,,,,0.0
Reservoir Computing-Based Real-Time Prediction for Quantized Conductance of Au Atomic Junctions,2022,,10.1109/NMDC46933.2022.10052236,General RC / ESN Methods,,,,0.0
Information Processing Capacity in the Rat Auditory Cortex; [ラット聴覚野の情報処理容量],2022,,10.1541/ieejeiss.142.569,Mathematics & Theory,,,,0.0
Experimental demonstration of adaptive model selection based on reinforcement learning in photonic reservoir computing,2022,,10.1587/nolta.13.123,Photonics & Optics,,,,1.67
Pyramidal Reservoir Graph Neural Network,2022,,10.1016/j.neucom.2021.04.131,Mathematics & Theory,,,,4.67
Reservoir-based convolution,2022,,10.1587/nolta.13.397,General RC / ESN Methods,,,,2.33
Network Flow Anomaly Detection Based on Improved Echo State Network,2022,,10.1155/2022/4252766,General RC / ESN Methods,,,,0.0
Echo State Network Optimization using Hybrid-Structure Based Gravitational Search Algorithm with Square Quadratic Programming for Time Series Prediction,2022,,10.34028/iajit/19/3A/13,Nonlinear Dynamics & Chaos,,,,1.0
Bias-aware thermoacoustic data assimilation,2022,,,General RC / ESN Methods,,,,0.0
An echo state network with attention mechanism for production prediction in reservoirs,2022,,10.1016/j.petrol.2021.109920,Climate & Earth Sciences,,,,10.0
In materia reservoir computing with a fully memristive architecture based on self-organizing nanowire networks,2022,,10.1038/s41563-021-01099-9,Physical & Hardware RC,,,,133.0
Photonic Reservoir Computing on Coherent Linear Processor,2022,,10.23919/OECC/PSC53152.2022.9849877,Photonics & Optics,,,,0.0
RESERVOIR COMPUTING WITH TRUNCATED NORMAL DISTRIBUTION FOR SPEECH EMOTION RECOGNITION,2022,,10.22452/mjcs.vol35no2.3,Signal Processing & Comms,,,,0.67
Error bound characterization for reservoir computing-based OFDM symbol detection,2022,,10.1109/ICC45855.2022.9839095,Mathematics & Theory,,,,1.67
Reservoir Computing Based Equalization for Radio over Fiber System,2022,,10.23919/ICACT53585.2022.9728875,Photonics & Optics,,,,0.33
Evolutionary Echo State Network: evolving reservoirs in the Fourier space,2022,,10.1109/IJCNN55064.2022.9892892,Nonlinear Dynamics & Chaos,,,,1.33
"23rd International Conference on Engineering Applications of Neural Networks, EANN 2022",2022,,,Control & Robotics,,,,0.0
"16th International Conference on Simulation of Adaptive Behavior, SAB 2022",2022,,,Control & Robotics,,,,0.0
Optimized Echo State Network based on PSO and Gradient Descent for Choatic Time Series Prediction,2022,,10.1109/ICTAI56018.2022.00115,Nonlinear Dynamics & Chaos,,,,3.33
Training Echo-State Networks for Big Data Prediction using Variation of Parameters,2022,,10.1109/SITIS57111.2022.00054,Nonlinear Dynamics & Chaos,,,,0.33
Dual Heuristic Programming for Optimal Control of Continuous-Time Nonlinear Systems Using Single Echo State Network,2022,,10.1109/TCYB.2020.2984952,Mathematics & Theory,,,,11.67
Recognition of Musical Dissonance and Consonance in a Simple Neuromorphic Computing System,2022,,,Physical & Hardware RC,,,,1.67
Asynchronous Time-Delay Reservoir Computing Based on Laser Dynamics,2022,,10.1109/IPC53466.2022.9975727,Photonics & Optics,,,,0.0
Isotropization of Complex-Valued Reservoir Computing on 2-D Dynamical System,2022,,10.1109/ICETCI55171.2022.9921365,Nonlinear Dynamics & Chaos,,,,0.33
Time-delayed reservoir computing based on an optically pumped spin VCSEL for high-speed processing,2022,,10.1007/s11071-021-07140-5,Photonics & Optics,,,,14.0
EVOLUTIONARY NEURAL ARCHITECTURE DESIGN OF LIQUID STATE MACHINE FOR IMAGE CLASSIFICATION,2022,,10.1109/ICASSP43922.2022.9747040,Neuroscience & Comp. Neuro,,,,2.67
Role of delay-times in delay-based photonic reservoir computing,2022,,10.1364/OME.451016,Photonics & Optics,,,,25.0
Alfvén eigenmode classification based on ECE diagnostics at DIII-D using deep recurrent neural networks,2022,,10.1088/1741-4326/ac3be7,General RC / ESN Methods,,,,9.0
Deep Reservoir Computing Based on Injection-Locked Quantum Dot Lasers,2022,,10.1109/CLEO-PR62338.2022.10432276,Photonics & Optics,,,,0.0
Enhanced photonic time-stretch reservoir computing using all-optical input masks,2022,,10.1109/IPC53466.2022.9975723,Photonics & Optics,,,,1.0
A new method of nonlinear causality detection: Reservoir computing Granger causality,2022,,10.1016/j.chaos.2021.111675,Nonlinear Dynamics & Chaos,,,,5.33
Reservoir computing vs. neural networks in financial forecasting,2022,,10.1504/ijcee.2023.127283,General RC / ESN Methods,,,,2.33
Liquid State Machine-Empowered Reflection Tracking in RIS-Aided THz Communications,2022,,10.1109/GLOBECOM48099.2022.10001117,General RC / ESN Methods,,,,4.0
Improved Echo State Network With Multiple Activation Functions,2022,,10.1109/CAC57257.2022.10055912,Nonlinear Dynamics & Chaos,,,,0.33
"Proceedings of the 2022 International Conference on Emerging Techniques in Computational Intelligence, ICETCI 2022",2022,,,Nonlinear Dynamics & Chaos,,,,0.0
Comparison of machine learning classifiers for differentiating level and sport using movement data,2022,,10.1080/02640414.2022.2145430,Photonics & Optics,,,,0.67
Composing Modeling And Simulation With Machine Learning In Julia,2022,,10.23919/ANNSIM55834.2022.9859453,General RC / ESN Methods,,,,4.67
56 Gbaud PAM-4 Transmission Equalization using Implicitly Masked Parallel Micro-Ring Resonator Reservoir Computing,2022,,,Photonics & Optics,,,,1.0
Echo state network-based H∞control for continuous-time nonlinear systems,2022,,10.23919/CCC55666.2022.9902368,Nonlinear Dynamics & Chaos,,,,0.0
MEMORY IN ECHO STATE NETWORKS AND THE CONTROLLABILITY MATRIX RANK,2022,,10.1109/ICASSP43922.2022.9746766,Nonlinear Dynamics & Chaos,,,,0.67
A neuromorphic core based on threshold switching memristor with asynchronous address event representation circuits,2022,,10.1007/s11432-020-3203-0,Physical & Hardware RC,,,,2.33
Reservoir Computing Reduced-order Model based on PIV data of Flow Field,2022,,10.2514/6.2022-3242,General RC / ESN Methods,,,,0.0
Multivariate nonlinear time series prediction by chain-structure echo state network,2022,,10.1109/CCDC55256.2022.10033591,Nonlinear Dynamics & Chaos,,,,0.33
Statistical Prediction of Extreme Events from Small Datasets,2022,,10.1007/978-3-031-08757-8_58,Climate & Earth Sciences,,,,1.33
"Probabilistic Deterministic Finite Automata and Recurrent Networks, Revisited",2022,,10.3390/e24010090,Nonlinear Dynamics & Chaos,,,,0.67
Investigating Small Device Implementation of FRET-based Optical Reservoir Computing,2022,,10.1109/MWSCAS54063.2022.9859432,Photonics & Optics,,,,0.67
Effluent ammonia nitrogen prediction of wastewater treatment process via Tikhonov regularized echo state network,2022,,10.1109/YAC57282.2022.10023746,General RC / ESN Methods,,,,0.67
Coherently coupled quantum oscillators for quantum reservoir computing,2022,,10.1109/NANO54668.2022.9928763,Quantum RC,,,,0.67
Functional connectivity analysis on hierarchical reservoir computing model,2022,,10.1587/nolta.13.446,General RC / ESN Methods,,,,0.0
A Delay-Based Reservoir Computing Model for Chaotic Series Prediction,2022,,10.1109/ICECS202256217.2022.9971108,Nonlinear Dynamics & Chaos,,,,0.67
Data analytics and optimised machine learning algorithm to analyse coffee commodity prices,2022,,10.1504/ijsami.2022.126799,Mathematics & Theory,,,,1.67
FPGA-based Reservoir Computing with Optimized Reservoir Node Architecture,2022,,10.1109/ISQED54688.2022.9806247,Physical & Hardware RC,,,,5.0
Block-structured echo state network based on error reduction mechanism,2022,,10.1109/IAI55780.2022.9976790,Nonlinear Dynamics & Chaos,,,,0.0
SERS-based ssDNA composition analysis with inhomogeneous peak broadening and reservoir computing,2022,,10.1063/5.0075528,General RC / ESN Methods,,,,1.0
An All-Optical Reservoir Computer based on Time Stretch and Spectral Mixing,2022,,,Photonics & Optics,,,,2.0
A Physical Reservoir Computing Model Based on Volatile Memristor for Temporal Signal Processing,2022,,10.1109/ICECS202256217.2022.9970880,Physical & Hardware RC,,,,3.0
An Improved Convolutional Neural Network with Reservoir Computing for Boiler Four Tube,2022,,10.1109/ICAICA54878.2022.9844579,General RC / ESN Methods,,,,0.0
Shafting Misalignment Malfunction Quantitative Diagnosis Based on Speed Signal SVD-HT and CSF-PPSO-ESN Method,2022,,10.1155/2022/7016597,Signal Processing & Comms,,,,3.67
Degradation identification and prognostics of proton exchange membrane fuel cell under dynamic load,2022,,10.1016/j.conengprac.2021.104959,General RC / ESN Methods,,,,18.33
Chaos recognition using a single nonlinear node delay-based reservoir computer,2022,,10.1140/epjb/s10051-022-00280-6,Nonlinear Dynamics & Chaos,,,,3.33
Near real-time predictions of tropical cyclone trajectory and intensity in the northwestern Pacific Ocean using echo state network,2022,,10.1007/s00382-021-05927-1,Climate & Earth Sciences,,,,4.67
Computing with two quantum reservoirs connected via optimized two-qubit nonselective measurements,2022,,,Quantum RC,,,,0.0
Self-Organization of Physics-Informed Mechanisms in Recurrent Neural Networks: A Case Study in Pneumatic Artificial Muscles,2022,,10.1109/RoboSoft54090.2022.9762181,Nonlinear Dynamics & Chaos,,,,1.67
Computation-in-Memory with Hybrid Integration of Non-Volatile Memory & SRAM for Reservoir Computing,2022,,10.1109/SNW56633.2022.9889042,General RC / ESN Methods,,,,0.67
Hotspot Prediction of Network-on-Chip for Neuromorphic Processor with Liquid State Machine,2022,,10.1109/ISCAS48785.2022.9937553,Physical & Hardware RC,,,,1.0
Speaker Authentication Method using Reservoir Computing for Security System,2022,,10.1109/ICCE53296.2022.9730224,Signal Processing & Comms,,,,0.0
An Optoelectronic Reservoir Computing for Temporal Information Processing,2022,,10.1109/LED.2022.3142257,Photonics & Optics,,,,16.67
Early Detection of Parkinson's Disease using Spiral Test and Echo State Networks,2022,,10.1109/IJCNN55064.2022.9891917,General RC / ESN Methods,,,,4.67
Design of echo state network with multi-objective optimization algorithm and l1regularization,2022,,10.1109/CCDC55256.2022.10033775,Mathematics & Theory,,,,0.0
CONTINUAL LEARNING OF DYNAMICAL SYSTEMS WITH COMPETITIVE FEDERATED RESERVOIR COMPUTING,2022,,,Nonlinear Dynamics & Chaos,,,,1.33
The impact of uncorrelated noise on echo state networks,2022,,10.1109/DCNA56428.2022.9923121,Physical & Hardware RC,,,,0.0
The Performance Improvement of VLC-OFDM System Based on Reservoir Computing,2022,,10.3390/photonics9030185,Signal Processing & Comms,,,,4.0
Spectro-temporally Multiplexed Reservoir Computing Based on a Multimode Fabry Perot Laser,2022,,,Photonics & Optics,,,,0.0
An Optimized Physical Reservoir Computing Through Genetic Algorithm,2022,,10.1109/CYBER55403.2022.9907489,Physical & Hardware RC,,,,0.0
Hardware-aware liquid state machine generation for 2D/3D Network-on-Chip platforms,2022,,10.1016/j.sysarc.2022.102429,Neuroscience & Comp. Neuro,,,,2.67
Reservoir Self Organizing Map,2022,,10.1109/SCISISIS55246.2022.10001926,General RC / ESN Methods,,,,0.0
Reservoir modeling of distributed-parameter systems,2022,,10.1109/ICARCV57592.2022.10004225,Control & Robotics,,,,0.67
Simulation of a Small-Scale Chemical Reservoir Computer for Pattern Recognition,2022,,10.1109/MECO55406.2022.9797166,Neuroscience & Comp. Neuro,,,,1.0
Imposing Connectome-Derived Topology on an Echo State Network,2022,,10.1109/IJCNN55064.2022.9892629,Nonlinear Dynamics & Chaos,,,,2.67
OECC/PSC 2022 - 27th OptoElectronics and Communications Conference/International Conference on Photonics in Switching and Computing 2022,2022,,,Photonics & Optics,,,,0.0
Numerical Investigation of Short Pulse Propagation in a Semiconductor Optical Amplifier for Application to Optical Reservoir Computing,2022,,10.23919/OECC/PSC53152.2022.9849715,Photonics & Optics,,,,0.0
Echo state property and memory in octopus-inspired soft robotic arm,2022,,10.1109/RoboSoft54090.2022.9762119,Physical & Hardware RC,,,,2.67
Echo State Network Optimization Based on Improved Fireworks Algorithm,2022,,10.1109/ICIVC55077.2022.9886609,General RC / ESN Methods,,,,0.67
The Recurrent Reinforcement Learning Crypto Agent,2022,,10.1109/ACCESS.2022.3166599,Control & Robotics,,,,9.33
WSCE 2022 - 2022 5th World Symposium on Communication Engineering,2022,,,Photonics & Optics,,,,0.0
Hierarchical deep learning of multiscale differential equation time-steppers,2022,,10.1098/rsta.2021.0200,Nonlinear Dynamics & Chaos,,,,14.33
Echo state network ensembles for surrogate models with an application to urban mobility,2022,,10.1109/IJCNN55064.2022.9892406,General RC / ESN Methods,,,,0.0
"35th Australasian Joint Conference on Artificial Intelligence, AI 2022",2022,,,Signal Processing & Comms,,,,0.0
Estimating the incubated river water quality indicator based on machine learning and deep learning paradigms: BOD5 Prediction,2022,,10.3934/mbe.2022595,General RC / ESN Methods,,,,2.67
Experimental demonstration of novel scheme of HZO/Si FeFET reservoir computing with parallel data processing for speech recognition,2022,,10.1109/VLSITechnologyandCir46769.2022.9830412,Signal Processing & Comms,,,,8.67
Harnessing disorder for photonic device applications,2022,,10.1063/5.0076318,Photonics & Optics,,,,20.67
Time Series Prediction Using Time-Series Decomposition and Multi-reservoirs Echo State Network,2022,,10.1007/978-3-031-00978-5_4,Nonlinear Dynamics & Chaos,,,,0.0
Echo State Network for Soft Actuator Control,2022,,10.20965/jrm.2022.p0413,Control & Robotics,,,,2.33
A Reservoir Computing-Based Distributed Trust Sharing Provisioning for Internet of Vehicle,2022,,10.1109/ITSC55140.2022.9922018,Mathematics & Theory,,,,0.67
Gradient-free optimization of chaotic acoustics with reservoir computing,2022,,10.1103/PhysRevFluids.7.014402,Nonlinear Dynamics & Chaos,,,,7.33
Echo State Networks,2022,,10.1007/978-1-0716-1006-0_300185,General RC / ESN Methods,,,,0.0
LEOPARD: Parallel Optimal Deep Echo State Network Prediction Improves Service Coverage for UAV-Assisted Outdoor Hotspots,2022,,10.1109/TCCN.2021.3115765,General RC / ESN Methods,,,,7.67
"2022 IEEE Silicon Nanoelectronics Workshop, SNW 2022",2022,,,Physical & Hardware RC,,,,0.0
Parametric Validation of the Reservoir Computing–Based Machine Learning Algorithm Applied to Lorenz System Reconstructed Dynamics,2022,,10.25088/ComplexSystems.31.3.311,Nonlinear Dynamics & Chaos,,,,0.0
Reservoir Computing Based on VCSEL Subject to Optical Injection and Arbitrary Polarization Optical Feedback,2022,,10.3233/ATDE220082,Photonics & Optics,,,,0.0
Reconfigurable perovskite nickelate electronics for artificial intelligence,2022,,10.1126/science.abj7943,Climate & Earth Sciences,,,,67.67
Optoelectronic Reservoir Computer for Early Stage Alzheimer's Disease detection,2022,,,Photonics & Optics,,,,0.0
Deep Reservoir Computing Based on Injection-Locked Quantum Dot Lasers,2022,,10.1364/CLEOPR.2022.CThA13B_03,Photonics & Optics,,,,0.0
Wind speed prediction based on CEEMD-SE and multiple echo state network with Gauss-Markov fusion,2022,,10.1063/5.0081086,Climate & Earth Sciences,,,,2.33
Asymptotic Stability in Reservoir Computing,2022,,10.1109/IJCNN55064.2022.9892302,Nonlinear Dynamics & Chaos,,,,2.67
Research on water quality prediction model based on echo state network,2022,,10.3233/JCM-225954,General RC / ESN Methods,,,,1.0
Multi-Joint Motion Estimation of a Soft Gait Assistive Suit Using Pneumatic Reservoir Computing,2022,,10.1109/SII52469.2022.9708817,General RC / ESN Methods,,,,1.0
Condition Number-based Evolving ESN,2022,,10.1109/ISPCE-ASIA57917.2022.9971117,General RC / ESN Methods,,,,0.0
Computational Efficiency of Multi-Step Learning Echo State Networks for Nonlinear Time Series Prediction,2022,,10.1109/ACCESS.2022.3158755,Nonlinear Dynamics & Chaos,,,,8.67
On the benefits and limitations of Echo State Networks for turbulent flow prediction,2022,,10.1088/1361-6501/ac93a4,Climate & Earth Sciences,,,,5.33
Harnessing Physical Reservoir Computing in Nonlinear Mechanical Metastructures,2022,,10.2514/6.2022-1464,Physical & Hardware RC,,,,4.33
Hardware-Based Framework of Photonic Reservoir Computing with Coupled SOAs Network,2022,,10.1515/joc-2018-0177,Photonics & Optics,,,,0.0
Performance of Different Structures of Artificial Neural Network Systems for Harmonic Estimation of Grid-Tied Power Conversion Systems,2022,,10.1109/ICPEE56418.2022.10050331,General RC / ESN Methods,,,,0.33
Performance Analysis of Optical Reservoir Computer with Two Delayed Inputs,2022,,10.1109/TELFOR56187.2022.9983772,Photonics & Optics,,,,0.33
"Proceedings - 6th Scientific School ""Dynamics of Complex Networks and their Applications"", DCNA 2022",2022,,,Physical & Hardware RC,,,,0.0
A human vision based system for biometric images recognition,2022,,10.11591/ijeecs.v25.i3.pp1508-1517,Neuroscience & Comp. Neuro,,,,0.33
Combined AGADESN with DBSCAN Algorithm for Cluster Target Motion Intention Recognition,2022,,10.1155/2022/8220029,General RC / ESN Methods,,,,1.33
Short-term memory ability of reservoir-based temporal difference learning model,2022,,10.1587/nolta.13.203,Control & Robotics,,,,1.0
Prediction and Replication of Chaotic Dynamics Using Photonic Reservoir Computing with Semiconductor Laser,2022,,10.1109/CLEO-PR62338.2022.10432096,Photonics & Optics,,,,0.0
Echo State Network based Noise Detection in Energy Internet Orienting Justice Blockchain Data,2022,,10.1109/ICEI57064.2022.00011,General RC / ESN Methods,,,,0.0
Assembly of Echo State Networks Driven by Segregated Low Dimensional Signals,2022,,10.1109/IJCNN55064.2022.9892881,General RC / ESN Methods,,,,2.33
Self-organization of a Dynamical Orthogonal Basis Acquiring Large Memory Capacity in Modular Reservoir Computing,2022,,10.1007/978-3-031-15919-0_53,Mathematics & Theory,,,,0.0
SOC Estimation of Lithium Batteries Based on Cluster-Growing Leaky Intergrator Echo State Network,2022,,10.1109/TOCS56154.2022.10016110,Mathematics & Theory,,,,0.33
Diagnosing Clinical Diseases using an Edge-Enabled Deep Learning Technology,2022,,10.1109/SEC54971.2022.00080,General RC / ESN Methods,,,,0.67
Local environmental effects on cosmic ray observations at Syowa Station in the Antarctic: PARMA-based snow cover correction for neutrons and machine learning approach for neutrons and muons,2022,,10.1051/swsc/2022033,Signal Processing & Comms,,,,2.0
Integration of Multimode Sensory and Data Processing in Single-Transistor Sensors,2022,,10.1109/VLSI-TSA54299.2022.9770982,Photonics & Optics,,,,0.33
Modeling hydrogen solubility in alcohols using machine learning models and equations of state,2022,,10.1016/j.molliq.2021.117807,Climate & Earth Sciences,,,,9.33
Dynamic Vision Sensor Based Gesture Recognition Using Liquid State Machine,2022,,10.1007/978-3-031-15934-3_51,Physical & Hardware RC,,,,1.0
Reservoir computing with nonlinear optical media,2022,,10.1088/1742-6596/2407/1/012019,Photonics & Optics,,,,2.33
Revisiting Echo State Networks for Continuous Gesture Recognition,2022,,10.1109/SSCI51031.2022.10022097,General RC / ESN Methods,,,,0.67
Real-Time Symbol Detection For Massive MIMO Systems With Multi-Mode Reservoir Computing,2022,,10.1109/ICC45855.2022.9839027,General RC / ESN Methods,,,,0.33
Memristor based Reservoir Network for Chaotic Time Series Prediction,2022,,10.1109/ICECCME55909.2022.9988207,Nonlinear Dynamics & Chaos,,,,1.0
"Echo state networks for online, multi-step MPC relevant identification",2022,,10.1016/j.engappai.2021.104596,Control & Robotics,,,,4.0
Bluetooth Indoor Localization with Gaussian-Bernoulli Restricted Boltzmann Machine Plus Liquid State Machine,2022,,10.1109/TIM.2021.3135344,General RC / ESN Methods,,,,10.33
Filter-Based Photonic Reservoir Computing as a key-enabling platform for all-optical high-speed processing of time-stretched images and telecomm data,2022,,10.1117/12.2607438,Photonics & Optics,,,,0.33
Analyzing Echo-state Networks Using Fractal Dimension,2022,,10.1109/IJCNN55064.2022.9892199,General RC / ESN Methods,,,,0.67
Spectral Bounds for Graph Echo State Network Stability,2022,,10.1109/IJCNN55064.2022.9892102,Mathematics & Theory,,,,2.67
Determination of four pesticides in honeysuckle by Echo State Network based on excitation-emission matrix fluorescence spectroscopy technique,2022,,10.1007/s11694-021-01173-5,General RC / ESN Methods,,,,1.0
Families’ influence on romantic relationship and its reconstruction,2022,,10.1016/j.chaos.2021.111662,Nonlinear Dynamics & Chaos,,,,1.33
Detection of Chaos Using Reservoir Computing Approach,2022,,10.1109/ACCESS.2022.3174960,Nonlinear Dynamics & Chaos,,,,1.0
Speech recognition through physical reservoir computing with neuromorphic nanowire networks,2022,,10.1109/IJCNN55064.2022.9892078,Physical & Hardware RC,,,,2.33
Construction of a neural network using organic materials and ions,2022,,10.23919/AM-FPD54920.2022.9851261,Physical & Hardware RC,,,,0.0
Direct Spatial Implementation of Sparse Matrix Multipliers for Reservoir Computing,2022,,10.1109/HPCA53966.2022.00009,Physical & Hardware RC,,,,2.67
Echo state neural network based ensemble deep learning for short-term load forecasting,2022,,10.1109/SSCI51031.2022.10022067,General RC / ESN Methods,,,,4.0
Wind Power Forecast Based on Multiple Echo States,2022,,10.1007/978-981-19-6135-9_23,Climate & Earth Sciences,,,,0.0
Echo State Network for Turbulence-Induced Fading Channel Prediction in Free-Space Optical Systems,2022,,10.1109/WSCE56210.2022.9916027,Photonics & Optics,,,,2.67
Enhancing the Recognition Task Performance of MEMS Resonator-Based Reservoir Computing System via Nonlinearity Tuning,2022,,10.3390/mi13020317,Nonlinear Dynamics & Chaos,,,,3.0
Create Efficient and Complex Reservoir Computing Architectures with ReservoirPy,2022,,10.1007/978-3-031-16770-6_8,General RC / ESN Methods,,,,0.33
Echo state network model for analyzing solar-wind effects on the AU and AL indices,2022,,10.5194/angeo-40-11-2022,Climate & Earth Sciences,,,,3.33
Numerical simulation of reservoir computing with magnetic nanowire lattices without inversion symmetry,2022,,10.1063/5.0073465,Mathematics & Theory,,,,1.33
An Adaptive Algorithm of Input Scale for Deep Echo State Networks,2022,,10.19678/j.issn.1000-3428.0060532,General RC / ESN Methods,,,,0.33
OGC 2022 - 7th Optoelectronics Global Conference,2022,,,Photonics & Optics,,,,0.0
Neuromorphic Analog Implementation of Reservoir Computing for Machine Learning,2022,,10.1109/ICECS202256217.2022.9971045,Physical & Hardware RC,,,,0.33
Minimal Euler State Networks,2022,,10.1109/IJCNN55064.2022.9892517,General RC / ESN Methods,,,,0.33
Multi-reservoir Echo State Networks with Encoders,2022,,10.1007/978-3-031-09076-9_43,General RC / ESN Methods,,,,0.0
BENCHMARKING LEARNING EFFICIENCY IN DEEP RESERVOIR COMPUTING,2022,,,General RC / ESN Methods,,,,0.67
Neural-Adaptive Constrained Flight Control for Air-Ground Recovery under Terrain Obstacles,2022,,10.1109/TAES.2021.3101592,Control & Robotics,,,,5.0
FangTianSim: High-Level Cycle-Accurate Resistive Random-Access Memory-Based Multi-Core Spiking Neural Network Processor Simulator,2022,,10.3389/fnins.2021.806325,Neuroscience & Comp. Neuro,,,,0.67
Design and Application of DHP Controller Based on Online Leaky Echo State Network,2022,,10.1109/ISPCE-ASIA57917.2022.9970874,Control & Robotics,,,,0.0
Experimental Implementation of An All-Optical Reservoir Computer Using Photonic Time Stretch and Spectral Mixing,2022,,10.1109/MWP54208.2022.9997756,Photonics & Optics,,,,0.67
On-Device Training of Deep Learning Models on Edge Microcontrollers,2022,,10.1109/iThings-GreenCom-CPSCom-SmartData-Cybermatics55523.2022.00018,General RC / ESN Methods,,,,7.33
Water Quality Prediction Based on SSA-MIC-SMBO-ESN,2022,,10.1155/2022/1264385,General RC / ESN Methods,,,,2.33
Modeling of Soft Pneumatic Actuators with Different Orientation Angles Using Echo State Networks for Irregular Time Series Data,2022,,10.3390/mi13020216,Control & Robotics,,,,5.0
Hybrid Enhanced Echo State Network for Nonlinear Prediction of Multivariate Chaotic Time Series,2022,,10.1109/ICNSC55942.2022.10004186,Nonlinear Dynamics & Chaos,,,,0.67
KNOWM memristors in a bridge synapse delay-based reservoir computing system for detection of epileptic seizures,2022,,10.1080/17445760.2022.2088751,Physical & Hardware RC,,,,2.67
Emergency Material Supply for Power Enterprises Based on Internet of Things under Short-Term Prediction of Echo State Network,2022,,10.1109/AEES56284.2022.10079626,Control & Robotics,,,,0.0
3D Reservoir Computing with High Area Efficiency (5.12 TOPS/mm2) Implemented by 3D Dynamic Memristor Array for Temporal Signal Processing,2022,,10.1109/VLSITechnologyandCir46769.2022.9830310,Physical & Hardware RC,,,,7.33
Phase Modulation of the Input Signal Improves Performance of Reservoir Computing,2022,,10.1109/IPC53466.2022.9975483,Signal Processing & Comms,,,,0.0
Design of Single-Electron Reservoir Computing Circuit and Evaluation of Its Learning Function,2022,,10.1109/SNW56633.2022.9889069,Nonlinear Dynamics & Chaos,,,,0.0
Optimizing memory in reservoir computers,2022,,10.1063/5.0078151,Mathematics & Theory,,,,12.0
Realisation of large-scale Photonic Spiking hardware system,2022,,10.1117/12.2633530,Photonics & Optics,,,,0.0
Learning relationships between audio signals based on reservoir networks,2022,,10.1109/IJCNN55064.2022.9892009,Signal Processing & Comms,,,,0.0
Implementation of Reservoir Computing Algorithm in Stretchable Sensor for Wearable Device,2022,,10.1109/MHS56725.2022.10092156,General RC / ESN Methods,,,,1.0
Optimization of memristor based ultrasonic transducers for mesoscopic characterization of biomaterials,2022,,10.1109/ISAF51494.2022.9870130,Physical & Hardware RC,,,,1.33
Universal Criticality in Reservoir Computing Using Asynchronous Cellular Automata,2022,,10.25088/ComplexSystems.31.1.103,Nonlinear Dynamics & Chaos,,,,3.0
Liquid State Machine on Loihi: Memory Metric for Performance Prediction,2022,,10.1007/978-3-031-15934-3_57,Physical & Hardware RC,,,,1.33
Proposal of Film-penetrating Transducers for a Spin-wave Reservoir Computing Chip,2022,,10.1109/IJCNN55064.2022.9892365,Physical & Hardware RC,,,,0.33
Ground Reaction Force Estimation in a Quadruped Robot via Liquid State Networks,2022,,10.1109/IJCNN55064.2022.9892423,Control & Robotics,,,,2.0
Causal Influences Decouple From Their Underlying Network Structure In Echo State Networks,2022,,10.1109/IJCNN55064.2022.9892782,General RC / ESN Methods,,,,1.0
Intelligent passive detection of aerial target in space-air-ground integrated networks,2022,,10.23919/JCC.2022.01.005,Signal Processing & Comms,,,,9.67
Eigenvalues of Random Signed Graphs with Cycles: A Graph-Centered View of the Method of Moments with Practical Applications,2022,,10.1007/978-3-030-93413-2_33,Mathematics & Theory,,,,0.0
Noise sensitivity of physical reservoir computing in a ring array of atomic switches,2022,,10.1587/nolta.13.373,Physical & Hardware RC,,,,1.0
"Proceedings of the 1st Conference on Lifelong Learning Agents, CoLLA 2022",2022,,,Photonics & Optics,,,,0.0
56 GBaud PAM-4 100 Km Transmission System with Photonic Processing Schemes,2022,,10.1109/JLT.2021.3117921,Photonics & Optics,,,,6.33
Dynamic Frequency-Temperature Characteristic Modeling for Quartz Crystal Resonator Based on Improved Echo State Network,2022,,10.1109/TUFFC.2021.3118929,Nonlinear Dynamics & Chaos,,,,2.0
Spiking Reservoir Computing for Temporal Edge Intelligence on Loihi,2022,,10.1109/SEC54971.2022.00081,Neuroscience & Comp. Neuro,,,,3.0
"Proceedings - 2022 IEEE International Conference on Energy Internet, ICEI 2022",2022,,,Climate & Earth Sciences,,,,0.0
Chip-Firing Reservoir Computing,2022,,10.1145/3523089.3523102,Neuroscience & Comp. Neuro,,,,0.0
Remaining Useful Life Prediction of Lithium-ion Batteries Based on a Hybrid Model,2022,,10.1109/ICIEA54703.2022.10006214,Mathematics & Theory,,,,0.67
Optical Dispersion Compensation through a Nonlinear-optical Loop Mirror (NOLM)-based Optical Reservoir,2022,,10.1109/PIERS55526.2022.9793051,Photonics & Optics,,,,1.0
Machine Learning with Echo State Networks for Automated Fault Diagnosis in Small Unmanned Aircraft Systems,2022,,10.1109/ICUAS54217.2022.9836179,Control & Robotics,,,,2.33
"2022 IEEE Conference on Telecommunications, Optics and Computer Science, TOCS 2022",2022,,,Photonics & Optics,,,,0.0
Memristor Based Circuit Design for Liquid State Machine Verified with Temporal Classification,2022,,10.1109/IJCNN55064.2022.9892808,Physical & Hardware RC,,,,3.0
Echo state network applied for classification of medium voltage insulators,2022,,10.1016/j.ijepes.2021.107336,General RC / ESN Methods,,,,19.67
An Optoelectronic Joint Equalization Scheme Based on Photonic Reservoir Computing and TDNN for CD and Nonlinearity Compensation in IM/DD Link,2022,,10.1109/ICOCN55511.2022.9901289,Photonics & Optics,,,,0.67
Nonlinear System Identification Using Dynamic Memristor-Based Reservoir Computing System,2022,,10.1109/ICET55676.2022.9824316,Nonlinear Dynamics & Chaos,,,,2.33
Advanced Underwater Wireless Optical Communication System Assisted by Deep Echo State Network,2022,,10.1109/ACP55869.2022.10089049,Photonics & Optics,,,,0.33
A Fine-grained volley gesture recognition method with Direction Independence,2022,,10.1109/HPCC-DSS-SmartCity-DependSys53884.2021.00031,Signal Processing & Comms,,,,0.33
Hybrid Convolutional Optoelectronic Reservoir Computing for Image Recognition,2022,,10.1109/JLT.2021.3124520,Photonics & Optics,,,,7.33
A Recurrent Neural Networks-Based Approach for Modeling and Control of a Crystallization Process,2022,,10.1016/B978-0-323-95879-0.50238-1,Control & Robotics,,,,2.33
Deep Reservoir Computing using Echo State Networks and Liquid State Machine,2022,,10.1109/BlackSeaCom54372.2022.9858322,Nonlinear Dynamics & Chaos,,,,2.0
Photonic reservoir computer based on frequency multiplexing,2022,,10.1364/OL.451087,Photonics & Optics,,,,11.67
Broad Echo State Network with Reservoir Pruning for Nonstationary Time Series Prediction,2022,,10.1155/2022/3672905,Nonlinear Dynamics & Chaos,,,,4.33
Human Identification by Mean of Optoelectronic Reservoir Computing,2022,,10.1117/12.2625789,Photonics & Optics,,,,0.33
Design of Online ESN-ADP for Dissolved Oxygen Control in WWTP,2022,,10.1007/978-981-19-6142-7_20,General RC / ESN Methods,,,,0.0
Deep Reservoir Computing Based Random Vector Functional Link for Non-sequential Classification,2022,,10.1109/IJCNN55064.2022.9892228,Control & Robotics,,,,0.67
SOA-based nonlinear reservoir for echo-state networks,2022,,10.1117/12.2644124,Nonlinear Dynamics & Chaos,,,,0.0
Power-Efficient Multisensory Reservoir Computing Based on Zr-Doped HfO2 Memcapacitive Synapse Arrays,2023,,10.1002/adma.202305609,Neuroscience & Comp. Neuro,,,,42.0
A high-dimensional in-sensor reservoir computing system with optoelectronic memristors for high-performance neuromorphic machine vision,2023,,10.1039/d3mh01584j,Photonics & Optics,,,,16.0
Optimizing the combination of data-driven and model-based elements in hybrid reservoir computing,2023,,10.1063/5.0164013,Nonlinear Dynamics & Chaos,,,,6.5
Symbiotic Ocean Modeling Using Physics-Controlled Echo State Networks,2023,,10.1029/2023MS003631,Climate & Earth Sciences,,,,0.0
Addressing heterophily in node classification with graph echo state networks,2023,,10.1016/j.neucom.2023.126506,General RC / ESN Methods,,,,7.5
Controlling Volatility and Nonvolatility of Memristive Devices by Sn Alloying,2023,,10.1021/acsaelm.3c01275,Physical & Hardware RC,,,,5.5
On prediction of chaotic dynamics in semiconductor lasers by reservoir computing,2023,,10.1364/OE.504792,Photonics & Optics,,,,12.5
Using Reservoir Computing to Predict a Macroscopic Signal,2023,,10.3103/S1062873823703616,Nonlinear Dynamics & Chaos,,,,1.0
Comparison of machine learning systems trained to detect Alfvén eigenmodes using the CO2 interferometer on DIII-D,2023,,10.1088/1741-4326/acfe8b,Control & Robotics,,,,4.0
Hybrid unorganized machines to estimate the number of hospital admissions caused by PM 10 concentration,2023,,10.1007/s11356-023-30180-w,General RC / ESN Methods,,,,1.5
Model-free tracking control of complex dynamical trajectories with machine learning,2023,,10.1038/s41467-023-41379-3,Control & Robotics,,,,32.5
Heterogeneous reservoir computing in second-order Ta2O5/HfO2 memristors,2023,,10.1039/d3nh00493g,Physical & Hardware RC,,,,17.5
Effect of interfacial SiO2 layer thickness on the memory performances in the HfAlOx-based ferroelectric tunnel junction for a neuromorphic system,2023,,10.1039/d3tc02137h,Physical & Hardware RC,,,,7.5
Data-driven and echo state network-based prediction of wave propagation behavior in dam-break flood,2023,,10.2166/hydro.2023.035,Climate & Earth Sciences,,,,3.0
Physics-informed hierarchical echo state network for predicting the dynamics of chaotic systems,2023,,10.1016/j.eswa.2023.120155,Nonlinear Dynamics & Chaos,,,,8.0
IGZO/SnOx-based dynamic memristor with fading memory effect for reservoir computing,2023,,10.1063/5.0185677,Physical & Hardware RC,,,,7.5
Reservoir computing with higher-order interactive coupled pendulums,2023,,10.1103/PhysRevE.108.064304,Nonlinear Dynamics & Chaos,,,,5.0
Remaining useful life prediction of lithium-ion batteries based on the DESSA-DESN model and the NCA algorithm; [基于 DESSA-DESN 和 NCA 的锂离子电池剩余寿命预测],2023,,10.19799/j.cnki.2095-4239.2023.0398,Mathematics & Theory,,,,1.0
Cerebellum-Inspired Model-Free Tracking Control and Visual Servoing of a Rigid-Flexible Hybrid Robotic Endoscope With RCM Constraints,2023,,10.1109/TIE.2023.3239875,Control & Robotics,,,,11.0
Biomembrane-Based Memcapacitive Reservoir Computing System for Energy-Efficient Temporal Data Processing,2023,,10.1002/aisy.202300346,Physical & Hardware RC,,,,10.0
Real-Time Machine Learning for Multi-User Massive MIMO: Symbol Detection Using Multi-Mode StructNet,2023,,10.1109/TWC.2023.3268945,General RC / ESN Methods,,,,3.0
CT scan pancreatic cancer segmentation and classification using deep learning and the tunicate swarm algorithm,2023,,10.1371/journal.pone.0292785,General RC / ESN Methods,,,,8.5
All-optical reservoir computing system based on polarization dynamics; [基于偏振动力学的全光储备池计算系统],2023,,10.7498/aps.72.20230722,Photonics & Optics,,,,0.5
Association between different sensory modalities based on concurrent time series data obtained by a collaborative reservoir computing model,2023,,10.1038/s41598-023-27385-x,Neuroscience & Comp. Neuro,,,,1.0
All-Optical Data Processing with Photon-Avalanching Nanocrystalline Photonic Synapse,2023,,10.1002/adma.202304390,Photonics & Optics,,,,17.0
Integrated Silicon Photonic Reservoir Computing with PSO Training Algorithm for Fiber Communication Channel Equalization,2023,,10.1109/JLT.2023.3270025,Photonics & Optics,,,,11.0
Seeing double with a multifunctional reservoir computer,2023,,10.1063/5.0157648,Nonlinear Dynamics & Chaos,,,,5.5
Hierarchical Echo State Network With Sparse Learning: A Method for Multidimensional Chaotic Time Series Prediction,2023,,10.1109/TNNLS.2022.3157830,Nonlinear Dynamics & Chaos,,,,16.0
Optofluidic memory and self-induced nonlinear optical phase change for reservoir computing in silicon photonics,2023,,10.1038/s41467-023-40127-x,Photonics & Optics,,,,5.5
Reservoir Computing Transformer for Image-Text Retrieval,2023,,10.1145/3581783.3611758,Signal Processing & Comms,,,,9.0
Feedback coupling induced synchronization of neural networks,2023,,10.1016/j.neucom.2023.126457,Nonlinear Dynamics & Chaos,,,,4.0
Estimating thermal performance of thermosyphons by artificial neural networks,2023,,10.1016/j.aej.2023.08.001,General RC / ESN Methods,,,,4.0
Reservoir Computing with Charge-Trap Memory Based on a MoS2 Channel for Neuromorphic Engineering,2023,,10.1002/adma.202205381,Physical & Hardware RC,,,,43.0
Configured quantum reservoir computing for multi-task machine learning,2023,,10.1016/j.scib.2023.08.040,Quantum RC,,,,10.5
Synchronizing chaos using reservoir computing,2023,,10.1063/5.0161076,Nonlinear Dynamics & Chaos,,,,4.5
Machine learning emulator for physics-based prediction of ionospheric potential response to solar wind variations,2023,,10.1186/s40623-023-01896-3,Climate & Earth Sciences,,,,3.0
Enhanced performances of photonic reservoir computing using a semiconductor laser with random distributed optical feedback,2023,,10.1364/OL.506633,Photonics & Optics,,,,7.0
Highly Accurate Gear Fault Diagnosis Based on Support Vector Machine,2023,,10.1007/s42417-022-00768-6,General RC / ESN Methods,,,,13.5
Predicting turbulent dynamics with the convolutional autoencoder echo state network,2023,,10.1017/jfm.2023.716,Nonlinear Dynamics & Chaos,,,,19.0
"Redox-based ion-gating reservoir consisting of (104) oriented LiCoO2 film, assisted by physical masking",2023,,10.1038/s41598-023-48135-z,Nonlinear Dynamics & Chaos,,,,10.0
Signal Recognition and Location of Distributed Optical Fiber Vibration Sensing System Using Reservoir Computing Based on Mutually Injected Semiconductor Lasers,2023,,10.1109/JSEN.2023.3316831,Photonics & Optics,,,,1.5
RF-wave induced CBRAM characteristic modulation specific to sheet-like conductive filaments,2023,,10.1088/2053-1591/ad0dcf,Signal Processing & Comms,,,,0.5
1D and 2D Chaotic Time Series Prediction Using Hierarchical Reservoir Computing System,2023,,10.1142/S0129156423500143,Nonlinear Dynamics & Chaos,,,,2.0
Resonant properties of the memory capacity of a laser-based reservoir computer with filtered optoelectronic feedback,2023,,10.1063/5.0172039,Photonics & Optics,,,,3.5
Time Delay Signature Extraction of Optical-Feedback-Induced Chaos With Reservoir Computing,2023,,10.1109/JSTQE.2023.3262402,Photonics & Optics,,,,8.5
Modular DFR: Digital Delayed Feedback Reservoir Model for Enhancing Design Flexibility,2023,,10.1145/3609105,Physical & Hardware RC,,,,2.0
ESSM: Extended Synaptic Sampling Machine With Stochastic Echo State Neuro-Memristive Circuits,2023,,10.1109/JETCAS.2023.3328875,Neuroscience & Comp. Neuro,,,,3.0
Information Injection by Modulating the Feedback Light of Reservoir Computing System Based on a Semiconductor Laser Subject to Optical Feedback,2023,,10.3233/ATDE231012,Photonics & Optics,,,,0.0
Online quantum time series processing with random oscillator networks,2023,,10.1038/s41598-023-34811-7,Nonlinear Dynamics & Chaos,,,,6.0
Interface-type tunable oxygen ion dynamics for physical reservoir computing,2023,,10.1038/s41467-023-42993-x,Physical & Hardware RC,,,,27.0
FPGA-based Customized Computing Method for Izhikevich Neuron,2023,,10.19678/j.issn.1000-3428.0066260,Physical & Hardware RC,,,,0.0
Reservoir Computing for Temporal Data Processing Using Resistive Switching Memory Devices Based on ITO Treated With O2 Plasma,2023,,10.1109/TED.2023.3317003,Physical & Hardware RC,,,,5.5
Echo state network based symbol detection in chaotic baseband wireless communication,2023,,10.1016/j.dcan.2022.06.006,Signal Processing & Comms,,,,3.0
Hopf–Hopf bifurcation and chaos in delay-coupled reservoir computing system with two delays,2023,,10.1016/j.ijnonlinmec.2023.104452,Nonlinear Dynamics & Chaos,,,,1.5
Prediction and identification of nonlinear dynamical systems using machine learning approaches,2023,,10.1016/j.jii.2023.100503,Nonlinear Dynamics & Chaos,,,,7.0
Wearable in-sensor reservoir computing using optoelectronic polymers with through-space charge-transport characteristics for multi-task learning,2023,,10.1038/s41467-023-36205-9,Photonics & Optics,,,,68.0
Human action recognition using a time-delayed photonic reservoir computing,2023,,10.1007/s11432-022-3710-6,Photonics & Optics,,,,1.5
Iris Flower Recognition Using Four-Channels Ring Photonic Reservoir Computing Based on Unidirectional Coupled VCSELs,2023,,10.1109/JQE.2023.3292064,Photonics & Optics,,,,1.5
Spatial prediction of the turbulent unsteady von Kármán vortex street using echo state networks,2023,,10.1063/5.0172722,Climate & Earth Sciences,,,,3.0
Feasibility investigation of apple leaf diseases identification using reservoir computing,2023,,10.1145/3652628.3652823,General RC / ESN Methods,,,,0.0
Reservoir computing decoupling memory-nonlinearity trade-off,2023,,10.1063/5.0156224,Nonlinear Dynamics & Chaos,,,,5.5
Characterization of Aflatoxin Bl in Peanut Oil by Fluorescence Spectrum; [花生油中黄曲霉毒素 Bl 的荧光光谱表征],2023,,10.6041/j.issn.1000-1298.2023.12.038,Photonics & Optics,,,,1.0
A Multireservoir Echo State Network Combined with Olfactory Feelings Structure,2023,,10.3390/electronics12224635,Nonlinear Dynamics & Chaos,,,,0.5
Functional Materials for Memristor-Based Reservoir Computing: Dynamics and Applications,2023,,10.1002/adfm.202302929,Physical & Hardware RC,,,,48.0
Exploring unsupervised pre-training for echo state networks,2023,,10.1007/s00521-023-08988-x,Signal Processing & Comms,,,,2.0
Thermally-robust spatiotemporal parallel reservoir computing by frequency filtering in frustrated magnets,2023,,10.1038/s41598-023-41757-3,Physical & Hardware RC,,,,3.5
Characterization of Information-Transmitting Materials Produced in Ionic Liquid-based Neuromorphic Electrochemical Devices for Physical Reservoir Computing,2023,,10.1021/acsami.3c08638,Physical & Hardware RC,,,,5.5
Passive frustrated nanomagnet reservoir computing,2023,,10.1038/s42005-023-01324-8,Physical & Hardware RC,,,,4.5
Random bit generation based on a self-chaotic microlaser with enhanced chaotic bandwidth,2023,,10.1515/nanoph-2023-0549,Photonics & Optics,,,,16.0
All-ferroelectric implementation of reservoir computing,2023,,10.1038/s41467-023-39371-y,Physical & Hardware RC,,,,82.5
Quantum reservoir computing implementation on coherently coupled quantum oscillators,2023,,10.1038/s41534-023-00734-4,Quantum RC,,,,23.5
Active power filter with enhanced echo state network in radar power supply system,2023,,10.1049/pel2.12550,Signal Processing & Comms,,,,0.5
Video Recognition by Physical Reservoir Computing in Magnetic Materials,2023,,10.3938/NPSM.73.1155,Physical & Hardware RC,,,,0.5
Reservoir computing with brain organoids,2023,,10.1038/s41928-023-01096-7,General RC / ESN Methods,,,,1.5
Taking advantage of noise in quantum reservoir computing,2023,,10.1038/s41598-023-35461-5,Quantum RC,,,,18.0
Robust echo state network with Cauchy loss function and hybrid regularization for noisy time series prediction,2023,,10.1016/j.asoc.2023.110640,Nonlinear Dynamics & Chaos,,,,11.5
Short-term traffic flow prediction based on secondary hybrid decomposition and deep echo state networks,2023,,10.1016/j.physa.2023.129313,General RC / ESN Methods,,,,8.5
Embodying Multifunctional Mechano-Intelligence in and Through Phononic Metastructures Harnessing Physical Reservoir Computing,2023,,10.1002/advs.202305074,Physical & Hardware RC,,,,8.0
Material and Physical Reservoir Computing for beyond CMOS Electronics: Quo Vadis?,2023,,10.1145/3611315.3633251,Physical & Hardware RC,,,,0.0
Computation harvesting from nature dynamics for predicting wind speed and direction,2023,,10.1371/journal.pone.0295649,Climate & Earth Sciences,,,,1.0
Dynamic machine vision with retinomorphic photomemristor-reservoir computing,2023,,10.1038/s41467-023-37886-y,Physical & Hardware RC,,,,55.0
Robust fault diagnosis of a high-voltage circuit breaker via an ensemble echo state network with evidence fusion,2023,,10.1007/s40747-023-01025-3,General RC / ESN Methods,,,,12.0
Distinguishing artificial spin ice states using magnetoresistance effect for neuromorphic computing,2023,,10.1038/s41467-023-38286-y,Physical & Hardware RC,,,,20.0
Generative complex networks within a dynamic memristor with intrinsic variability,2023,,10.1038/s41467-023-41921-3,Physical & Hardware RC,,,,9.5
Real-time respiratory motion prediction using photonic reservoir computing,2023,,10.1038/s41598-023-31296-2,Photonics & Optics,,,,10.0
Adjustable short-term memory of SiO x :Ag-based memristor for reservoir computing,2023,,10.1088/1361-6528/acfb0a,Physical & Hardware RC,,,,7.0
Sequence Prediction and Classification of Echo State Networks,2023,,10.3390/math11224640,Nonlinear Dynamics & Chaos,,,,1.5
Photovoltaic power prediction method for zero energy consumption buildings based on multi-feature fuzzy clustering and MAOA-ESN,2023,,10.1016/j.jobe.2023.106922,Nonlinear Dynamics & Chaos,,,,17.5
Continual adaptation of federated reservoirs in pervasive environments,2023,,10.1016/j.neucom.2023.126638,Nonlinear Dynamics & Chaos,,,,3.5
Tunable optical filter with integrated photonic reservoir computing; [集成光子储备池的可调谐光滤波器],2023,,10.3788/IRLA20220915,Photonics & Optics,,,,1.0
Reservoir Computing System With HZO/Si FeFETs in Parallel Configuration: Experimental Demonstration of Speech Classification,2023,,10.1109/TED.2023.3318870,Signal Processing & Comms,,,,8.5
Cellular Automata Inspired Multistable Origami Metamaterials for Mechanical Learning,2023,,10.1002/advs.202305146,Physical & Hardware RC,,,,17.5
A novel combined model based on echo state network optimized by whale optimization algorithm for blast furnace gas prediction,2023,,10.1016/j.energy.2023.128048,General RC / ESN Methods,,,,15.5
Classification of battery slurry by flow signal processing via echo state network model,2023,,10.1007/s00397-023-01404-0,Signal Processing & Comms,,,,5.0
Reservoir computing using self-sustained oscillations in a locally connected neural network,2023,,10.1038/s41598-023-42812-9,Nonlinear Dynamics & Chaos,,,,6.0
Reservoir computing using back-end-of-line SiC-based memristors,2023,,10.1039/d3ma00141e,Physical & Hardware RC,,,,9.0
Piezoelectric MEMS-based physical reservoir computing system without time-delayed feedback,2023,,10.35848/1347-4065/ace6ab,Physical & Hardware RC,,,,6.5
Synchronization of multiple mobile reservoir computing oscillators in complex networks,2023,,10.1016/j.chaos.2023.114217,Nonlinear Dynamics & Chaos,,,,2.0
In-sensor reservoir computing based on optoelectronic synaptic devices,2023,,10.1063/5.0160599,Photonics & Optics,,,,16.5
Fault diagnosis of power-shift system in continuously variable transmission tractors based on improved echo state network,2023,,10.1016/j.engappai.2023.106852,General RC / ESN Methods,,,,6.5
Indoor Scene Recognition: An Attention-Based Approach Using Feature Selection-Based Transfer Learning and Deep Liquid State Machine,2023,,10.3390/a16090430,Control & Robotics,,,,3.5
M-LSM: An Improved Multi-Liquid State Machine for Event-Based Vision Recognition,2023,,10.1007/s11390-021-1326-8,Neuroscience & Comp. Neuro,,,,2.0
Estimating the master stability function from the time series of one oscillator via reservoir computing,2023,,10.1103/PhysRevE.108.L032201,Nonlinear Dynamics & Chaos,,,,2.0
Neuromorphic synaptic applications of HfAlOx-based ferroelectric tunnel junction annealed at high temperatures to achieve high polarization,2023,,10.1063/5.0170699,Physical & Hardware RC,,,,9.0
Ultralow-Power Compact Artificial Synapse Based on a Ferroelectric Fin Field-Effect Transistor for Spatiotemporal Information Processing,2023,,10.1002/aisy.202300275,Neuroscience & Comp. Neuro,,,,4.0
Exploring quantumness in quantum reservoir computing,2023,,10.1103/PhysRevA.108.052427,Quantum RC,,,,11.5
Seizure detection using dynamic memristor-based reservoir computing and leaky integrate-and-fire neuron for post-processing,2023,,10.1063/5.0171274,Physical & Hardware RC,,,,4.5
Calibration of the Industrial Robot End-effector Pose Measurement Error,2023,,10.1145/3633637.3633717,Control & Robotics,,,,0.5
A novel brain-inspired hierarchical perception-association circuit based on memristor arrays,2023,,10.1016/j.aeue.2023.154918,Physical & Hardware RC,,,,0.0
Does the Gel Biter create an illusion of food texture perception due to differences in mastication speed ?,2023,,10.1007/s10015-023-00891-x,Physical & Hardware RC,,,,1.0
A double-cycle echo state network topology for time series prediction,2023,,10.1063/5.0159966,Nonlinear Dynamics & Chaos,,,,2.0
Optimizing quantum noise-induced reservoir computing for nonlinear and chaotic time series prediction,2023,,10.1038/s41598-023-45015-4,Quantum RC,,,,9.0
Probabilistic modelling of substorm occurrences with an echo state network,2023,,10.5194/angeo-41-529-2023,Climate & Earth Sciences,,,,1.5
Fuzzy Cognitive Networks in Diverse Applications Using Hybrid Representative Structures,2023,,10.1007/s40815-023-01564-4,Mathematics & Theory,,,,5.0
Echo state network implementation for chaotic time series prediction,2023,,10.1016/j.micpro.2023.104950,Nonlinear Dynamics & Chaos,,,,6.0
Architectural richness in deep reservoir computing,2023,,10.1007/s00521-021-06760-7,Nonlinear Dynamics & Chaos,,,,5.5
An energy efficient reservoir computing system based on HZO memcapacitive devices,2023,,10.1063/5.0164762,Physical & Hardware RC,,,,11.5
Modeling and Evaluation of Echo-State Networks Using Spin Torque Nano-Oscillators,2023,,10.1109/JXCDC.2023.3317240,Nonlinear Dynamics & Chaos,,,,1.0
Reservoir computing with error correction: Long-term behaviors of stochastic dynamical systems,2023,,10.1016/j.physd.2023.133919,Nonlinear Dynamics & Chaos,,,,3.5
Physical Reservoir Computing Based on Nanoscale Materials and Devices,2023,,10.1002/adfm.202306149,Physical & Hardware RC,,,,28.5
Remaining useful life prediction method of lithium-ion batteries is based on variational modal decomposition and deep learning integrated approach,2023,,10.1016/j.energy.2023.128984,Mathematics & Theory,,,,24.5
"Old Dog, New Trick: Reservoir Computing Advances Machine Learning for Climate Modeling",2023,,10.1029/2023GL104174,Climate & Earth Sciences,,,,2.0
Multiple-Reservoir Hierarchical Echo State Network,2023,,10.3390/math11183961,Nonlinear Dynamics & Chaos,,,,1.5
Tapered whisker reservoir computing for real-time terrain identification-based navigation,2023,,10.1038/s41598-023-31994-x,Control & Robotics,,,,8.5
Surrogate-Assisted Cooperative Co-evolutionary Reservoir Architecture Search for Liquid State Machines,2023,,10.1109/TETCI.2022.3228538,Neuroscience & Comp. Neuro,,,,7.5
Rolling decomposition method in fusion with echo state network for wind speed forecasting,2023,,10.1016/j.renene.2023.119101,Climate & Earth Sciences,,,,17.0
On-chip phonon-magnon reservoir for neuromorphic computing,2023,,10.1038/s41467-023-43891-y,Physical & Hardware RC,,,,16.5
Spatiotemporal motor learning with reward-modulated Hebbian plasticity in modular reservoir computing,2023,,10.1016/j.neucom.2023.126740,Neuroscience & Comp. Neuro,,,,5.0
Brain organoid reservoir computing for artificial intelligence,2023,,10.1038/s41928-023-01069-w,Mathematics & Theory,,,,97.5
Temporal Subsampling Diminishes Small Spatial Scales in Recurrent Neural Network Emulators of Geophysical Turbulence,2023,,10.1029/2023MS003792,Climate & Earth Sciences,,,,2.0
Time-series quantum reservoir computing with weak and projective measurements,2023,,10.1038/s41534-023-00682-z,Quantum RC,,,,32.5
Nano-crystalline ZnO memristor for neuromorphic computing: Resistive switching and conductance modulation,2023,,10.1016/j.jallcom.2023.170846,Physical & Hardware RC,,,,20.5
Electrochemical reservoir computing based on surface-functionalized carbon nanotubes,2023,,10.1016/j.carbon.2023.118344,Physical & Hardware RC,,,,9.0
Model scale versus domain knowledge in statistical forecasting of chaotic systems,2023,,10.1103/PhysRevResearch.5.043252,Nonlinear Dynamics & Chaos,,,,11.5
Spatial analysis of physical reservoir computers,2023,,10.1103/PhysRevApplied.20.044057,Physical & Hardware RC,,,,7.5
Photonic convolutional reservoir computing based on VCSEL with multiple optical injections,2023,,10.1016/j.optcom.2023.129711,Photonics & Optics,,,,2.0
Handwritten digit recognition by spin waves in a Skyrmion reservoir,2023,,10.1038/s41598-023-46677-w,Physical & Hardware RC,,,,9.0
Deep photonic reservoir computing recurrent network,2023,,10.1364/OPTICA.506635,Photonics & Optics,,,,39.0
Multimode Fabry-Perot laser as a reservoir computing and extreme learning machine photonic accelerator,2023,,10.1088/2634-4386/ad025b,Photonics & Optics,,,,4.5
Experimental demonstration of a skyrmion-enhanced strain-mediated physical reservoir computing system,2023,,10.1038/s41467-023-39207-9,Physical & Hardware RC,,,,33.5
Delay-based reservoir computing using Mackey-Glass oscillator and Arduino board for edge intelligence applications,2023,,10.1063/5.0180699,Nonlinear Dynamics & Chaos,,,,2.0
Super-Twisted Sliding Mode Control for Maximum Power Point Tracking of Wind Turbine Based on Neural Network,2023,,10.1142/S0218126623503152,Climate & Earth Sciences,,,,1.0
Moiré Synaptic Transistor for Homogeneous-Architecture Reservoir Computing,2023,,10.1088/0256-307X/40/11/117201,Neuroscience & Comp. Neuro,,,,10.5
Echo State Network Optimization: A Systematic Literature Review,2023,,10.1007/s11063-023-11326-w,Nonlinear Dynamics & Chaos,,,,8.0
Internal dynamics of recurrent neural networks trained to generate complex spatiotemporal patterns,2023,,10.1063/5.0166359,Neuroscience & Comp. Neuro,,,,3.0
Bidynamical all-optical reservoir computing for parallel task processing,2023,,10.1364/OE.500065,Photonics & Optics,,,,3.0
Time-domain photonic image processor based on speckle projection and reservoir computing,2023,,10.1038/s42005-023-01368-w,Photonics & Optics,,,,10.0
Reservoir concatenation and the spectrum distribution of concatenated reservoir state matrices,2023,,10.1063/5.0150113,Nonlinear Dynamics & Chaos,,,,1.5
Granular vortex spin-torque nano oscillator for reservoir computing,2023,,10.1038/s41598-023-43923-z,Nonlinear Dynamics & Chaos,,,,11.5
Adaptive echo state network with a recursive inverse-free weight update algorithm,2023,,10.1016/j.ins.2023.119436,Nonlinear Dynamics & Chaos,,,,5.0
Spontaneous muscle activity classification with delay-based reservoir computing,2023,,10.1063/5.0160927,Photonics & Optics,,,,0.5
Integrated photonic reservoir computing with an all-optical readout,2023,,10.1364/OE.502354,Photonics & Optics,,,,10.0
Multi-output time series forecasting with randomized multivariate Fuzzy Cognitive Maps,2023,,10.1016/j.chaos.2023.114077,General RC / ESN Methods,,,,3.5
White shark optimizer with optimal deep learning based effective unmanned aerial vehicles communication and scene classification,2023,,10.1038/s41598-023-50064-w,Signal Processing & Comms,,,,8.0
Deep Time-Delay Reservoir Computing With Cascading Injection-Locked Lasers,2023,,10.1109/JSTQE.2022.3228234,Photonics & Optics,,,,12.5
Control of chaotic systems through reservoir computing,2023,,10.1063/5.0176358,Nonlinear Dynamics & Chaos,,,,3.0
Tilted magnetic anisotropy-tailored spin torque nano-oscillators for neuromorphic computing,2023,,10.1063/5.0175446,Nonlinear Dynamics & Chaos,,,,4.5
Reservoir computing-based digital signal equalizer for equivalent-time sampling,2023,,10.1063/5.0166523,Signal Processing & Comms,,,,0.5
Quantifying the diversity of multiple time series with an ordinal symbolic approach,2023,,10.1103/PhysRevE.108.065302,Nonlinear Dynamics & Chaos,,,,1.5
11.2 Gbps 100-meter free-space visible light laser communication utilizing bidirectional reservoir computing equalizer,2023,,10.1364/OE.506056,Photonics & Optics,,,,10.5
Variability of echo state network prediction horizon for partially observed dynamical systems,2023,,10.1103/PhysRevE.108.064209,Nonlinear Dynamics & Chaos,,,,0.5
Nonlinear optical feature generator for machine learning,2023,,10.1063/5.0158611,Photonics & Optics,,,,9.0
Minimizing Chaos in Echo State Networks: A Hybrid Approach Using the Lorenz System,2023,,10.18280/ijcmem.110401,Nonlinear Dynamics & Chaos,,,,0.5
Reconfigurable reservoir computing in a magnetic metamaterial,2023,,10.1038/s42005-023-01352-4,General RC / ESN Methods,,,,19.5
Proper choice of hyperparameters in reservoir computing of chaotic maps,2023,,10.1088/1751-8121/acfb54,Nonlinear Dynamics & Chaos,,,,3.0
Real-space observation of ergodicity transitions in artificial spin ice,2023,,10.1038/s41467-023-41235-4,Mathematics & Theory,,,,5.5
A novel approach to minimal reservoir computing,2023,,10.1038/s41598-023-39886-w,Nonlinear Dynamics & Chaos,,,,12.5
Short-term memory capacity analysis of Lu3Fe4Co0.5Si0.5O12-based spin cluster glass towards reservoir computing,2023,,10.1038/s41598-023-32084-8,Mathematics & Theory,,,,9.0
Building Intelligence in the Mechanical Domain—Harvesting the Reservoir Computing Power in Origami to Achieve Information Perception Tasks,2023,,10.1002/aisy.202300086,Physical & Hardware RC,,,,9.0
Experimental Demonstration of High-Performance Physical Reservoir Computing with Nonlinear Interfered Spin Wave Multidetection,2023,,10.1002/aisy.202300228,Physical & Hardware RC,,,,17.0
When Deep is not Enough: Towards Understanding Shallow and Continual Learning Models in Realistic Environmental Sound Classification for Robots,2023,,10.1142/S0219843623500081,Control & Robotics,,,,1.0
Experimental results on nonlinear distortion compensation using photonic reservoir computing with a single set of weights for different wavelengths,2023,,10.1038/s41598-023-48816-9,Photonics & Optics,,,,5.0
Exploiting oscillatory dynamics of delay systems for reservoir computing,2023,,10.1063/5.0156494,Nonlinear Dynamics & Chaos,,,,4.5
Adaptive structure evolution and biologically plausible synaptic plasticity for recurrent spiking neural networks,2023,,10.1038/s41598-023-43488-x,Neuroscience & Comp. Neuro,,,,5.5
Constraining chaos: Enforcing dynamical invariants in the training of reservoir computers,2023,,10.1063/5.0156999,Nonlinear Dynamics & Chaos,,,,6.0
Reduced-order modeling of two-dimensional turbulent Rayleigh-Bénard flow by hybrid quantum-classical reservoir computing,2023,,10.1103/PhysRevResearch.5.043242,Quantum RC,,,,9.5
Enhancing Short-Term Electrical Load Forecasting for Sustainable Energy Management in Low-Carbon Buildings,2023,,10.3390/su152416885,General RC / ESN Methods,,,,12.0
Cluster-Based Input Weight Initialization for Echo State Networks,2023,,10.1109/TNNLS.2022.3145565,Signal Processing & Comms,,,,8.0
fastESN: Fast Echo State Network,2023,,10.1109/TNNLS.2022.3167466,Physical & Hardware RC,,,,4.0
Hopf physical reservoir computer for reconfigurable sound recognition,2023,,10.1038/s41598-023-35760-x,Physical & Hardware RC,,,,5.5
Prediction of dragon king extreme events using machine learning approaches and its characterizations,2023,,10.1016/j.physleta.2023.129158,Nonlinear Dynamics & Chaos,,,,5.5
High-speed parallel processing with photonic feedforward reservoir computing,2023,,10.1364/OE.505520,Photonics & Optics,,,,6.0
Experimental Demonstration of Modulation Format Recognition Using Reservoir Computing Based on VCSEL With Gradient-Like Boosting,2023,,10.1109/JSTQE.2023.3268341,Photonics & Optics,,,,4.0
Cellular automata imbedded memristor-based recirculated logic in-memory computing,2023,,10.1038/s41467-023-38299-7,Physical & Hardware RC,,,,13.0
Predicting remaining useful life of turbofan engines using degradation signal based echo state network,2023,,10.1515/tjj-2022-0007,General RC / ESN Methods,,,,8.5
A Visually Inspired Computational Model for Recognition of Optic Flow,2023,,10.3390/math11234777,Photonics & Optics,,,,0.0
Efficient Implementations of Echo State Network Cross-Validation,2023,,10.1007/s12559-021-09849-2,General RC / ESN Methods,,,,9.0
Implementation of Physical Reservoir Computing in a TaOx/FTO-Based Memristor Device,2023,,10.3390/math11204325,Physical & Hardware RC,,,,2.5
Light-enhanced molecular polarity enabling multispectral color-cognitive memristor for neuromorphic visual system,2023,,10.1038/s41467-023-41419-y,Physical & Hardware RC,,,,45.5
Multi-modal multi-step wind power forecasting based on stacking deep learning model,2023,,10.1016/j.renene.2023.118991,Climate & Earth Sciences,,,,19.0
Learning strange attractors with reservoir systems,2023,,10.1088/1361-6544/ace492,Nonlinear Dynamics & Chaos,,,,11.0
Event-trigger-based cluster coordinated control of spacecraft swarm under switching topology,2023,,10.1016/j.ast.2023.108200,Mathematics & Theory,,,,7.5
Phase vs. Intensity Encoding in an Experimental Time Delay Reservoir Computing Scheme,2023,,10.1109/CLEO/EUROPE-EQEC57999.2023.10231445,Photonics & Optics,,,,1.0
Practical Nonlinear Model Predictive Control for Piezoelectric Actuators Based on an Echo State Network,2023,,10.23919/CCC58697.2023.10240244,Control & Robotics,,,,0.0
Neuromorphic Computing with the Plasmonic Microcavity for all Types of Logic Tasks,2023,,10.1109/ACP/POEM59049.2023.10368742,Photonics & Optics,,,,0.0
Subspace projection-based weighted echo state networks for predicting therapeutic peptides,2023,,10.1016/j.knosys.2023.110307,General RC / ESN Methods,,,,4.5
Echo State Network with Probabilistic Regularization for Time Series Prediction,2023,,10.1109/JAS.2023.123489,Nonlinear Dynamics & Chaos,,,,8.0
Deep Echo State Q-Network Aided Trust Sharing Provisioning for Internet of Vehicle,2023,,10.1109/TVT.2023.3329076,Mathematics & Theory,,,,1.5
Predicting chaotic dynamics from incomplete input via reservoir computing with (D+1) -dimension input and output,2023,,10.1103/PhysRevE.107.054209,Nonlinear Dynamics & Chaos,,,,3.5
The van der Pol physical reservoir computer,2023,,10.1088/2634-4386/acd20d,Physical & Hardware RC,,,,8.0
Using reservoir computing for dynamics forecast of noise-perturbed FitzHugh-Nagumo system,2023,,10.1109/DCNA59899.2023.10290689,General RC / ESN Methods,,,,0.0
Artificial Intelligence and Mathematical Models of Power Grids Driven by Renewable Energy Sources: A Survey,2023,,10.3390/en16145383,Climate & Earth Sciences,,,,14.5
Neural signature kernels as infinite-width-depth-limits of controlled ResNets,2023,,,General RC / ESN Methods,,,,2.5
Optical cascaded reservoir computing for realization of dual-channel high-speed OTDM chaotic secure communication via four optically pumped VCSEL,2023,,10.1364/OE.491910,Photonics & Optics,,,,5.0
High-resolution consistency analysis for performance evaluation of photonic time-delay reservoir computers,2023,,,Photonics & Optics,,,,0.0
Carbon Price Forecasting Method Based on CEEMDAN-SE-LiESN,2023,,10.1109/ICSMD60522.2023.10490565,General RC / ESN Methods,,,,0.0
Research on short-term photovoltaic power prediction based on multi-scale similar days and ESN-KELM dual core prediction model,2023,,10.1016/j.energy.2023.127557,Climate & Earth Sciences,,,,28.0
Towards Fault Tolerance of Reservoir Computing in Time Series Prediction,2023,,10.3390/info14050266,Nonlinear Dynamics & Chaos,,,,1.0
Long-Term Forecasting of a Degradation Indicator for Proton Exchange Membrane Fuel Cells,2023,,10.1109/VPPC60535.2023.10403236,General RC / ESN Methods,,,,0.5
The Reservoir Topology of Echo State Network,2023,,10.1109/CAC59555.2023.10452003,General RC / ESN Methods,,,,0.0
An Untrained Neural Model for Fast and Accurate Graph Classification,2023,,10.1007/978-3-031-44216-2_23,General RC / ESN Methods,,,,1.0
Next Generation Automated Reservoir Computing for Cyber Defense,2023,,10.1007/978-3-031-34107-6_2,Nonlinear Dynamics & Chaos,,,,1.5
Mackey-Glass Time Series Forecasting by Nanowire Networks,2023,,10.1109/MetroXRAINE58569.2023.10405786,Nonlinear Dynamics & Chaos,,,,1.5
Polyaniline-Based Memristive Devices as Key Elements of Robust Reservoir Computing for Image Classification,2023,,10.1002/pssa.202200700,Physical & Hardware RC,,,,12.0
Improving the performance of photonic delay-based reservoir computing by phase modulating the input signal,2023,,10.1109/CLEO/EUROPE-EQEC57999.2023.10231626,Photonics & Optics,,,,0.0
A Spatiotemporal Coding Letters Recognition Circuit Based on Organic Neuromorphic Synaptic Transistor,2023,,10.1109/ICCS59502.2023.10367254,Physical & Hardware RC,,,,0.0
NSGA-II optimal Evolutionary echo state network for performance degradation prediction of PEMFC,2023,,10.1109/ICIEA58696.2023.10241794,General RC / ESN Methods,,,,0.0
Optical amplification-free deep reservoir computing-assisted high-baudrate short-reach communication,2023,,10.1364/OL.485830,Photonics & Optics,,,,5.0
Impact of Neuron Firing Rate on Application and Algorithm Performance,2023,,10.1145/3589737.3605996,Neuroscience & Comp. Neuro,,,,1.0
AAD-Net: Advanced end-to-end signal processing system for human emotion detection & recognition using attention-based deep echo state network,2023,,10.1016/j.knosys.2023.110525,Signal Processing & Comms,,,,33.5
Synchronization of machine learning oscillators in complex networks,2023,,10.1016/j.ins.2023.02.028,Nonlinear Dynamics & Chaos,,,,5.5
Learning successive weak synchronization transitions and coupling directions by reservoir computing,2023,,10.1016/j.chaos.2023.113139,Nonlinear Dynamics & Chaos,,,,2.0
SPORTS ECOTOURISM DEMAND PREDICTION USING IMPROVED FRUIT FLY OPTIMIZATION ALGORITHM,2023,,10.23055/ijietap.2023.30.6.8841,Mathematics & Theory,,,,1.0
Minimum complexity integrated photonic architecture for delay-based reservoir computing,2023,,10.1364/OE.484052,Photonics & Optics,,,,11.0
Implementation of Reservoir Computers Using Simulated Electrostatically Linked Systems,2023,,10.1109/CNNA60945.2023.10652849,Nonlinear Dynamics & Chaos,,,,0.5
Resource allocation method for Mobility-Aware and Multi-UAV-Assisted mobile edge computing systems with energy harvesting,2023,,10.1049/cmu2.12596,Mathematics & Theory,,,,3.5
Power System Quasi-Steady State Estimation: An Echo State Network Approach,2023,,10.1109/NAPS58826.2023.10318665,General RC / ESN Methods,,,,0.0
Large-Span Bridge Strain Reconstruction Based on Bidirectional LSTM and ESN,2023,,,Signal Processing & Comms,,,,1.0
Guest Editorial: Trends in Reservoir Computing,2023,,10.1007/s12559-021-09890-1,General RC / ESN Methods,,,,0.5
SpaRCe: Improved Learning of Reservoir Computing Systems Through Sparse Representations,2023,,10.1109/TNNLS.2021.3102378,Neuroscience & Comp. Neuro,,,,10.5
A delay system reservoir based on a nano-ionic Solid Electrolyte FET,2023,,10.1109/NMDC57951.2023.10344264,Physical & Hardware RC,,,,0.0
Swarm UAV networking with collaborative beamforming and automated ESN learning in the presence of unknown blockages,2023,,10.1016/j.comnet.2023.109804,Signal Processing & Comms,,,,5.0
Weak-Consciousness Echo State Network for Time Series Prediction,2023,,10.1109/ICCSSE59359.2023.10245813,Nonlinear Dynamics & Chaos,,,,0.0
Multi-step Ahead Visual Trajectory Prediction for Object Tracking using Echo State Networks,2023,,10.1109/ITSC57777.2023.10422485,Control & Robotics,,,,0.0
Effect of Al Concentration on Ferroelectric Properties in HfAlOx-Based Ferroelectric Tunnel Junction Devices for Neuroinspired Applications,2023,,10.1002/aisy.202300080,Physical & Hardware RC,,,,8.5
Enhancing Control Performance through ESN-Based Model Compensation in MPC for Dynamic Systems,2023,,10.1109/IFEEA60725.2023.10429056,Control & Robotics,,,,1.0
Optimizing Structure and Internal Unit Weights of Echo State Network for an Efficient LMS-Based Online Training,2023,,10.1007/s43069-023-00196-6,Mathematics & Theory,,,,0.5
Computational capability of ecological dynamics,2023,,10.1098/rsos.221614,Nonlinear Dynamics & Chaos,,,,5.5
Investigation of proper orthogonal decomposition for echo state networks,2023,,10.1016/j.neucom.2023.126395,Control & Robotics,,,,5.0
Chaotic-Analysis-Based Optimization of Release Policies for Re-entrant Manufacturing Systems,2023,,10.1109/CAC59555.2023.10450993,Nonlinear Dynamics & Chaos,,,,0.0
Hardware-Optimized Reservoir Computing System for Edge Intelligence Applications,2023,,10.1007/s12559-020-09798-2,Physical & Hardware RC,,,,7.0
Learning unidirectional coupling using an echo-state network,2023,,10.1103/PhysRevE.107.064205,General RC / ESN Methods,,,,6.0
Stocks price prediction based on optimized echo state network by sparrow search algorithm,2023,,10.1007/s40435-024-01405-8,Nonlinear Dynamics & Chaos,,,,3.0
Predicting future mooring line tension of floating structure by machine learning,2023,,10.1016/j.oceaneng.2022.113470,General RC / ESN Methods,,,,13.5
High-resolution consistency analysis for performance evaluation of photonic time-delay reservoir computers,2023,,10.1109/CLEO/EUROPE-EQEC57999.2023.10232557,Photonics & Optics,,,,0.0
ECHO STATE NETWORKS FOR SURFACE CURRENT FORECASTING IN A PORT ACCESS CHANNEL,2023,,10.1115/OMAE2023-103265,General RC / ESN Methods,,,,0.5
Excellent predictive-performances of photonic reservoir computers for chaotic time-series using the fusion-prediction approach,2023,,10.1364/OE.491953,Photonics & Optics,,,,5.0
Catch-22s of reservoir computing,2023,,10.1103/PhysRevResearch.5.033213,Nonlinear Dynamics & Chaos,,,,12.0
Reservoir computing based network for few-shot image classification,2023,,10.37188/CJLCD.2022-0407,General RC / ESN Methods,,,,2.0
Transportation Flow Prediction Based on Graph Attention Echo State Network,2023,,10.1145/3603781.3603907,General RC / ESN Methods,,,,0.0
Computational capabilities of a multicellular reservoir computing system,2023,,10.1371/journal.pone.0282122,Mathematics & Theory,,,,3.5
Echo State Networks and Long Short-Term Memory for Continuous Gesture Recognition: a Comparative Study,2023,,10.1007/s12559-020-09754-0,Control & Robotics,,,,13.5
A framework of structural damage detection for civil structures using a combined multi-scale convolutional neural network and echo state network,2023,,10.1007/s00366-021-01584-4,General RC / ESN Methods,,,,31.0
Single-Phase Grid-Connection Inverter Control Strategy Based on Echo State Network,2023,,10.1109/ICPSAsia58343.2023.10294412,Signal Processing & Comms,,,,1.5
INSAR Phase Filtering By Attention-Based Reservoir Computing For High Reliability,2023,,10.1109/IGARSS52108.2023.10282066,Signal Processing & Comms,,,,0.0
"20th International Conference on Unconventional Computation and Natural Computation, UCNC 2023",2023,,,Nonlinear Dynamics & Chaos,,,,0.0
Echo state graph neural networks with analogue random resistive memory arrays,2023,,10.1038/s42256-023-00609-5,Physical & Hardware RC,,,,36.0
Learning Trajectories from Spin-Wave Dynamics,2023,,10.1103/PhysRevApplied.19.064029,Physical & Hardware RC,,,,3.5
Bridging the Gap Between Reservoirs and Neural Networks,2023,,10.1007/978-981-99-5072-0_12,General RC / ESN Methods,,,,0.0
"Using Evolutionary Computation to Optimize Task Performance of Unclocked, Recurrent Boolean Circuits in FPGAs",2023,,10.1109/IEEECONF59524.2023.10477071,Physical & Hardware RC,,,,0.0
Application of Intrinsic Plasticity Deep Echo State Networks in Industrial Process Quality Prediction with Bayesian Optimization,2023,,10.1109/MVIPIT60427.2023.00022,General RC / ESN Methods,,,,0.0
Reservoir Computing with Nanowire Exchange-Coupled Spin Torque Oscillator Arrays,2023,,10.1007/978-3-031-34034-5_5,Nonlinear Dynamics & Chaos,,,,1.0
Bayesian Optimisation of Large-scale Photonic Reservoir Computers,2023,,10.1007/s12559-020-09732-6,Photonics & Optics,,,,7.0
A Reservoir Computing with Boosted Topology Model to Predict Encephalitis and Mortality for Patients with Severe Fever with Thrombocytopenia Syndrome: A Retrospective Multicenter Study,2023,,10.1007/s40121-023-00808-y,General RC / ESN Methods,,,,8.5
Time-Multiplexed Photonic Reservoir Computer for Recognition of Human Actions in Videos,2023,,,Photonics & Optics,,,,0.0
Multifunctionality in a Connectome-Based Reservoir Computer,2023,,10.1109/SMC53992.2023.10394668,Mathematics & Theory,,,,3.0
Reservoir Echo State Network for Classification of Multivariate Time Series,2023,,10.1109/HiPCW61695.2023.00019,General RC / ESN Methods,,,,0.0
Conventional and Heterogeneous Cascade Reservoir Computing for Arrhythmia Detection: A Comparative Study,2023,,10.1109/ICONNIC59854.2023.10467642,Next-Gen RC,,,,0.0
Reliability Analysis of Memristive Reservoir Computing Architecture,2023,,10.1145/3583781.3590210,Physical & Hardware RC,,,,7.0
Forecasting PM10 Levels Using Machine Learning Models in the Arctic: A Comparative Study,2023,,10.3390/rs15133348,Nonlinear Dynamics & Chaos,,,,4.0
Multistep Wind Power Prediction Using Time-Varying Filtered Empirical Modal Decomposition and Improved Adaptive Sparrow Search Algorithm-Optimized Phase Space Reconstruction–Echo State Network,2023,,10.3390/su15119107,Nonlinear Dynamics & Chaos,,,,5.0
Photonic reservoir computing for nonlinear equalization of 64-QAM signals with a Kramers-Kronig receiver,2023,,10.1515/nanoph-2022-0426,Photonics & Optics,,,,8.5
Deep distributional time series models and the probabilistic forecasting of intraday electricity prices,2023,,10.1002/jae.2959,General RC / ESN Methods,,,,10.5
Dynamic Ferroelectric Transistor-Based Reservoir Computing for Spatiotemporal Information Processing,2023,,10.1002/aisy.202300009,Nonlinear Dynamics & Chaos,,,,16.5
Sequential Learning from Noisy Data: Data-Assimilation Meets the Echo-State Network,2023,,10.1109/CDC49753.2023.10383680,Nonlinear Dynamics & Chaos,,,,0.5
ESN-Observer-Based Adaptive Stabilization Control for Delayed Nonlinear Systems with Unknown Control Gain,2023,,10.3390/math11132965,Nonlinear Dynamics & Chaos,,,,0.5
Transfer learning for photonic delay-based reservoir computing to compensate parameter drift,2023,,10.1515/nanoph-2022-0399,Photonics & Optics,,,,4.0
Pure Physics-Informed Echo State Network of ODE Solution Replicator,2023,,10.1007/978-3-031-44201-8_19,General RC / ESN Methods,,,,1.0
Performance Comparison of Efficient Fiber Kerr Nonlinearity Mitigation Schemes in a Dispersion-Managed Link for 32 GBd 16-QAM Signals,2023,,,Photonics & Optics,,,,0.5
Cyberattack Detection in Smart Grids based on Reservoir Computing,2023,,10.1016/j.ifacol.2023.10.1691,General RC / ESN Methods,,,,2.5
Echo State Learning for User Trajectory Prediction to Minimize Online Game Breaks in 6G Terahertz Networks,2023,,10.3390/jsan12040058,Control & Robotics,,,,0.5
"Nucleation, stabilization, annihilation, and transformation of topological spin textures for reservoir computing",2023,,10.1109/INTERMAGShortPapers58606.2023.10305051,Physical & Hardware RC,,,,0.0
Experimental demonstration of bandwidth enhancement in photonic time delay reservoir computing,2023,,10.1364/OL.485545,Photonics & Optics,,,,5.5
Research on UAV Attitude Control Based on Echo State Network,2023,,10.1109/CAIT59945.2023.10469036,General RC / ESN Methods,,,,0.0
Study of the C-band dynamical response of an injection locked LA-EEL for fully integrated telecommunication data processing,2023,,10.1109/CLEO/EUROPE-EQEC57999.2023.10231474,Photonics & Optics,,,,0.0
Low Loss Fan-Out Structure for Multimode Waveguide-Based Reservoir Computing,2023,,10.1109/PSC57974.2023.10297276,Photonics & Optics,,,,0.5
DUAL-KERNEL ECHO STATE NETWORK FOR NONLINEAR TIME SERIES PREDICTION,2023,,,Nonlinear Dynamics & Chaos,,,,0.5
Speeding up a time-delay photonic reservoir,2023,,10.1109/CLEO/EUROPE-EQEC57999.2023.10231851,Photonics & Optics,,,,0.0
Reservoir computing based on electric-double-layer coupled InGaZnO artificial synapse,2023,,10.1063/5.0137647,Physical & Hardware RC,,,,23.5
Electronic/Optoelectronic Memory Device Enabled by Tellurium-based 2D van der Waals Heterostructure for in-Sensor Reservoir Computing at the Optical Communication Band,2023,,10.1002/adma.202211598,Photonics & Optics,,,,72.0
A Large Photonic Spiking Neural Network,2023,,10.1109/CLEO/EUROPE-EQEC57999.2023.10231878,Photonics & Optics,,,,0.0
Echo state networks for embodied evolution in robotic swarms,2023,,10.1007/s10015-022-00828-w,Control & Robotics,,,,1.5
Reconfigurable Physical Reservoir in GaN/α-In2Se3 HEMTs Enabled by Out-of-Plane Local Polarization of Ferroelectric 2D Layer,2023,,10.1021/acsnano.3c00187,Physical & Hardware RC,,,,23.5
Evolutionary Echo State Network: A neuroevolutionary framework for time series prediction,2023,,10.1016/j.asoc.2023.110463,Nonlinear Dynamics & Chaos,,,,7.5
Towards the Prognosis of Patients in Coma using Echo State Networks for EEG Analysis,2023,,10.1016/j.procs.2023.08.189,General RC / ESN Methods,,,,2.0
Modelling and Evaluating Restricted ESNs,2023,,10.1007/978-3-031-34034-5_13,General RC / ESN Methods,,,,0.5
Embedding theory of reservoir computing and reducing reservoir network using time delays,2023,,10.1103/PhysRevResearch.5.L022041,Mathematics & Theory,,,,22.0
Small-footprint photonic reservoir computing chip based on speckle patterns in a multimode waveguide,2023,,,Photonics & Optics,,,,1.5
Information Processing Capacity of Spin-Based Quantum Reservoir Computing Systems,2023,,10.1007/s12559-020-09772-y,Quantum RC,,,,22.5
Image encryption based on actual chaotic mapping using optical reservoir computing,2023,,10.1007/s11071-023-08666-6,Photonics & Optics,,,,13.0
Hybrid Model for NOx Prediction in Cement Clinker Calcination Process,2023,,10.1109/CAC59555.2023.10450581,Climate & Earth Sciences,,,,0.0
Photonic Reservoir Computing for Spectrum Awareness Applications,2023,,10.1109/RAPID54473.2023.10264717,Photonics & Optics,,,,0.0
Reservoir Computing-based Multi-Symbol Equalization for PAM 4 Short-reach Transmission,2023,,,Signal Processing & Comms,,,,3.5
Parameterizing echo state networks for multi-step time series prediction,2023,,10.1016/j.neucom.2022.11.044,Nonlinear Dynamics & Chaos,,,,19.5
Self-Organizing Multiple Readouts for Reservoir Computing,2023,,10.1109/ACCESS.2023.3340311,General RC / ESN Methods,,,,1.5
Exploring nonlinear dynamics and network structures in Kuramoto systems using machine learning approaches,2023,,10.1063/5.0153229,Nonlinear Dynamics & Chaos,,,,4.5
A Moth–Flame Optimized Echo State Network and Triplet Feature Extractor for Epilepsy Electro-Encephalography Signals,2023,,10.3390/math11061438,General RC / ESN Methods,,,,2.0
A Novel Echo State Network Autoencoder for Anomaly Detection in Industrial IoT Systems,2023,,10.1109/TII.2022.3224981,General RC / ESN Methods,,,,10.5
Interval reservoir computing: theory and case studies,2023,,10.3389/fenrg.2023.1239973,Climate & Earth Sciences,,,,0.5
Combining Robust Control and Machine Learning for Uncertain Nonlinear Systems Subject to Persistent Disturbances,2023,,10.1109/CDC49753.2023.10383966,Nonlinear Dynamics & Chaos,,,,1.0
Reservoir Computing Based on a Solid Electrolyte ZnO TFT: An Attractive Platform for Flexible Edge Computing,2023,,10.1109/IFETC57334.2023.10254868,Physical & Hardware RC,,,,0.0
"A Redox-Based Ion-Gating Reservoir, Utilizing Double Reservoir States in Drain and Gate Nonlinear Responses",2023,,10.1002/aisy.202300123,Physical & Hardware RC,,,,17.0
Closed-Loop Current Stimulation Feedback Control of a Neural Mass Model Using Reservoir Computing,2023,,10.3390/app13031279,Neuroscience & Comp. Neuro,,,,0.0
Deep Reservoir Computing Based on Frequency Multiplexing,2023,,,General RC / ESN Methods,,,,0.0
The Integrated-Servo-Actuator Degradation Prognosis Based on the Physical Model Combined with Data-Driven Approach,2023,,10.1109/JSEN.2023.3248323,Control & Robotics,,,,5.0
FPGA-based Asynchronous Spike Perceptron for Tiny MEMS Tactile Sensors,2023,,,Physical & Hardware RC,,,,0.5
Dynamics of Delayed Neuroendocrine Systems and Their Reconstructions Using Sparse Identification and Reservoir Computing,2023,,10.1142/S0218127423300148,Mathematics & Theory,,,,1.0
Multiscale echo self-attention memory network for multivariate time series classification,2023,,10.1016/j.neucom.2022.11.066,Mathematics & Theory,,,,8.5
Reservoir computing using networks of memristors: effects of topology and heterogeneity,2023,,10.1039/d2nr07275k,Physical & Hardware RC,,,,13.0
Experimental Investigation of an Optical Reservoir Computer with MZI-based Optical Mask,2023,,10.1109/MWP58203.2023.10416575,Photonics & Optics,,,,0.5
Pulse-stream impact on recognition accuracy of reservoir computing from SiO2-based low power memory devices,2023,,10.1063/5.0131524,Physical & Hardware RC,,,,5.0
Small-footprint photonic reservoir computing chip based on speckle patterns in a multimode waveguide,2023,,10.1364/CLEO_AT.2023.SM1P.4,Photonics & Optics,,,,0.5
Spintronic devices towards advanced computing framework,2023,,10.1109/NMDC57951.2023.10344054,Physical & Hardware RC,,,,1.5
A high efficient next generation reservoir computing to predict and generate chaos with application for secure communication,2023,,10.1049/cmu2.12559,Nonlinear Dynamics & Chaos,,,,2.0
Efficient forecasting of chaotic systems with block-diagonal and binary reservoir computing,2023,,10.1063/5.0151290,Nonlinear Dynamics & Chaos,,,,5.5
A Self-Sensing Shape Memory Alloy Actuator Physical Reservoir Computer,2023,,10.1109/LSENS.2023.3270704,Control & Robotics,,,,4.5
Monkeypox: a model-free analysis,2023,,10.1140/epjp/s13360-023-03709-8,General RC / ESN Methods,,,,1.0
Quantum-Dot-Based Photonic Reservoir Computing,2023,,10.1007/978-981-99-5072-0_4,Photonics & Optics,,,,0.5
Deep Reservoir Computing Based on Frequency Multiplexing,2023,,10.1109/CLEO/EUROPE-EQEC57999.2023.10232006,Photonics & Optics,,,,0.0
Open-Circuit Fault Diagnosis Method of ANPC Three-Level Inverter Based on Joint Optimized Echo State Network,2023,,10.1109/PEAS58692.2023.10395755,General RC / ESN Methods,,,,0.5
Reservoir Computing-Based Screening for Early-Stage Alzheimer's Detection,2023,,10.1109/ICSEIET58677.2023.10303405,Nonlinear Dynamics & Chaos,,,,1.5
Echo State Networks for anomaly detection in industrial systems,2023,,10.1016/j.ifacol.2023.10.1836,General RC / ESN Methods,,,,3.0
Development of integrated photonic AI based on reservoir computing with wavelength nodes,2023,,10.1117/12.3005119,Photonics & Optics,,,,0.0
"Investigating Rules and Parameters of Reservoir Computing with Elementary Cellular Automata, with a Criticism of Rule 90 and the Five-Bit Memory Benchmark",2023,,10.25088/ComplexSystems.32.3.309,Nonlinear Dynamics & Chaos,,,,1.0
Non-Conventional Computing using thermal and driven Skyrmion Dynamics,2023,,10.1109/INTERMAGShortPapers58606.2023.10228647,General RC / ESN Methods,,,,0.0
Photonic Neural Networks with Spatiotemporal Dynamics: Paradigms of Computing and Implementation,2023,,10.1007/978-981-99-5072-0,Photonics & Optics,,,,1.0
"Publisher Correction: A neural machine code and programming framework for the reservoir computer (Nature Machine Intelligence, (2023), 5, 6, (622-630), 10.1038/s42256-023-00668-8)",2023,,10.1038/s42256-023-00693-7,Climate & Earth Sciences,,,,0.0
Performance improvement of in-materio reservoir computing by noise injection,2023,,10.35848/1347-4065/acbd5b,Nonlinear Dynamics & Chaos,,,,4.5
Reservoir Computing in Rehabilitation Video Analyses,2023,,10.1109/CIS-RAM55796.2023.10370019,General RC / ESN Methods,,,,0.5
Convolutional Reservoir Computing for Arrhythmia Classification,2023,,10.1109/ICEEAT60471.2023.10426179,Signal Processing & Comms,,,,0.0
High speed human action recognition using a photonic reservoir computer,2023,,10.1016/j.neunet.2023.06.014,Photonics & Optics,,,,11.5
An integrated photonics reservoir computing using chaotic semiconductor laser hybrid with Si3N4micro-resonator,2023,,10.1117/12.3007891,Photonics & Optics,,,,0.0
Near-Sensor Reservoir Computing for Gait Recognition via a Multi-Gate Electrolyte-Gated Transistor,2023,,10.1002/advs.202300471,Signal Processing & Comms,,,,22.5
Autonomous Learning of Fuzzy Recurrent Neural Networks for Human Activity Recognition,2023,,10.1109/ICMLC58545.2023.10328001,Control & Robotics,,,,0.0
"2023 International Topical Meeting on Microwave Photonics, MWP 2023 - Proceedings",2023,,,Photonics & Optics,,,,0.0
DI-ESN: Dual Input-Echo State Network for Time Series Forecasting,2023,,10.1109/ISNCC58260.2023.10323907,General RC / ESN Methods,,,,0.0
Prediction of NOx Emission Concentration Based on Weighted Optimal Combination Model,2023,,10.1109/IRCE59430.2023.10254785,General RC / ESN Methods,,,,0.5
Meta-reservoir computing for learning a time series predictive model of wind power,2023,,10.3389/fenrg.2023.1321917,Climate & Earth Sciences,,,,0.5
Intrinsic Plasticity Deep Echo State Networks for Industrial Soft Sensor Modeling,2023,,10.1109/CCISP59915.2023.10355799,Climate & Earth Sciences,,,,0.0
Chaos Prediction of Motor System Based on NG-RC; [基于 NG-RC 电机系统的混沌预测],2023,,10.19596/j.cnki.1001-246x.8615,Next-Gen RC,,,,0.0
Online learning compensation control of an electro-hydraulic shaking table using Echo State Networks,2023,,10.1016/j.engappai.2023.106274,Climate & Earth Sciences,,,,6.5
Performance-enhanced time-delayed photonic reservoir computing system using a reflective semiconductor optical amplifier,2023,,10.1364/OE.495697,Photonics & Optics,,,,9.5
Multi-Terminal Nonwoven Stochastic Memristive Devices Based on Polyamide-6 and Polyaniline for Neuromorphic Computing,2023,,10.3390/biomimetics8020189,Physical & Hardware RC,,,,6.5
Exploring Individuality in Human EEG Using Reservoir Computing,2023,,10.1007/978-3-031-44207-0_47,Nonlinear Dynamics & Chaos,,,,0.5
THE DEVELOPMENT OF A SIGNAL CLASSIFICATION METHOD BASED ON CHUA’S OSCILLATOR WITHIN THE RESERVOIR COMPUTING FRAMEWORK,2023,,10.33581/2520-6508-2023-1-88-101,Nonlinear Dynamics & Chaos,,,,0.5
Multivariate Time Series Predictor With Parameter Optimization and Feature Selection Based on Modified Binary Salp Swarm Algorithm,2023,,10.1109/TII.2022.3198465,Nonlinear Dynamics & Chaos,,,,12.0
Numerical realization of automatically reconfigurable optical waveform generator based on photonic reservoir computer,2023,,10.1016/j.ijleo.2023.170553,Photonics & Optics,,,,1.5
A Study of Changes in Prediction Performance Influenced by Attractor State in Oscillator Reservoir Computing,2023,,10.1109/ISOCC59558.2023.10396164,Nonlinear Dynamics & Chaos,,,,1.5
Data-driven methods to estimate the committor function in conceptual ocean models,2023,,10.5194/npg-30-195-2023,Climate & Earth Sciences,,,,7.5
Brain-Inspired Reservoir Computing Models,2023,,10.1007/978-981-99-5072-0_13,Neuroscience & Comp. Neuro,,,,1.0
Analogue and Physical Reservoir Computing Using Water Waves: Applications in Power Engineering and Beyond,2023,,10.3390/en16145366,Physical & Hardware RC,,,,7.5
Modeling and Predictive Control of Cooling Crystallization of Potassium Sulfate by Dynamic Image Analysis: Exploring Phenomenological and Machine Learning Approaches,2023,,10.1021/acs.iecr.3c00739,Control & Robotics,,,,9.5
Explaining Memristive Reservoir Computing Through Evolving Feature Attribution,2023,,10.1145/3583133.3590619,Physical & Hardware RC,,,,0.5
Initializing hyper-parameter tuning with a metaheuristic-ensemble method: a case study using time-series weather data,2023,,10.1007/s12065-022-00717-y,Climate & Earth Sciences,,,,3.0
Human Activity Recognition Using Intelligent Resonant Accelerometer Employing MEMS Reservoir Computing,2023,,,Physical & Hardware RC,,,,1.0
"2023 42nd Chinese Control Conference, CCC 2023",2023,,,Mathematics & Theory,,,,0.0
Hybrid MoS2/PbS Quantum Dots Toward In-Sensor Reservoir Computing,2023,,10.1109/LED.2023.3262520,Photonics & Optics,,,,5.0
Context Modulation Enables Multi-tasking and Resource Efficiency in Liquid State Machines,2023,,10.1145/3589737.3605975,Signal Processing & Comms,,,,1.5
Online Learning Meets Semantic Communication over Wireless Channels,2023,,10.1109/MILCOM58377.2023.10356346,Signal Processing & Comms,,,,2.0
Discrimination of Cardiac Abnormalities Based on Multifractal Analysis in Reservoir Computing Framework,2023,,10.1109/OJIM.2023.3332344,Nonlinear Dynamics & Chaos,,,,2.5
CMOS-compatible self-aligned 3D memristive elements for reservoir computing systems,2023,,10.1063/5.0138218,Physical & Hardware RC,,,,9.5
High-resolution dynamic consistency analysis of photonic time-delay reservoir computer,2023,,10.1364/OL.486383,Photonics & Optics,,,,2.0
A neural machine code and programming framework for the reservoir computer,2023,,10.1038/s42256-023-00668-8,Physical & Hardware RC,,,,9.5
Nonlinear Dynamics and Computing in Recurrent Neural Networks,2023,,10.1007/978-981-99-5072-0_2,Nonlinear Dynamics & Chaos,,,,0.0
Design Strategies and Applications of Reservoir Computing: Recent Trends and Prospects [Feature],2023,,10.1109/MCAS.2023.3325496,Photonics & Optics,,,,9.0
Parameter Prediction of Marine Seawater Cooling System Based on EMD-BO-LIESN Combined Model,2023,,10.1109/IAECST60924.2023.10502995,Nonlinear Dynamics & Chaos,,,,0.0
Semi-supervised echo state network with partial correlation pruning for time-series variables prediction in industrial processes,2023,,10.1088/1361-6501/acd8dc,General RC / ESN Methods,,,,1.5
Reservoir Computing System Based on Polarization Dynamics of a Semiconductor Optical Amplifier Fiber Ring Laser,2023,,10.1109/ICOCN59242.2023.10236314,Photonics & Optics,,,,0.0
A new Neural Network architecture for Time Series Classification,2023,,10.1016/j.nima.2022.167818,Control & Robotics,,,,0.0
Development of Trans-nail PPG Controller Using Fingertip Blood Volume Changes to Enable Highly Accurate Motion Prediction,2023,,10.1109/BioCAS58349.2023.10389082,General RC / ESN Methods,,,,0.5
Modulation format recognition in a UVLC system based on reservoir computing with coordinate transformation and folding algorithm,2023,,10.1364/OE.491377,Signal Processing & Comms,,,,4.5
Information Processing Capacity of Spintronic Oscillator,2023,,10.1002/aisy.202300175,Nonlinear Dynamics & Chaos,,,,14.5
High-security chaotic dynamical enhanced strategy based on reservoir computing,2023,,10.1109/ICOCN59242.2023.10236106,Nonlinear Dynamics & Chaos,,,,1.0
Photonic VCSEL-based Time-Delay Reservoir Computer for Classification of RADAR Signals,2023,,10.1109/IPC57732.2023.10360699,Photonics & Optics,,,,0.0
Evanescent coupling of nonlinear integrated cavities for all-optical reservoir computing,2023,,10.1088/1367-2630/acfba6,Photonics & Optics,,,,2.5
On forecasting of COVID-19 transmission in Saudi Arabia and Egypt using reservoir computing model,2023,,10.1016/j.aej.2023.02.028,Control & Robotics,,,,1.5
Experimental Demonstration of In-Memory Computing in a Ferrofluid System,2023,,10.1002/adma.202211406,Physical & Hardware RC,,,,13.0
Predicting aging transition using Echo state network,2023,,10.1063/5.0162926,Nonlinear Dynamics & Chaos,,,,2.5
REDS: Random ensemble deep spatial prediction,2023,,10.1002/env.2780,General RC / ESN Methods,,,,4.5
Image Processing with Reservoir Neural Network,2023,,10.1007/978-3-031-44865-2_36,General RC / ESN Methods,,,,0.0
Data-Driven Stability Analysis of a Chaotic Time-Delayed System,2023,,10.1007/978-3-031-36027-5_31,Mathematics & Theory,,,,0.5
Reservoir computing with the electrochemical formation and reduction of gold oxide in aqueous solutions with a three-electrode electrochemical setup,2023,,10.1039/d3ra04614a,Physical & Hardware RC,,,,1.5
Chaotic mode-competition dynamics in a multimode semiconductor laser with optical feedback and injection,2023,,10.1364/OE.481505,Photonics & Optics,,,,5.5
Non-Equilibrium ϕ4 Theory in a Hierarchy: Towards Manipulating Holograms in Quantum Brain Dynamics,2023,,10.3390/dynamics3010001,Physical & Hardware RC,,,,5.5
Reservoir computing based on solitary-like waves dynamics of liquid film flows: A proof of concept,2023,,10.1209/0295-5075/acd471,Physical & Hardware RC,,,,6.0
Effect of temporal resolution on the reproduction of chaotic dynamics via reservoir computing,2023,,10.1063/5.0143846,Nonlinear Dynamics & Chaos,,,,5.0
Transport in reservoir computing,2023,,10.1016/j.physd.2023.133744,Mathematics & Theory,,,,3.0
Low Latency Fiber Communication System Equalizer Based on Photonic Reservoir Computing,2023,,10.1109/ACP/POEM59049.2023.10368782,Photonics & Optics,,,,0.5
Stochastic Computing-based on-chip Training Circuitry for Reservoir Computing Systems,2023,,10.1109/DCIS58620.2023.10336006,General RC / ESN Methods,,,,0.0
Reservoir computing as digital twins for nonlinear dynamical systems,2023,,10.1063/5.0138661,Nonlinear Dynamics & Chaos,,,,32.0
Sensory Adaptation in Biomolecular Memristors Improves Reservoir Computing Performance,2023,,10.1002/aisy.202300049,Physical & Hardware RC,,,,15.0
A Distributed Learning Method for Deep Echo State Network Based on Improved SVD and ADMM,2023,,10.1109/MASS58611.2023.00040,General RC / ESN Methods,,,,0.5
Combination of Organic-Based Reservoir Computing and Spiking Neuromorphic Systems for a Robust and Efficient Pattern Classification,2023,,10.1002/aisy.202200407,Physical & Hardware RC,,,,28.0
Deep photonic reservoir computer based on frequency multiplexing with fully analog connection between layers,2023,,10.1364/OPTICA.489501,Photonics & Optics,,,,20.0
Fully Ferroelectric-FETs Reservoir Computing Network for Temporal and Random Signal Processing,2023,,10.1109/TED.2023.3268152,Signal Processing & Comms,,,,8.0
Parallel and deep reservoir computing using semiconductor lasers with optical feedback,2023,,10.1515/nanoph-2022-0440,Photonics & Optics,,,,32.0
Video Prediction Based on Multi-Resolution Echo State Networks for a Jar Test,2023,,10.1109/SMC53992.2023.10394460,General RC / ESN Methods,,,,0.5
Echo State Neural Network Based on an Improved Gray Wolf Algorithm Predicts Porosity through Logging Data,2023,,10.1021/acsomega.3c02217,General RC / ESN Methods,,,,3.0
Prediction of chimera in coupled map networks by means of deep learning,2023,,10.1016/j.physa.2022.128394,Mathematics & Theory,,,,1.0
T-distributed stochastic neighbor embedding echo state network with state matrix dimensionality reduction for time series prediction,2023,,10.1016/j.engappai.2023.106055,Nonlinear Dynamics & Chaos,,,,9.0
Exploring Integrated Device Implementation for FRET-Based Optical Reservoir Computing,2023,,10.1007/978-981-99-5072-0_5,Photonics & Optics,,,,0.0
LA-ESN: A Novel Method for Time Series Classification,2023,,10.3390/info14020067,General RC / ESN Methods,,,,4.5
"2023 IEEE Research and Applications of Photonics in Defense Conference, RAPID 2023 - Proceedings",2023,,,Photonics & Optics,,,,0.0
Reservoir computing system based on an optoelectronic oscillator with double delay feedback,2023,,10.1109/ICOCN59242.2023.10236396,Photonics & Optics,,,,0.0
A Feature Adaptive Asynchronous Deep Reservoir Computing for Modeling soft sensors,2023,,10.23919/CCC58697.2023.10239852,General RC / ESN Methods,,,,0.0
Physical reservoir computing using vertically aligned graphene/diamond photomemristors,2023,,10.35848/1882-0786/ace8ef,Physical & Hardware RC,,,,1.5
ComESN: Compressive Echo State Network for Multi-task Time-series Prediction,2023,,10.1109/ISPCE-ASIA60405.2023.10366011,Nonlinear Dynamics & Chaos,,,,0.0
Detecting Weak Physical Signal from Noise: A Machine-Learning Approach with Applications to Magnetic-Anomaly-Guided Navigation,2023,,10.1103/PhysRevApplied.19.034030,Nonlinear Dynamics & Chaos,,,,11.0
Chinese Herbal Medicine Recognition Using a VCSEL-Based Time-Delay Reservoir Computing System,2023,,10.1109/JPHOT.2023.3267634,Photonics & Optics,,,,2.0
Experimental Realization of Physical Reservoir Computing-Based Mechano-Intelligence in Self-Adaptive Phononic Metastructures,2023,,10.1117/12.2657277,Physical & Hardware RC,,,,0.5
Quantum reservoir computing in finite dimensions,2023,,10.1103/PhysRevE.107.035306,Quantum RC,,,,13.0
Biological neurons act as generalization filters in reservoir computing,2023,,10.1073/pnas.2217008120,Neuroscience & Comp. Neuro,,,,23.5
A fully automatic model for premature ventricular heartbeat arrhythmia classification using the Internet of Medical Things,2023,,10.1016/j.bspc.2023.104697,Physical & Hardware RC,,,,4.0
A Scalable Small-Footprint Time-Space-Pipelined Architecture for Reservoir Computing,2023,,10.1109/TCSII.2023.3252802,Physical & Hardware RC,,,,1.5
Editorial: Recent trends in reservoir computing,2023,,10.1142/S1793962323020014,General RC / ESN Methods,,,,0.0
LUTNet-RC: Look-Up Tables Networks for Reservoir Computing on an FPGA,2023,,10.1109/ICFPT59805.2023.00024,Physical & Hardware RC,,,,3.0
Fully Flash-Based Reservoir Computing Network With Low Power and Rich States,2023,,10.1109/TED.2023.3295791,Physical & Hardware RC,,,,3.5
Performance Enhancement of a Spin-Wave-Based Reservoir Computing System Utilizing Different Physical Conditions,2023,,10.1103/PhysRevApplied.19.034047,Signal Processing & Comms,,,,16.5
"An organic electrochemical transistor for multi-modal sensing, memory and processing",2023,,10.1038/s41928-023-00950-y,Physical & Hardware RC,,,,144.0
Explainable temporal dependence in multi-step wind power forecast via decomposition based chain echo state networks,2023,,10.1016/j.energy.2023.126906,Climate & Earth Sciences,,,,11.0
Experimental design of human intention prediction based on biomechanical analysis; [基于生物力学分析的人体意图预测实验设计],2023,,10.16791/j.cnki.sjg.2023.04.005,Control & Robotics,,,,0.0
Continual Learning Assisted Dynamic Modeling for Industrial Multimode Quality Prediction,2023,,10.1109/IAI59504.2023.10327607,General RC / ESN Methods,,,,0.5
Evaluation of Memory Capacity and Time Series Prediction Using a Spin Hall Oscillator as Reservoir,2023,,10.1109/TMAG.2023.3266517,Nonlinear Dynamics & Chaos,,,,2.5
Time-Multiplexed Photonic Reservoir Computer for Recognition of Human Actions in Videos,2023,,10.1109/CLEO/EUROPE-EQEC57999.2023.10232404,Photonics & Optics,,,,0.0
Influence of junction resistance on spatiotemporal dynamics and reservoir computing performance arising from an SWNT/POM 3D network formed via a scaffold template technique,2023,,10.1039/d2nr04619a,Physical & Hardware RC,,,,5.0
A Sequence and Network Embedding Method for Bus Arrival Time Prediction Using GPS Trajectory Data Only,2023,,10.1109/TITS.2023.3237320,Control & Robotics,,,,7.5
Analysis of predictive coding model with hierarchical reservoir computing for modeling Stroop effects,2023,,10.1109/ISOCC59558.2023.10396189,General RC / ESN Methods,,,,0.5
Parameter Optimization in a Leaky Integrator Echo State Network with an Improved Gravitational Search Algorithm,2023,,10.3390/math11061514,Mathematics & Theory,,,,3.0
Reservoir computing allows recovering hidden network dynamics,2023,,10.1109/DCNA59899.2023.10290475,Nonlinear Dynamics & Chaos,,,,0.0
Adaptive Reservoir Neural Gas: An Effective Clustering Algorithm for Addressing Concept Drift in Real-Time Data Streams,2023,,10.1007/978-3-031-44223-0_13,Control & Robotics,,,,1.0
Physical Reservoir Computing using HZO-based FeFETs for Edge-AI Applications,2023,,10.1109/IEDM45741.2023.10413840,Physical & Hardware RC,,,,3.5
Data-Driven Integrated Inertial Navigation Based on ESN Model,2023,,10.1109/CAC59555.2023.10450330,General RC / ESN Methods,,,,1.0
Deep reservoir computing based on self-rectifying memristor synapse for time series prediction,2023,,10.1063/5.0158076,Physical & Hardware RC,,,,8.5
Extreme Events Prediction from Nonlocal Partial Information in a Spatiotemporally Chaotic Microcavity Laser,2023,,10.1103/PhysRevLett.130.223801,Nonlinear Dynamics & Chaos,,,,7.5
Application of Reservoir Computing Based on a 2D Hyperchaotic Discrete Memristive Map in Efficient Temporal Signal Processing,2023,,10.1142/S021812742330015X,Nonlinear Dynamics & Chaos,,,,5.0
Reservoir Computing for Solving Ordinary Differential Equations,2023,,10.1142/S0218213023500306,Nonlinear Dynamics & Chaos,,,,0.0
Decentralized Federated Learning for Industrial IoT With Deep Echo State Networks,2023,,10.1109/TII.2022.3194627,General RC / ESN Methods,,,,13.5
Quantification of information processing capacity in living brain as physical reservoir,2023,,10.1063/5.0152585,Physical & Hardware RC,,,,2.0
Echo State Network-Enabled Intelligent Smart Sensor Design for Creating a Robotic Nervous System,2023,,10.1142/S0218001423560104,Control & Robotics,,,,1.5
A Channel-aware FL Approach for Virtual Machine Placement in 6G Edge Intelligent Ecosystems,2023,,10.1145/3584705,Signal Processing & Comms,,,,2.5
Delay-based reservoir computing with spin-VCSELs: Interplay between internal dynamics and performance,2023,,10.1109/CLEO/EUROPE-EQEC57999.2023.10232555,Photonics & Optics,,,,0.0
Hardware optimization for photonic time-delay reservoir computer dynamics,2023,,10.1088/2634-4386/acb8d7,Photonics & Optics,,,,2.5
Audio Classification with Skyrmion Reservoirs,2023,,10.1002/aisy.202200388,Signal Processing & Comms,,,,12.0
Estimating prediction horizon of reservoir computer on L63 system when observed variables are incomplete,2023,,10.1088/2632-072X/acd21c,Nonlinear Dynamics & Chaos,,,,0.5
"In-materio reservoir computing based on nanowire networks: Fundamental, progress, and perspective",2023,,10.1088/2752-5724/accd87,Physical & Hardware RC,,,,9.5
Monostable stochastic resonance activation unit-based physical reservoir computing,2023,,10.1007/s40042-023-00727-8,Physical & Hardware RC,,,,1.5
GLSVLSI 2023 - Proceedings of the Great Lakes Symposium on VLSI 2023,2023,,,Physical & Hardware RC,,,,0.0
Ensemble reservoir computing for dynamical systems: prediction of phase-space stable region for hadron storage rings,2023,,10.1140/epjp/s13360-023-04167-y,Nonlinear Dynamics & Chaos,,,,1.5
Enhanced FPGA implementation of Echo State Networks for chaotic time series prediction,2023,,10.1016/j.vlsi.2023.05.002,Nonlinear Dynamics & Chaos,,,,5.0
Improving the processing rate of VCSEL-based reservoir computing through adopting variable polarization information injection,2023,,10.1016/j.optlastec.2023.109200,Nonlinear Dynamics & Chaos,,,,5.0
Photonic reservoir computing using a self-injection locked semiconductor laser under narrowband optical feedback,2023,,10.1364/OL.485755,Photonics & Optics,,,,8.5
Ferroelectric synaptic devices based on CMOS-compatible HfAlOx for neuromorphic and reservoir computing applications,2023,,10.1039/d3nr01294h,Physical & Hardware RC,,,,20.0
Design and Experiment of Silicon Racetrack-Loop Multi-Mode Waveguide Structure with Low-Loss and Adjustable Couplings for Compact Reservoir Computing Device,2023,,10.1109/PSC57974.2023.10297150,Photonics & Optics,,,,0.5
Artificial Musical Creativity Enabled by Nonlinear Oscillations of a Bubble Acting as a Physical Reservoir Computing System,2023,,,Physical & Hardware RC,,,,1.5
Open-Cavity Fluid Flow as an Information Processing Medium,2023,,10.2514/6.2023-1393,General RC / ESN Methods,,,,4.0
Probabilistic Load Forecasting With Reservoir Computing,2023,,10.1109/ACCESS.2023.3343467,General RC / ESN Methods,,,,3.0
Scalable wavelength-multiplexing photonic reservoir computing,2023,,10.1063/5.0158939,Photonics & Optics,,,,9.5
Analysis and Compensation of Nonlinear Dynamics in Optical Fiber Transmission with the Optoelectronic Reservoir Computing,2023,,10.1109/PGC60057.2023.10344084,Photonics & Optics,,,,3.0
Interpretable Design of Reservoir Computing Networks Using Realization Theory,2023,,10.1109/TNNLS.2021.3136495,Nonlinear Dynamics & Chaos,,,,2.0
Investigation of a Photonic Reservoir Computing based Equalizer for Short Reach Applications,2023,,10.1364/IPRSN.2023.JW2E.4,Photonics & Optics,,,,0.0
A new water level prediction model based on ESMD−VMD−WSD−ESN,2023,,10.1007/s00477-023-02446-9,Signal Processing & Comms,,,,7.0
Macro modeling of liquid crystal cell using machine learning method: reservoir computing approach,2023,,10.35848/1347-4065/acb2a3,Photonics & Optics,,,,0.5
Scalable Delay Line-Free All-Optical Reservoir,2023,,10.1109/CLEO/EUROPE-EQEC57999.2023.10232521,Photonics & Optics,,,,0.0
Short-term memory characteristics in n-type-ZnO/p-type-NiO heterojunction synaptic devices for reservoir computing,2023,,10.1016/j.apsusc.2023.157153,Physical & Hardware RC,,,,20.5
Delay Embedded Echo-State Network: A Predictor for Partially Observed Systems,2023,,10.1016/j.ifacol.2023.10.470,Nonlinear Dynamics & Chaos,,,,1.5
Photonic Reservoir Computing Based on Reflective Semiconductor Optical Amplifier,2023,,10.1109/ICOCN59242.2023.10236299,Photonics & Optics,,,,0.5
Emergence of a resonance in machine learning,2023,,10.1103/PhysRevResearch.5.033127,Nonlinear Dynamics & Chaos,,,,19.5
Forecasting chaotic weather variables with echo state networks and a novel swing training approach,2023,,10.1016/j.knosys.2023.110506,Climate & Earth Sciences,,,,7.0
Growing Echo State Network With an Inverse-Free Weight Update Strategy,2023,,10.1109/TCYB.2022.3155901,General RC / ESN Methods,,,,14.0
Spintronic Physical Reservoir for Autonomous Prediction and Long-Term Household Energy Load Forecasting,2023,,10.1109/ACCESS.2023.3326414,Physical & Hardware RC,,,,2.0
A Cerebellum-Inspired Prediction and Correction Model for Motion Control of a Musculoskeletal Robot,2023,,10.1109/TCDS.2022.3200839,Neuroscience & Comp. Neuro,,,,12.5
Transformer State Data Cleaning Method Based on DBSCAN and ESN,2023,,10.1109/ICPSAsia58343.2023.10294713,General RC / ESN Methods,,,,0.5
A novel time series prediction method based on pooling compressed sensing echo state network and its application in stock market,2023,,10.1016/j.neunet.2023.04.031,Nonlinear Dynamics & Chaos,,,,12.0
Temporal information processing induced by quantum noise,2023,,10.1103/PhysRevResearch.5.023057,Quantum RC,,,,19.0
RC-FODS algorithm for solving numerical solutions of fractional order dynamical system,2023,,10.1063/5.0138585,Nonlinear Dynamics & Chaos,,,,0.5
Reservoir Computing System Based on VCSEL with the Self-Polarization-Stabilization Structure,2023,,10.1109/ACP/POEM59049.2023.10369513,General RC / ESN Methods,,,,0.0
Forecasting the chaotic dynamics of external cavity semiconductor lasers,2023,,10.1364/OL.480874,Photonics & Optics,,,,10.5
Context based Echo State Networks for Robot Movement Primitives,2023,,10.1109/RO-MAN57019.2023.10309645,Control & Robotics,,,,0.5
Remaining useful life prediction of PEMFC based on the multi-input cycle reservoir with jump network,2023,,10.1016/j.ijhydene.2022.12.170,Nonlinear Dynamics & Chaos,,,,15.5
Reservoir Computing Based on Iterative Function Systems,2023,,10.1007/978-981-99-5072-0_11,Photonics & Optics,,,,0.0
Vision transformer attention with multi-reservoir echo state network for anomaly recognition,2023,,10.1016/j.ipm.2023.103289,General RC / ESN Methods,,,,21.5
A Pruning Method for Echo State Network Based on Neuron Importance and Iterative Fine-Tuning,2023,,10.1109/CAC59555.2023.10450422,General RC / ESN Methods,,,,0.0
Diversifying Non-dissipative Reservoir Computing Dynamics,2023,,10.1007/978-3-031-44198-1_15,General RC / ESN Methods,,,,0.0
Intelligent design for quadruped robot on a dynamic flexible surface with an active spine,2023,,10.1117/12.2664154,Control & Robotics,,,,0.0
Improving the performance of photonic delay-based reservoir computing by phase modulating the input signal,2023,,,Photonics & Optics,,,,0.0
Design and application of data-driven LESN-DHP controller,2023,,10.1109/ISPCE-ASIA60405.2023.10365800,Mathematics & Theory,,,,0.0
Towards Explainable Machine Learning: The Effectiveness of Reservoir Computing in Wireless Receive Processing,2023,,10.1109/MILCOM58377.2023.10356295,Signal Processing & Comms,,,,1.5
Heading Prediction for Unmanned Surface Vessel Based on Reservoir Computing,2023,,10.23919/CCC58697.2023.10240897,Nonlinear Dynamics & Chaos,,,,0.0
PSO Algorithm Optimization of ESN Algorithm for Transformer Fault Diagnosis,2023,,10.1109/ICCASIT58768.2023.10351755,General RC / ESN Methods,,,,1.5
PLSM: A Parallelized Liquid State Machine for Unintentional Action Detection,2023,,10.1109/TETC.2022.3211011,Neuroscience & Comp. Neuro,,,,2.0
Ultrafast Nonlinear Imaging and Spectroscopy XI,2023,,,Photonics & Optics,,,,0.0
An Novel Predictive Control Method Based on Regularized Echo State Network and Improved Sparrow Search Optimization Algorithm,2023,,10.1109/ICCSSE59359.2023.10244976,Control & Robotics,,,,0.0
Comparing deep and shallow neural networks in forecasting call center arrivals,2023,,10.1007/s00500-022-07055-2,General RC / ESN Methods,,,,3.0
Brain-inspired multimodal hybrid neural network for robot place recognition,2023,,10.1126/scirobotics.abm6996,Control & Robotics,,,,38.0
Neural Predictor-Based Dynamic Surface Parallel Control for MIMO Uncertain Nonlinear Strict-Feedback Systems,2023,,10.1109/TCSII.2023.3252562,Nonlinear Dynamics & Chaos,,,,3.5
Serial-parallel dynamic echo state network: A hybrid dynamic model based on a chaotic coyote optimization algorithm for wind speed prediction,2023,,10.1016/j.eswa.2022.118789,Nonlinear Dynamics & Chaos,,,,15.0
Maximal Memory Capacity Near the Edge of Chaos in Balanced Cortical E-I Networks,2023,,10.1162/neco_a_01596,Nonlinear Dynamics & Chaos,,,,2.0
NG-RC Based Multi-Target Data Association Algorithm,2023,,10.23919/CCC58697.2023.10240578,Next-Gen RC,,,,0.0
Synchronization of spatiotemporal chaos and reservoir computing via scalar signals,2023,,10.1016/j.chaos.2023.113314,Nonlinear Dynamics & Chaos,,,,4.5
Chaotic Systems Prediction Using the Echo State Network with Attention Mechanism; [基于注意力机制回声状态神经网络的混沌系统预测],2023,,10.6052/1672-6553-2023-072,Nonlinear Dynamics & Chaos,,,,1.5
APPROXIMATION BOUNDS FOR RANDOM NEURAL NETWORKS AND RESERVOIR SYSTEMS,2023,,10.1214/22-AAP1806,Nonlinear Dynamics & Chaos,,,,22.5
Invited Paper: Accelerating Next-G Wireless Communications with FPGA-Based AI Accelerators,2023,,10.1109/ICCAD57390.2023.10323918,Physical & Hardware RC,,,,3.0
Inertial Sensor Location for Ground Reaction Force and Gait Event Detection Using Reservoir Computing in Gait,2023,,10.3390/ijerph20043120,General RC / ESN Methods,,,,3.5
Photonic delay-based reservoir computers as deep neural network preprocessors,2023,,,Photonics & Optics,,,,0.0
A novel approach based on integration of convolutional neural networks and echo state network for daily electricity demand prediction,2023,,10.1016/j.energy.2023.127430,General RC / ESN Methods,,,,30.0
Impact of Free-carrier Nonlinearities on Silicon Microring-based Reservoir Computing,2023,,10.1109/IPC57732.2023.10360595,Photonics & Optics,,,,1.5
Multi-Reservoir Echo State Networks with Hodrick–Prescott Filter for nonlinear time-series prediction,2023,,10.1016/j.asoc.2023.110021,Nonlinear Dynamics & Chaos,,,,13.0
Leveraging Quantum Dynamics for Physical Computing Applications,2023,,10.1109/QCE57702.2023.10262,Quantum RC,,,,2.0
Quantized Reservoir Computing for Spectrum Sensing With Knowledge Distillation,2023,,10.1109/TCDS.2022.3147789,Physical & Hardware RC,,,,5.0
Reservoir Computing Model for Multi-Electrode Electrophysiological Data Analysis,2023,,10.1109/CIBCB56990.2023.10264895,Neuroscience & Comp. Neuro,,,,0.5
Optimization of the memory reset rate of a quantum echo-state network for time sequential tasks,2023,,10.1016/j.physleta.2023.128713,Quantum RC,,,,8.0
High performance reservoir computing system based on VCSELs with variable polarization information injection,2023,,10.1109/ICOCN59242.2023.10236361,Nonlinear Dynamics & Chaos,,,,0.0
A Frequency Modulated Continuous Wave LiDAR System Based on Reservoir Computing,2023,,10.1109/MWP58203.2023.10416600,Photonics & Optics,,,,1.0
A new rainfall prediction model based on ICEEMDAN-WSD-BiLSTM and ESN,2023,,10.1007/s11356-023-25906-9,Climate & Earth Sciences,,,,8.0
Photonic next generation reservoir computing based on stimulated Brillouin scattering,2023,,10.1117/12.2691660,Photonics & Optics,,,,0.0
In2O3Nanofiber Neuromorphic Transistors for Reservoir Computing,2023,,10.1109/LED.2023.3290998,Photonics & Optics,,,,6.0
Powerful Encoding and Decoding Computation of Reservoir Computing,2023,,10.1007/978-981-99-6483-3_16,Nonlinear Dynamics & Chaos,,,,0.0
High-Accuracy Target Recognition Scheme Based on Photonic Radar and Optical Reservoir Computing,2023,,10.1109/MWP58203.2023.10416564,Photonics & Optics,,,,0.5
Four-channels optical chaos secure communications with the rate of 400 Gb/s using optical reservoir computing based on two quantum dot spin-VCSELs,2023,,10.1016/j.optcom.2022.129109,Photonics & Optics,,,,9.0
Towards single atom computing via high harmonic generation,2023,,10.1140/epjp/s13360-023-03649-3,Photonics & Optics,,,,4.0
Integrated development of industrial and regional economy using big data technology,2023,,10.1016/j.compeleceng.2023.108764,General RC / ESN Methods,,,,3.5
An octonion-based nonlinear echo state network for speech emotion recognition in Metaverse,2023,,10.1016/j.neunet.2023.03.026,Signal Processing & Comms,,,,28.0
Reservoir computing with noise,2023,,10.1063/5.0130278,Nonlinear Dynamics & Chaos,,,,12.0
A Cerebellum-Inspired Network Model and Learning Approaches for Solving Kinematic Tracking Control of Redundant Manipulators,2023,,10.1109/TCDS.2022.3149622,Control & Robotics,,,,12.5
A perspective on physical reservoir computing with nanomagnetic devices,2023,,10.1063/5.0119040,Physical & Hardware RC,,,,29.0
RUL Prediction with Encoding and Spatial-Temporal Deep Neural Networks,2023,,10.1109/SWC57546.2023.10449309,General RC / ESN Methods,,,,0.0
"Proceedings - 2023 17th IEEE International Conference on Robotic Computing, IRC 2023",2023,,,Control & Robotics,,,,0.0
Time-Series Prediction of Calcium Carbonate Concentration in Flue Gas Desulfurization Equipment by Optimized Echo State Network,2023,,10.1007/978-3-031-44223-0_23,Nonlinear Dynamics & Chaos,,,,0.5
Neural Activity and Information Processing Capacity of Neuronal Culture,2023,,10.1109/EMBC40787.2023.10340168,Mathematics & Theory,,,,0.0
12.5Gb/s Visible Light Communication Over 100m Free-Space Transmission Utilizing Geometric Constellation Shaping and Reservoir Computing,2023,,10.1109/ACP/POEM59049.2023.10369929,Photonics & Optics,,,,2.0
Anisotropy-assisted bias-free spin Hall nano-oscillator,2023,,10.1063/5.0130624,Nonlinear Dynamics & Chaos,,,,8.0
Channel Equalization Through Reservoir Computing: A Theoretical Perspective,2023,,10.1109/LWC.2023.3234239,Signal Processing & Comms,,,,5.5
Improving Deep Echo State Network with Neuronal Similarity-Based Iterative Pruning Merging Algorithm,2023,,10.3390/app13052918,Nonlinear Dynamics & Chaos,,,,1.5
Delay-based reservoir computing with spin-VCSELs: Interplay between internal dynamics and performance,2023,,,General RC / ESN Methods,,,,0.0
Estimating missing data for sparsely sensed time series with exogenous variables using bidirectional-feedback echo state networks,2023,,10.1007/s42486-022-00112-7,General RC / ESN Methods,,,,2.0
Echo State Network Control Based Power Quality Enhancement in Grid-Interactive Solar Photovoltaic System,2023,,10.1109/ETFG55873.2023.10408111,General RC / ESN Methods,,,,1.0
Machine Learning Enables Prediction of Halide Perovskites’ Optical Behavior with >90% Accuracy,2023,,10.1021/acsenergylett.2c02555,Photonics & Optics,,,,19.0
Prediction of TP in Effluent at Multiple Scales Based on ESN,2023,,10.1007/978-981-99-5844-3_8,General RC / ESN Methods,,,,0.5
Forecasting Task Optimization for A New Architecture of MEMS Reservoir Computing Using Stiffness Modulation,2023,,10.1109/SENSORS56945.2023.10325012,Signal Processing & Comms,,,,1.5
Daily prediction method of dust accumulation on photovoltaic (PV) panels using echo state network with delay output,2023,,10.1016/j.asoc.2023.110528,Climate & Earth Sciences,,,,6.5
Optical filter with on-chip photonic reservoir computing neural network,2023,,10.1109/ICSP58490.2023.10248698,Photonics & Optics,,,,0.0
Multilayer time delay reservoir with double feedback loops for time series forecasting task,2023,,10.1016/j.asoc.2023.110179,Mathematics & Theory,,,,4.5
Design of Dissolved Oxygen Online Controller Based on Adaptive Dynamic Programming Theory,2023,,10.1007/978-981-99-5844-3_4,Control & Robotics,,,,0.0
Anticipating food price crises by reservoir computing,2023,,10.1016/j.chaos.2023.113854,Nonlinear Dynamics & Chaos,,,,7.0
Nonlinear Distortion Mitigation via Coherent All-Optical Reservoir Computing for Long-Haul IM-DD transmission Systems,2023,,10.1109/ACP/POEM59049.2023.10369906,Photonics & Optics,,,,0.0
An Echo State Network-Based Method for Identity Recognition with Continuous Blood Pressure Data,2023,,10.1007/978-3-031-44216-2_2,General RC / ESN Methods,,,,0.5
Semiconductor Optical Amplifier (SOA)-Driven Reservoir Computing for Dense Wavelength-Division Multiplexing (DWDM) Signal Compensation,2023,,10.3390/s23125697,Photonics & Optics,,,,4.5
Unconventional Computing based on Four Wave Mixing in Highly Nonlinear Media,2023,,10.1109/CLEO/EUROPE-EQEC57999.2023.10231929,Photonics & Optics,,,,0.0
Nonstationary Time Series Prediction Based on Deep Echo State Network Tuned by Bayesian Optimization,2023,,10.3390/math11061503,Nonlinear Dynamics & Chaos,,,,4.5
Nanophotonic reservoir computing for COVID-19 pandemic forecasting,2023,,10.1007/s11071-022-08190-z,Photonics & Optics,,,,2.0
PREDICTION OF HYDRODYNAMIC LOADS ON A FLEXIBLE BIO-INSPIRED UNDERWATER PROPULSOR USING PHYSICAL RESERVOIR COMPUTING,2023,,10.1115/SMASIS2023-111137,Physical & Hardware RC,,,,3.5
Sentiment analysis and causal learning of COVID-19 tweets prior to the rollout of vaccines,2023,,10.1371/journal.pone.0277878,Control & Robotics,,,,3.5
An Algorithm for Two-Dimensional Pattern Detection by Combining Echo State Network-based Weak Classifiers,2023,,10.1109/IRC59093.2023.00008,Nonlinear Dynamics & Chaos,,,,0.0
2D-Material-Based Volatile and Nonvolatile Memristive Devices for Neuromorphic Computing,2023,,10.1021/acsmaterialslett.2c01026,Physical & Hardware RC,,,,23.0
Non-linear processing with a surface acoustic wave reservoir computer,2023,,10.1007/s00542-023-05463-4,General RC / ESN Methods,,,,4.5
Computational capability for physical reservoir computing using a spin-torque oscillator with two free layers,2023,,10.1103/PhysRevB.107.054406,Nonlinear Dynamics & Chaos,,,,9.0
Time-shift selection for reservoir computing using a rank-revealing QR algorithm,2023,,10.1063/5.0141251,Photonics & Optics,,,,3.0
Distributed optical fiber vibration sensing implemented with delayed feedback reservoir computing,2023,,10.1016/j.optlastec.2023.109244,Photonics & Optics,,,,5.0
Silicon Photonic Delay-Based Reservoir Computing Incorporated with a Multimode Interference Structure,2023,,10.1049/icp.2023.2292,Photonics & Optics,,,,1.0
Time series prediction with input noise based on the ESN and the EM and its industrial applications,2023,,10.1016/j.eswa.2023.119591,Nonlinear Dynamics & Chaos,,,,5.0
Reviving the Dynamics of Attacked Reservoir Computers,2023,,10.3390/e25030515,Mathematics & Theory,,,,1.5
Weighted error-output recurrent echo kernel state network for multi-step water level prediction,2023,,10.1016/j.asoc.2023.110131,Climate & Earth Sciences,,,,6.0
Health evaluation of power transformer using deep learning neural network,2023,,10.1016/j.epsr.2022.109016,General RC / ESN Methods,,,,19.5
Scalable Photonic Platform for Real-Time Quantum Reservoir Computing,2023,,10.1103/PhysRevApplied.20.014051,Photonics & Optics,,,,19.5
t-ConvESN: Temporal Convolution-Readout for Random Recurrent Neural Networks,2023,,10.1007/978-3-031-44223-0_12,Physical & Hardware RC,,,,0.0
A Deep Echo State Network-Based Novel Signal Processing Approach for Underwater Wireless Optical Communication System with PAM and OFDM Signals,2023,,10.3390/photonics10070763,Signal Processing & Comms,,,,1.0
Path integral approach to universal dynamics of reservoir computers,2023,,10.1103/PhysRevE.107.034306,Nonlinear Dynamics & Chaos,,,,0.5
Exploring the Robustness of Magnetic Ring Arrays Reservoir Computing with Linear Field Calibration,2023,,10.1007/978-3-031-34034-5_7,General RC / ESN Methods,,,,0.0
Evolutionary Optimization Algorithm with Deep Echo State Network for Anomaly Detection on Secure Cloud Computing Environment,2023,,10.14445/23488379/IJEEE-V10I4P105,General RC / ESN Methods,,,,0.5
Reservoir Computing Utilizing Ferroelectric-Gate-Insulator FETs and Capacitors,2023,,10.1109/ICICDT59917.2023.10332331,Physical & Hardware RC,,,,1.0
A Bio-Inspired Model for Audio Processing,2023,,10.1109/RIVF60135.2023.10471845,Signal Processing & Comms,,,,0.0
Comparing Reservoir Artificial and Spiking Neural Networks in Machine Fault Detection Tasks,2023,,10.3390/bdcc7020110,Neuroscience & Comp. Neuro,,,,4.5
Mechanism for Enhancement of Functionality in Deep Echo State Network by Optimizing Leaking Rate,2023,,10.1109/ICETCI58599.2023.10331600,Mathematics & Theory,,,,2.5
Predicting solutions of the stochastic fractional order dynamical system using machine learning,2023,,10.1016/j.taml.2023.100433,Nonlinear Dynamics & Chaos,,,,2.0
Phase vs. Intensity Encoding in an Experimental Time Delay Reservoir Computing Scheme,2023,,,General RC / ESN Methods,,,,0.0
Noise resistance of next-generation reservoir computing: a comparative study with high-order correlation computation,2023,,10.1007/s11071-023-08592-7,Next-Gen RC,,,,5.5
Research on Spatio-temporal Charging Load Prediction and Charging Station Planning of Urban Electrical Vehicles; [城市 EV 时空充电负荷预测及充电站规划研究],2023,,10.19725/j.cnki.1007-2322.2021.0251,General RC / ESN Methods,,,,2.5
Stability analysis of chaotic systems from data,2023,,10.1007/s11071-023-08285-1,Nonlinear Dynamics & Chaos,,,,11.5
Theoretical Foundation and Design Guideline for Reservoir Computing-Based MIMO-OFDM Symbol Detection,2023,,10.1109/TCOMM.2023.3263874,Mathematics & Theory,,,,4.0
Performance Assessment of Joint Optical-Digital Nonlinearity Mitigation Schemes in Long-Haul Systems,2023,,10.1109/LPT.2023.3268735,Photonics & Optics,,,,0.5
Data-informed reservoir computing for efficient time-series prediction,2023,,10.1063/5.0152311,Nonlinear Dynamics & Chaos,,,,14.5
Load Forecast of Rail Transit Power System Based on Dropout Echo State Network,2023,,10.1109/ICEI60179.2023.00063,Mathematics & Theory,,,,0.5
Limitations of the Recall Capabilities in Delay-Based Reservoir Computing Systems,2023,,10.1007/s12559-020-09733-5,Nonlinear Dynamics & Chaos,,,,9.5
Investigation of a Photonic Reservoir Computing based Equalizer for Short Reach Applications,2023,,,Photonics & Optics,,,,0.0
Reservoir computing with optofluidic nonlinearity and short-term memory,2023,,10.1117/12.2673205,Photonics & Optics,,,,0.0
A Reservoir Computing Approach to Word Sense Disambiguation,2023,,10.1007/s12559-020-09758-w,Neuroscience & Comp. Neuro,,,,1.0
Research on predictive control of energy saving for central heating based on echo state network,2023,,10.1016/j.egyr.2023.02.065,General RC / ESN Methods,,,,3.0
In materia implementation strategies of physical reservoir computing with memristive nanonetworks,2023,,10.1088/1361-6463/acb7ff,Physical & Hardware RC,,,,17.0
Deep echo state networks in data marketplaces,2023,,10.1016/j.mlwa.2023.100456,General RC / ESN Methods,,,,1.0
Precipitation forecast in China based on reservoir computing,2023,,10.1140/epjs/s11734-022-00693-5,Climate & Earth Sciences,,,,1.5
Representation and Classification of Echo State Network Models for Multivariate Time Series; [多元时间序列的回声状态网络模型表达与分类],2023,,10.3778/j.issn.1002-8331.2204-0344,General RC / ESN Methods,,,,0.5
Decision-making based on an improved visual analytics approach for emotion prediction,2023,,10.3233/IDT-220263,Signal Processing & Comms,,,,3.5
Reservoir Computing for Dispersion Compensation in IMDD Transmission,2023,,10.1109/ACP/POEM59049.2023.10369307,Photonics & Optics,,,,0.5
User trajectory prediction in mobile wireless networks using quantum reservoir computing,2023,,10.1049/qtc2.12061,Quantum RC,,,,4.5
Advanced neuromorphic models,2023,,10.1016/B978-0-323-98829-2.00003-7,Physical & Hardware RC,,,,0.5
Efficient Neuromorphic Reservoir Computing Using Optoelectronic Memristors for Multivariate Time Series Classification,2023,,10.1142/S0218127423500761,Physical & Hardware RC,,,,0.5
A 65 nm 12.92-nJ/Inference Mixed-Signal Neuromorphic Processor for Image Classification,2023,,10.1109/TCSII.2023.3252501,Physical & Hardware RC,,,,5.0
Enhancing EEG-based emotion recognition using PSD-Grouped Deep Echo State Network,2023,,10.3897/jucs.98789,General RC / ESN Methods,,,,4.0
Perspective on unconventional computing using magnetic skyrmions,2023,,10.1063/5.0148469,Nonlinear Dynamics & Chaos,,,,20.0
Deriving task specific performance from the information processing capacity of a reservoir computer,2023,,10.1515/nanoph-2022-0415,Mathematics & Theory,,,,16.0
Noncooperative Game-Based Cooperative Maneuvering of Intelligent Surface Vehicles via Accelerated Learning-Based Neural Predictors,2023,,10.1109/TIV.2022.3222009,Mathematics & Theory,,,,17.5
CMOS-based area-and-power-efficient neuron and synapse circuits for time-domain analog spiking neural networks,2023,,10.1063/5.0136627,Physical & Hardware RC,,,,16.0
Photonic reservoir computing enabled by stimulated Brillouin scattering,2023,,10.1364/OE.489057,Photonics & Optics,,,,9.0
Remarks on an Echo State Network-Based Optimal Predictive Control Using a Metaheuristics Optimisation Approach,2023,,10.1109/M2VIP58386.2023.10413423,Control & Robotics,,,,0.0
A Novel Approach of ESN Reservoir Structure Learning for Improved Predictive Performance,2023,,10.1109/ISCC58397.2023.10218132,General RC / ESN Methods,,,,1.5
Active and Passive Smart Structures and Integrated Systems XVII,2023,,,Control & Robotics,,,,0.0
Dynamic FET-based memristor with relaxor antiferroelectric HfO2 gate dielectric for fast reservoir computing,2023,,10.1016/j.mtnano.2023.100357,Physical & Hardware RC,,,,10.5
Echo State Network Based Nonlinear Equalization for 4.6 km 135 GHz D-Band Wireless Transmission,2023,,10.1109/JLT.2022.3220570,Signal Processing & Comms,,,,8.0
Industrial robot end effector pose repeatability test based on IGCF and CSF-PPSO-ESN algorithm; [基于 IGCF 算法和 CSF-PPSO-ESN 算法的工业机器人末端执行器位姿重复性检测],2023,,10.19650/j.cnki.cjsi.J2311222,Control & Robotics,,,,1.0
Transfer Learning for Computational Chaos System Based on Pool,2023,,10.1007/978-981-99-2730-2_30,Nonlinear Dynamics & Chaos,,,,0.0
Physical reservoir-based structural health monitoring: a preliminary study,2023,,10.1117/12.2658742,Physical & Hardware RC,,,,0.0
Reservoir computing and photoelectrochemical sensors: A marriage of convenience,2023,,10.1016/j.ccr.2023.215155,Control & Robotics,,,,19.5
PREDICTION OF IMPACT RESISTANCE OF OFFSHORE WIND TURBINE BASED ON AO-ESN; [基于 AO-ESN 的海上风电机组接地电阻预测],2023,,10.19912/j.0254-0096.tynxb.2022-1107,General RC / ESN Methods,,,,1.0
Model-free forecasting of partially observable spatiotemporally chaotic systems,2023,,10.1016/j.neunet.2023.01.013,Nonlinear Dynamics & Chaos,,,,4.0
Integration of novel uncertainty models construction of college art and art design teaching system based on big data analysis,2023,,10.1016/j.ijleo.2022.170319,Signal Processing & Comms,,,,3.0
PHOTONIC RESERVOIR COMPUTING FOR ENERGY EFFICIENT AND VERSATILE MACHINE LEARNING APPLICATION,2023,,10.1071/RS23006,Photonics & Optics,,,,0.5
Multistep-Ahead Chaotic Time Series Prediction Based on Hierarchical Echo State Network with Augmented Random Features,2023,,10.1109/TCDS.2022.3176888,Nonlinear Dynamics & Chaos,,,,2.5
Photonic delay-based reservoir computers as deep neural network preprocessors,2023,,10.1109/CLEO/EUROPE-EQEC57999.2023.10232037,Photonics & Optics,,,,0.0
Dynamics reconstruction in the presence of bistability by using reservoir computer,2023,,10.1016/j.chaos.2023.113523,Nonlinear Dynamics & Chaos,,,,3.5
Integrated programmable spectral filter for frequency-multiplexed neuromorphic computers,2023,,10.1364/OE.489246,Photonics & Optics,,,,3.5
Reservoir computing reduced-order model based on particle image velocimetry data of post-stall flow,2023,,10.1063/5.0150947,General RC / ESN Methods,,,,1.5
Numerical Analysis Considering Modal Mixing for Multimode-Interference-Based Photonic Reservoir Computing,2023,,10.1109/PSC57974.2023.10297154,Photonics & Optics,,,,0.5
GWO-KGC: A Novel Time Series Causal Analysis Scheme,2023,,10.1109/SAFEPROCESS58597.2023.10295719,General RC / ESN Methods,,,,0.0
A new paradigm of reservoir computing exploiting hydrodynamics,2023,,10.1063/5.0157919,Climate & Earth Sciences,,,,6.5
Machine learning based prediction of phase ordering dynamics,2023,,10.1063/5.0156611,Nonlinear Dynamics & Chaos,,,,6.0
Echo State Network-Based Adaptive Event-Triggered Control for Stochastic Nonaffine Systems with Actuator Hysteresis,2023,,10.3390/math11081884,Control & Robotics,,,,0.0
Multi-Tasking Memcapacitive Networks,2023,,10.1109/JETCAS.2023.3235242,Neuroscience & Comp. Neuro,,,,3.0
Physical reservoir computing utilizing voltage controlled magnetic anisotropy effect,2023,,10.1109/INTERMAGShortPapers58606.2023.10228213,Physical & Hardware RC,,,,0.0
Time Series Kernels based on Nonlinear Vector AutoRegressive Delay Embeddings,2023,,,General RC / ESN Methods,,,,1.0
On Reservoir Computing Approach for Digital Image Encryption and Forecasting of Hyperchaotic Finance Model,2023,,10.3390/fractalfract7040282,Nonlinear Dynamics & Chaos,,,,1.5
Effective and Efficient Structural Inference with Reservoir Computing,2023,,,General RC / ESN Methods,,,,4.0
Application of Augmented Echo State Networks and Genetic Algorithm to Improve Short-Term Wind Speed Forecasting,2023,,10.3390/en16062635,Climate & Earth Sciences,,,,0.5
CMOS MEMS Resonator for Physical Reservoir Computing,2023,,10.1109/SENSORS56945.2023.10325281,Physical & Hardware RC,,,,2.0
Handwritten Digits Recognition Based on a Parallel Optoelectronic Time-Delay Reservoir Computing System,2023,,10.3390/photonics10030236,Photonics & Optics,,,,5.5
Implementing associative memories by Echo State Network for the applications of natural language processing,2023,,10.1016/j.mlwa.2023.100449,General RC / ESN Methods,,,,2.5
Echo State Networks: Novel reservoir selection and hyperparameter optimization model for time series forecasting,2023,,10.1016/j.neucom.2023.126317,General RC / ESN Methods,,,,13.5
Bioinspired In-Sensor Reservoir Computing for Self-Adaptive Visual Recognition with Two-Dimensional Dual-Mode Phototransistors,2023,,10.1002/adom.202300271,Photonics & Optics,,,,12.5
Transmission Optimization Method for Wireless Sensor Networks Based on Combination Prediction and Threshold Adjustment,2023,,10.1109/CAC59555.2023.10451052,Signal Processing & Comms,,,,0.5
Spike-train level supervised learning algorithm based on bidirectional modification for liquid state machines,2023,,10.1007/s10489-022-04152-5,Neuroscience & Comp. Neuro,,,,1.5
Asynchronous photonic time-delay reservoir computing,2023,,10.1364/OE.478728,Photonics & Optics,,,,15.0
RC-MHM: reservoir computing with a 2D memristive hyperchaotic map,2023,,10.1140/epjs/s11734-023-00773-0,Nonlinear Dynamics & Chaos,,,,4.0
Spatio-Temporal ESN-based Model for Predicting Water Level in Yangtze River,2023,,10.1109/ICITEE59582.2023.10317663,Climate & Earth Sciences,,,,1.5
Using echo state networks to inform physical models for fire front propagation,2023,,10.1016/j.spasta.2023.100732,Control & Robotics,,,,6.5
Evolutionary Multi-Objective Quantization of Randomization-Based Neural Networks,2023,,10.1109/SSCI52147.2023.10371852,General RC / ESN Methods,,,,0.5
Optimizing Reservoir Computing Based on an Alternating Input-Driven Spin-Torque Oscillator,2023,,10.1103/PhysRevApplied.20.024069,Nonlinear Dynamics & Chaos,,,,4.5
"Physical Reservoir Computing Using Nonlinear MEMS Resonator Having High Memory Capacity at ""Edge of Chaos""",2023,,10.1109/MEMS49605.2023.10052286,Nonlinear Dynamics & Chaos,,,,5.0
In-Materio Reservoir Devices Made of Random Network of Nanomaterials for Application to Smart Sensors and Autonomous Robotics,2023,,10.23919/SNW57900.2023.10183926,Control & Robotics,,,,0.0
Compensation of Optical Nonlinear Waveform Distortion Using DSP-Based Reservoir Computing with Tapped Delay Lines,2023,,10.1109/OECC56963.2023.10209612,Photonics & Optics,,,,1.5
Reservoir Computing for Symbol Detection of Optical Wireless Scattering Communications,2023,,10.1109/IJCNN54540.2023.10191220,Photonics & Optics,,,,0.0
Reservoir based spiking models for univariate Time Series Classification,2023,,10.3389/fncom.2023.1148284,Neuroscience & Comp. Neuro,,,,6.5
Hierarchical plasticity echo state network for chaotic time series prediction; [基于层次化可塑性回声状态网络的混沌时间序列预测],2023,,10.13195/j.kzyjc.2021.0773,Nonlinear Dynamics & Chaos,,,,2.0
Identification of distorted optical signals based on reservoir computing,2023,,10.1117/12.2667153,Photonics & Optics,,,,0.0
Multi-objective sparse echo state network,2023,,10.1007/s00521-022-07711-6,Mathematics & Theory,,,,1.5
"Data Decomposition, Seasonal Adjustment Method and Machine Learning Combined for Runoff Prediction: A Case Study",2023,,10.1007/s11269-022-03389-6,General RC / ESN Methods,,,,10.0
Integrating Complex Valued Hyperdimensional Computing with Modular Artificial Neural Networks,2023,,10.1117/12.2664585,Physical & Hardware RC,,,,1.0
Leaky Echo State Network for Audio Classification in Construction Sites,2023,,10.1007/978-981-99-3592-5_18,Signal Processing & Comms,,,,2.0
Edge Computing Based Traffic Identification in Elastic Optical Networks for Smart Power Grid,2023,,10.1109/EEI59236.2023.10212963,Photonics & Optics,,,,0.5
Limit Cycle Generation with Pneumatically Driven Physical Reservoir Computing,2023,,10.1109/ICRA48891.2023.10161315,Physical & Hardware RC,,,,1.5
Re-visiting Reservoir Computing Architectures Optimized by Evolutionary Algorithms,2023,,10.1007/978-3-031-27524-1_81,Nonlinear Dynamics & Chaos,,,,0.0
Impact of filtering on photonic time-delay reservoir computing,2023,,10.1063/5.0127661,Photonics & Optics,,,,6.5
Adaptive Model for Industrial Systems Using Echo State Networks,2023,,10.1007/978-3-031-34204-2_31,General RC / ESN Methods,,,,1.0
Residual Reservoir Computing Neural Networks for Time-series Classification,2023,,10.14428/esann/2023.ES2023-112,General RC / ESN Methods,,,,2.5
Controlling dynamical systems to complex target states using machine learning: next-generation vs. classical reservoir computing,2023,,10.1109/IJCNN54540.2023.10191257,Nonlinear Dynamics & Chaos,,,,2.0
Efficient Reservoir Computing by Nonlinearly Coupled Piezoelectric MEMS Resonators,2023,,,General RC / ESN Methods,,,,3.0
Richness of Node Embeddings in Graph Echo State Networks,2023,,10.14428/esann/2023.ES2023-51,Signal Processing & Comms,,,,1.0
Criminal Law Risk Management and Prediction Method based on Echo State Network,2023,,10.14569/IJACSA.2023.0140778,General RC / ESN Methods,,,,0.0
"21st IEEE Interregional NEWCAS Conference, NEWCAS 2023 - Proceedings",2023,,,Physical & Hardware RC,,,,0.0
Learning-Based Artificial Algae Algorithm with Optimal Machine Learning Enabled Malware Detection,2023,,10.32604/csse.2023.034034,General RC / ESN Methods,,,,1.0
Forecasting Solar Cycle 25 with Physical Model-Validated Recurrent Neural Networks,2023,,10.1007/s11207-022-02104-3,Climate & Earth Sciences,,,,6.5
Photonic Reservoir Computing for Wavelength Multiplexed Nonlinear Fiber Distortion Mitigation,2023,,10.1109/SiPhotonics55903.2023.10141896,Photonics & Optics,,,,0.0
Multimodal Learning of Audio-Visual Speech Recognition with Liquid State Machine,2023,,10.1007/978-981-99-1645-0_46,Signal Processing & Comms,,,,2.5
Reservoir Computing Model for Human Hand Locomotion Signal Classification,2023,,10.1109/ACCESS.2023.3247631,Control & Robotics,,,,8.0
Android Malware Detection via Deep learning Approach,2023,,10.1109/IMSA58542.2023.10217474,Control & Robotics,,,,1.5
Biomedical Image Analysis for Colon and Lung Cancer Detection Using Tuna Swarm Algorithm with Deep Learning Model,2023,,10.1109/ACCESS.2023.3309711,General RC / ESN Methods,,,,34.5
Design and Optimization of Liquid State Machine for Handwritten Digit Recognition,2023,,10.1117/12.2674158,Neuroscience & Comp. Neuro,,,,2.0
Delay-Sensitive Local Plasticity in Echo State Networks,2023,,10.1109/IJCNN54540.2023.10191901,Neuroscience & Comp. Neuro,,,,1.0
Epilepsy Prediction Using Time Series Classifiers,2023,,10.1007/978-981-19-2225-1_3,General RC / ESN Methods,,,,0.0
Using Connectome Features to Constrain Echo State Networks,2023,,10.1109/IJCNN54540.2023.10191832,Nonlinear Dynamics & Chaos,,,,2.5
Renewable Energy Systems Energy Modeling using Deep Learning Techniques,2023,,10.1109/INOCON57975.2023.10101286,General RC / ESN Methods,,,,2.5
A Cerebellum-Inspired Model-Free Kinematic Control Method with RCM Constraint,2023,,10.1007/978-3-031-30108-7_12,Neuroscience & Comp. Neuro,,,,0.0
Parallel Photonic Reservoir Computing Based on Wavelength Multiplexing,2023,,10.1109/SUM57928.2023.10224364,Photonics & Optics,,,,0.0
Deep-Chain Echo State Network With Explainable Temporal Dependence for Complex Building Energy Prediction,2023,,10.1109/TII.2022.3194842,General RC / ESN Methods,,,,11.5
Deep Echo State Networks for Detecting Internet Worm and Ransomware Attacks,2023,,10.1109/ISCAS46773.2023.10182056,Control & Robotics,,,,4.0
Photonic reservoir computing with a silica microsphere cavity,2023,,10.1364/OL.495073,Photonics & Optics,,,,8.0
Real-Time Photonic Deep Reservoir Computing for Speech Recognition,2023,,10.1109/IJCNN54540.2023.10191786,Photonics & Optics,,,,3.0
Non-Standard Echo State Networks for Video Door State Monitoring,2023,,10.1109/IJCNN54540.2023.10191096,Signal Processing & Comms,,,,0.0
Reservoir Computing and Task Performing through Using High-β Lasers with Delayed Optical Feedback,2023,,10.2528/PIER23040401,Photonics & Optics,,,,6.0
Artificial Intelligence Using Complex Photonics: Decision Making and Reservoir Computing,2023,,10.23919/OFC49934.2023.10116363,Photonics & Optics,,,,0.0
A Survey on Reservoir Computing and its Interdisciplinary Applications beyond Traditional Machine Learning,2023,,10.1109/ACCESS.2023.3299296,Neuroscience & Comp. Neuro,,,,24.5
High Density Photonic Reservoir Computing using Optical Fiber and Polymer Waveguide,2023,,10.1109/ECTC51909.2023.00321,Photonics & Optics,,,,0.0
Prediction of Driver's Stress Affection in Simulated Autonomous Driving Scenarios,2023,,10.1109/ICASSPW59220.2023.10193353,Control & Robotics,,,,1.0
Short-term Load Forecasting Based on Echo State Network and LightGBM,2023,,10.1109/PRECEDE57319.2023.10174609,General RC / ESN Methods,,,,4.5
Mosaic LSM: A Liquid State Machine Approach for Multimodal Longitudinal Data Analysis,2023,,10.1109/IJCNN54540.2023.10191256,Neuroscience & Comp. Neuro,,,,1.5
A fast reservoir computing based image encryption algorithm,2023,,10.1109/IJCNN54540.2023.10191083,Nonlinear Dynamics & Chaos,,,,1.0
Enhancing Time Series Forecasting with an Optimized Binary Gravitational Search Algorithm for Echo State Networks,2023,,10.1109/ACCESS.2023.3292543,Nonlinear Dynamics & Chaos,,,,5.0
Reservoir computing using arrayed waveguide grating,2023,,10.1109/OECC56963.2023.10209578,Photonics & Optics,,,,3.5
Better Multi-step Time Series Prediction Using Sparse and Deep Echo State Network,2023,,10.1109/ICCRE57112.2023.10155604,Nonlinear Dynamics & Chaos,,,,1.0
Automatic topology optimization of echo state network based on particle swarm optimization,2023,,10.1016/j.engappai.2022.105574,Nonlinear Dynamics & Chaos,,,,11.0
Performance Improvement of Single-Electron Reservoir Computing Circuit with Multiple-Tunnel-Junction Single Electron Oscillator,2023,,10.23919/SNW57900.2023.10183945,Nonlinear Dynamics & Chaos,,,,0.0
Water outlet temperature prediction method of nuclear power plant based on echo state network with variable memory length,2023,,10.3233/JCM-226735,Climate & Earth Sciences,,,,1.0
PREDICTING STELLAR MASS ACCRETION: AN OPTIMIZED ECHO STATE NETWORK APPROACH IN TIME SERIES MODELING,2023,,10.21105/astro.2302.03742,Nonlinear Dynamics & Chaos,,,,1.5
LiNbO3 dynamic memristors for reservoir computing,2023,,10.3389/fnins.2023.1177118,Physical & Hardware RC,,,,4.0
Time-domain Fading Channel Prediction Based on Spin-wave Reservoir Computing,2023,,10.1109/IJCNN54540.2023.10191175,Physical & Hardware RC,,,,0.0
Benchmarking the Role of Particle Statistics in Quantum Reservoir Computing,2023,,10.1002/qute.202200100,Quantum RC,,,,7.0
"Conference on Artificial Life, ALIFE 2023",2023,,,Control & Robotics,,,,0.0
Learning Theory for Dynamical Systems*,2023,,10.1137/22M1516865,Nonlinear Dynamics & Chaos,,,,5.0
Towards ARSPI-Net: Development of an efficient hybrid deep learning framework,2023,,10.1109/LISAT58403.2023.10179592,Physical & Hardware RC,,,,0.5
Tipping Point Detection Using Reservoir Computing,2023,,10.34133/research.0174,Nonlinear Dynamics & Chaos,,,,8.0
Parallel and deep reservoir computing based on frequency multiplexing,2023,,10.1117/12.2647351,Photonics & Optics,,,,0.5
Reservoir Computing-based Multi-Symbol Equalization for PAM 4 Short-reach Transmission,2023,,10.1364/CLEO_AT.2023.STu4G.3,Signal Processing & Comms,,,,2.5
Research on Ore Processing Quality Prediction Based on XGBoost ESN Method,2023,,10.1109/EEBDA56825.2023.10090546,General RC / ESN Methods,,,,0.0
"2023 8th International Conference on Control and Robotics Engineering, ICCRE 2023",2023,,,Control & Robotics,,,,0.0
“GAS” Instead of “Liquid”: Which Liquid State Machine is Better?,2023,,10.1007/978-3-031-19032-2_49,Neuroscience & Comp. Neuro,,,,0.0
Characterization of multimode linear optical networks,2023,,10.1117/1.APN.2.1.016007,Photonics & Optics,,,,9.0
A Solid Electrolyte ZnO Thin Film Transistor for classification of spoken digits using Reservoir Computing,2023,,10.1109/EDTM55494.2023.10103131,Physical & Hardware RC,,,,1.0
Applications of 3D RRAM beyond Storage,2023,,10.1201/9781003391586-6,Physical & Hardware RC,,,,0.0
"2023 IEEE Photonics Society Summer Topicals Meeting Series, SUM 2023",2023,,,Photonics & Optics,,,,0.0
Noise Impact on a Recurrent Neural Network with a Linear Activation Function,2023,,10.20537/nd230502,General RC / ESN Methods,,,,1.0
Guidelines for choosing hyperparameters of echo state networks for system identification: two case studies,2023,,10.1504/IJMIC.2023.129483,Nonlinear Dynamics & Chaos,,,,0.5
An homeostatic activity-dependent structural plasticity algorithm for richer input combination,2023,,10.1109/IJCNN54540.2023.10191230,Neuroscience & Comp. Neuro,,,,0.5
"ESANN 2023 Proceedings - 31st European Symposium on Artificial Neural Networks, Computational Intelligence and Machine Learning",2023,,,Mathematics & Theory,,,,0.0
Dynamic ensemble deep echo state network for significant wave height forecasting,2023,,10.1016/j.apenergy.2022.120261,General RC / ESN Methods,,,,39.0
EEG Signal Classification using Memristor-based Reservoir Computing System,2023,,10.1109/DCAS57389.2023.10130258,Physical & Hardware RC,,,,1.5
Input–Output-Improved Reservoir Computing Based on Duffing Resonator Processing Dynamic Temperature Compensation for MEMS Resonant Accelerometer,2023,,10.3390/mi14010161,Mathematics & Theory,,,,6.0
In-material reservoir implementation of reservoir-based convolution,2023,,10.1109/ISCAS46773.2023.10181436,Physical & Hardware RC,,,,1.5
Deep Reservoir Computing for 100 Gbaud PAM6 IM/DD Transmission Impairment Mitigation,2023,,10.23919/OFC49934.2023.10116807,Signal Processing & Comms,,,,1.0
Online Adaptation of Robots Controlled by Nanowire Networks: A Preliminary Study,2023,,10.1007/978-3-031-31183-3_14,Control & Robotics,,,,2.0
Evolving Deep Delay Echo State Network for Effluent NH4-N Prediction in Wastewater Treatment Plants,2023,,10.1109/TIM.2023.3273692,Nonlinear Dynamics & Chaos,,,,8.5
Error-output recurrent multi-layer Kernel Reservoir Network for electricity load time series forecasting,2023,,10.1016/j.engappai.2022.105611,Nonlinear Dynamics & Chaos,,,,5.5
Reservoir Splitting method for EEG-based Emotion Recognition,2023,,10.1109/BCI57258.2023.10078629,Signal Processing & Comms,,,,4.5
Functionality of neural dynamics induced by long-tailed synaptic distribution in reservoir computing,2023,,10.1587/nolta.14.342,Neuroscience & Comp. Neuro,,,,2.5
Integrated optical output layer for a reservoir computer based on frequency multiplexing,2023,,10.1117/12.2648744,Photonics & Optics,,,,0.5
Advances and Challenges in Intelligent Optical Computing Based on Laser Cavities; [基 于 激 光 谐 振 腔 的 智 能 光 子 计 算 研 究 进 展 与 挑 战],2023,,10.3788/CJL230475,Photonics & Optics,,,,0.5
Principal Component Modes of Reservoir Dynamics in Reservoir Computing,2023,,10.1007/978-3-031-34171-7_35,Signal Processing & Comms,,,,0.5
A novel hardware-efficient liquid state machine of non-simultaneous CA-based neurons for spatio-temporal pattern recognition,2023,,10.1109/IJCNN54540.2023.10191396,Neuroscience & Comp. Neuro,,,,0.0
AI and Optical Data Sciences IV,2023,,,Photonics & Optics,,,,0.0
Detecting unstable periodic points of chaotic maps by stability transformation of reservoir,2023,,10.1587/nolta.14.334,Nonlinear Dynamics & Chaos,,,,0.0
A biologically-inspired locally-connected spiking network for efficient and robust ground reaction force estimation in a legged robot,2023,,10.1109/IJCNN54540.2023.10191915,Neuroscience & Comp. Neuro,,,,0.0
Efficient Anomaly Detection on Temporal Data via Echo State Networks and Dynamic Thresholding,2023,,,General RC / ESN Methods,,,,0.0
Optimal Frequency Control for Virtual Synchronous Generator Based AC Microgrids via Adaptive Dynamic Programming,2023,,10.1109/TSG.2022.3196412,Control & Robotics,,,,25.0
Combining Multiple Inputs to a Delay-line Reservoir Computer: Control of a Forced Van der Pol Oscillator System,2023,,10.1109/IJCNN54540.2023.10191630,Nonlinear Dynamics & Chaos,,,,0.5
Long-time-constant leaky-integrating oxygen-vacancy drift-diffusion FET for human-interactive spiking reservoir computing,2023,,10.23919/VLSITechnologyandCir57934.2023.10185412,Neuroscience & Comp. Neuro,,,,1.0
Proceedings - ICRA 2023: IEEE International Conference on Robotics and Automation,2023,,,Control & Robotics,,,,0.0
"Excitatory/inhibitory balance emerges as a key factor for RBN performance, overriding attractor dynamics",2023,,10.3389/fncom.2023.1223258,Nonlinear Dynamics & Chaos,,,,1.5
Online spike-based recognition of digits with ultrafast microlaser neurons,2023,,10.3389/fncom.2023.1164472,Photonics & Optics,,,,2.0
Permutation Elementary Cellular Automata: Analysis and Application of Simple Examples,2023,,10.1007/978-3-031-30105-6_27,Physical & Hardware RC,,,,2.5
An Autonomous Self-learning and Self-adversarial Training Neural Architecture for Intelligent and Resilient Cyber Security Systems,2023,,10.1007/978-3-031-34204-2_38,Control & Robotics,,,,1.5
Hybrid-coherent reservoir computing for 200 km PAM-4 transmission links,2023,,10.1117/12.2647823,Photonics & Optics,,,,0.5
Training a neural network to predict dynamics it has never seen,2023,,10.1103/PhysRevE.107.014304,Nonlinear Dynamics & Chaos,,,,6.5
Time-multiplexed Reservoir Computing with Percolating Networks of Nanoparticles,2023,,10.1109/IJCNN54540.2023.10191253,Mathematics & Theory,,,,1.5
MAdapter: A Multimodal Adapter for Liquid State Machines configures the Input Layer for the same Reservoir to enable Vision and Speech Classification,2023,,10.1109/IJCNN54540.2023.10191376,Neuroscience & Comp. Neuro,,,,1.0
"On-line Learning, Classification and Interpretation of Brain Signals using 3D SNN and ESN",2023,,10.1109/IJCNN54540.2023.10191974,Neuroscience & Comp. Neuro,,,,3.5
A Spatio-Temporal Event Data Augmentation Method for Dynamic Vision Sensor,2023,,10.1007/978-981-99-1645-0_35,Neuroscience & Comp. Neuro,,,,1.5
Choose your tools carefully: a comparative evaluation of deterministic vs. stochastic and binary vs. analog neuron models for implementing emerging computing paradigms,2023,,10.3389/fnano.2023.1146852,Physical & Hardware RC,,,,3.0
Optical Interconnects XXIII,2023,,,Photonics & Optics,,,,0.0
Developmental Graph Cellular Automata,2023,,,Nonlinear Dynamics & Chaos,,,,1.5
Canonical Computations in Cellular Automata and Their Application for Reservoir Computing,2023,,,General RC / ESN Methods,,,,0.0
ESN-Based Control of Bending Pneumatic Muscle with Asymmetric and Rate-Dependent Hysteresis,2023,,10.1007/978-981-99-5844-3_1,Control & Robotics,,,,1.0
Investigation on Dynamics of Echo State Networks,2023,,10.11916/j.issn.1005-9113.2022003,General RC / ESN Methods,,,,0.0
Neural Networks And Ensemble Based Architectures To Automatic Musical Harmonization: A Performance Comparison,2023,,10.1080/08839514.2023.2185849,General RC / ESN Methods,,,,1.5
Knowledge-Aided Sea Clutter Suppression Based on Echo State Network,2023,,10.1109/RadarConf2351548.2023.10149658,Signal Processing & Comms,,,,0.5
Brain-Inspired Spike Echo State Network Dynamics for Aero-Engine Intelligent Fault Prediction,2023,,10.1109/TIM.2023.3273661,Neuroscience & Comp. Neuro,,,,10.5
Remarks on a Nonlinear Model Predictive Control Using an Echo State Network,2023,,10.1109/IS3C57901.2023.00081,Control & Robotics,,,,0.0
A Reservoir Computer-Based Modeling of Hunting Dynamics in Predator-Prey Scenarios,2023,,10.1109/NEWCAS57931.2023.10198154,General RC / ESN Methods,,,,0.0
Improving Fairness via Intrinsic Plasticity in Echo State Networks,2023,,10.14428/esann/2023.ES2023-90,General RC / ESN Methods,,,,0.0
The Effect of System Timescale on Virtual Node Connectivity within Delay-Feedback Reservoirs,2023,,10.1109/IJCNN54540.2023.10191492,General RC / ESN Methods,,,,1.0
Communication-Efficient Ridge Regression in Federated Echo State Networks,2023,,10.14428/esann/2023.ES2023-87,General RC / ESN Methods,,,,0.5
The EsnTorch Library: Efficient Implementation of Transformer-Based Echo State Networks,2023,,10.1007/978-981-99-1648-1_20,General RC / ESN Methods,,,,0.0
A New Distributed Echo State Network Integrated With an Auto-Encoder for Dynamic Soft Sensing,2023,,10.1109/TIM.2022.3228278,General RC / ESN Methods,,,,11.0
Numerical Modelling and Characterization of Active Silicon Ring Resonators,2023,,10.1109/ICTON59386.2023.10207483,Photonics & Optics,,,,1.5
Hafnia-based ferroelectric devices for lower power memory and AI applications,2023,,10.1109/EDTM55494.2023.10102996,Signal Processing & Comms,,,,0.5
Real-world Performance Estimation of Liquid State Machines for Spoken Digit Classification,2023,,10.1109/IJCNN54540.2023.10191451,Signal Processing & Comms,,,,3.0
Enhanced Performance of Reservoir Computing Using Multiple Self-Injection and Mutual Injection VCSELs,2023,,10.1109/JSTQE.2022.3216628,Photonics & Optics,,,,11.5
Multitasking via baseline control in recurrent neural networks,2023,,10.1073/pnas.2304394120,Neuroscience & Comp. Neuro,,,,1.5
GHz Rate Neuromorphic Photonic Spiking Neural Network With a Single Vertical-Cavity Surface-Emitting Laser (VCSEL),2023,,10.1109/JSTQE.2022.3205716,Photonics & Optics,,,,29.0
Echo State Network-Based Content Prediction for Mobile Edge Caching Networks,2023,,10.4018/IJITWE.317219,Control & Robotics,,,,0.5
"2023 Silicon Nanoelectronics Workshop, SNW 2023",2023,,,Nonlinear Dynamics & Chaos,,,,0.0
"CI4PM-PAI 2022 - Joint Proceedings of the 1st International Workshop on Computational Intelligence for Process Mining and the 1st International Workshop on Pervasive Artificial Intelligence, co-located with the IEEE World Congress on Computational Intelligence, WCCI 2022",2023,,,Control & Robotics,,,,0.0
Optimal Excitatory and Inhibitory Balance for High Learning Performance in Spiking Neural Networks with Long-Tailed Synaptic Weight Distributions,2023,,10.1109/IJCNN54540.2023.10191709,Neuroscience & Comp. Neuro,,,,2.0
Optimization of Neural Network-Based Load Forecasting by Means of Whale Optimization Algorithm,2023,,10.1007/978-3-031-24837-5_44,General RC / ESN Methods,,,,0.5
Neuromorphic Computation-in-Memory System (Invited),2023,,10.1109/IRPS48203.2023.10117704,Physical & Hardware RC,,,,0.0
Reconfigurable Resistive Switching Memory for Telegraph Code Sensing and Recognizing Reservoir Computing Systems,2024,,10.1002/smll.202402961,Physical & Hardware RC,,,,7.0
Reservoir computing based encryption-then-compression scheme of image achieving lossless compression,2024,,10.1016/j.eswa.2024.124913,Photonics & Optics,,,,8.0
Contraction and synchronization in reservoir systems,2024,,10.1103/PhysRevE.110.064219,Mathematics & Theory,,,,0.0
Collective dynamics and long-range order in thermal neuristor networks,2024,,10.1038/s41467-024-51254-4,Nonlinear Dynamics & Chaos,,,,11.0
DeepESN Neural Networks for Industrial Predictive Maintenance through Anomaly Detection from Production Energy Data,2024,,10.3390/app14198686,General RC / ESN Methods,,,,13.0
Reservoir computing with a random memristor crossbar array,2024,,10.1088/1361-6528/ad61ee,Physical & Hardware RC,,,,3.0
Prediction-based data collection of UAV-assisted Maritime Internet of Things,2024,,10.1016/j.vehcom.2024.100854,Climate & Earth Sciences,,,,7.0
Self-Rectifying Memristor-Based Reservoir Computing for Real-Time Intrusion Detection in Cybersecurity,2024,,10.1021/acs.nanolett.4c04385,Physical & Hardware RC,,,,11.0
Volatile memory characteristics of CMOS-compatible HZO ferroelectric layer for reservoir computing,2024,,10.1016/j.ceramint.2024.07.035,Neuroscience & Comp. Neuro,,,,10.0
Reconfigurable Selector-Free All-Optical Controlled Neuromorphic Memristor for In-Memory Sensing and Reservoir Computing,2024,,10.1021/acsnano.4c09199,Photonics & Optics,,,,19.0
Convolutional neural network for high-performance reservoir computing using dynamic memristors,2024,,10.1016/j.chaos.2024.115536,Physical & Hardware RC,,,,10.0
Multimodal 2D Ferroelectric Transistor with Integrated Perception-and-Computing-in-Memory Functions for Reservoir Computing,2024,,10.1021/acs.nanolett.4c05071,Physical & Hardware RC,,,,16.0
Erratum: Physical reservoir computing with visible-light signals using dye-sensitized solar cells (Appl. Phys. Express (2024) 17 (097001) DOI: 10.35848/1882-0786/ad7456),2024,,10.35848/1882-0786/ad8c20,Physical & Hardware RC,,,,0.0
Reconfigurable optoelectronic transistors for multimodal recognition,2024,,10.1038/s41467-024-47580-2,Photonics & Optics,,,,89.0
A Near-Infrared Retinomorphic Device with High Dimensionality Reservoir Expression,2024,,10.1002/adma.202411225,Nonlinear Dynamics & Chaos,,,,40.0
Physical Reservoir Computing Using Tellurium-Based Gate-Tunable Artificial Photonic Synapses,2024,,10.1021/acsnano.4c10489,Photonics & Optics,,,,20.0
"Publisher Correction: Overcoming the coherence time barrier in quantum machine learning on temporal data (Nature Communications, (2024), 15, 1, (7491), 10.1038/s41467-024-51162-7)",2024,,10.1038/s41467-024-53536-3,Quantum RC,,,,0.0
Integrated in-memory sensor and computing of artificial vision system based on reversible bonding transition-induced nitrogen-doped carbon quantum dots (N-CQDs),2024,,10.1007/s12274-024-6966-x,Photonics & Optics,,,,4.0
Using reservoir computing to solve FPK equations for stochastic dynamical systems under Gaussian or Non-Gaussian excitation,2024,,10.1016/j.matcom.2024.07.024,Nonlinear Dynamics & Chaos,,,,8.0
Versatile NbOx-Based Volatile Memristor for Artificial Intelligent Applications,2024,,10.1002/adfm.202409436,Physical & Hardware RC,,,,40.0
An explainable echo state network trained from photoplethysmography signals for equine life stage prediction,2024,,10.1007/s00521-024-10285-0,General RC / ESN Methods,,,,1.0
Organic Polymer-Based Photodiodes for Optoelectronic Reservoir Computing with Time-Based Coding,2024,,10.1021/acs.jpclett.4c02571,Photonics & Optics,,,,6.0
Forecasting trends in food security with real time data,2024,,10.1038/s43247-024-01698-9,Climate & Earth Sciences,,,,13.0
Nociceptor-Enhanced Spike-Timing-Dependent Plasticity in Memristor with Coexistence of Filamentary and Non-Filamentary Switching,2024,,10.1002/admt.202400440,Physical & Hardware RC,,,,13.0
Real-time information processing via volatile resistance change in scalable protonic devices,2024,,10.1038/s43246-024-00621-1,Physical & Hardware RC,,,,8.0
From simple to complex: A sequential method for enhancing time series forecasting with deep learning,2024,,10.1093/jigpal/jzae030,General RC / ESN Methods,,,,3.0
Comparison of causality determination techniques in studying Hall-effect thrusters,2024,,10.1007/s44205-024-00084-z,Nonlinear Dynamics & Chaos,,,,1.0
Demonstration of quantum dot reservoir computing based on spatio-temporal optical processing,2024,,10.1364/AO.523828,Photonics & Optics,,,,2.0
A design of machine learning-based adaptive signal processing strategy for ECG signal analysis,2024,,10.1007/s11042-024-18990-7,Signal Processing & Comms,,,,2.0
Chemical process fault detection and trend analysis based on KESN,2024,,10.1002/cjce.25350,General RC / ESN Methods,,,,4.0
Emerging opportunities and challenges for the future of reservoir computing,2024,,10.1038/s41467-024-45187-1,Nonlinear Dynamics & Chaos,,,,264.0
Highly textured CMOS-compatible hexagonal boron nitride-based neuristor for reservoir computing,2024,,10.1016/j.cej.2024.155651,Physical & Hardware RC,,,,4.0
3D-integrated multilayered physical reservoir array for learning and forecasting time-series information,2024,,10.1038/s41467-024-46323-7,Physical & Hardware RC,,,,56.0
Enhanced read resolution in reconfigurable memristive synapses for Spiking Neural Networks,2024,,10.1038/s41598-024-58947-2,Physical & Hardware RC,,,,11.0
A recurrent Gaussian quantum network for online processing of quantum time series,2024,,10.1038/s41598-024-61004-7,Photonics & Optics,,,,2.0
"Echo State Network and Sparrow Search: Echo State Network for Modeling the Monthly River Discharge of the Biggest River in Buzău County, Romania",2024,,10.3390/w16202916,Climate & Earth Sciences,,,,3.0
Connectome-based reservoir computing with the conn2res toolbox,2024,,10.1038/s41467-024-44900-4,Neuroscience & Comp. Neuro,,,,28.0
Micromagnetic analysis of magnetic vortex dynamics for reservoir computing,2024,,10.1088/1361-648X/ad7006,Nonlinear Dynamics & Chaos,,,,2.0
Reservoir computing with generalized readout based on generalized synchronization,2024,,10.1038/s41598-024-81880-3,Nonlinear Dynamics & Chaos,,,,8.0
An experimental demonstration of neuromorphic sensing of chemical species using electro-optical reservoir computing,2024,,10.1038/s41598-024-79395-y,Photonics & Optics,,,,1.0
Photonic deep residual time-delay reservoir computing,2024,,10.1016/j.neunet.2024.106575,Photonics & Optics,,,,16.0
Microwave signal processing using an analog quantum reservoir computer,2024,,10.1038/s41467-024-51161-8,Quantum RC,,,,17.0
MEMS reservoir computing system with stiffness modulation for multi-scene data processing at the edge,2024,,10.1038/s41378-024-00701-9,Signal Processing & Comms,,,,19.0
Data-driven computation of adjoint sensitivities without adjoint solvers: An application to thermoacoustics,2024,,10.1103/PhysRevFluids.9.103902,Nonlinear Dynamics & Chaos,,,,2.0
ANALYSIS OF HUMAN BIOMECHANICAL CHARACTERISTICS IN SPRINT SPORTS,2024,,10.1142/S0219519424400803,General RC / ESN Methods,,,,0.0
Synchronization of non-smooth chaotic systems via an improved reservoir computing,2024,,10.1038/s41598-023-50690-4,Nonlinear Dynamics & Chaos,,,,7.0
Significant improvement of chaotic synchronization quality of two polarization components emitted by an optically pumped spin- VCSEL using wavelet decomposition in photonic reservoir computers,2024,,10.1016/j.optcom.2024.130907,Photonics & Optics,,,,4.0
State-of-health estimation of lithium-ion batteries using multiple correlation analysis-based feature screening and optimizing echo state networks with the weighted mean of vectors,2024,,10.1016/j.jpowsour.2024.235482,General RC / ESN Methods,,,,11.0
An ensemble of artificial neural network models to forecast hourly energy demand,2024,,10.1007/s11081-024-09883-7,General RC / ESN Methods,,,,10.0
Extrapolating tipping points and simulating non-stationary dynamics of complex systems using efficient machine learning,2024,,10.1038/s41598-023-50726-9,Nonlinear Dynamics & Chaos,,,,10.0
Weighted error-output recurrent Xavier echo state network for concept drift handling in water level prediction,2024,,10.1016/j.asoc.2024.112055,General RC / ESN Methods,,,,7.0
Multi-module echo state network with variable skip length for chaotic time series prediction,2024,,10.1016/j.asoc.2024.112441,Nonlinear Dynamics & Chaos,,,,4.0
Transitions in echo index and dependence on input repetitions,2024,,10.1016/j.physd.2024.134277,Mathematics & Theory,,,,0.0
Wind Speed Prediction Model Based on Variational Mode Decomposition and Whale Optimization Algorithm Optimized Echo State Network; [基于变分模态分解与鲸鱼算法优化回声状态网络的风速预测模型],2024,,10.3969/j.issn.1004-1699.2024.10.014,Climate & Earth Sciences,,,,1.0
Dynamical systems-inspired machine learning methods for drought prediction,2024,,10.1016/j.ecoinf.2024.102889,Nonlinear Dynamics & Chaos,,,,2.0
Reservoir direct feedback alignment: deep learning by physical dynamics,2024,,10.1038/s42005-024-01895-0,Nonlinear Dynamics & Chaos,,,,6.0
Analog reservoir computing via ferroelectric mixed phase boundary transistors,2024,,10.1038/s41467-024-53321-2,Physical & Hardware RC,,,,49.0
Enhanced predictive capability for chaotic dynamics by modified quantum reservoir computing,2024,,10.1103/PhysRevResearch.6.043183,Quantum RC,,,,2.0
Parylene-MoOx crossbar memristors as a volatile reservoir and non-volatile readout: a homogeneous reservoir computing system,2024,,10.1039/d4nr03368j,Physical & Hardware RC,,,,18.0
A deep echo-like spiking neural P systems for time series prediction,2024,,10.1016/j.knosys.2024.112560,Nonlinear Dynamics & Chaos,,,,5.0
Detecting dynamical causality via intervened reservoir computing,2024,,10.1038/s42005-024-01730-6,General RC / ESN Methods,,,,8.0
Learning reservoir dynamics with temporal self-modulation,2024,,10.1038/s42005-023-01500-w,Signal Processing & Comms,,,,13.0
K-order echo-type spiking neural P systems for time series forecasting,2024,,10.1016/j.neucom.2024.128613,Neuroscience & Comp. Neuro,,,,4.0
Self-rectifying NiOX/WOX heterojunction synaptic memristor for crossbar architectured reservoir computing system,2024,,10.1016/j.jallcom.2024.175644,Physical & Hardware RC,,,,5.0
A photonic integrated chip for distinguishing the optical wave packets based on a neural-network,2024,,10.1016/j.rinp.2024.107982,Photonics & Optics,,,,3.0
Improved long-term prediction of chaos using reservoir computing based on stochastic spin-orbit torque devices,2024,,10.1063/5.0231863,Nonlinear Dynamics & Chaos,,,,1.0
Dynamic FeOx/FeWOx nanocomposite memristor for neuromorphic and reservoir computing,2024,,10.1039/d4nr03762f,Physical & Hardware RC,,,,14.0
Towards mixed physical node reservoir computing: light-emitting synaptic reservoir system with dual photoelectric output,2024,,10.1038/s41377-024-01516-z,Neuroscience & Comp. Neuro,,,,28.0
Harnessing synthetic active particles for physical reservoir computing,2024,,10.1038/s41467-024-44856-5,Physical & Hardware RC,,,,19.0
"Correction to: Emerging opportunities and challenges for the future of reservoir computing (Nature Communications, (2024), 15, 1, (2056), 10.1038/s41467-024-45187-1)",2024,,10.1038/s41467-024-54397-6,Physical & Hardware RC,,,,3.0
Machine Learning of Nonlinear Dynamical Systems with Control Parameters Using Feedforward Neural Networks,2024,,10.7566/JPSJ.93.105001,Nonlinear Dynamics & Chaos,,,,1.0
Twinning quality sensors in wastewater treatment process via optimized echo state network-based soft sensors,2024,,10.1016/j.asoc.2024.111977,Nonlinear Dynamics & Chaos,,,,8.0
Across Trials vs Subjects vs Contexts: A Multi-Reservoir Computing Approach for EEG Variations in Emotion Recognition,2024,,10.1145/3678957.3685730,Signal Processing & Comms,,,,3.0
Thermally Stable Ag2Se Nanowire Network as an Effective In-Materio Physical Reservoir Computing Device,2024,,10.1002/aelm.202400443,Physical & Hardware RC,,,,11.0
Integrated laser graded neuron enabling high-speed reservoir computing without a feedback loop,2024,,10.1364/OPTICA.537231,Photonics & Optics,,,,21.0
Highly dispersive multiplexed micromechanical device array for spatially resolved sensing and actuation,2024,,10.1038/s41378-024-00816-z,General RC / ESN Methods,,,,5.0
"Accurate identification of salt domes using deep learning techniques: Transformers, generative artificial intelligence and liquid state machines",2024,,10.1111/1365-2478.13603,Climate & Earth Sciences,,,,0.0
Memory–Non-Linearity Trade-Off in Distance-Based Delay Networks,2024,,10.3390/biomimetics9120755,Mathematics & Theory,,,,0.0
Enhanced multi-step streamflow series forecasting using hybrid signal decomposition and optimized reservoir computing models,2024,,10.1016/j.eswa.2024.124856,Next-Gen RC,,,,39.0
Minimal model for reservoir computing,2024,,10.1016/j.physd.2024.134360,Nonlinear Dynamics & Chaos,,,,0.0
Leaky 2T Dynamic Random-Access Memory Devices Based on Nanometer-Thick Indium-Gallium−Zinc-Oxide Films for Reservoir Computing,2024,,10.1021/acsanm.4c04501,Physical & Hardware RC,,,,5.0
Time-series prediction with integrated photonic reservoir computing (invited); [基于集成光子储备池的时间序列任务预测 (特邀)],2024,,10.3788/IRLA20240308,Photonics & Optics,,,,3.0
A chaotic time series prediction model based on the improved dung beetle optimizer and echo state network,2024,,10.1088/1402-4896/ad8280,Nonlinear Dynamics & Chaos,,,,1.0
Reservoir Computing System with Diverse Input Patterns in HfAlO-Based Ferroelectric Memristor,2024,,10.1021/acsami.4c14910,Physical & Hardware RC,,,,13.0
Nonlinear memristor model with exact solution allows for ex situ reservoir computing training and in situ inference,2024,,10.1039/d4nr03439b,Physical & Hardware RC,,,,4.0
Universal scaling between wave speed and size enables nanoscale high-performance reservoir computing based on propagating spin-waves,2024,,10.1038/s44306-024-00008-5,Physical & Hardware RC,,,,10.0
Remaining Useful Life Prediction Algorithm for Rolling Bearing in the Early Stage,2024,,10.19678/j.issn.1000-3428.0068624,General RC / ESN Methods,,,,1.0
Nitrogen doping effect on InGaZnO-based artificial synapse for implementing reservoir computing and SVHN dataset pattern recognition,2024,,10.1016/j.nanoen.2024.110015,Physical & Hardware RC,,,,18.0
Enhanced chaotic communication with machine learning,2024,,10.1063/5.0237990,Nonlinear Dynamics & Chaos,,,,2.0
Time-Series Forecasting and Sequence Learning Using Memristor-based Reservoir System,2024,,10.1145/3703446,Physical & Hardware RC,,,,4.0
Hidden data recovery using reservoir computing: Adaptive network model and experimental brain signals,2024,,10.1063/5.0223184,Nonlinear Dynamics & Chaos,,,,12.0
"Correction to: Achieving liquid processors by colloidal suspensions for reservoir computing (Communications Materials, (2024), 5, 1, (199), 10.1038/s43246-024-00653-7)",2024,,10.1038/s43246-024-00685-z,General RC / ESN Methods,,,,0.0
Thresholding Computing with Heterogeneous Integration of Memristive Kernel with Metal-Oxide-Semiconductor Capacitor for Temporal Data Analysis,2024,,10.1002/adma.202410432,Physical & Hardware RC,,,,4.0
Prediction of chaotic dynamics and extreme events: A recurrence-free quantum reservoir computing approach,2024,,10.1103/PhysRevResearch.6.043082,Quantum RC,,,,19.0
Neural networks with quantum states of light,2024,,10.1098/rsta.2023.0346,Photonics & Optics,,,,1.0
Physical Reservoir Computing Utilizing Ion-Gating Transistors Operating in Electric Double Layer and Redox Mechanisms,2024,,10.1002/aelm.202400625,Physical & Hardware RC,,,,11.0
Physical reservoir computing: a tutorial,2024,,10.1007/s11047-024-09997-y,Physical & Hardware RC,,,,20.0
Integrated Bionic Human Retina Process and In-Sensor RC System Based on 2D Retinomorphic Memristor Array,2024,,10.1002/adfm.202406547,Photonics & Optics,,,,19.0
Birdlike broadband neuromorphic visual sensor arrays for fusion imaging,2024,,10.1038/s41467-024-52563-4,Physical & Hardware RC,,,,47.0
Echo State Network-Based Estimation of Photoplethysmography Sensor-To-Skin Contact Force,2024,,10.12693/APhysPolA.146.369,General RC / ESN Methods,,,,0.0
Emerging Spatiotemporal Dynamics in Multiterminal Neuromorphic Nanowire Networks Through Conductance Matrices and Voltage Maps,2024,,10.1002/aelm.202400750,Physical & Hardware RC,,,,9.0
Research on a semi-supervised soft sensor modelling method for complex chemical processes based on INGO-VMD-ESN,2024,,10.1088/1361-6501/ad71ea,Nonlinear Dynamics & Chaos,,,,3.0
Complex dynamics in nonlinear small time-delayed optoelectronic oscillator and application in fast reservoir computing and pulse generation,2024,,10.1038/s41598-024-69585-z,Photonics & Optics,,,,3.0
Echo state networks for modeling turbulent convection,2024,,10.1038/s41598-024-79756-7,Mathematics & Theory,,,,2.0
"Hopf-Hopf bifurcation, period n solutions, slow-fast phenomena, and chimera of an optoelectronic reservoir computing system with single delayed feedback loop",2024,,10.1016/j.ijnonlinmec.2024.104839,Photonics & Optics,,,,2.0
An Echo State Network-Based Light Framework for Online Anomaly Detection: An Approach to Using AI at the Edge,2024,,10.3390/machines12100743,General RC / ESN Methods,,,,3.0
Dynamic IGZO-based memristors for cost-effective physical reservoir computing,2024,,10.1016/j.cjph.2024.07.034,Physical & Hardware RC,,,,7.0
Fully connected multi-reservoir echo state networks for wind power prediction,2024,,10.1016/j.energy.2024.133579,Climate & Earth Sciences,,,,8.0
Halide perovskite photovoltaics for in-sensor reservoir computing,2024,,10.1016/j.nanoen.2024.109949,Photonics & Optics,,,,14.0
Cost-Effective and Fully Hardware-Oriented Reservoir Computing Based on IGZO/HZO Ferroelectric Thin-Film Transistor with Electrically and Optically Distinguishable States,2024,,10.1002/adfm.202409095,Photonics & Optics,,,,36.0
The influence of timescales and data injection schemes for reservoir computing using spin-VCSELs,2024,,10.1038/s42005-024-01858-5,Photonics & Optics,,,,11.0
Observer-based composite adaptive fuzzy echo state network control of uncertain pure-feedback nonlinear systems free from backstepping,2024,,10.1007/s11071-024-10177-x,Nonlinear Dynamics & Chaos,,,,1.0
A reinforced reservoir computer aided by an external asymmetric dual-path-filtering cavity laser,2024,,10.1016/j.chaos.2024.115652,Photonics & Optics,,,,4.0
Neuromorphic overparameterisation and few-shot learning in multilayer physical neural networks,2024,,10.1038/s41467-024-50633-1,Physical & Hardware RC,,,,23.0
Optoelectronic reservoir computing based on complex-value encoding,2024,,10.1117/1.APN.3.6.066006,Photonics & Optics,,,,5.0
In-sensor human gait analysis with machine learning in a wearable microfabricated accelerometer,2024,,10.1038/s44172-024-00193-5,General RC / ESN Methods,,,,26.0
Reservoir computing for equalization in a self-coherent receiver scheme,2024,,10.1364/OE.534576,Signal Processing & Comms,,,,6.0
Reservoir computing and advanced synaptic plasticity of sputter-deposited ZnO memristors with controllable threshold and nonvolatile switching behavior,2024,,10.1063/5.0243669,Physical & Hardware RC,,,,9.0
Chaotic laser time series prediction based on an improved logistic mapping algorithm echo state network,2024,,10.1364/AO.534001,Nonlinear Dynamics & Chaos,,,,1.0
A real-time digital twin of azimuthal thermoacoustic instabilities,2024,,10.1017/jfm.2024.1052,Nonlinear Dynamics & Chaos,,,,6.0
Emergence of input selective recurrent dynamics via information transfer maximization,2024,,10.1038/s41598-024-64417-6,Neuroscience & Comp. Neuro,,,,1.0
Impact of time-history terms on reservoir dynamics and prediction accuracy in echo state networks,2024,,10.1038/s41598-024-59143-y,Mathematics & Theory,,,,15.0
Highly-integrable analogue reservoir circuits based on a simple cycle architecture,2024,,10.1038/s41598-024-61880-z,Physical & Hardware RC,,,,5.0
SOA-based reservoir computing using upsampling,2024,,10.1364/OL.531160,Photonics & Optics,,,,10.0
In silico modeling of reservoir-based predictive coding in biological neuronal networks on microelectrode arrays,2024,,10.35848/1347-4065/ad7ec1,Neuroscience & Comp. Neuro,,,,2.0
Learning extreme vegetation response to climate drivers with recurrent neural networks,2024,,10.5194/npg-31-535-2024,Climate & Earth Sciences,,,,8.0
Enhancing Time Series Predictability via Structure-Aware Reservoir Computing,2024,,10.1002/aisy.202400163,Nonlinear Dynamics & Chaos,,,,4.0
Time-delayed reservoir computing based on spin-VCSEL: interplay between pump ellipticity and performance,2024,,10.1364/JOSAB.540025,Photonics & Optics,,,,2.0
Prediction for nonlinear time series by improved deep echo state network based on reservoir states reconstruction,2024,,10.1007/s43684-023-00057-3,Nonlinear Dynamics & Chaos,,,,2.0
Low-frequency noise in nanoparticle-molecule networks and implications for in materio reservoir computing,2024,,10.1039/d4nr02428a,General RC / ESN Methods,,,,4.0
In-Sensor Noise Reduction and Reservoir Computing System Using ZnO Optoelectronic Memristors for Artificial Vision Applications,2024,,10.1021/acsaelm.4c01682,Photonics & Optics,,,,5.0
Role of coherence in many-body Quantum Reservoir Computing,2024,,10.1038/s42005-024-01859-4,Quantum RC,,,,13.0
Short-term prediction of geomagnetic secular variation with an echo state network,2024,,10.1186/s40623-024-02064-x,General RC / ESN Methods,,,,1.0
Chaos and Synchronization - Potential Ingredients of Innovation in Analog Circuit Design?,2024,,10.1587/transele.2023CTI0001,Nonlinear Dynamics & Chaos,,,,10.0
How neural networks work: Unraveling the mystery of randomized neural networks for functions and chaotic dynamical systems,2024,,10.1063/5.0206840,Nonlinear Dynamics & Chaos,,,,0.0
"Interval prediction of crude oil spot price volatility: An improved hybrid model integrating decomposition strategy, IESN and ARIMA",2024,,10.1016/j.eswa.2024.124195,General RC / ESN Methods,,,,12.0
Achieving liquid processors by colloidal suspensions for reservoir computing,2024,,10.1038/s43246-024-00653-7,Physical & Hardware RC,,,,6.0
Investigating Multi-Reservoir Computing for EEG-based Emotion Recognition,2024,,10.1145/3678957.3688618,General RC / ESN Methods,,,,0.0
Prediction of Temporal Liking from Temporal Dominance of Sensations by Using Reservoir Computing and Its Sensitivity Analysis,2024,,10.3390/foods13233755,General RC / ESN Methods,,,,7.0
Polynomial function error stair of reservoir computing and its applications in characterizing the learning capability,2024,,10.1007/s11071-024-10178-w,Nonlinear Dynamics & Chaos,,,,2.0
Neural ordinary differential equations for predicting the temporal dynamics of a ZnO solid electrolyte FET,2024,,10.1039/d4tc03696d,Physical & Hardware RC,,,,4.0
Toward grouped-reservoir computing: organic neuromorphic vertical transistor with distributed reservoir states for efficient recognition and prediction,2024,,10.1038/s41467-024-44942-8,Physical & Hardware RC,,,,74.0
Data-driven cold starting of good reservoirs,2024,,10.1016/j.physd.2024.134325,Nonlinear Dynamics & Chaos,,,,4.0
Ultrafast silicon photonic reservoir computing engine delivering over 200 TOPS,2024,,10.1038/s41467-024-55172-3,Photonics & Optics,,,,59.0
Laser processing induced nonvolatile memory in chaotic graphene oxide films for flexible reservoir computing applications,2024,,10.1088/1674-4926/24080045,Photonics & Optics,,,,6.0
Improving model-free prediction of chaotic dynamics by purifying the incomplete input,2024,,10.1063/5.0242605,Nonlinear Dynamics & Chaos,,,,2.0
Correction: Computational capabilities of a multicellular reservoir computing system (PLOS ONE (2023) 18:4 (e0282122) DOI: 10.1371/journal.pone.0282122),2024,,10.1371/journal.pone.0315300,General RC / ESN Methods,,,,0.0
Neural network based estimates of the climate impact on mortality in Germany: application to storyline climate simulations,2024,,10.1038/s41598-024-77398-3,Climate & Earth Sciences,,,,2.0
Stochastic memristive devices for low cost learning of spatiotemporal signals in spiking neural networks,2024,,10.1088/2631-8695/ad9a3e,Neuroscience & Comp. Neuro,,,,1.0
A long-term memory enhanced echo state network and its optimization,2024,,10.1049/cth2.12591,Nonlinear Dynamics & Chaos,,,,2.0
Feedback-Driven Quantum Reservoir Computing for Time-Series Analysis,2024,,10.1103/PRXQuantum.5.040325,Quantum RC,,,,24.0
Crossmodal sensory neurons based on high-performance flexible memristors for human-machine in-sensor computing system,2024,,10.1038/s41467-024-51609-x,Physical & Hardware RC,,,,94.0
Quantum next generation reservoir computing: an efficient quantum algorithm for forecasting quantum dynamics,2024,,10.1007/s42484-024-00188-7,Next-Gen RC,,,,8.0
Controlling chaos using edge computing hardware,2024,,10.1038/s41467-024-48133-3,Nonlinear Dynamics & Chaos,,,,19.0
Sparse reservoir computing with vertically coupled vortex spin-torque oscillators for time series prediction,2024,,10.1088/1361-6528/ad6328,Nonlinear Dynamics & Chaos,,,,1.0
Infinite-dimensional reservoir computing,2024,,10.1016/j.neunet.2024.106486,Mathematics & Theory,,,,11.0
Industrial Robot End Effector Pose Repeatability Test Based on IGCF-IBSCF and BCF-IBPSO-NESN Algorithm; [基于 IGCF-IBSCF 算法和 BCF-IBPSO-NESN 算法的工业机器人末端执行器位姿重复性检测],2024,,10.3901/JME.2024.19.071,Control & Robotics,,,,0.0
Frequency- and dissipation-dependent entanglement advantage in spin-network quantum reservoir computing,2024,,10.1103/PhysRevA.110.042416,Quantum RC,,,,6.0
Effluent quality soft sensor for wastewater treatment plant with ensemble sparse learning-based online next generation reservoir computing,2024,,10.1016/j.wroa.2024.100276,Next-Gen RC,,,,8.0
A fault diagnosis method for offshore wind turbine bearing based on adaptive deep echo state network and bidirectional long short term memory network in noisy environment,2024,,10.1016/j.oceaneng.2024.119101,Nonlinear Dynamics & Chaos,,,,18.0
Neuromorphic computing with spintronics,2024,,10.1038/s44306-024-00019-2,Physical & Hardware RC,,,,56.0
Quantifying the Uncertainty of Reservoir Computing: Confidence Intervals for Time-Series Forecasting,2024,,10.3390/math12193078,Nonlinear Dynamics & Chaos,,,,1.0
Complexity-calibrated benchmarks for machine learning reveal when prediction algorithms succeed and mislead,2024,,10.1038/s41598-024-58814-0,Next-Gen RC,,,,2.0
Experimental realization of a performance-enhanced reservoir computer based on a photonic-filter feedback laser,2024,,10.1364/PRJ.535334,Photonics & Optics,,,,6.0
Enhanced domain transfer deep fuzzy echo state network for rotating machinery fault diagnosis based on current signal,2024,,10.1016/j.asoc.2024.112033,General RC / ESN Methods,,,,19.0
Online and offline learning using fading memory functions in HfSiOx-based ferroelectric tunnel junctions,2024,,10.1039/d4tc03397c,Mathematics & Theory,,,,8.0
Tunable power-phase distributions in a phonon-magnon-coupled magnon microwave antenna for reservoir computing,2024,,10.1103/PhysRevApplied.22.054076,Physical & Hardware RC,,,,5.0
Research on semi-supervised soft sensor modeling method for sulfur recovery unit based on ISSA-VMD-ESN,2024,,10.1016/j.ces.2024.120397,Nonlinear Dynamics & Chaos,,,,11.0
Enhanced photonic reservoir computing using an optically injected VCSEL with random polarized optical feedback,2024,,10.1364/OL.540063,Photonics & Optics,,,,0.0
Dynamics of Aggregation in Systems of Self-Propelled Rods,2024,,10.3390/e26110980,Physical & Hardware RC,,,,1.0
Hysteretic reservoir,2024,,10.1103/PhysRevApplied.22.064045,Nonlinear Dynamics & Chaos,,,,6.0
Engineering of ferroelectricity in thin films using lattice chemistry: A perspective,2024,,10.1063/5.0232382,Photonics & Optics,,,,8.0
Existence of reservoir with finite-dimensional output for universal reservoir computing,2024,,10.1038/s41598-024-56742-7,Mathematics & Theory,,,,3.0
Antidot lattices for magnetic reservoir computing,2024,,10.1063/5.0240085,General RC / ESN Methods,,,,1.0
Learning noise-induced transitions by multi-scaling reservoir computing,2024,,10.1038/s41467-024-50905-w,General RC / ESN Methods,,,,15.0
"Criticality in FitzHugh-Nagumo oscillator ensembles: Design, robustness, and spatial invariance",2024,,10.1038/s42005-024-01530-y,Nonlinear Dynamics & Chaos,,,,8.0
Leaky echo state network based on methane topology applied to time series prediction,2024,,10.1049/cth2.12572,Nonlinear Dynamics & Chaos,,,,0.0
A self-driven ESN-DSS approach for effective COVID-19 time series prediction and modelling,2024,,10.1017/S0950268824000992,Nonlinear Dynamics & Chaos,,,,0.0
Gesture recognition with Brownian reservoir computing using geometrically confined skyrmion dynamics,2024,,10.1038/s41467-024-52345-y,Physical & Hardware RC,,,,17.0
A high-performance deep reservoir computer experimentally demonstrated with ion-gating reservoirs,2024,,10.1038/s44172-024-00227-y,Physical & Hardware RC,,,,15.0
A Hardware Chaotic Neural Network With Gap Junction Models,2024,,10.1002/ecj.12467,Nonlinear Dynamics & Chaos,,,,0.0
Higher-order Granger reservoir computing: simultaneously achieving scalable complex structures inference and accurate dynamics prediction,2024,,10.1038/s41467-024-46852-1,Nonlinear Dynamics & Chaos,,,,46.0
Echo state network-based black-box modeling and prediction of ship maneuvering motion,2024,,10.1016/j.oceaneng.2024.119163,Control & Robotics,,,,8.0
Highly efficient ferroelectric capacitor reservoir computing through the study of its nonlinear polarization dynamics,2024,,10.1103/PhysRevE.110.045307,Nonlinear Dynamics & Chaos,,,,1.0
Reservoir-computing based associative memory and itinerancy for complex dynamical attractors,2024,,10.1038/s41467-024-49190-4,Nonlinear Dynamics & Chaos,,,,29.0
Enhancing African market predictions: Integrating quantum computing with Echo State Networks,2024,,10.1016/j.sciaf.2024.e02299,Quantum RC,,,,8.0
Leveraging volatile memristors in neuromorphic computing: from materials to system implementation,2024,,10.1039/d4mh00675e,Physical & Hardware RC,,,,30.0
Exploiting Signal Propagation Delays to Match Task Memory Requirements in Reservoir Computing,2024,,10.3390/biomimetics9060355,Mathematics & Theory,,,,3.0
Integrated In-Memory Sensor and Computing of Artificial Vision Based on Full-vdW Optoelectronic Ferroelectric Field-Effect Transistor,2024,,10.1002/advs.202305679,Photonics & Optics,,,,96.0
Synaptic Plasticity and Visual Memory in a Neuromorphic 2D Memitter Based on WS2 Monolayers,2024,,10.1002/adfm.202403158,Physical & Hardware RC,,,,18.0
Improvement of volatile switching in scaled silicon nanofin memristor for high performance and efficient reservoir computing,2024,,10.1063/5.0218677,Physical & Hardware RC,,,,0.0
Fractional-integer-order echo state network for time series prediction,2024,,10.1016/j.asoc.2024.111289,Nonlinear Dynamics & Chaos,,,,19.0
Benchmarking reservoir computing for residential energy demand forecasting,2024,,10.1016/j.enbuild.2024.114236,Next-Gen RC,,,,12.0
Detection of Eye Movement Characteristics Using Reservoir Computing in High-Noise Environments,2024,,10.1109/DCNA63495.2024.10718626,Neuroscience & Comp. Neuro,,,,0.0
MADDPG-Based Power Control Strategy for Unmanned Vehicles,2024,,10.1109/SmartIoT62235.2024.00016,Control & Robotics,,,,0.0
Adaptive command filter control for switched time-delay systems with dead-zone based on an exact disturbance observer,2024,,10.1002/rnc.7512,Control & Robotics,,,,3.0
Performance guaranteed composite adaptive neural consensus control for uncertain multiagent systems,2024,,10.1109/CAC63892.2024.10865075,Control & Robotics,,,,0.0
Time Series Completion and One-step Prediction Based on Two-channel Echo State Network; [基于双通道回声状态网络的时间序列补全及单步预测],2024,,10.11896/jsjkx.221200055,General RC / ESN Methods,,,,2.0
Enhanced Anomaly Detection in GPR Data by Combining Spatial and Dynamic Information,2024,,10.1109/TGRS.2024.3504715,Signal Processing & Comms,,,,6.0
Underground Diagnosis Based on GPR and Learning in the Model Space,2024,,10.1109/TPAMI.2023.3347739,Signal Processing & Comms,,,,10.0
Time series classification models based on nonlinear spiking neural P systems,2024,,10.1016/j.engappai.2023.107603,Neuroscience & Comp. Neuro,,,,12.0
DNN-SNN Co-Learning for Sustainable Symbol Detection in 5G Systems on Loihi Chip,2024,,10.1109/TSUSC.2023.3324339,Neuroscience & Comp. Neuro,,,,10.0
IDENTIFICATION MODELING OF SHIP MANEUVERING MOTION BASED ON ECHO STATE GAUSSIAN PROCESS,2024,,10.1115/OMAE2024-123756,Control & Robotics,,,,0.0
Arrhythmia Classification Using Reconfigurable All-Pass Filter in FPGA Devices,2024,,10.22266/ijies2024.1231.18,Physical & Hardware RC,,,,1.0
Electricity price forecast on day-ahead market for mid- and short terms: capturing spikes in data sequences using recurrent neural network techniques,2024,,10.1007/s00202-024-02393-w,Neuroscience & Comp. Neuro,,,,17.0
The optoelectronic reservoir computing system based on parallel multi-time-delay feedback loops for time-series prediction and optical performance monitoring,2024,,10.1016/j.chaos.2024.115306,Photonics & Optics,,,,19.0
Squeezing as a resource for time series processing in quantum reservoir computing,2024,,10.1364/OE.507684,Photonics & Optics,,,,12.0
Photonic Physical Reservoir Computing with Tunable Relaxation Time Constant,2024,,10.1002/advs.202304804,Photonics & Optics,,,,33.0
Memristor-based input delay reservoir computing system for temporal signal prediction,2024,,10.1016/j.mee.2024.112240,Physical & Hardware RC,,,,6.0
Resource-constrained narrowband optoelectronic oscillator-based reservoir computing for classification of modulated signals,2024,,10.1364/OL.523718,Photonics & Optics,,,,3.0
Control of Linear-Threshold Brain Networks via Reservoir Computing,2024,,10.1109/OJCSYS.2024.3451889,Control & Robotics,,,,0.0
Trend-focused dynamic degradation prediction based on echo state networks in automotive fuel cells,2024,,10.1002/ese3.1669,General RC / ESN Methods,,,,4.0
Implementation of 8-bit reservoir computing through volatile ZrOx-based memristor as a physical reservoir,2024,,10.1016/j.nanoen.2024.109958,Physical & Hardware RC,,,,29.0
Reservoir Computing Using Interfacial Memristors with Native SiOx Nanostructures Modified by Room-Temperature Plasma Oxidation,2024,,10.1021/acsanm.3c05797,Physical & Hardware RC,,,,4.0
"Nonvolatile CMOS Memristor, Reconfigurable Array, and Its Application in Power Load Forecasting",2024,,10.1109/TII.2023.3341256,Physical & Hardware RC,,,,60.0
A memosducer based biquaternionic signal processing for nonlinear ultrasonics imaging applied to nondestructive testing,2024,,10.1109/UFFC-JS60046.2024.10793741,Signal Processing & Comms,,,,0.0
Image transformation based on optical reservoir computing for image security,2024,,10.1016/j.eswa.2023.121376,Photonics & Optics,,,,5.0
Time delay reservoir computing with a silicon microring resonator and a fiber-based optical feedback loop,2024,,10.1364/OE.514617,Photonics & Optics,,,,14.0
Demonstration of Reservoir Computing Using Optoelectronic Oscillators With Direct Laser Modulation,2024,,10.1109/LPT.2024.3477352,Photonics & Optics,,,,4.0
Experimental Demonstration of Reservoir Computing with Self-Assembled Percolating Networks of Nanoparticles,2024,,10.1002/adma.202402319,Physical & Hardware RC,,,,29.0
Reservoir computing-based advance warning of extreme events,2024,,10.1016/j.chaos.2024.114673,Photonics & Optics,,,,12.0
Reservoir Computing Based on Oxygen-Vacancy-Mediated X-ray Optical Synaptic Device for Medical CT Bone Diagnosis,2024,,10.1021/acsami.4c01255,Photonics & Optics,,,,12.0
A Cerebellum-Inspired Control Scheme for Kinematic Control of Redundant Manipulators,2024,,10.1109/TIE.2023.3312427,Control & Robotics,,,,6.0
A Full-ANN Control Method of Three-Phase Grid-Connected Inverter,2024,,10.1109/ISESC63657.2024.10785284,Signal Processing & Comms,,,,0.0
A Novel Data-Driven Approach Based on an LSTM and a DeepESN Algorithm to Forecast Real-Time Hourly Energy Market Prices,2024,,10.1109/ICECAI62591.2024.10675293,General RC / ESN Methods,,,,2.0
Model reduction of dynamical systems with a novel data-driven approach: The RC-HAVOK algorithm,2024,,10.1063/5.0207907,Nonlinear Dynamics & Chaos,,,,4.0
Modulation format identification in elastic optical networks using integrated photonic reservoir computing and untrained K-nearest neighbors algorithm,2024,,10.1364/OE.533608,Photonics & Optics,,,,4.0
Enhanced Dual-Task Reservoir Computing in Semiconductor Ring Laser with FBG Feedback,2024,,10.1109/ACP/IPOC63121.2024.10809695,Photonics & Optics,,,,0.0
Parallel neuromorphic computing on space and wavelength division multiplexed photonic processor,2024,,10.1117/12.2692003,Photonics & Optics,,,,0.0
Hybrid dynamical modeling of shape memory alloy actuators with phase kinetic equations,2024,,10.1177/1045389X241265617,Control & Robotics,,,,2.0
A stochastic optimization technique for hyperparameter tuning in reservoir computing,2024,,10.1016/j.neucom.2024.127262,Physical & Hardware RC,,,,7.0
Self-Induced Optical Nonlinear-Nonlocal Effect and Short-Term Memory for Chip-Scale Reservoir Computing,2024,,10.1364/cleo_si.2024.sf2m.3,Photonics & Optics,,,,0.0
Exploration of Four-Channel Coherent Optical Chaotic Secure Communication with the Rate of 400 Gb/s Using Photonic Reservoir Computing Based on Quantum Dot Spin-VCSELs,2024,,10.3390/photonics11040309,Photonics & Optics,,,,1.0
Dynamic memristor array with multiple reservoir states for training efficient neuromorphic computing,2024,,10.1039/d4tc02324b,Physical & Hardware RC,,,,3.0
Mixed-Frequency Signal Processing Implemented by a Multi-Terminal Electrolyte-Gated Transistor-Based Physical Reservoir,2024,,10.1109/LED.2023.3340214,Physical & Hardware RC,,,,5.0
Maximizing Efficiency of SNN-Based Reservoir Computing via NoC-Assisted Dimensionality Reduction,2024,,10.1109/ISVLSI61997.2024.00128,Signal Processing & Comms,,,,0.0
Hybrid parallel photonic reservoir computing with accelerated data processing speed,2024,,10.1016/j.optlastec.2024.110830,Photonics & Optics,,,,21.0
Parylene-MoOx nanocomposite memristor crossbar for neuromorphic computing applications,2024,,10.1109/DCNA63495.2024.10718522,Physical & Hardware RC,,,,0.0
A Novel Blending Approach for Smoking Status Prediction in Hidden Smokers to Reduce Cardiovascular Disease Risk,2024,,10.1109/ACCESS.2024.3480310,General RC / ESN Methods,,,,10.0
Optical phase encoding in a pulsed approach to reservoir computing,2024,,10.1364/OL.518505,Photonics & Optics,,,,6.0
Cerebellum-Inspired Learning and Control Scheme for Redundant Manipulators at Joint Velocity Level,2024,,10.1109/TCYB.2024.3436021,Control & Robotics,,,,23.0
FeO Content Prediction in Sintering Process Based on Fusion of Data-Knowledge and AW-ESN; [基于知识与 AW-ESN 融合的烧结过程 FeO 含量预测],2024,,10.16383/j.aas.c211013,General RC / ESN Methods,,,,7.0
Photonic Time Stretch Reservoir Computer Using a Multi-mode Fibre-based Optical Mask,2024,,10.1109/IPC60965.2024.10799649,Photonics & Optics,,,,0.0
Evaluation of Neuron Parameters on the Performance of Spiking Neural Networks and Neuromorphic Hardware,2024,,10.1109/ISVLSI61997.2024.00068,Physical & Hardware RC,,,,1.0
A novel hybrid model based on Empirical Mode Decomposition and Echo State Network for wind power forecasting,2024,,10.1016/j.energy.2024.131546,Climate & Earth Sciences,,,,67.0
Reservoir-Computing for Dispersion Compensation in Digital Filter Multiple Access PON,2024,,10.1109/JPHOT.2023.3344115,Photonics & Optics,,,,4.0
Enhancing Liquid State Machine Classification Through Reservoir Separability Optimization Using Swarm Intelligence and Multitask Learning,2024,,10.1109/ACCESS.2024.3510459,Neuroscience & Comp. Neuro,,,,3.0
Reservoir computing with logistic map,2024,,10.1103/PhysRevE.110.034204,Nonlinear Dynamics & Chaos,,,,3.0
A new physical reservoir using the complex dynamics of electric fields in type-II superconductors containing pinning centers interacting with quantized magnetic flux lines,2024,,10.1016/j.physc.2024.1354522,Physical & Hardware RC,,,,1.0
Reconstructing bifurcation diagrams of chaotic circuits with reservoir computing,2024,,10.1103/PhysRevE.109.024210,Nonlinear Dynamics & Chaos,,,,12.0
Multi-Symbol Reservoir Computing-Based Equalization for PAM-4 IM/DD Transmission,2024,,10.1109/LPT.2024.3406586,Signal Processing & Comms,,,,6.0
Audio Scanning Network: Bridging Time and Frequency Domains for Audio Classification,2024,,10.1609/aaai.v38i10.29015,Signal Processing & Comms,,,,10.0
Artificial synapses based on 2D-layered palladium diselenide heterostructure dynamic memristor for neuromorphic applications,2024,,10.1016/j.nanoen.2023.109168,Physical & Hardware RC,,,,45.0
Photonic time-delayed reservoir computing based on series-coupled microring resonators with high memory capacity,2024,,10.1364/OE.518063,Photonics & Optics,,,,24.0
Entropy-stabilized oxide: A promising material for artificial neural networks?,2024,,10.1016/j.matt.2024.06.042,Physical & Hardware RC,,,,0.0
A multi-terminal ion-controlled transistor with multifunctionality and wide temporal dynamics for reservoir computing,2024,,10.1007/s12274-023-6343-1,Physical & Hardware RC,,,,20.0
A comparison of model validation approaches for echo state networks using climate model replicates,2024,,10.1016/j.spasta.2024.100813,Climate & Earth Sciences,,,,5.0
Comparative Analysis of Linear Models and Artificial Neural Networks for Sugar Price Prediction,2024,,10.3390/fintech3010013,General RC / ESN Methods,,,,3.0
Opto-magnonic reservoir computing coupling nonlinear interfered spin wave and visible light switching,2024,,10.1016/j.mtphys.2024.101465,Photonics & Optics,,,,11.0
All-Photolithography Fabrication of Ion-Gated Flexible Organic Transistor Array for Multimode Neuromorphic Computing,2024,,10.1002/adma.202312473,Physical & Hardware RC,,,,54.0
Attractor reconstruction with reservoir computers: The effect of the reservoir’s conditional Lyapunov exponents on faithful attractor reconstruction,2024,,10.1063/5.0196257,Nonlinear Dynamics & Chaos,,,,18.0
Fault-tolerant iterative learning control of distributed systems via reservoir computing,2024,,10.1109/CDC56724.2024.10885797,Control & Robotics,,,,0.0
Exploring the origins of switching dynamics in a multifunctional reservoir computer,2024,,10.3389/fnetp.2024.1451812,Nonlinear Dynamics & Chaos,,,,6.0
Experimental and numerical demonstration of hierarchical time-delay reservoir computing based on cascaded VCSELs with feedback and multiple injections,2024,,10.1007/s11432-022-3618-3,Photonics & Optics,,,,13.0
CONTROL OVER THE TRAINING PERFORMANCE OF QUANTUM STATE TOMOGRAPHY WITH RESERVOIR COMPUTING NETWORKS,2024,,10.35470/2226-4116-2024-13-4-275-280,Quantum RC,,,,0.0
Fully Automated Implementation of Reservoir Computing Models on FPGAs for Nanosecond Inference Times,2024,,10.1109/NorCAS64408.2024.10752468,Physical & Hardware RC,,,,1.0
Intelligent Handover Management Enabled by O-RAN and Deep Reinforcement Learning,2024,,10.1109/VTC2024-Fall63153.2024.10757909,Control & Robotics,,,,5.0
A time-delayed physical reservoir with various time constants,2024,,10.35848/1882-0786/ad2782,Physical & Hardware RC,,,,9.0
A water level prediction model for inland waterways based on improved ESN; [基于改进 ESN 的内河航道水位预测模型],2024,,10.16411/j.cnki.issn1006-7736.2024.03.012,General RC / ESN Methods,,,,3.0
Degradation Prediction of PEMFC Based on Data-Driven Method With Adaptive Fuzzy Sampling,2024,,10.1109/TTE.2023.3296719,Control & Robotics,,,,23.0
Synaptic Properties and Short-Term Memory Dynamics of TiO2/WOx Heterojunction Memristor for Reservoir Computing,2024,,10.1002/admt.202301390,Physical & Hardware RC,,,,48.0
ReLiCADA: Reservoir Computing Using Linear Cellular Automata design algorithm,2024,,10.1007/s40747-023-01330-x,Nonlinear Dynamics & Chaos,,,,3.0
A CuOx/p+-Si memristor with short- and long-term plasticity for homogeneous reservoir computing system,2024,,10.1016/j.mtnano.2024.100494,Physical & Hardware RC,,,,5.0
Echo state network and classical statistical techniques for time series forecasting: A review,2024,,10.1016/j.knosys.2024.111639,General RC / ESN Methods,,,,14.0
A Novel Performance Enhancement Optical Reservoir Computing System Based on Three-Loop Mutual Coupling Structure,2024,,10.1109/JLT.2024.3357745,Photonics & Optics,,,,10.0
Reservoir Computing With Dynamic Reservoir using Cascaded DNA Memristors,2024,,10.1109/TBCAS.2023.3312300,Physical & Hardware RC,,,,6.0
Echo state network-enhanced symbolic regression for spatio-temporal binary stochastic cellular automata,2024,,10.1016/j.spasta.2024.100827,General RC / ESN Methods,,,,4.0
Full-Analog Reservoir Computing Circuit Based on Memristor With a Hybrid Wide-Deep Architecture,2024,,10.1109/TCSI.2023.3334267,Physical & Hardware RC,,,,12.0
Hardware software co-design for leveraging STDP in a memristive neuroprocessor,2024,,10.1088/2634-4386/ad462b,Physical & Hardware RC,,,,11.0
113Gbps rainbow visible light laser communication system based on 10λ laser WDM emitting module in fiber-free space-fiber link,2024,,10.1364/OE.508065,Photonics & Optics,,,,16.0
An organized view of reservoir computing: a perspective on theory and technology development,2024,,10.35848/1347-4065/ad394f,Physical & Hardware RC,,,,10.0
Enhancing Heartbeat Classification through Cascading Next Generation and Conventional Reservoir Computing,2024,,10.3390/app14073030,Next-Gen RC,,,,7.0
Research on noise suppression in integrated communication and sensing with photonic reservoir computing (cover paper·invited); [光储备池通感一体通信噪声抑制方案 (封面文章·特邀)],2024,,10.3788/IRLA20240191,Photonics & Optics,,,,0.0
SDN-Enabled Networks: A Deeper Learning-Based Echo State Neural Network for Cyber Threat Detection,2024,,10.1109/ICCPCT61902.2024.10673080,Mathematics & Theory,,,,4.0
Programming the scalable optical learning operator with spatial-spectral optimization,2024,,10.1016/j.yofte.2024.103864,Photonics & Optics,,,,1.0
A hybrid annual runoff prediction model using echo state network and gated recurrent unit based on sand cat swarm optimization with Markov chain error correction method,2024,,10.2166/hydro.2024.038,General RC / ESN Methods,,,,16.0
Multiple-Input-Multiple-Output Randomized Fuzzy Cognitive Map Method for High-Dimensional Time Series Forecasting,2024,,10.1109/TFUZZ.2024.3379853,General RC / ESN Methods,,,,10.0
Multi-state delayed echo state network with empirical wavelet transform for time series prediction,2024,,10.1007/s10489-024-05386-1,Nonlinear Dynamics & Chaos,,,,6.0
Reservoir computing shows partial statistical dynamics prediction of two coupled stochastic FitzHugh-Nagumo neurons,2024,,10.1109/DCNA63495.2024.10718424,Nonlinear Dynamics & Chaos,,,,1.0
Enhancing Signal Recognition Accuracy in Delay-Based Optical Reservoir Computing: A Comparative Analysis of Training Algorithms,2024,,10.3390/electronics13112202,Photonics & Optics,,,,0.0
Reservoir-Based 1D Convolution: Low-Training-Cost AI,2024,,10.1587/transfun.2023EAL2050,Signal Processing & Comms,,,,2.0
Chaos synchronization of two coupled map lattice systems using safe reinforcement learning,2024,,10.1016/j.chaos.2024.115241,Nonlinear Dynamics & Chaos,,,,9.0
Nonintrusive operator inference for chaotic systems,2024,,10.1109/TAI.2022.3207449,Nonlinear Dynamics & Chaos,,,,2.0
"Fast physical reservoir computing, achieved with nonlinear interfered spin waves",2024,,10.1088/2634-4386/ad561a,Physical & Hardware RC,,,,9.0
Non-dissipative Reservoir Computing Approaches for Time-Series Classification,2024,,10.1007/978-3-031-72359-9_8,Mathematics & Theory,,,,0.0
Towards ARSPI-NET: Advancing EEG Feature Extraction with Neuromorphic Algorithms,2024,,10.1109/LISAT63094.2024.10808138,Physical & Hardware RC,,,,0.0
Shadow Removal in Off-Road Terrain Perception with Multi-Sensor Signal Processing,2024,,10.4271/2024-01-4073,Signal Processing & Comms,,,,0.0
Neural Networks with Transfer Learning and Frequency Decomposition for Wind Speed Prediction with Missing Data,2024,,10.3390/math12081137,Climate & Earth Sciences,,,,4.0
Fiber Optic Reservoir Computer Using Distributed Feedback,2024,,10.1364/cleo_si.2024.sth3j.1,Photonics & Optics,,,,0.0
Large sampling intervals for learning and predicting chaotic systems with reservoir computing,2024,,10.1088/1751-8121/ad5d31,Nonlinear Dynamics & Chaos,,,,1.0
A Low-Cost Minimally-Processed Inkjet-Printed Nonlinear Element for Reservoir Computing,2024,,10.1109/ISVLSI61997.2024.00089,Photonics & Optics,,,,3.0
Mathematical Modeling of Binding Semantic Memory with Visual Information,2024,,10.1109/ICTC62082.2024.10827433,General RC / ESN Methods,,,,0.0
Physical Reservoir Computing Enabled by Solitary Waves and Biologically Inspired Nonlinear Transformation of Input Data,2024,,10.3390/dynamics4010007,Physical & Hardware RC,,,,6.0
Fractional-Order Echo State Network Backstepping Control of Fractional-Order Nonlinear Systems,2024,,10.1109/TETCI.2023.3309739,Nonlinear Dynamics & Chaos,,,,13.0
"Emerging Topics in Artificial Intelligence, ETAI 2024",2024,,,Photonics & Optics,,,,0.0
Physical Reservoir Computing for Interactive Estimation of Weight from Food Texture in 3D-Printed Soft Matter in Picking Operations,2024,,10.23919/FUSION59988.2024.10706286,Physical & Hardware RC,,,,0.0
Characterizing climate pathways using feature importance on echo state networks,2024,,10.1002/sam.11706,Climate & Earth Sciences,,,,4.0
Combining a passive spatial photonic reservoir computer with a semiconductor laser increases its nonlinear computational capacity,2024,,10.1364/OE.518654,Photonics & Optics,,,,7.0
Scalable photonic reservoir computing based on pulse propagation in parallel passive dispersive links,2024,,10.1364/AO.530069,Photonics & Optics,,,,1.0
Exploration of Novel Neuromorphic Methodologies for Materials Applications,2024,,10.1109/ICONS62911.2024.00049,Physical & Hardware RC,,,,2.0
Multi-Objective Evolutionary Neural Architecture Search for Liquid State Machine,2024,,10.1109/SMC54092.2024.10830983,General RC / ESN Methods,,,,0.0
On the Gaussian Process for Stationary and Non-stationary Time Series Prediction for the Qatar Stock Market,2024,,10.1007/978-3-031-71649-2_5,Nonlinear Dynamics & Chaos,,,,1.0
An evaluation method for optical chaos synchronization based on reservoir computing,2024,,10.1007/s11071-024-09828-w,Nonlinear Dynamics & Chaos,,,,3.0
Brain-Inspired Reservoir Computing Using Memristors with Tunable Dynamics and Short-Term Plasticity,2024,,10.1021/acsami.3c16003,Physical & Hardware RC,,,,34.0
Growth and characterization of germanium telluride nanowires via vapor-liquid-solid mechanism,2024,,10.1088/1361-6528/ad0058,Physical & Hardware RC,,,,0.0
Computational insights on asymmetrical D1 and D2 receptor-mediated chunking: implications for OCD and Schizophrenia,2024,,10.1007/s11571-022-09865-4,Neuroscience & Comp. Neuro,,,,0.0
Neuromorphic alternating current sensing using piezoelectric resonators and physical reservoir computing,2024,,10.35848/1347-4065/ad73e1,Physical & Hardware RC,,,,2.0
Photonic generation of microwave waveform using delay feedback photonic reservoir computing system with SOA,2024,,10.1016/j.optlastec.2023.110465,Photonics & Optics,,,,4.0
A 2D Heterostructure-Based Multifunctional Floating Gate Memory Device for Multimodal Reservoir Computing,2024,,10.1002/adma.202308502,Photonics & Optics,,,,93.0
SPECTRAL ANALYSIS OF MECHANICAL RESERVOIR COMPUTING WITH RELU SPRING NETWORKS,2024,,10.1115/SMASIS2024-141014,Physical & Hardware RC,,,,5.0
Adaptive fuzzy echo state network optimal synchronization control of hybrid–order chaotic systems via reinforcement learning,2024,,10.1016/j.chaos.2024.114665,Nonlinear Dynamics & Chaos,,,,18.0
Short-term memory characteristics of TiN/WOX/FTO-based transparent memory device,2024,,10.1016/j.cjph.2024.02.049,Photonics & Optics,,,,7.0
Error-feedback three-phase optimization to configurable convolutional echo state network for time series forecasting,2024,,10.1016/j.asoc.2024.111715,General RC / ESN Methods,,,,6.0
Physical Reservoir Computing Using van der Waals Ferroelectrics for Acoustic Keyword Spotting,2024,,10.1021/acsnano.4c06144,Physical & Hardware RC,,,,14.0
Barrier function-based adaptive fixed-time ADLESN prescribed performance tracking control for UUVs with input saturation,2024,,10.1016/j.oceaneng.2024.117676,Mathematics & Theory,,,,10.0
A Noniterative Supervised On-Chip Training Circuitry for Reservoir Computing Systems,2024,,10.1109/TNNLS.2022.3201828,Physical & Hardware RC,,,,0.0
Quantum reservoir complexity by the Krylov evolution approach,2024,,10.1103/PhysRevA.110.022446,Quantum RC,,,,7.0
Exploring reservoir computing: Implementation via double stochastic nanowire networks,2024,,10.1088/1674-1056/aceeea,Physical & Hardware RC,,,,1.0
A new echo state network with a double reservoir compensates for dynamic error; [具有双储层结构的动态误差补偿回声状态网络],2024,,10.7641/CTA.2023.20539,Nonlinear Dynamics & Chaos,,,,2.0
Forecasting High Resolution Precipitation Events With Logistic Echo State Networks,2024,,10.1029/2024JH000291,Climate & Earth Sciences,,,,1.0
Onion Echo State Networks: A Preliminary Analysis of Dynamics,2024,,10.1007/978-3-031-72359-9_9,Mathematics & Theory,,,,1.0
"Generalised synchronisations, embeddings, and approximations for continuous time reservoir computers",2024,,10.1016/j.physd.2023.133956,Mathematics & Theory,,,,6.0
Constrained docking control for shipborne UAV SideArm recovery,2024,,10.1016/j.cja.2023.12.016,Control & Robotics,,,,10.0
Aviation Carbon Neutrality Achieving by Wind Lidar Retrieval Algorithm Based on Multi-core CT-LSM,2024,,10.1109/AEES63781.2024.10872565,Photonics & Optics,,,,0.0
Generalizing Wolfram’s Elementary Cellular Automata to Low-Density Networks: A Case Study in Text Classification,2024,,10.32908/ijuc.v19.220724,Signal Processing & Comms,,,,0.0
Experimental reservoir computing with diffractively coupled VCSELs,2024,,10.1364/OL.518946,Photonics & Optics,,,,15.0
Emerging memristors and applications in reservoir computing,2024,,10.1007/s11467-023-1335-x,Physical & Hardware RC,,,,15.0
Prediction of Chaotic Time Series and Clocks Using Reservoir Computing,2024,,10.1109/ASET60340.2024.10708765,Nonlinear Dynamics & Chaos,,,,0.0
Automatic damage detection and data completion for operational bridge safety using convolutional echo state networks,2024,,10.1016/j.autcon.2024.105606,General RC / ESN Methods,,,,14.0
Short-Term Electric Load Forecasting Using ESN Neural Networks,2024,,10.1007/978-3-031-69358-8_7,Climate & Earth Sciences,,,,3.0
A reservoir computing model based on nonlinear spiking neural P systems for time series forecasting,2024,,10.1016/j.asoc.2024.111644,Neuroscience & Comp. Neuro,,,,6.0
Real-time ocean wave prediction in time domain with autoregression and echo state networks,2024,,10.3389/fmars.2024.1486234,Climate & Earth Sciences,,,,2.0
Broad fractional-order echo state network with slime mould algorithm for multivariate time series prediction,2024,,10.1016/j.asoc.2024.111900,Nonlinear Dynamics & Chaos,,,,15.0
Wind Power Prediction with Ramp Events Detection Based on Multi-layers Architecture,2024,,10.1109/ACSAT63853.2024.10823843,Climate & Earth Sciences,,,,0.0
An Online Strategy for Nonlinear Vector Autoregression,2024,,10.1109/RCAE62637.2024.10834233,Nonlinear Dynamics & Chaos,,,,0.0
Reservoir computing-based slow feature analysis: Application in fault classification,2024,,10.1016/j.ifacol.2024.08.378,General RC / ESN Methods,,,,0.0
Disposable and Flexible Paper-Based Optoelectronic Synaptic Devices for Physical Reservoir Computing,2024,,10.1002/aelm.202300749,Photonics & Optics,,,,15.0
IGZO/PVP Composite Nanofiber Neuromorphic Transistors with Optoelectronic Synapse Emulation and Reservoir Computing,2024,,10.1021/acs.jpclett.4c02234,Photonics & Optics,,,,4.0
Echo state network structure optimization algorithm based on correlation analysis,2024,,10.1016/j.asoc.2023.111214,Nonlinear Dynamics & Chaos,,,,10.0
SSTE: Syllable-Specific Temporal Encoding to FORCE-learn audio sequences with an associative memory approach,2024,,10.1016/j.neunet.2024.106368,Signal Processing & Comms,,,,0.0
In Situ Imaging of Dynamic Current Paths in a Neuromorphic Nanoparticle Network with Critical Spiking Behavior,2024,,10.1002/adfm.202312989,Physical & Hardware RC,,,,9.0
From ‘follow the leader’ to autonomous swarming: physical reservoir computing in two dimensions,2024,,10.1088/2634-4386/ad7314,Control & Robotics,,,,5.0
LSM-Based Hotspot Prediction and Hotspot-Aware Routing in NoC-Based Neuromorphic Processor,2024,,10.1109/TVLSI.2024.3370850,Physical & Hardware RC,,,,11.0
Rapid and Cost-Effective Characterization of Graphene Powders Using Memristive Echo State Networks,2024,,10.1109/MetroXRAINE62247.2024.10795905,Control & Robotics,,,,1.0
"Erratum: ""Reservoir computing with random and optimized time-shifts"" [Chaos 31(12), 121103 (2021)",2024,,10.1063/5.0131202,Nonlinear Dynamics & Chaos,,,,0.0
Performance improvement in reservoir computing by using HfZrO2 FeFETs through operating voltage optimization,2024,,10.35848/1347-4065/ad2133,General RC / ESN Methods,,,,12.0
Intermittent dynamics identification and prediction from experimental data of discrete-mode semiconductor lasers by reservoir computing,2024,,10.1364/OE.538608,Photonics & Optics,,,,5.0
A current-controlled magnonic reservoir for physical reservoir computing,2024,,10.1063/5.0189542,Physical & Hardware RC,,,,6.0
A Brain-Inspired Approach for Compliant Force Interaction Control under Predefined Tasks,2024,,10.1109/RCAE62637.2024.10834211,Neuroscience & Comp. Neuro,,,,0.0
Identifying spiral wave tips with reservoir computing,2024,,10.1016/j.chaos.2024.114579,Nonlinear Dynamics & Chaos,,,,3.0
Deep Learning and Text-Embedding to Integrate Energy Consumption into Industrial Machine Production Planning,2024,,10.1109/ETFA61755.2024.10710763,General RC / ESN Methods,,,,1.0
A balanced optimization method for energy storage capacity allocation in new power systems under the background of carbon reduction,2024,,10.1088/1742-6596/2896/1/012039,Mathematics & Theory,,,,0.0
Prediction of Hippocampal Signals in Mice Using a Deep Learning Approach for Neurohybrid Technology Applications,2024,,10.3390/a17060252,Neuroscience & Comp. Neuro,,,,6.0
Reservoir computing for a MEMS mirror-based laser beam control on FPGA,2024,,10.1007/s10043-024-00871-x,Photonics & Optics,,,,1.0
Walking Condition Estimation Using Physical Reservoir Computing with External Echo State Network,2024,,10.1109/BioRob60516.2024.10719718,Physical & Hardware RC,,,,2.0
Timely detection of skin cancer: An AI-based approach on the basis of the integration of Echo State Network and adapted Seasons Optimization Algorithm,2024,,10.1016/j.bspc.2024.106324,General RC / ESN Methods,,,,77.0
Optimized Echo State Network-Based Deep Learning Model for Intrusion Detection in Wireless Communication,2024,,10.1109/GCCIT63234.2024.10862947,Signal Processing & Comms,,,,0.0
Fixed-time adaptive tracking control for MIMO nonlinear system with input delay saturation based on echo state network,2024,,10.1049/cth2.12559,Nonlinear Dynamics & Chaos,,,,1.0
A new two-stage decomposition and integrated hybrid model for short-term wind speed prediction,2024,,10.1177/0309524X241237964,Climate & Earth Sciences,,,,1.0
Exploring physical and digital architectures in magnetic nanoring array reservoir computers,2024,,10.1088/2634-4386/ad53f9,Physical & Hardware RC,,,,3.0
Enhancing Speech and Music Discrimination Through the Integration of Static and Dynamic Features,2024,,10.21437/Interspeech.2024-1596,Signal Processing & Comms,,,,0.0
Reservoir structure optimization of echo state networks: A detrended multiple cross-correlation pruning perspective,2024,,10.3233/JIFS-233605,Nonlinear Dynamics & Chaos,,,,0.0
An algorithm for two-dimensional pattern detection by combining Echo State Network-based weak classifiers,2024,,10.1016/j.mlwa.2024.100571,Nonlinear Dynamics & Chaos,,,,2.0
Bio-Inspired Sensor-Based Sound Pre-Processing for Speech Recognition in Noisy Conditions,2024,,10.1109/BioCAS61083.2024.10798207,Signal Processing & Comms,,,,2.0
Dynamics prediction method of torsion balance based on improved reservoir computing; [基于改进储备池计算的高精度扭秤动力学状态预测方法],2024,,10.13695/j.cnki.12-1222/o3.2024.06.011,General RC / ESN Methods,,,,0.0
Adaptive Fuzzy Echo State Network Control of Fractional-Order Large-Scale Nonlinear Systems With Time-Varying Deferred Constraints,2024,,10.1109/TFUZZ.2023.3305606,Mathematics & Theory,,,,17.0
Magnetization Vector Rotation Reservoir Computing Operated by Redox Mechanism,2024,,10.1021/acs.nanolett.3c05029,Physical & Hardware RC,,,,14.0
Dynamic Memristor-Based Reservoir Computing for Gesture Recognition Application,2024,,10.1109/ICICM63644.2024.10814171,Physical & Hardware RC,,,,0.0
Calibrated forecasts of quasi-periodic climate processes with deep echo state networks and penalized quantile regression,2024,,10.1002/env.2833,Climate & Earth Sciences,,,,8.0
Use of a delayed input for simple and effective optimisation of physical reservoir computers,2024,,10.1117/12.3026888,Photonics & Optics,,,,0.0
Photonic delay reservoir computer based on ring resonator for reconfigurable microwave waveform generator,2024,,10.1364/OE.518777,Photonics & Optics,,,,4.0
Effect of nonlinearity induced by atomic switch in Ag/Ag2S nanoparticles on performance of in-materio reservoir computing,2024,,10.1063/5.0169067,Nonlinear Dynamics & Chaos,,,,4.0
"Augmentation of Emotional Intelligence - A Reservoir Computing Driven, EEG-Based Analysis",2024,,10.1109/ICPECTS62210.2024.10780394,General RC / ESN Methods,,,,0.0
Modelling of intrusion detection using sea horse optimization with machine learning model on cloud environment,2024,,10.1007/s41870-023-01722-9,General RC / ESN Methods,,,,16.0
Physical reservoir computing with emerging electronics,2024,,10.1038/s41928-024-01133-z,Physical & Hardware RC,,,,170.0
Investigating forced transient chaos in monsoon using Echo State Networks,2024,,10.1007/s00382-024-07174-6,Nonlinear Dynamics & Chaos,,,,1.0
Extending dynamic memory of spiking neuron networks,2024,,10.1016/j.chaos.2024.114850,Neuroscience & Comp. Neuro,,,,27.0
A novel broad learning system integrated with restricted Boltzmann machine and echo state network for time series forecasting,2024,,10.1016/j.engappai.2024.108315,Nonlinear Dynamics & Chaos,,,,10.0
In-memory and in-sensor reservoir computing with memristive devices,2024,,10.1063/5.0174863,Photonics & Optics,,,,28.0
Using a snow ablation optimizer in an autonomous echo state network for the model-free prediction of chaotic systems,2024,,10.1007/s11071-024-09656-y,Nonlinear Dynamics & Chaos,,,,11.0
Toward a Brain–Neuromorphics Interface,2024,,10.1002/adma.202311288,Physical & Hardware RC,,,,45.0
Multi-task photonic reservoir computing: wavelength division multiplexing for parallel computing with a silicon microring resonator,2024,,10.3389/aot.2024.1471239,Photonics & Optics,,,,7.0
Self-learning physical reservoir computer,2024,,10.1103/PhysRevE.109.064205,Physical & Hardware RC,,,,9.0
Recurrent Equilibrium Networks: Flexible Dynamic Models with Guaranteed Stability and Robustness,2024,,10.1109/TAC.2023.3294101,Nonlinear Dynamics & Chaos,,,,35.0
Lyapunov analysis of data-driven models of high dimensional dynamics using reservoir computing: Lorenz-96 system and fluid flow,2024,,10.1088/2632-072X/ad5264,Nonlinear Dynamics & Chaos,,,,2.0
Classical and Quantum Physical Reservoir Computing for Onboard Artificial Intelligence Systems: A Perspective,2024,,10.3390/dynamics4030033,Physical & Hardware RC,,,,13.0
Attention-enhanced reservoir computing,2024,,10.1103/PhysRevApplied.22.014039,Photonics & Optics,,,,9.0
Euler State Networks: Non-dissipative Reservoir Computing,2024,,10.1016/j.neucom.2024.127411,Mathematics & Theory,,,,11.0
Closed-Loop Physical Reservoir Computing with Optogenetic Control in Biological Neural Networks,2024,,10.1109/ACP/IPOC63121.2024.10809918,Photonics & Optics,,,,2.0
Boosting reservoir computer performance with multiple delays,2024,,10.1103/PhysRevE.109.054203,Photonics & Optics,,,,8.0
Prediction of spatiotemporal dynamic systems by data-driven reconstruction,2024,,10.1016/j.chaos.2024.115137,Nonlinear Dynamics & Chaos,,,,7.0
Network traffic prediction model based on linear and nonlinear model combination,2024,,10.4218/etrij.2023-0136,Nonlinear Dynamics & Chaos,,,,15.0
Nonlinear integrated optical resonators for optical fibre data recovery,2024,,10.1364/OE.529499,Photonics & Optics,,,,0.0
Hybridizing traditional and next-generation reservoir computing to accurately and efficiently forecast dynamical systems,2024,,10.1063/5.0206232,Nonlinear Dynamics & Chaos,,,,18.0
Designs of graph echo state networks for node classification,2024,,10.1016/j.neucom.2024.127965,Signal Processing & Comms,,,,6.0
Class imbalance data handling with optimal deep learning-based intrusion detection in IoT environment,2024,,10.1007/s00500-023-09610-x,General RC / ESN Methods,,,,13.0
Detection of limit cycle signatures of El Niño in models and observations using reservoir computing,2024,,10.1088/2632-072X/ad2699,Nonlinear Dynamics & Chaos,,,,4.0
Numerical Study on Physical Reservoir Computing with Josephson Junctions,2024,,10.1109/TASC.2024.3350576,Physical & Hardware RC,,,,2.0
Multi-scale deep echo state network for time series prediction,2024,,10.1007/s00521-024-09761-4,Nonlinear Dynamics & Chaos,,,,5.0
An Integrated Reservoir Predictor Based on Spatiotemporal Information Transformation,2024,,10.1142/S0218127424500482,Nonlinear Dynamics & Chaos,,,,0.0
A Fast Parametric and Structural Transfer Leaky Integrator Echo State Network for Reservoir Computing,2024,,10.1109/TSMC.2024.3358567,Mathematics & Theory,,,,8.0
Application of next-generation reservoir computing for predicting chaotic systems from partial observations,2024,,10.1103/PhysRevE.109.064215,Nonlinear Dynamics & Chaos,,,,19.0
Oscillation-Driven Reservoir Computing for Long-Term Replication of Chaotic Time Series,2024,,10.1007/978-3-031-72359-9_10,Nonlinear Dynamics & Chaos,,,,2.0
Trajectory Design and Bandwidth Allocation Considering Power-Consumption Outage for UAV Communication: A Machine Learning Approach,2024,,10.1109/TII.2023.3292522,Control & Robotics,,,,6.0
Chemical reservoir computation in a self-organizing reaction network,2024,,10.1038/s41586-024-07567-x,Nonlinear Dynamics & Chaos,,,,37.0
Reducing Reservoir Dimensionality with Phase Space Construction for Simplified Hardware Implementation,2024,,10.1007/978-3-031-72359-9_12,Nonlinear Dynamics & Chaos,,,,2.0
In-Sensor Reservoir Computing Based on Self-Rectifying TiOx Photosynapse for Image Recognition and Speech Signal Processing,2024,,10.1021/acsphotonics.4c01415,Signal Processing & Comms,,,,11.0
Chaotic Dynamical Enhanced Optical Physical Layer Encryption in OFDM-PON System Based on Echo State Network,2024,,10.1109/JLT.2023.3333320,Photonics & Optics,,,,17.0
Topological magnetic and ferroelectric systems for reservoir computing,2024,,10.1038/s42254-024-00729-w,General RC / ESN Methods,,,,41.0
Optically Tunable Electrical Oscillations in Oxide-Based Memristors for Neuromorphic Computing,2024,,10.1002/adma.202400904,Photonics & Optics,,,,40.0
Time-varying Echo State Networks: Harnessing Dynamic Parameters for Robust Time-Series Analysis,2024,,10.1145/3638530.3654425,General RC / ESN Methods,,,,0.0
Asymmetric transition of electrical resistance in an all-solid-state redox device with Fe3O4 and Li-ion electrolyte thin films for physical reservoir computing,2024,,10.35848/1347-4065/ad1fb0,Physical & Hardware RC,,,,3.0
Memory in Conductive Fabrics for Reservoir Computing,2024,,10.32908/ijuc.v19.220124,Physical & Hardware RC,,,,0.0
Water quality prediction in wastewater treatment process using lasso echo state network,2024,,10.1109/CAC63892.2024.10865777,General RC / ESN Methods,,,,0.0
Dual integration design of approximate random weight generator and computation-in-memory for event-based neuromorphic computing,2024,,10.35848/1347-4065/ad2415,Physical & Hardware RC,,,,1.0
An echo state network model with the protein structure for time series prediction,2024,,10.1016/j.asoc.2024.111257,Nonlinear Dynamics & Chaos,,,,13.0
Shipping market time series forecasting via an Ensemble Deep Dual-Projection Echo State Network,2024,,10.1016/j.compeleceng.2024.109218,General RC / ESN Methods,,,,11.0
Reservoir Computing Based on Memristor Arrays in Random States,2024,,10.1109/TCSI.2024.3394169,Physical & Hardware RC,,,,14.0
Stabilizing machine learning prediction of dynamics: Novel noise-inspired regularization tested with reservoir computing,2024,,10.1016/j.neunet.2023.10.054,Nonlinear Dynamics & Chaos,,,,20.0
Embedding Bifurcations into Pneumatic Artificial Muscle,2024,,10.1002/advs.202304402,Nonlinear Dynamics & Chaos,,,,18.0
Computing on the verge of chaos: classical and quantum reservoirs,2024,,10.1117/12.3027578,Nonlinear Dynamics & Chaos,,,,0.0
Controllable non-uniformly distributed spiking cluster generation in broadband optoelectronic oscillator,2024,,10.1364/OE.520246,Photonics & Optics,,,,2.0
Experimental demonstration of a photonic reservoir computing system based on Fabry Perot laser for multiple tasks processing,2024,,10.1515/nanoph-2023-0708,Photonics & Optics,,,,12.0
Reliability of Tunneling Regime for Silicon on Insulator-Based Neuron,2024,,10.1109/TED.2024.3462377,Physical & Hardware RC,,,,1.0
Finite-time event-triggered output-feedback adaptive decentralized echo-state network fault-tolerant control for interconnected pure-feedback nonlinear systems with input saturation and external disturbances: A fuzzy control-error approach,2024,,10.1016/j.ins.2024.120557,Nonlinear Dynamics & Chaos,,,,93.0
Using reservoir computing to construct scarred wave functions,2024,,10.1103/PhysRevE.109.044214,Nonlinear Dynamics & Chaos,,,,1.0
DDoSNet: Detection and prediction of DDoS attacks from realistic multidimensional dataset in IoT network environment,2024,,10.1016/j.eij.2024.100526,General RC / ESN Methods,,,,9.0
Reservoir Neural Network Computing for Time Series Forecasting in Aerospace: Potential Applications to Predictive Maintenance †,2024,,10.3390/engproc2024068017,General RC / ESN Methods,,,,1.0
Reservoir Computing Based on LED model for Signal Equalization in VLC-OFDM System,2024,,10.1109/ACP/IPOC63121.2024.10809873,Signal Processing & Comms,,,,1.0
Nonlinear Temperature Control of Additive Friction Stir Deposition Evaluated on an Echo State Network,2024,,10.1115/1.4064000,Mathematics & Theory,,,,5.0
Tracing curves in the plane: Geometric-invariant learning from human demonstrations,2024,,10.1371/journal.pone.0294046,General RC / ESN Methods,,,,0.0
A Data-driven Model for NOx Prediction in a Cement Clinker Calcination System Based on a Robust ESN,2024,,10.1109/BDAI62182.2024.10692641,Climate & Earth Sciences,,,,0.0
Retrieving past quantum features with deep hybrid classical-quantum reservoir computing,2024,,10.1088/2632-2153/ad5f12,Quantum RC,,,,14.0
Physics-based approach to developing physical reservoir computers,2024,,10.1103/PhysRevResearch.6.033055,Physical & Hardware RC,,,,5.0
Research of proton exchange membrane fuel cell degradation index and prediction method for automotive vehicles,2024,,10.1016/j.seta.2024.103789,General RC / ESN Methods,,,,14.0
Comparing exciton-polariton couplings in two-dimensional MoS2 cavities,2024,,10.1117/12.3028284,Photonics & Optics,,,,0.0
Real-Time Data Acquisition in SCADA Systems: A JavaWeb and Swarm Intelligence-Based Optimization Framework,2024,,10.14569/IJACSA.2024.0151152,Mathematics & Theory,,,,0.0
Photonic Reservoir Computing System for Pattern Recognition Based on an Array of Four Distributed Feedback Lasers,2024,,10.1021/acsphotonics.4c00015,Photonics & Optics,,,,14.0
Realization of Multiple Synapse Plasticity by Coexistence of Volatile and Nonvolatile Characteristics of Interface Type Memristor,2024,,10.1021/acsami.4c03148,Physical & Hardware RC,,,,25.0
Prediction of unobserved bifurcation by unsupervised extraction of slowly time-varying system parameter dynamics from time series using reservoir computing,2024,,10.3389/frai.2024.1451926,Nonlinear Dynamics & Chaos,,,,0.0
Numerical simulations of a magnonic reservoir computer,2024,,10.1063/5.0184848,Photonics & Optics,,,,2.0
Quantum Brain Dynamics and Virtual Reality,2024,,10.1016/j.biosystems.2024.105259,Neuroscience & Comp. Neuro,,,,3.0
Photonic implementation of the input and reservoir layers for a reservoir computing system based on a single VCSEL with two Mach-Zehnder modulators,2024,,10.1364/OE.522336,Photonics & Optics,,,,7.0
Nonintrusive Condition Monitoring of FCEV Using System-Level Digital Twin Model,2024,,10.1109/TTE.2023.3279835,General RC / ESN Methods,,,,6.0
Time series analysis for financial indices using optical reservoir computing,2024,,10.1117/1.OE.63.5.054108,Photonics & Optics,,,,3.0
Ensemble and Pre-Training Approach for Echo State Network and Extreme Learning Machine Models,2024,,10.3390/e26030215,Nonlinear Dynamics & Chaos,,,,1.0
MEMS resonator-based reservoir computing for epileptic seizure prediction,2024,,10.1109/IMFEDK64776.2024.10814263,Physical & Hardware RC,,,,2.0
Energy-Efficient Reservoir Computing Based on Solution-Processed Electrolyte/Ferroelectric Memcapacitive Synapses for Biosignal Classification,2024,,10.1021/acs.jpclett.4c01896,Physical & Hardware RC,,,,11.0
Echo State Networks: A Non-Intrusive Approach to Anomaly Detection in Manufacturing,2024,,10.1109/SCW63240.2024.00011,General RC / ESN Methods,,,,0.0
Dynamic memristor for physical reservoir computing,2024,,10.1039/d4nr01445f,Physical & Hardware RC,,,,7.0
Wavelength-multiplexed Delayed Inputs for Memory Enhancement of Microring-based Reservoir Computing,2024,,10.1364/cleo_at.2024.jw2a.28,Photonics & Optics,,,,1.0
A non-stationary transformer-based remaining useful life prediction method for proton exchange membrane fuel cells,2024,,10.1016/j.ijhydene.2024.02.150,Climate & Earth Sciences,,,,32.0
Research on tactile sensation by physical reservoir computing with a robot arm and a Ag2S reservoir,2024,,10.35848/1347-4065/ad21bc,Physical & Hardware RC,,,,9.0
Sparse Model-Space Learning for Multivariate Sequence Classification,2024,,10.1109/BigDIA63733.2024.10808480,General RC / ESN Methods,,,,0.0
Genetic-Algorithm-Based Hierarchical Echo State Network for Temperature Prediction,2024,,10.1109/ICMLCA63499.2024.10754326,Climate & Earth Sciences,,,,0.0
Learning Dynamics by Reservoir Computing (In Memory of Prof. Pavol Brunovský),2024,,10.1007/s10884-022-10159-w,Nonlinear Dynamics & Chaos,,,,10.0
On the prediction of the turbulent flow behind cylinder arrays via echo state networks,2024,,10.1088/2632-2153/ad5414,Climate & Earth Sciences,,,,5.0
Transient-Reinforced Tunnel Coordinated Control of Underactuated Marine Surface Vehicles With Actuator Faults,2024,,10.1109/TITS.2023.3324346,Control & Robotics,,,,21.0
Adaptable reservoir computing: A paradigm for model-free data-driven prediction of critical transitions in nonlinear dynamical systems,2024,,10.1063/5.0200898,Nonlinear Dynamics & Chaos,,,,26.0
Traffic self-similarity analysis and application of industrial internet,2024,,10.1007/s11276-020-02420-1,General RC / ESN Methods,,,,6.0
ONLINE DATA-DRIVEN CONTROL USING AN ECHO STATE NETWORK,2024,,10.24507/icicel.18.04.367,Nonlinear Dynamics & Chaos,,,,1.0
Period-Doubling Route to Chaos in Photorefractive Two-Wave Mixing,2024,,10.3390/photonics11060521,Nonlinear Dynamics & Chaos,,,,2.0
Chaotic attractor reconstruction using small reservoirs—the influence of topology,2024,,10.1088/2632-2153/ad6ee8,Nonlinear Dynamics & Chaos,,,,16.0
Frequency multiplexed photonic reservoir computing using a Mach-Zehnder interferometer,2024,,,Photonics & Optics,,,,0.0
Enforcing Fading Memory of Noisy Quantum Echo State Networks,2024,,10.1109/QCE60285.2024.10363,Quantum RC,,,,1.0
Convergence analysis and application of an improved sparrow search algorithm; [一种改进麻雀搜索算法的收敛性分析及应用],2024,,10.13195/j.kzyjc.2023.1065,Mathematics & Theory,,,,4.0
Time Series Classification Based on Forward Echo State Convolution Network,2024,,10.1007/s11063-024-11449-8,Nonlinear Dynamics & Chaos,,,,6.0
Single-layer folded RNN for time series prediction and classification under a non-Von Neumann architecture,2024,,10.1016/j.dsp.2024.104415,Nonlinear Dynamics & Chaos,,,,9.0
Emergence of brain-inspired small-world spiking neural network through neuroevolution,2024,,10.1016/j.isci.2024.108845,Neuroscience & Comp. Neuro,,,,10.0
Physical reservoir application of random network of gold nanoparticles fabricated by multi-step immersion in gold colloidal solution,2024,,10.35848/1347-4065/ad4cca,Physical & Hardware RC,,,,2.0
Reservoir computing system based on mutually delay-coupled semiconductor lasers with optical feedback,2024,,10.1016/j.optcom.2024.130535,Photonics & Optics,,,,3.0
Correlation between PPF index and short-term memory in physical-reservoir computing with artificial synapse using simple RC-series circuit,2024,,10.1063/5.0199941,Mathematics & Theory,,,,13.0
2D Reconfigurable Memory Device Enabled by Defect Engineering for Multifunctional Neuromorphic Computing,2024,,10.1002/adma.202403785,Physical & Hardware RC,,,,33.0
Precision Data-Driven Collision Localization with a Dedicated Matrix Template for Electric Vehicle Automatic Charging,2024,,10.3390/electronics13030638,Control & Robotics,,,,4.0
An adaptative approach for estimating the remaining useful life of a heavy-duty fuel cell vehicle,2024,,10.1016/j.jpowsour.2024.234152,Climate & Earth Sciences,,,,15.0
Unveiling transient current response in bilayer oxide-based physical reservoirs for time-series data analysis,2024,,10.1039/d3nr05401b,Physical & Hardware RC,,,,6.0
Hardware-Application Co-Design to Evaluate the Performance of an STDP-based Reservoir Computer,2024,,10.1109/ISVLSI61997.2024.00127,Physical & Hardware RC,,,,1.0
"Recurrent Neural Networks: A Comprehensive Review of Architectures, Variants, and Applications",2024,,10.3390/info15090517,Signal Processing & Comms,,,,558.0
Waveform Classification by Two-Layer Reservoir Computing with van der Pol Oscillators,2024,,10.1109/ISOCC62682.2024.10762273,Nonlinear Dynamics & Chaos,,,,0.0
High-Performance GdNiO3 Epitaxial Film Memristor for Neuralactivity Analysis,2024,,10.1002/adfm.202305261,Physical & Hardware RC,,,,11.0
Self-pulsation and synchronization of optical neurons based on microrings,2024,,10.1016/j.optlastec.2023.110479,Photonics & Optics,,,,6.0
Solar Radiation Forecasting using Multi-Reservoir Computing and Performance Analysis; [Çoklu Rezervuar Hesaplama ile Güneş Işimasi Tahmini ve Performans Analizi],2024,,10.1109/ELECO64362.2024.10847106,General RC / ESN Methods,,,,0.0
Investigating the Surrogate Modeling Capabilities of Continuous Time Echo State Networks,2024,,10.3390/mca29010009,Nonlinear Dynamics & Chaos,,,,1.0
2Memristor-1Capacitor Integrated Temporal Kernel for High-Dimensional Data Mapping,2024,,10.1002/smll.202306585,Physical & Hardware RC,,,,8.0
A self-organization reconstruction method of ESN reservoir structure based on reinforcement learning,2024,,10.1016/j.ins.2024.120826,Control & Robotics,,,,6.0
Spatiotemporal Data Processing with Memristor Crossbar-Array-Based Graph Reservoir,2024,,10.1002/adma.202309314,Physical & Hardware RC,,,,41.0
Nonmasking-based reservoir computing with a single dynamic memristor for image recognition,2024,,10.1007/s11071-024-09338-9,Physical & Hardware RC,,,,21.0
Evolving Dual-Threshold Bienenstock-Cooper-Munro Learning Rules in Echo State Networks,2024,,10.1109/TNNLS.2022.3184004,Neuroscience & Comp. Neuro,,,,13.0
Influence of the TiN diffusion barrier on the leakage current and ferroelectricity in an Al-doped HfOx ferroelectric memristor and its application to neuromorphic computing,2024,,10.1039/d4nr02961e,Physical & Hardware RC,,,,1.0
"The industrial robot reducer testing instrument dynamic torsional moment measurement error calibration, based on the Bisquare curve fitting-improved Bayes particle swarm optimization-nonlinear echo state network (BCF-IBPSO-NESN) method",2024,,10.1063/5.0185069,Control & Robotics,,,,1.0
Multiplex-free physical reservoir computing with an adaptive oscillator,2024,,10.1103/PhysRevE.109.024203,Physical & Hardware RC,,,,7.0
Dynamical state and driving region of combustion instability in a turbulent combustor with a variable swirling flow system,2024,,10.1016/j.proci.2024.105702,Nonlinear Dynamics & Chaos,,,,1.0
Experimental Demonstration of Silicon Photonic Reservoir Computing with a Multimode Racetrack-Loop Device,2024,,10.1364/cleo_at.2024.jth2a.91,Photonics & Optics,,,,1.0
Random forests for detecting weak signals and extracting physical information: A case study of magnetic navigation,2024,,10.1063/5.0189564,General RC / ESN Methods,,,,8.0
A Novel Memristors Based Echo State Network Model Inspired by the Brain’s Uni-hemispheric Slow-Wave Sleep Characteristics,2024,,10.1007/s12559-024-10265-5,Physical & Hardware RC,,,,1.0
"The influence of hyperchaoticity, synchronization, and Shannon entropy on the performance of a physical reservoir computer",2024,,10.1063/5.0175001,Nonlinear Dynamics & Chaos,,,,0.0
Long- and Short-Term Memory Characteristics Controlled by Electrical and Optical Stimulations in InZnO-Based Synaptic Device for Reservoir Computing,2024,,10.1002/aelm.202300911,Photonics & Optics,,,,35.0
Modeling non-genetic information dynamics in cells using reservoir computing,2024,,10.1016/j.isci.2024.109614,General RC / ESN Methods,,,,6.0
Parallel reservoir computing based signal outlier detection and recovery method for structural health monitoring,2024,,10.1016/j.dibe.2024.100463,Neuroscience & Comp. Neuro,,,,7.0
Quantitative Relationship Between Data Dimensionality and Information Processing Capability Revealed via Principal Component Analysis for Non-Linear Current Waveforms With Non-Ideality Derived From Ionic Liquid-Based Physical Reservoir Device,2024,,10.1109/ACCESS.2024.3474695,Physical & Hardware RC,,,,3.0
Temporal and Spatial Reservoir Ensembling Techniques for Liquid State Machines,2024,,10.1109/ICONS62911.2024.00019,Neuroscience & Comp. Neuro,,,,0.0
Reservoir Transfer Learning Through Source Enhancement Reconstructed With Reservoir Stein Discrepancy,2024,,10.1109/JIOT.2024.3383892,Signal Processing & Comms,,,,4.0
TCESN: Solar irradiance prediction model based on Temporal convolutional echo state networ,2024,,10.23919/CCC63176.2024.10661806,General RC / ESN Methods,,,,0.0
Reservoir computing for macroeconomic forecasting with mixed-frequency data,2024,,10.1016/j.ijforecast.2023.10.009,General RC / ESN Methods,,,,17.0
Time Series Prediction of ESN Based on Chebyshev Mapping and Strongly Connected Topology,2024,,10.1007/s11063-024-11474-7,Nonlinear Dynamics & Chaos,,,,9.0
Next Generation Memristor Reservoir Computing,2024,,10.1109/MetroXRAINE62247.2024.10796786,Physical & Hardware RC,,,,1.0
Distributed reservoir computing based nonlinear equalizer for VCSEL based optical interconnects,2024,,10.1016/j.optcom.2024.130574,Photonics & Optics,,,,1.0
Chaotic time-series predicting using optoelectronic reservoir computing,2024,,10.1117/12.3036193,Photonics & Optics,,,,0.0
Temporal data learning of ferroelectric HfAlOx capacitors for reservoir computing system,2024,,10.1016/j.jallcom.2024.174371,Physical & Hardware RC,,,,11.0
Bi-LSTM Approach for Seagrass Transplantation Site Detection,2024,,10.1109/ICSET63729.2024.10774941,General RC / ESN Methods,,,,0.0
Memristive Devices Based on Necklace-like Structure Ag@TiO2 Nanowire Networks for Neuromorphic Learning and Reservoir Computing,2024,,10.1021/acsanm.4c04063,Physical & Hardware RC,,,,5.0
SHORT-TERM TRAFFIC FLOW FORECASTING USING ADAPTIVE ECHO STATE NETWORKS,2024,,10.1049/icp.2024.2790,General RC / ESN Methods,,,,0.0
Master Memory Function for Delay-Based Reservoir Computers With Single-Variable Dynamics,2024,,10.1109/TNNLS.2022.3220532,Nonlinear Dynamics & Chaos,,,,9.0
Oxide-Based Electrolyte-Gated Transistors with Stable and Tunable Relaxation Responses for Deep Time-Delayed Reservoir Computing,2024,,10.1002/aelm.202300652,Neuroscience & Comp. Neuro,,,,14.0
An Inkjet-Printed Flexible Memristor Device for Echo State Networks,2024,,10.1109/ISVLSI61997.2024.00143,Physical & Hardware RC,,,,4.0
Scan-Net: A Sparsely Encoded Convolutional Autoencoder for Semantic Segmentation of Unknown Terrain,2024,,10.4271/2024-01-4077,General RC / ESN Methods,,,,0.0
Extending echo state property for quantum reservoir computing,2024,,10.1103/PhysRevE.110.024207,Quantum RC,,,,12.0
Short-term prediction for chaotic time series based on photonic reservoir computing using VCSEL with a feedback loop,2024,,10.1364/PRJ.517275,Photonics & Optics,,,,27.0
Transformer Based Long-Term Prognostics for Dynamic Operating PEM Fuel Cells,2024,,10.1109/TTE.2023.3266803,General RC / ESN Methods,,,,70.0
A minimum complexity interaction echo state network,2024,,10.1007/s00521-023-09271-9,Nonlinear Dynamics & Chaos,,,,12.0
"Ergodicity, lack thereof, and the performance of reservoir computing with memristive networks",2024,,10.1088/2632-959X/ad2999,Mathematics & Theory,,,,14.0
Research on time series forecasting method of ion concentration in produced fluid,2024,,10.1002/eng2.12736,Nonlinear Dynamics & Chaos,,,,1.0
Programmable Retention Characteristics in MoS2-Based Atomristors for Neuromorphic and Reservoir Computing Systems,2024,,10.1021/acsnano.4c00333,Physical & Hardware RC,,,,27.0
Smartphone-Based Structural Health Monitoring with Neural Network Regression for Damage & Detection,2024,,10.1109/SMC54092.2024.10831788,General RC / ESN Methods,,,,0.0
Deep Tree Photonic Reservoir Computing with Parallel Architecture,2024,,10.1109/ACP/IPOC63121.2024.10810016,Photonics & Optics,,,,0.0
Exploring Echo State Network for Detection of Gait Freezing in Parkinson’s Patients Optimized Through Modified Metaheuristics,2024,,10.1007/978-981-97-6714-4_5,General RC / ESN Methods,,,,0.0
Energy-Efficient Edge and Cloud Image Classification with Multi-Reservoir Echo State Network and Data Processing Units,2024,,10.3390/s24113640,Control & Robotics,,,,3.0
Exploring non-steady-state charge transport dynamics in information processing: insights from reservoir computing,2024,,10.1088/2634-4386/ad54eb,Physical & Hardware RC,,,,4.0
Inverted input method for computing performance enhancement of the ion-gating reservoir,2024,,10.35848/1882-0786/ad2906,Physical & Hardware RC,,,,9.0
Effect of neural firing pattern on NbOx/Al2O3 memristor-based reservoir computing system,2024,,10.1063/5.0211178,Physical & Hardware RC,,,,9.0
Multi-Objective Rendezvous Operation Design Using Neural ODEs with Reservoir Computing Architecture for Trajectory Control Laws,2024,,,Control & Robotics,,,,1.0
Research on Electricity Price Prediction Based on Combination Model,2024,,10.1109/ICEEPS62542.2024.10693046,General RC / ESN Methods,,,,1.0
Data stream classification using a deep transfer learning method based on extreme learning machine and recurrent neural network,2024,,10.1007/s11042-023-18075-x,General RC / ESN Methods,,,,2.0
A Hardware Chaotic Neural Network with Gap Junction Models; [Gap Junction モデルを用いたハードウェアカオスニューラルネットワーク],2024,,10.1541/ieejeiss.144.580,Nonlinear Dynamics & Chaos,,,,3.0
Targeting wastewater quality variables prediction: Improving sparrow search algorithm towards optimizing echo state network,2024,,10.1016/j.jwpe.2024.105717,Nonlinear Dynamics & Chaos,,,,7.0
"Magnetoionics for Synaptic Devices and Neuromorphic Computing: Recent Advances, Challenges, and Future Perspectives",2024,,10.1002/smsc.202400133,Physical & Hardware RC,,,,17.0
Deep Photonic Time-delay Reservoir Computing for Information Processing Acceleration,2024,,10.1109/ACP/IPOC63121.2024.10809590,Photonics & Optics,,,,3.0
Exploring deep echo state networks for image classification: a multi-reservoir approach,2024,,10.1007/s00521-024-09656-4,Nonlinear Dynamics & Chaos,,,,11.0
High Performance of an In-Material Reservoir Computing Device Achieved by Complex Dynamics in a Nanoparticle Random Network Memristor,2024,,10.1021/acsaelm.3c01046,Physical & Hardware RC,,,,20.0
Transfer Learning for Reservoir Computing Using a Semiconductor Laser,2024,,,Photonics & Optics,,,,0.0
Low-Cost Data-Driven Robot Collision Localization Using a Sparse Modular Point Matrix,2024,,10.3390/app14052131,Control & Robotics,,,,0.0
PAR-Net: An Enhanced Dual-Stream CNN–ESN Architecture for Human Physical Activity Recognition,2024,,10.3390/s24061908,General RC / ESN Methods,,,,7.0
An Infrared Near-Sensor Reservoir Computing System Based on Large-Dynamic-Space Memristor with Tens of Thousands of States for Dynamic Gesture Perception,2024,,10.1002/advs.202307359,Physical & Hardware RC,,,,19.0
Echo state networks for the recognition of type 1 Brugada syndrome from conventional 12-LEAD ECG,2024,,10.1016/j.heliyon.2024.e25404,Neuroscience & Comp. Neuro,,,,5.0
ES-MSCNN: An Echo State Multi-Scale Convolutional Neural Network for Multi-Step Prediction of Wastewater Quality Variables,2024,,10.1109/RCAE62637.2024.10834164,General RC / ESN Methods,,,,0.0
Dipolar skyrmions and antiskyrmions of arbitrary topological charge at room temperature,2024,,10.1038/s41567-023-02358-z,Physical & Hardware RC,,,,42.0
Reservoir Computing Using On-Chip XGM-Based Nonlinear Processing by Membrane SOAs on Si-MZI,2024,,10.1109/JLT.2023.3345481,Photonics & Optics,,,,15.0
Prediction of Reaching Movements with Target Information Towards Trans-humeral Prosthesis Control Using Reservoir Computing and LSTMs,2024,,10.1007/978-3-031-72359-9_11,General RC / ESN Methods,,,,0.0
Newman-Watts-Strogatz topology in deep echo state networks for speech emotion recognition,2024,,10.1016/j.engappai.2024.108293,Signal Processing & Comms,,,,19.0
Physical reservoirs based on MoS2-HZO integrated ferroelectric field-effect transistors for reservoir computing systems,2024,,10.1039/d3nh00524k,Physical & Hardware RC,,,,14.0
DDoS attack frequency prediction model based on chaotic mapping echo state network,2024,,10.1109/CISAT62382.2024.10695257,Nonlinear Dynamics & Chaos,,,,0.0
Machine Learning Enhancements for Electric Vehicles: Fault Detection through Deep Echo State Networks (ESN) Model,2024,,10.1109/ICECA63461.2024.10801032,General RC / ESN Methods,,,,2.0
Noise Robust Reservoir Computing Based on Flexible Doped Hafnium Oxide Memcapacitors,2024,,10.1109/TED.2024.3379159,Physical & Hardware RC,,,,4.0
Roll Prediction and Parameter Identification of Marine Vessels Under Unknown Ocean Disturbances,2024,,10.2478/pomr-2024-0001,Nonlinear Dynamics & Chaos,,,,0.0
An echo state network with interacting reservoirs for modeling and analysis of nonlinear systems,2024,,10.1007/s11071-024-09448-4,Nonlinear Dynamics & Chaos,,,,10.0
NONLINEAR EFFECT IN PHYSICAL RESERVOIR COMPUTING USING A MECHANICAL OSCILLATOR,2024,,10.1115/SMASIS2024-139435,Nonlinear Dynamics & Chaos,,,,2.0
Edge Computing in Water Management: A KPCA-DeepESN and HOA-Optimized Framework for Urban Resource Allocation,2024,,10.14569/IJACSA.2024.0151155,Mathematics & Theory,,,,0.0
An Antiferromagnetic Neuromorphic Memory Based on Perpendicularly Magnetized CoO,2024,,10.1021/acs.nanolett.4c02340,Physical & Hardware RC,,,,6.0
Dynamic Memristors for Temporal Signal Processing,2024,,10.1002/admt.202400764,Physical & Hardware RC,,,,6.0
Controlling chaotic maps using next-generation reservoir computing,2024,,10.1063/5.0165864,Nonlinear Dynamics & Chaos,,,,20.0
A frequency domain property driven search method for echo state network structures,2024,,10.1109/ICMSP64464.2024.10867032,General RC / ESN Methods,,,,0.0
A Predictive Model for Tactile Force Estimation Using Audio-Tactile Data,2024,,10.1109/LRA.2023.3340614,Signal Processing & Comms,,,,3.0
Deep-Reinforcement-Learning-Based Distributed Dynamic Spectrum Access in Multiuser Multichannel Cognitive Radio Internet of Things Networks,2024,,10.1109/JIOT.2024.3359277,Mathematics & Theory,,,,36.0
Comparison of Neural Network Equalizers for IMDD Optical Transmission,2024,,10.1109/ACP/IPOC63121.2024.10809711,Photonics & Optics,,,,4.0
Ultra-Low Power and Reliable Dynamic Memtransistor Based on Charge Storage Junction FET with Step-Wise Potential Barrier for Energy-Efficient Edge Computing Framework,2024,,10.1002/aelm.202300904,Physical & Hardware RC,,,,5.0
Memory augmented echo state network for time series prediction,2024,,10.1007/s00521-023-09276-4,Nonlinear Dynamics & Chaos,,,,4.0
Short-Term Photovoltaic Power Prediction Using Nonlinear Spiking Neural P Systems,2024,,10.3390/su16041709,Neuroscience & Comp. Neuro,,,,13.0
Temporal multibit operation of dynamic memristor for reservoir computing,2024,,10.1016/j.rinp.2024.107796,Physical & Hardware RC,,,,7.0
Switching Dynamics in Anti-Ferroelectric Transistor for Multimodal Reservoir Computing,2024,,10.1002/adfm.202400879,Photonics & Optics,,,,14.0
Exploration of a brain-inspired photon reservoir computing network based on quantum-dot spin-VCSELs,2024,,10.1364/OE.527428,Photonics & Optics,,,,2.0
"Bistability, Period n Solutions, Quasi-Periodic, Phase-Locked Solutions and Chaos in an Optoelectronic Reservoir Computing System with Two Delayed Feedback Loops",2024,,10.1007/s42417-024-01342-y,Photonics & Optics,,,,3.0
Parallel Micro-Ring Resonator based Reservoir Computing for Optical Equalization of 112 Gbaud PAM-4 Signals,2024,,10.1109/ACP/IPOC63121.2024.10810034,Photonics & Optics,,,,2.0
Carbon price forecasting using leaky integrator echo state networks with the framework of decomposition-reconstruction-integration,2024,,10.1016/j.energy.2024.132338,General RC / ESN Methods,,,,23.0
PHOTOVOLTAIC POWER PREDICTION BASED ON TCN-BILSTM-ATTENTION-ESN; [基于 TCN-BiLSTM-Attention-ESN 的光伏功率预测],2024,,10.19912/j.0254-0096.tynxb.2023-0737,General RC / ESN Methods,,,,12.0
A hybrid proper orthogonal decomposition and next generation reservoir computing approach for high-dimensional chaotic prediction: Application to flow-induced vibration of tube bundles,2024,,10.1063/5.0191901,Next-Gen RC,,,,10.0
Design and Application of Adaptive Sparse Deep Echo State Network,2024,,10.1109/TCE.2023.3302852,Mathematics & Theory,,,,10.0
Effects of cavity nonlinearities and linear losses on silicon microring-based reservoir computing,2024,,10.1364/OE.509437,Photonics & Optics,,,,18.0
Reconfigurable Physical Reservoir Enabled by Polarization of Ferroelectric Polymer P(VDF–TrFE) and Interface Charge-Trapping/Detrapping in Dual-Gate IGZO Transistor,2024,,10.1002/adfm.202310951,Physical & Hardware RC,,,,15.0
Research on Fault Tolerance Method for Echo State Networks Oriented to Synapse Faults; [面向突触故障的回声状态网络容错方法研究],2024,,10.13705/j.issn.1671-6841.2023029,Neuroscience & Comp. Neuro,,,,0.0
Photonic next-generation reservoir computer based on distributed feedback in optical fiber,2024,,10.1063/5.0212158,Photonics & Optics,,,,10.0
Effects of Input Structure and Topology on Input-Driven Functional Connectivity Stability,2024,,10.1007/978-3-031-72359-9_7,General RC / ESN Methods,,,,0.0
Hardware Implementation of Next Generation Reservoir Computing with RRAM-Based Hybrid Digital-Analog System,2024,,10.1002/aisy.202400098,Next-Gen RC,,,,4.0
A Neuroevolutionary Approach for System Identification,2024,,10.1007/s40313-023-01061-x,Control & Robotics,,,,3.0
Photonic Reservoir Computing Enabled Time-Domain Demodulation for Frequency Modulated LiDAR,2024,,10.1109/IPC60965.2024.10799899,Photonics & Optics,,,,0.0
Recovery of hidden macroscopic signals in a Kuramoto phase oscillators network,2024,,10.1109/DCNA63495.2024.10718641,Nonlinear Dynamics & Chaos,,,,0.0
Hardware-Level Image Recognition System Based on ZnO Photo-Synapse Array with the Self-Denoising Function,2024,,10.1002/adfm.202313507,Photonics & Optics,,,,43.0
Tuning the activation function to optimize the forecast horizon of a reservoir computer,2024,,10.1088/2632-072X/ad5e55,Nonlinear Dynamics & Chaos,,,,3.0
Multi-reservoir echo state network with five-elements cycle,2024,,10.1016/j.ins.2024.120166,Nonlinear Dynamics & Chaos,,,,6.0
Delayed self-feedback echo state network for long-term dynamics of hyperchaotic systems,2024,,10.1103/PhysRevE.109.064210,Nonlinear Dynamics & Chaos,,,,2.0
Reservoir Computing Using Measurement-Controlled Quantum Dynamics,2024,,10.3390/electronics13061164,Physical & Hardware RC,,,,8.0
Detection of Overshadowing Attack in 4G and 5G Networks,2024,,10.1109/TNET.2024.3421371,Nonlinear Dynamics & Chaos,,,,4.0
Cerebellum-Inspired Model Predictive Control for Redundant Manipulators With Unknown Structure Information,2024,,10.1109/TCDS.2023.3340179,Control & Robotics,,,,11.0
A Novel Waveform Classification Method Using Memristor-Based Reservoir Computing,2024,,10.1109/AUTEEE62881.2024.10869646,Physical & Hardware RC,,,,1.0
Few- and single-molecule reservoir computing experimentally demonstrated with surface-enhanced Raman scattering and ion gating,2024,,10.1126/sciadv.adk6438,Photonics & Optics,,,,20.0
SpeCluRC-NTL: Spearman's distance-based clustering Reservoir Computing solution for NTL detection in smart grids,2024,,10.1016/j.ijepes.2024.109891,General RC / ESN Methods,,,,3.0
Influence of the operating regime of the magnonic active ring oscillator on the performance of the magnonic reservoir computer based on it,2024,,10.1016/j.jmmm.2023.171685,Nonlinear Dynamics & Chaos,,,,2.0
Data Prediction Algorithms in Real-Time Using Internet of Things and Named-Data Networks,2024,,10.1109/ISETC63109.2024.10797299,Signal Processing & Comms,,,,0.0
Intrusion Detection System Using Chaotic Walrus Optimization-based Convolutional Echo State Networks for IoT-assisted Wireless Sensor Networks,2024,,10.58346/JOWUA.2024.I3.016,Nonlinear Dynamics & Chaos,,,,6.0
Constructing polynomial libraries for reservoir computing in nonlinear dynamical system forecasting,2024,,10.1103/PhysRevE.109.024227,Nonlinear Dynamics & Chaos,,,,10.0
Reducing reservoir computer hyperparameter dependence by external timescale tailoring,2024,,10.1088/2634-4386/ad1d32,Nonlinear Dynamics & Chaos,,,,36.0
Foundation Pit Support Deformation Prediction Based on Deep Echo State Network Optimized by Empirical Balance Particle Swarm Optimization,2024,,10.1109/AIoTC63215.2024.10748306,Nonlinear Dynamics & Chaos,,,,0.0
Nonlinear Vector Autoregressor Equalization for PAM-4 Micro-Ring Modulator-based Short-Reach Transmission,2024,,,Signal Processing & Comms,,,,0.0
Photoelectric Dual-Mode and Nonvolatile Modulation Based on Ferroelectric Memristors for Reservoir Computing,2024,,10.1021/acssuschemeng.4c05355,Physical & Hardware RC,,,,32.0
Phase binarization in mutually synchronized bias field free spin-Hall nano-oscillators for reservoir computing,2024,,10.1103/PhysRevB.109.214425,Nonlinear Dynamics & Chaos,,,,2.0
Memristors with Tunable Volatility for Reconfigurable Neuromorphic Computing,2024,,10.1021/acsnano.4c03238,Physical & Hardware RC,,,,47.0
Enhancing accuracy and interpretability in EEG-based medical decision making using an explainable ensemble learning framework application for stroke prediction,2024,,10.1016/j.dss.2023.114126,General RC / ESN Methods,,,,64.0
Neuroadaptive Tracking Control of Affine Nonlinear Systems Using Echo State Networks Embedded With Multiclustered Structure and Intrinsic Plasticity,2024,,10.1109/TCYB.2022.3189189,Nonlinear Dynamics & Chaos,,,,20.0
Strain-mediated reservoir computing with temporal and spatial co-multiplexing in multiferroic heterostructures,2024,,10.1063/5.0221747,Nonlinear Dynamics & Chaos,,,,2.0
Characteristics of multi-channel reservoir computing based on mutually-coupled spin-VCSELs: a comprehensive investigation,2024,,10.1007/s00340-024-08217-w,Photonics & Optics,,,,5.0
Optimizing echo state networks for continuous gesture recognition in mobile devices: A comparative study,2024,,10.1016/j.heliyon.2024.e27108,Nonlinear Dynamics & Chaos,,,,5.0
Inertial Pose Estimation Method Based on Multi-Genre Cascade Networks,2024,,10.23919/CCC63176.2024.10661935,Control & Robotics,,,,2.0
Dynamical analysis of a parameter-aware reservoir computer,2024,,10.1103/PhysRevE.110.034211,Nonlinear Dynamics & Chaos,,,,6.0
Study on Reservoir Computing Combining Chaotic Circuits and Periodic Oscillators,2024,,10.1109/ISOCC62682.2024.10762086,Nonlinear Dynamics & Chaos,,,,0.0
Spoken digit recognition using optoelectronic reservoir computing based on semiconductor laser with optical feedback,2024,,10.1117/12.3036266,Photonics & Optics,,,,0.0
Improved dynamic characteristics of oxide electrolyte-gated transistor for time-delayed reservoir computing,2024,,10.1063/5.0185402,Physical & Hardware RC,,,,8.0
DHESN: A deep hierarchical echo state network approach for algal bloom prediction,2024,,10.1016/j.eswa.2023.122329,Nonlinear Dynamics & Chaos,,,,10.0
Physical reservoir computing with visible-light signals using dye-sensitized solar cells,2024,,10.35848/1882-0786/ad7456,Physical & Hardware RC,,,,7.0
Global forecasts in reservoir computers,2024,,10.1063/5.0181694,Nonlinear Dynamics & Chaos,,,,7.0
Reconfigurable Neurotransistors Based on Wide-bandgap Semiconductors for Adaptive Reservoir Computing,2024,,10.1109/IEDM50854.2024.10873471,Physical & Hardware RC,,,,0.0
A Photomemristor With Temporal Dynamics for In-Sensor Reservoir Computing,2024,,10.1109/LED.2024.3359775,Physical & Hardware RC,,,,9.0
High-Dimensional Physical Reservoir with Back-End-of-Line-Compatible Tin Monoxide Thin-Film Transistor,2024,,10.1021/acsami.4c07747,Physical & Hardware RC,,,,3.0
Output Estimation of Photonic Reservoir Systems Considering Characteristics of Analog MAC Circuits,2024,,10.1109/ICECS61496.2024.10849040,Photonics & Optics,,,,0.0
MULTIFRACTAL ANALYSIS OF PHYSICAL RESERVOIR COMPUTER STRUCTURES,2024,,10.1115/SMASIS2024-140473,Physical & Hardware RC,,,,3.0
Degradation Prediction of the Hydrogen Fuel Cells Based on the Decoupled Echo State Network with Reservoir Predictive Mechanism,2024,,10.1109/ICIEA61579.2024.10664807,Climate & Earth Sciences,,,,1.0
Efficient data processing using tunable entropy-stabilized oxide memristors,2024,,10.1038/s41928-024-01169-1,Physical & Hardware RC,,,,19.0
Brake Discs Surface Defect Detection Using the IGD-IHT Algorithm and the PIQEDS-ISSA-NESN Algorithm,2024,,10.15878/j.instr.202400192,General RC / ESN Methods,,,,1.0
Coherent all-optical reservoir computing for nonlinear equalization in long-haul optical fiber communication systems,2024,,10.1016/j.optlastec.2024.110697,Photonics & Optics,,,,4.0
Brain-inspired computing with fluidic iontronic nanochannels,2024,,10.1073/pnas.2320242121,Physical & Hardware RC,,,,80.0
"Expression of Concern: Grey wolf optimization–based deep echo state network for time series prediction, (Front. Energy Res, (2022), 10, (858518), 10.3389/fenrg.2022.858518)",2024,,10.3389/fenrg.2024.1548381,Nonlinear Dynamics & Chaos,,,,0.0
Residual Echo State Networks: Residual recurrent neural networks with stable dynamics and fast learning,2024,,10.1016/j.neucom.2024.127966,Mathematics & Theory,,,,15.0
Impact of HfO2 Dielectric Layer Placement in Hf0.5Zr0.5O2-Based Ferroelectric Tunnel Junctions for Neuromorphic Applications,2024,,10.1002/admt.202400050,Physical & Hardware RC,,,,37.0
Novel diversified echo state network for improved accuracy and explainability of EEG-based stroke prediction,2024,,10.1016/j.is.2023.102317,General RC / ESN Methods,,,,16.0
InGaZnO-based synaptic transistor with embedded ZnO charge-trapping layer for reservoir computing,2024,,10.1016/j.sna.2024.115405,Neuroscience & Comp. Neuro,,,,16.0
Physical reservoir computing and deep neural networks using artificial and natural noncollinear spin textures,2024,,10.1103/PhysRevApplied.22.014027,Physical & Hardware RC,,,,7.0
Sequence prediction with different dimensions based on two novel deep echo state network models,2024,,10.1177/01423312231201727,Nonlinear Dynamics & Chaos,,,,1.0
Diagnostic and prognostic for prescriptive maintenance and control of PEMFC systems in an industrial framework,2024,,10.1016/j.jpowsour.2024.234864,Climate & Earth Sciences,,,,15.0
Dynamical predictive coding with reservoir computing performs noise-robust multi-sensory speech recognition,2024,,10.3389/fncom.2024.1464603,Signal Processing & Comms,,,,5.0
Echo State Networks for the Prediction of Chaotic Systems,2024,,10.1007/978-3-031-49552-6_11,Nonlinear Dynamics & Chaos,,,,0.0
Machine-learning parameter tracking with partial state observation,2024,,10.1103/PhysRevResearch.6.013196,Nonlinear Dynamics & Chaos,,,,10.0
Bayesian Inference-Assisted Machine Learning for Near Real-Time Jamming Detection and Classification in 5G New Radio (NR),2024,,10.1109/TWC.2023.3337058,General RC / ESN Methods,,,,19.0
Experimental Demonstration of 4-Port Photonic Reservoir Computing for Equalization of 4 and 16 QAM Signals,2024,,10.1109/JLT.2024.3444480,Photonics & Optics,,,,11.0
"Proceedings of the 3rd IEEE International Conference on Micro/Nano Sensors for AI, Healthcare and Robotics, NSENS 2024",2024,,,Control & Robotics,,,,0.0
Security Performance Enhancement Chaotic Optical Communication System Based on Reservoir Computing for Physical-Layer Security,2024,,10.1109/JLT.2024.3435457,Photonics & Optics,,,,7.0
Modified LSTM Based Intrusion Detection System for Networks,2024,,10.1109/PDGC64653.2024.10984225,Signal Processing & Comms,,,,0.0
SPCTRE: sparsity-constrained fully-digital reservoir computing architecture on FPGA,2024,,10.1080/17445760.2024.2310576,Physical & Hardware RC,,,,0.0
Experimental Demonstration of Silicon Photonic Reservoir Computing with a Multimode Racetrack-Loop Device,2024,,,Photonics & Optics,,,,0.0
Mel-frequency cepstral coefficients feature extracted voice recognition task using atomic switch Ag/Ag2S device-based time-delayed reservoir computing,2024,,10.1587/nolta.15.871,Physical & Hardware RC,,,,4.0
Water Quality Prediction in Zhengzhou City Based on ESN Model,2024,,10.1109/EEBDA60612.2024.10485769,Control & Robotics,,,,3.0
AI-driven behavior biometrics framework for robust human activity recognition in surveillance systems,2024,,10.1016/j.engappai.2023.107218,General RC / ESN Methods,,,,44.0
False Data Injection Attack Detection for Virtual Coupling Heavy-Haul Trains,2024,,10.1007/978-981-97-3332-3_15,General RC / ESN Methods,,,,1.0
Lightweight and Lifelong Hyperspectral Image Classification via Attention-Based Reservoir Computing,2024,,10.1109/TGRS.2024.3386579,General RC / ESN Methods,,,,4.0
Thin-film transistor for temporal self-adaptive reservoir computing with closed-loop architecture,2024,,10.1126/sciadv.adl1299,Physical & Hardware RC,,,,50.0
Real-Time Tumor Detection Using Electromagnetic Signals with Memristive Echo State Networks,2024,,10.1109/JIOT.2024.3432763,Physical & Hardware RC,,,,4.0
Memory capacity analysis of time-delay reservoir computing based on silicon microring resonator nonlinearities,2024,,10.1117/12.3016750,Photonics & Optics,,,,3.0
Reservoir Computing Networks by Using Gain Saturation in a Semiconductor Optical Amplifier (SOA) Applied to Nonlinear Channel Equalization,2024,,10.1109/PIERS62282.2024.10618570,Signal Processing & Comms,,,,0.0
Experimental reservoir computing based on a laser subject to optoelectronic feedback,2024,,10.1109/ICLO59702.2024.10624144,Photonics & Optics,,,,0.0
"2nd International Conference on Computational Intelligence in Machine Learning, ICCIML 2022",2024,,,General RC / ESN Methods,,,,0.0
Hybrid CNN-MLP for Wastewater Quality Estimation,2024,,10.1007/978-3-031-72356-8_14,Photonics & Optics,,,,0.0
Enhancing the performance of quantum reservoir computing and solving the time-complexity problem by artificial memory restriction,2024,,10.1103/PhysRevResearch.6.013051,Quantum RC,,,,16.0
Design of Mixed-Signal LSI with Analog Spiking Neural Network and Digital Inference Circuits for Reservoir Computing,2024,,10.1109/IJCNN60899.2024.10649999,Neuroscience & Comp. Neuro,,,,3.0
Neural Network-Based Two-Dimensional Filtering for OTFS Symbol Detection,2024,,10.1109/ICC51166.2024.10622814,Signal Processing & Comms,,,,2.0
A Systematic Review of Echo State Networks From Design to Application,2024,,10.1109/TAI.2022.3225780,General RC / ESN Methods,,,,78.0
Multi-scale dynamics by adjusting the leaking rate to enhance the performance of deep echo state networks,2024,,10.3389/frai.2024.1397915,General RC / ESN Methods,,,,2.0
Investigating Biologically Plausible Neural Networks for Reservoir Computing Solutions,2024,,10.1109/ACCESS.2024.3385339,Neuroscience & Comp. Neuro,,,,4.0
Optimizing Temporal Data Forecasting for Stiffness-Modulated MEMS Reservoir Computing,2024,,10.1109/JSEN.2024.3446672,Nonlinear Dynamics & Chaos,,,,2.0
Forecasting coherence resonance in a stochastic Fitzhugh–Nagumo neuron model using reservoir computing,2024,,10.1016/j.chaos.2023.114354,Neuroscience & Comp. Neuro,,,,24.0
An applied study of a technique incorporating machine learning algorithms to optimize water demand prediction,2024,,10.2478/amns-2024-0807,General RC / ESN Methods,,,,1.0
Wearable Tactile Sensor Suit for Natural Body Dynamics Extraction: Case Study on Posture Prediction Based on Physical Reservoir Computing,2024,,10.1201/9781003384274-6,Physical & Hardware RC,,,,0.0
On-Device Signal Quality Guided and Embedded Physiologic Information for High Fidelity Continuous PPG Compression,2024,,10.1109/TIM.2024.3351256,Signal Processing & Comms,,,,3.0
"25th International Conference on Engineering Applications of Neural Networks, EANN 2024",2024,,,Neuroscience & Comp. Neuro,,,,0.0
Artificial Intelligence-Infused Exploration of Mental Health Education Model Reform in Higher Vocational Colleges During the Big Data Era,2024,,10.14733/cadaps.2024.S24.1-16,General RC / ESN Methods,,,,0.0
ESN-ATCN: A Solar Irradiance Prediction Model by ESN-TCN with Attention Mechanism,2024,,10.1109/CCDC62350.2024.10588221,General RC / ESN Methods,,,,1.0
Learning Contact Forces in Human-Wearable-Robot Interaction Using Morphological Computation,2024,,10.1109/RoboSoft60065.2024.10521979,Physical & Hardware RC,,,,2.0
Echo State Network Based on Improved Knowledge Distillation for Edge Intelligence,2024,,10.23919/cje.2022.00.292,Nonlinear Dynamics & Chaos,,,,7.0
Small-World Echo State Networks for Nonlinear Time-Series Prediction,2024,,10.1007/978-981-99-8082-6_42,Nonlinear Dynamics & Chaos,,,,1.0
Multi-reservoir ESN-based prediction strategy for dynamic multi-objective optimization,2024,,10.1016/j.ins.2023.119495,Mathematics & Theory,,,,22.0
A feature-recombinant asynchronous deep reservoir computing for modeling time series data,2024,,10.1016/j.asoc.2023.111167,General RC / ESN Methods,,,,3.0
Stock Price Prediction Using Liquid State Machine,2024,,10.1109/INSPECT63485.2024.10895989,Neuroscience & Comp. Neuro,,,,1.0
"ESANN 2024 Proceedings - 32ndEuropean Symposium on Artificial Neural Networks, Computational Intelligence and Machine Learning",2024,,,General RC / ESN Methods,,,,0.0
Hysteretic Oscillator-Based Reservoir Computing for Audio Waveform Pattern Recognition,2024,,10.1109/IJCNN60899.2024.10651003,Nonlinear Dynamics & Chaos,,,,0.0
Echo State Networks for Cryptography: A Novel Framework for Key Generation and Secure Communication,2024,,10.1007/978-981-97-2089-7_3,Nonlinear Dynamics & Chaos,,,,0.0
Reduced Order Modelling of a Reynolds number 106 jet flow using Machine Learning approaches,2024,,10.2514/6.2024-3257,Nonlinear Dynamics & Chaos,,,,1.0
Acquisition of physical kinetics of permanent magnet dc motor by reservoir computing,2024,,10.1587/nolta.15.899,Nonlinear Dynamics & Chaos,,,,1.0
"Photonic Reservoir Computing: Principles, Architectures and Applications for Sensing and Information Processing",2024,,10.1109/PN62551.2024.10621822,Photonics & Optics,,,,0.0
A Novel Architecture - Switching Echo State Networks,2024,,10.1109/AQTR61889.2024.10554207,Neuroscience & Comp. Neuro,,,,0.0
Emotion Recognition of EEG Based on Dual-Input Multi-Network Fusion Features,2024,,10.1109/ICICSP62589.2024.10809300,Neuroscience & Comp. Neuro,,,,1.0
Reservoir Memory Networks,2024,,10.14428/esann/2024.ES2024-117,General RC / ESN Methods,,,,2.0
Study of general framework of ferroelectric transistors-based reservoir computing platform,2024,,10.1088/1742-6596/2810/1/012010,Physical & Hardware RC,,,,0.0
Dynamic Memristor based Cyclic Echo State Network for Time Series Prediction,2024,,10.1109/NNICE61279.2024.10498345,Physical & Hardware RC,,,,3.0
Investigation of optimal learning conditions in gain-controlled nonlinear wave reservoirs,2024,,10.1117/12.3022409,Photonics & Optics,,,,0.0
Task-Adaptive Neuromorphic Computing Using Reconfigurable Organic Neuristors with Tunable Plasticity and Logic-in-Memory Operations,2024,,10.1021/acs.jpclett.4c00284,Physical & Hardware RC,,,,13.0
Multi-Reservoir Fully Connected Echo State Network for Wind Power Prediction,2024,,10.1109/CCDC62350.2024.10587663,Climate & Earth Sciences,,,,0.0
Multi-Scale Convolutional Echo State Network with an Effective Pre-Training Strategy for Solar Irradiance Forecasting,2024,,10.1109/ACCESS.2024.3349661,General RC / ESN Methods,,,,8.0
Spiking Reservoir Neural Network for Time Series Classification,2024,,10.1007/978-3-031-52470-7_25,Neuroscience & Comp. Neuro,,,,2.0
Trustworthiness Score for Echo State Networks by Analysis of the Reservoir Dynamics,2024,,10.14428/esann/2024.ES2024-38,General RC / ESN Methods,,,,0.0
Leveraging Spintronic Nonlinear Random Projections for Handwritten Digit Recognition,2024,,10.1109/INTERMAGShortPapers61879.2024.10577025,Physical & Hardware RC,,,,0.0
Swift and Accurate Mobility-Aware QoS Forecasting for Mobile Edge Environments,2024,,10.1109/TSC.2024.3417339,General RC / ESN Methods,,,,4.0
Composite Learning From Fractional-Order Fuzzy Echo State Network Control Using Historical Data,2024,,10.1109/TNSE.2024.3406903,Nonlinear Dynamics & Chaos,,,,11.0
Comparison of Passive Photonic Reservoir Computing Architectures for Signal Equalization of Future Generation Intra-DCN and Mobile Fronthaul Systems,2024,,10.1109/ICTON62926.2024.10648221,Photonics & Optics,,,,0.0
Deep Learning-Based Echo State Neural Network for Cyber Threat Detection in IoTDriven IICS Networks,2024,,10.47839/ijc.23.2.3538,General RC / ESN Methods,,,,1.0
A Large Reservoir Computing Forecasting Method Based on Randomized Fuzzy Cognitive Maps,2024,,10.1109/EAIS58494.2024.10570027,General RC / ESN Methods,,,,4.0
An Enhanced Real-Time Object Detection Method using Liquid Neural Network and Echo State Network Architecture,2024,,10.1109/ICICT60155.2024.10544664,Control & Robotics,,,,8.0
Ghost Reservoir: A Memory-Efficient Low-Power and Real-Time Neuromorphic Processor of Liquid State Machine with On-Chip Learning,2024,,10.1109/TCSII.2024.3395415,Physical & Hardware RC,,,,14.0
An Online Learning Strategy for Echo State Network,2024,,10.1109/TSMC.2023.3319357,Control & Robotics,,,,12.0
Online learning fuzzy echo state network with applications on redundant manipulators,2024,,10.3389/fnbot.2024.1431034,Control & Robotics,,,,3.0
Biomemristor Reservoir Computing with Multi-Value Mask for Improving Recognition Performance,2024,,10.1109/LED.2024.3424781,Physical & Hardware RC,,,,5.0
Optical Convolutional Neural Network and Reservoir Computing with EO Polymer/Si Hybrid Optical Modulator,2024,,10.1109/OECC54135.2024.10975479,Photonics & Optics,,,,0.0
Continual Learning with Graph Reservoirs: Preliminary experiments in graph classification,2024,,10.14428/esann/2024.ES2024-21,General RC / ESN Methods,,,,1.0
Time Series Forecasting of KSE-100 Index Using a Hybrid ESN-LSTM Model,2024,,10.1109/ICRAI62391.2024.10894346,General RC / ESN Methods,,,,0.0
Deep Echo State Networks for Modelling of Industrial Systems,2024,,10.1007/978-3-031-62495-7_9,General RC / ESN Methods,,,,0.0
Multi-task and continual-learning capabilities of reservoir computing applied to speech recognition,2024,,10.1109/IJCNN60899.2024.10650632,Signal Processing & Comms,,,,0.0
Process-Voltage-Temperature Variability Estimation of Tunneling Current for Band-to-Band-Tunneling-Based Neuron,2024,,10.1109/TED.2023.3331660,Physical & Hardware RC,,,,8.0
Exploring Noise- Resilient Spiking Neural Encoding using ∑†∑ Neurons,2024,,10.1109/MWSCAS60917.2024.10658863,Neuroscience & Comp. Neuro,,,,0.0
Physical neural network using skyrmion-based spin torque nano-oscillators,2024,,10.1088/1742-6596/2803/1/012044,Nonlinear Dynamics & Chaos,,,,1.0
Reservoir Computing with a MEMS Nonlinear Resonator for In-Sensor Computing,2024,,10.1109/EDTM58488.2024.10511966,Physical & Hardware RC,,,,5.0
Echo State Property upon Noisy Driving Input,2024,,10.1155/2024/5593925,Mathematics & Theory,,,,1.0
Task-adaptive physical reservoir computing,2024,,10.1038/s41563-023-01698-8,Physical & Hardware RC,,,,108.0
FOA-ESN in tourism demand forecasting from the perspective of sustainable development,2024,,10.1504/IJKBD.2024.137593,General RC / ESN Methods,,,,1.0
Physical reservoir computers that can adapt to perform different tasks,2024,,10.1038/s41563-023-01708-9,Physical & Hardware RC,,,,1.0
Revealing Functions of Extra-Large Excitatory Postsynaptic Potentials: Insights from Dynamical Characteristics of Reservoir Computing with Spiking Neural Networks,2024,,10.1007/978-3-031-72341-4_11,Neuroscience & Comp. Neuro,,,,1.0
A Comprehensive Investigation on Enhanced Robustness for Parallel VCSEL-RC Utilizing Narrow-Band Filtered Optical Feedback,2024,,10.1109/JQE.2024.3416990,Photonics & Optics,,,,2.0
Apple Leaf Disease Recognition Based on Optoelectronic Time-Delay Reservoir Computing,2024,,10.1109/ACCESS.2024.3446182,Photonics & Optics,,,,2.0
Time Series Forecasting Using Parallel Randomized Fuzzy Cognitive Maps and Reservoir Computing,2024,,10.1007/978-3-031-56728-5_5,General RC / ESN Methods,,,,1.0
EFFICIENT QUANTUM RECURRENT REINFORCEMENT LEARNING VIA QUANTUM RESERVOIR COMPUTING,2024,,10.1109/ICASSP48485.2024.10446089,Quantum RC,,,,19.0
Exploration of Reservoir Properties in Molecular Computing Systems,2024,,10.1109/CEC60901.2024.10612038,Mathematics & Theory,,,,1.0
Detect to Learn: Structure Learning with Attention and Decision Feedback for MIMO-OFDM Receive Processing,2024,,10.1109/TCOMM.2023.3292468,Signal Processing & Comms,,,,12.0
Electrothermal Tunable MEMS Oscillators for MEMS-Based Reservoir Computing,2024,,10.1109/LSENS.2024.3417614,Nonlinear Dynamics & Chaos,,,,5.0
Reservoir computing using nonlinear polarization and charge dynamics of anti-ferroelectric HZO/Si FETs,2024,,10.1109/SNW63608.2024.10639235,General RC / ESN Methods,,,,3.0
Recurrent Neural Network-Based MPC for Systems With Input and Incremental Input Constraints,2024,,10.1109/LCSYS.2024.3404332,Control & Robotics,,,,10.0
Chewiness Evaluation System for 3D-Printed Noodles Using the Implantable Gel Biter,2024,,10.1109/SII58957.2024.10417244,Control & Robotics,,,,1.0
High-order polynomial activation function and regenerative internal weights for FPGA implementation of reservoir computing,2024,,10.1587/nolta.15.262,Physical & Hardware RC,,,,0.0
Bidirectional 2D reservoir computing for image anomaly detection without any training,2024,,10.1587/nolta.15.838,General RC / ESN Methods,,,,2.0
Multi-Mode Multiplexing Reservoir Computing Based on a WRC-FPLD with Optical Feedback,2024,,10.1109/ICOCN63276.2024.10648311,Photonics & Optics,,,,0.0
Denoising of discrete-time chaotic signals using echo state networks,2024,,10.1016/j.sigpro.2023.109252,Nonlinear Dynamics & Chaos,,,,9.0
Performance analysis of VCSEL-based reservoir computing system under arbitrary-polarization optical feedback,2024,,10.1117/12.3025668,Photonics & Optics,,,,0.0
A Reversible Degradation Adaptive Avoidance-Driven Echo State Network: Application to Fuel Cell Prognostics,2024,,10.1109/CIEEC60922.2024.10583806,General RC / ESN Methods,,,,3.0
Turbofan Engine's RUL Prediction Based on the CSI-EMD and Double-Channel Multilayer Feature Fusion Network,2024,,10.1109/TAES.2024.3402199,General RC / ESN Methods,,,,5.0
Entropy Transformation Measures for Computational Capacity,2024,,10.1007/978-3-031-63742-1_9,Mathematics & Theory,,,,1.0
Interpretable Graph Reservoir Computing With the Temporal Pattern Attention,2024,,10.1109/TNNLS.2022.3231620,Nonlinear Dynamics & Chaos,,,,6.0
2024 3rd International Conference on Electronics and Integrated Circuit Technology,2024,,,Photonics & Optics,,,,0.0
Applying Reservoir Computing and Machine Learning Techniques for Image Enhancement in Biomedical Imaging,2024,,10.1109/SmartNets61466.2024.10577705,Signal Processing & Comms,,,,2.0
Task-Independent Evaluation Metrics of Carbon Nanotube Based In-Materio Reservoir Computing,2024,,10.1109/NSENS62142.2024.10561345,Physical & Hardware RC,,,,0.0
Implementation of Grover's Algorithm based on Quantum Reservoir Computing,2024,,10.1109/INCET61516.2024.10593410,Quantum RC,,,,1.0
Learning from the past: reservoir computing using delayed variables,2024,,10.3389/fams.2024.1221051,Nonlinear Dynamics & Chaos,,,,16.0
"3rd International Conference on Image Processing and Robotics, ICIPRoB 2024 - Proceedings",2024,,,Control & Robotics,,,,0.0
A sensor system integrating sensing and intelligence based on MEMS reservoir computing,2024,,10.1088/1742-6596/2740/1/012013,Physical & Hardware RC,,,,4.0
Reservoir Computing with Magnetic Thin Films,2024,,10.32908/ijuc.v19.231023,Photonics & Optics,,,,2.0
Controlling nonlinearity and memory by feedback delay time in delay-based reservoir computing,2024,,10.1587/nolta.15.764,Nonlinear Dynamics & Chaos,,,,3.0
MBSSA-Bi-AESN: Classification prediction of bi-directional adaptive echo state network based on modified binary salp swarm algorithm and feature selection,2024,,10.1007/s10489-024-05280-w,Nonlinear Dynamics & Chaos,,,,9.0
Adaptive robot control using modular reservoir computing to minimize multimodal errors,2024,,10.1109/IJCNN60899.2024.10650333,Control & Robotics,,,,2.0
Predicting nonsmooth chaotic dynamics by reservoir computing,2024,,10.1103/PhysRevE.109.014214,Nonlinear Dynamics & Chaos,,,,7.0
Reconstructive reservoir computing for anomaly detection in time-series signals,2024,,10.1587/nolta.15.183,General RC / ESN Methods,,,,6.0
A novel multivariate time series combination prediction model,2024,,10.1080/03610926.2022.2124522,Nonlinear Dynamics & Chaos,,,,3.0
Enhancing Driving Behavior Analysis in Autonomous Systems: A Reservoir Computing and Temporal-Aware Machine Learning Approach,2024,,10.1109/MOST60774.2024.00011,Control & Robotics,,,,6.0
Augmenting Reservoirs with Higher Order Terms for Resource Efficient Learning,2024,,10.1109/IJCNN60899.2024.10650952,Nonlinear Dynamics & Chaos,,,,0.0
Attentional Seq2Seq Encoder-Decoder and Next Generation Reservoir Computing for Heartbeat Classification,2024,,10.1109/AFROS62115.2024.11037072,Next-Gen RC,,,,0.0
"Optimizing Smart Home Energy Forecasting: Unveiling Superiority among RBFNN, ESN, and LSTM",2024,,10.1109/IRASET60544.2024.10548233,General RC / ESN Methods,,,,4.0
A Reservoir Computing approach in Active Noise Control for vehicle applications,2024,,,Signal Processing & Comms,,,,0.0
Hybrid Model of Multiple Echo State Network Integrated by Evidence Fusion for Fault Diagnosis of a High-Voltage Circuit Breaker,2024,,10.1109/TCE.2024.3424280,General RC / ESN Methods,,,,15.0
Optimizing Stock Market Predictions: A Comprehensive 3-Stage Model with Residual Modeling,2024,,10.1109/SPIN60856.2024.10511826,General RC / ESN Methods,,,,0.0
Universal Approximation of Linear Time-Invariant (LTI) Systems Through RNNs: Power of Randomness in Reservoir Computing,2024,,10.1109/JSTSP.2024.3387274,Mathematics & Theory,,,,8.0
An implementable zone-based NMPC with Echo State Networks applied to an ESP-lifted oil well for maximum oil production,2024,,10.1016/B978-0-443-28824-1.50287-8,Control & Robotics,,,,3.0
Overview and Perspectives of Chaos Theory and Its Applications in Economics,2024,,10.3390/math12010092,Nonlinear Dynamics & Chaos,,,,28.0
A Low-Cost Flexible Inkjet-Printed Echo State Network for Impact Localization,2024,,10.1109/MeMeA60663.2024.10596722,General RC / ESN Methods,,,,2.0
Exploring the Role of Structure in a Time Constrained Decision Task,2024,,10.1109/ICDL61372.2024.10644451,Neuroscience & Comp. Neuro,,,,0.0
Small jet engine reservoir computing digital twin,2024,,10.2514/6.2024-0784,Next-Gen RC,,,,1.0
Reservoir Computing-Based Digital Self-Interference Cancellation for In-Band Full-Duplex Radios,2024,,10.1109/TMLCN.2024.3414296,Physical & Hardware RC,,,,8.0
Memory of Recurrent Networks: Do We Compute It Right?,2024,,,Mathematics & Theory,,,,2.0
Investigation on the 3D Memristor Array Architecture for 3D Reservoir Computing System Implementation,2024,,10.1109/LED.2024.3417691,Physical & Hardware RC,,,,5.0
NTL Detection in Smart Grids by means of a Reservoir Computing-based Solution,2024,,10.1109/MELECON56669.2024.10608515,General RC / ESN Methods,,,,1.0
Microring Resonator-based Photonic Reservoir Computing,2024,,10.1109/ICTON62926.2024.10648245,Photonics & Optics,,,,0.0
Using normalized echo state network to detect abnormal ECG patterns,2024,,10.1002/ima.22940,Mathematics & Theory,,,,8.0
Neural Network Controlled Grid Synchronization of Single-Phase Inverter Using SOGI-PLL for Efficient Solar Power Integration,2024,,10.1109/SMART63812.2024.10882574,Nonlinear Dynamics & Chaos,,,,1.0
Adaptive Rate/Power Control With ML-Based Channel Prediction for Optical Satellite Systems,2024,,10.1109/TAES.2024.3403809,Photonics & Optics,,,,6.0
Continual Residual Reservoir Computing for Remaining Useful Life Prediction,2024,,10.1109/TII.2023.3271661,General RC / ESN Methods,,,,18.0
Destination prediction of UAV cluster trajectory based on EMD-DESN; [基于EMD-DESN的无人机集群航迹目的地预测],2024,,10.12305/j.issn.1001-506X.2024.01.33,Control & Robotics,,,,2.0
SOA-based reservoir computing,2024,,10.1109/ICLO59702.2024.10624399,Nonlinear Dynamics & Chaos,,,,0.0
Reservoir Computing Assisted Single-Pixel High-throughput Object Classification,2024,,10.1117/12.3022550,Photonics & Optics,,,,0.0
Mask-Less Asynchronous Time-Delay Reservoir Computing Using a Passive Photonic Integrated Circuit,2024,,10.1109/JLT.2024.3434538,Photonics & Optics,,,,2.0
Augmenting Granger Causality through continuous ordinal patterns,2024,,10.1016/j.cnsns.2023.107606,General RC / ESN Methods,,,,6.0
Comparison of Echo State Network with ANN-Based Forecasting Model for Solar Power Generation Forecasting,2024,,10.1007/978-981-99-7954-7_13,General RC / ESN Methods,,,,1.0
Inferring attracting basins of power system with machine learning,2024,,10.1103/PhysRevResearch.6.013181,Nonlinear Dynamics & Chaos,,,,16.0
Fast Parameter Optimization of Delayed Feedback Reservoir with Backpropagation and Gradient Descent,2024,,,General RC / ESN Methods,,,,0.0
Exploiting Bias Temperature Instability for Reservoir Computing in Edge Artificial Intelligence Applications,2024,,10.1109/IRPS48228.2024.10529383,Physical & Hardware RC,,,,5.0
Neuropunk Revolution: Further Results,2024,,10.1007/978-3-031-50381-8_95,Physical & Hardware RC,,,,0.0
Effect of memory capacity characteristics on time-series prediction performance of reservoir neural network with extended chaotic neural network model,2024,,10.1587/nolta.15.750,Mathematics & Theory,,,,1.0
Research on a Short-Term Electricity Price Forecasting Model Based on SSA-ESN-BiLSTM,2024,,10.1109/EI264398.2024.10991658,General RC / ESN Methods,,,,1.0
Reservoir Computing neural networks for estimating mechanical properties of hot steel strips,2024,,10.1109/IJCNN60899.2024.10651394,General RC / ESN Methods,,,,0.0
Reservoir Computing Utilizing a Complementary Combination of n- and p-Channel FeFETs,2024,,10.1109/LED.2024.3435422,Physical & Hardware RC,,,,7.0
A Method of Applying Virtual Reality Converged Remote Platform Based on Crawfish Optimization Algorithm to Improve ESN Network,2024,,10.4108/eetsis.4844,Mathematics & Theory,,,,0.0
Secure Communication via Chaotic Synchronization Based on Reservoir Computing,2024,,10.1109/TNNLS.2022.3173516,Nonlinear Dynamics & Chaos,,,,49.0
Integrated architecture of ITCAM and reservoir computing for time series data,2024,,10.1587/nolta.15.354,Control & Robotics,,,,0.0
Photonic Neural Networks Based on Integrated Silicon Microresonators,2024,,10.34133/icomputing.0067,Photonics & Optics,,,,44.0
Brain-morphic wireless sensor network and its application to temperature distribution estimation,2024,,10.1587/nolta.15.954,Signal Processing & Comms,,,,1.0
Prediction of Noise-Type and its Elimination from Photoplethysmograph Signal,2024,,10.1109/CIEC59440.2024.10468270,General RC / ESN Methods,,,,2.0
Explainable Artificial Intelligence for Crowd Forecasting Using Global Ensemble Echo State Networks,2024,,10.1109/OJIES.2024.3397789,Signal Processing & Comms,,,,4.0
Physical Reservoir Based on a Leaky-FeFET Using the Temporal Memory Effect,2024,,10.1109/LED.2023.3335142,Physical & Hardware RC,,,,10.0
Reservoir Computing for Short High-Dimensional Time Series: an Application to SARS-CoV-2 Hospitalization Forecast,2024,,,General RC / ESN Methods,,,,2.0
Hybrid Quanvolutional Echo State Network for Time Series Prediction,2024,,10.5220/0012271600003636,Nonlinear Dynamics & Chaos,,,,7.0
Prediction of Power System Load Using Echo State Network Based on Dropconnect Method,2024,,10.1109/ICEI63732.2024.10917256,General RC / ESN Methods,,,,1.0
Enhancing Single-Electron Reservoir Computing Performance with Delay Function and Multiple-layer Reservoir Circuits,2024,,10.1109/SNW63608.2024.10639223,Physical & Hardware RC,,,,1.0
Echo State Network with Dung Beetle Optimization Algorithm and Its Application,2024,,10.1109/ICACTE62428.2024.10871893,General RC / ESN Methods,,,,0.0
Echo State Networks for Accurate and Efficient Modeling of Dynamic Circuits,2024,,10.1109/AICAS59952.2024.10595897,Control & Robotics,,,,0.0
Reservoir computing-based mental simulation for direct action sequence optimization,2024,,10.1587/nolta.15.421,Control & Robotics,,,,0.0
FPGA Implementation for Large Scale Reservoir Computing based on Chaotic Boltzmann Machine,2024,,10.1109/ISCAS58744.2024.10558106,Physical & Hardware RC,,,,1.0
Grid Search Optimization of Novel SNN-ESN Classifier on a Supercomputer Platform,2024,,10.1007/978-3-031-56208-2_45,Neuroscience & Comp. Neuro,,,,2.0
Complex-Valued Reservoir Computing with Enhanced Sparsity for Nonlinear Equalization in Optical Fiber Transmission Systems,2024,,10.1109/OECC54135.2024.10975416,Photonics & Optics,,,,0.0
Enhancing Sign Language Classification through Reservoir Computing and Depth Camera Technology,2024,,10.1109/ICIPRoB62548.2024.10543659,General RC / ESN Methods,,,,0.0
Echo state network-based adaptive control for nonstrict-feedback nonlinear systems with input dead-zone and external disturbance,2024,,10.3934/math.20241008,Nonlinear Dynamics & Chaos,,,,2.0
Ultralow-power optoelectronic synaptic transistors based on polyzwitterion dielectrics for in-sensor reservoir computing,2024,,10.1126/sciadv.adn4524,Photonics & Optics,,,,67.0
A Full-ANN Control Scheme of Single-Phase Grid-Connected Inverter,2024,,10.1109/IPEMC-ECCEAsia60879.2024.10567133,Signal Processing & Comms,,,,1.0
Predicting Rainfall Onset and Cessation Within the West African Sahel Region Using Echo State Network,2024,,10.1007/978-3-031-47079-0_59,Climate & Earth Sciences,,,,0.0
Experimental and Theoretical Analysis of Deep Residual Time-Delay Reservoir Computing Based on Clipping Algorithm,2024,,10.1109/ICOCN63276.2024.10648458,Photonics & Optics,,,,0.0
Study of Privacy in Federated Reservoir Computing,2024,,10.1109/CISS59072.2024.10480185,General RC / ESN Methods,,,,1.0
Self-Induced Optical Nonlinear-Nonlocal Effect and Short-Term Memory for Chip-Scale Reservoir Computing,2024,,,Photonics & Optics,,,,0.0
Development of an Experimental Testbed to Study Cavity Flow as a Processing Element for Flow Disturbances,2024,,10.2514/6.2024-1732,Physical & Hardware RC,,,,2.0
Performance Enhancement of Reservoir Computing Based on Fabry-Pérot Laser as All-Optical Reconfigurable Nonlinear Node,2024,,10.1109/JLT.2024.3422327,Photonics & Optics,,,,6.0
A Physical Reservoir Computing Processor for ECG-to-PCG Signals Prediction,2024,,10.1109/ISCAS58744.2024.10557860,Physical & Hardware RC,,,,2.0
IGZO/InHfOxNanowires/IGZO Phototransistor With Persistent Photoconductivity Effect for Intelligent Visual Perception Application,2024,,10.1109/TED.2024.3408782,Physical & Hardware RC,,,,7.0
Exploring Surface Acoustic Wave Devices for Sound-Based Reservoir Computing,2024,,10.1109/MEMS58180.2024.10439559,Physical & Hardware RC,,,,2.0
"All-Optical, Reconfigurable, and Power Independent Neural Activation Function by Means of Phase Modulation",2024,,10.1109/JQE.2024.3437353,Photonics & Optics,,,,1.0
Dual-Type Discriminator Adversarial Reservoir Computing for Robust Autonomous Navigation in a Snowy Environment,2024,,10.1109/UR61395.2024.10597473,Control & Robotics,,,,0.0
Nonlinearity Enhancement in Spin-Wave Reservoir Computing with the Utilization of Coexisting Magnetostatic Modes,2024,,10.1109/IJCNN60899.2024.10650441,Nonlinear Dynamics & Chaos,,,,1.0
Tracking of Dual Gas Concentration Using Carbon Nanotubes Based Reservoir Computing,2024,,10.1109/NSENS62142.2024.10561300,Climate & Earth Sciences,,,,0.0
Embracing the Hairball: An Investigation of Recurrence in Spiking Neural Networks for Control,2024,,10.1109/NICE61972.2024.10548512,Neuroscience & Comp. Neuro,,,,3.0
Designing Network Topologies of Multiple Reservoir Echo State Networks: A Genetic Algorithm Based Approach,2024,,10.1109/IJCNN60899.2024.10650945,General RC / ESN Methods,,,,1.0
Brain-Inspired Binaural Sound Source Localization Method Based on Liquid State Machine,2024,,10.1007/978-981-99-8067-3_15,Control & Robotics,,,,1.0
Fast and Lightweight Automatic Modulation Recognition using Spiking Neural Network,2024,,10.1109/ISCAS58744.2024.10558051,Neuroscience & Comp. Neuro,,,,7.0
Saturation-Tolerant Tunnel Prescribed Control for Vessel-Train Formation of Underactuated MSVs,2024,,10.1109/TVT.2024.3450845,Mathematics & Theory,,,,6.0
NOx Concentration Prediction With a Flexible Cascaded Echo-State Network in a Cement Clinker Calcination System,2024,,10.1109/TII.2024.3386973,General RC / ESN Methods,,,,10.0
A connectivity gradient in structured reservoir computing predicts a hierarchy for mixed selectivity in human cortex,2024,,10.1109/IJCNN60899.2024.10650571,Neuroscience & Comp. Neuro,,,,0.0
Utilizing Block Characters for Real-time Load Forecasting in Energy Internet,2024,,10.1109/ICEI63732.2024.10917241,General RC / ESN Methods,,,,0.0
Characterization of the neuronal and network dynamics of liquid state machines,2024,,10.1016/j.physa.2023.129334,Nonlinear Dynamics & Chaos,,,,13.0
Morphological Computation by Exploiting Partial Feedback Linearizable Underactuated Soft-Bodied Systems,2024,,10.23919/ACC60939.2024.10644224,Physical & Hardware RC,,,,0.0
"International Conference on Emerging Trends and Applications in Artificial Intelligence, ICETAI 2023",2024,,,Photonics & Optics,,,,0.0
Wavelength-multiplexed Delayed Inputs for Memory Enhancement of Microring-based Reservoir Computing,2024,,,Photonics & Optics,,,,2.0
MERRC: A Memristor-Enabled Reconfigurable Low-Power Reservoir Computing Architecture at the Edge,2024,,10.1109/TCSI.2023.3329337,Physical & Hardware RC,,,,9.0
Analysis of Reservoir Computing Using Oscillator Circuit,2024,,10.1109/ISCAS58744.2024.10558653,Nonlinear Dynamics & Chaos,,,,0.0
Echo State Network-Based Robust Tracking Control for Unknown Constrained Nonlinear Systems by Using Integral Reinforcement Learning,2024,,10.1109/ACCESS.2024.3358809,Control & Robotics,,,,2.0
Physical reservoir replication using small-scale digital calibration reservoir,2024,,10.1587/nolta.15.851,Physical & Hardware RC,,,,0.0
Robustness to Device Degradation in Silicon FeFET-based Reservoir Computing (Invited),2024,,10.1109/IRPS48228.2024.10529344,General RC / ESN Methods,,,,6.0
Reservoir Computing for Drone Trajectory Intent Prediction: A Physics Informed Approach,2024,,10.1109/TCYB.2024.3379381,Control & Robotics,,,,14.0
Subsurface Defect Detection in GPR Data Integrating Temporal and Spatial Features,2024,,10.1109/JSTARS.2024.3380064,Signal Processing & Comms,,,,7.0
The connectivity degree controls the difficulty in reservoir design of random boolean networks,2024,,10.3389/fncom.2024.1348138,General RC / ESN Methods,,,,3.0
Decentralized Incremental Federated Learning with Echo State Networks,2024,,10.1109/IJCNN60899.2024.10650756,General RC / ESN Methods,,,,2.0
GNSS Interference Classification Using Federated Reservoir Computing,2024,,10.1109/ICCT62411.2024.10946348,Mathematics & Theory,,,,0.0
Impact Localization in Inkjet-Printed Tactile Grid Sensor with Echo State Network,2024,,10.1109/MWSCAS60917.2024.10658887,General RC / ESN Methods,,,,3.0
2D-RC: Two-Dimensional Neural Network Approach for OTFS Symbol Detection,2024,,10.1109/TWC.2024.3407715,Signal Processing & Comms,,,,4.0
A Hybrid Control-Oriented PEMFC Model Based on Echo State Networks and Gaussian Radial Basis Functions,2024,,10.3390/en17020508,General RC / ESN Methods,,,,3.0
Sustainability and robust decision-support strategy for multi-echelon supply chain system against disruptions,2024,,10.1080/13675567.2023.2249838,Nonlinear Dynamics & Chaos,,,,13.0
New energy power demand prediction and optimal scheduling based on artificial intelligence in smart grid,2024,,10.1093/ijlct/ctae046,General RC / ESN Methods,,,,1.0
Continuously Deep Recurrent Neural Networks,2024,,10.1007/978-3-031-70368-3_4,Neuroscience & Comp. Neuro,,,,0.0
Nonlinear predictive control based on echo state network and whale optimization algorithm,2024,,10.1109/YAC63405.2024.10598749,Control & Robotics,,,,2.0
Perceptron Theory Can Predict the Accuracy of Neural Networks,2024,,10.1109/TNNLS.2023.3237381,Neuroscience & Comp. Neuro,,,,16.0
Delay Characteristics of Reservoir-Computing-Based Nonlinear Equalizer for Fiber-Optic Nonlinearity Mitigation,2024,,10.1109/OECC54135.2024.10975355,Photonics & Optics,,,,1.0
"Proceedings - 2024 IEEE International Conference on Mobility, Operations, Services and Technologies, MOST 2024",2024,,,Control & Robotics,,,,0.0
An echo state network-based feedforward feedback controller for application in dynamic systems control,2024,,10.1504/IJAMECHS.2024.137559,Control & Robotics,,,,1.0
"8th International Congress on Artificial Intelligence and Pattern Recognition, IWAIPR 2023",2024,,,Nonlinear Dynamics & Chaos,,,,0.0
Enhancement of Multi-Timescale Reservoir Computing Based on Homogeneous Hardware Platform with Controllable Ionic Dynamics,2024,,10.1109/EDTM58488.2024.10512321,Physical & Hardware RC,,,,2.0
Integrating predictive coding with reservoir computing in spiking neural network model of cultured neurons,2024,,10.1587/nolta.15.432,Neuroscience & Comp. Neuro,,,,3.0
Cellar automata models for reservoir computing in single-walled carbon nanotube network complexed with polyoxometalate,2024,,10.1587/nolta.15.17,Nonlinear Dynamics & Chaos,,,,0.0
Improving Intrusion Detection using Satin Bowerbird Optimization with Deep Learning Model for IIoT Environment,2024,,10.37391/IJEER.120131,General RC / ESN Methods,,,,8.0
Coherent all Optical Reservoir Computing for Equalization of Impairments in Coherent Fiber Optic Communication Systems,2024,,10.1109/JPHOT.2024.3462438,Photonics & Optics,,,,3.0
Enhancement of the Robustness of Redundant Robot Arms Against Perturbations by Inferring Dynamical Systems Using Echo State Networks,2024,,10.1109/IJCNN60899.2024.10649930,Nonlinear Dynamics & Chaos,,,,1.0
Reservoir computing networks based on organic photoelectric synaptic transistors; [基于有机光电突触晶体管的储池计算网络],2024,,10.1360/SSC-2023-0239,Neuroscience & Comp. Neuro,,,,2.0
Performance Study by Changing the Internal Structure of Hysteresis Reservoir Computing,2024,,10.1109/ISCAS58744.2024.10557960,Mathematics & Theory,,,,0.0
CNN Implementation of Bayesian Plasticity for Robust Learning,2024,,10.1109/AICAS59952.2024.10595888,Neuroscience & Comp. Neuro,,,,1.0
Method for predicting comprehensive energy demand in industrial parks based on echo state networks,2024,,10.1504/IJETP.2024.138535,General RC / ESN Methods,,,,0.0
Silicon Loop-Type Multimode Waveguide Structure with Fan-Out Output for Photonic Reservoir Computing,2024,,10.1109/JLT.2024.3421522,Photonics & Optics,,,,2.0
An Improved Eulerian Echo State Network for Static Temporal Graphs,2024,,10.1007/978-3-031-64850-2_29,General RC / ESN Methods,,,,2.0
Reservoir Computing-Based Model of Action Planning: Emulating Prefrontal Cortex Functions with Dynamic Synapses and Reward-Based Learning,2024,,10.1109/IJCNN60899.2024.10650190,Neuroscience & Comp. Neuro,,,,1.0
Advancing Analog Reservoir Computing through Temporal Attention and MLP Integration,2024,,10.1109/ISQED60706.2024.10528762,Physical & Hardware RC,,,,0.0
Deep Reinforcement Learning for Dynamic Spectrum Access: Convergence Analysis and System Design,2024,,10.1109/TWC.2024.3414428,Mathematics & Theory,,,,13.0
Adjoint Sensitivities of Chaotic Flows Without Adjoint Solvers: A Data-Driven Approach,2024,,10.1007/978-3-031-63775-9_25,Nonlinear Dynamics & Chaos,,,,1.0
Spiking photonic reservoir computing system based on photonic spiking neuron,2024,,10.1117/12.3023642,Photonics & Optics,,,,0.0
Leveraging the Power of Echo State Network for Enhanced Temporal Knowledge Graph Reasoning,2024,,10.1109/IJCNN60899.2024.10650708,General RC / ESN Methods,,,,1.0
High Voltage Transformer Condition Monitoring Using Memristive Echo State Networks,2024,,10.1109/ISCAS58744.2024.10558533,General RC / ESN Methods,,,,0.0
Linearly Tunable Optoelectronic Synaptic Transistor for In-Sensor Reservoir Computing,2024,,10.1109/TED.2024.3421912,Photonics & Optics,,,,9.0
Fiber Optic Reservoir Computer Using Distributed Feedback,2024,,,Photonics & Optics,,,,2.0
Brainwave implanted reservoir computing,2024,,10.1063/5.0186854,Signal Processing & Comms,,,,2.0
Machine Learning Based Statistical Tools Estimation for Rainfall Forecasting for Smart Cites,2024,,10.1007/978-3-031-31801-6_18,Climate & Earth Sciences,,,,0.0
Brain-inspired modular echo state network for EEG-based emotion recognition,2024,,10.3389/fnins.2024.1305284,Neuroscience & Comp. Neuro,,,,7.0
Reservoir computing models based on spiking neural P systems for time series classification,2024,,10.1016/j.neunet.2023.10.041,Neuroscience & Comp. Neuro,,,,39.0
Multi-Task Wavelength-Multiplexed Reservoir Computing Using a Silicon Microring Resonator,2024,,10.1109/IJCNN60899.2024.10650854,Photonics & Optics,,,,2.0
Reservoir consisting of diverse dynamical behaviors and its application in time series classification,2024,,10.1007/s41060-022-00360-x,Mathematics & Theory,,,,0.0
Resilient Machine Learning for NextG Wireless Systems under Smart Jamming,2024,,10.1109/ICC51166.2024.10622864,Signal Processing & Comms,,,,0.0
Nonessentiality of Reservoir's Fading Memory for Universality of Reservoir Computing,2024,,10.1109/TNNLS.2023.3298013,Mathematics & Theory,,,,6.0
A novel Reservoir Architecture for Periodic Time Series Prediction,2024,,10.1109/IJCNN60899.2024.10650592,Nonlinear Dynamics & Chaos,,,,1.0
Online Residual Learning Using Interpretable Reservoir Computing for Quadrotor Control,2024,,10.1109/ICUAS60882.2024.10557060,Nonlinear Dynamics & Chaos,,,,1.0
Increasing the nonlinear computational capacity of a spatial photonic reservoir computing system,2024,,10.1117/12.3022352,Photonics & Optics,,,,0.0
Machine Learning-Based Emulator for the Physics-Based Simulation of Auroral Current System,2024,,10.1029/2023SW003720,Climate & Earth Sciences,,,,4.0
Comparing Connectivity-To-Reservoir Conversion Methods for Connectome-Based Reservoir Computing,2024,,10.1109/IJCNN60899.2024.10650803,Mathematics & Theory,,,,3.0
Enhancing False Positive Alert Detection in Security Information and Event Management System Using Recurrent Neural Network,2024,,10.1109/ICCIT64611.2024.11022066,Signal Processing & Comms,,,,1.0
New approach for forecasting rice and corn production in the Philippines through machine learning models,2024,,10.31893/multiscience.2024168,General RC / ESN Methods,,,,5.0
Enhancing Echo State Networks with Gradient-based Explainability Methods,2024,,10.14428/esann/2024.ES2024-78,General RC / ESN Methods,,,,2.0
A Low Computational Cost Hand Waving Action Recognition System with Echo State Network for Home Service Robots,2024,,,Control & Robotics,,,,2.0
Memory Regressor Extended Echo State Networks for Nonlinear Dynamics Modeling,2024,,10.23919/ECC64448.2024.10591031,Nonlinear Dynamics & Chaos,,,,0.0
Leveraging neuro-inspired AI accelerator for high-speed computing in 6G networks,2024,,10.3389/fncom.2024.1345644,Signal Processing & Comms,,,,3.0
Enhancing Memory Capacity of Reservoir Computing with Delayed Input and Efficient Hardware Implementation with Shift Registers,2024,,10.1109/ISCAS58744.2024.10557841,Mathematics & Theory,,,,4.0
A Dynamic Memory for Reservoir Computing Utilizing Ion Migration in CuInP2S6,2024,,10.1002/aelm.202300481,Physical & Hardware RC,,,,23.0
Dissipation as a resource for Quantum Reservoir Computing,2024,,10.22331/q-2024-03-20-1291,Quantum RC,,,,28.0
Memristor Based Liquid State Machine With Method for In-Situ Training,2024,,10.1109/TNANO.2024.3381008,Physical & Hardware RC,,,,3.0
Sequential Prediction of Hall Thruster Performance Using Echo State Network Models*,2024,,10.2322/tjsass.67.1,General RC / ESN Methods,,,,3.0
Echo State Network for Features Extraction and Segmentation of Tomography Images,2024,,10.2298/CSIS230128045K,General RC / ESN Methods,,,,3.0
Dynamical Graph Echo State Networks with Snapshot Merging for Spreading Process Classification,2024,,10.1007/978-981-99-8141-0_39,General RC / ESN Methods,,,,1.0
Inferring unknown unknowns: Regularized bias-aware ensemble Kalman filter,2024,,10.1016/j.cma.2023.116502,Nonlinear Dynamics & Chaos,,,,37.0
Lightweight Intrusion Detection Using Reservoir Computing,2024,,10.32604/cmc.2023.047079,General RC / ESN Methods,,,,0.0
Machine learning enhanced dual-task processor for next generation access networks,2024,,10.1117/12.3016286,Photonics & Optics,,,,0.0
Light-Weight AI Enabled Non-Linearity Compensation Leveraging High Order Modulations,2024,,10.1109/TCOMM.2023.3321735,Signal Processing & Comms,,,,5.0
Next-Generation Reservoir Computing (NG-RC) Machine Learning Model for Advanced Cybersecurity,2024,,10.1109/CCWC60891.2024.10427810,Next-Gen RC,,,,4.0
Temporal Analysis of Infectious Diseases,2024,,10.1109/IEEECONF60004.2024.10942754,Next-Gen RC,,,,0.0
SpiCS-Net: Circuit Switched Network on Chip for Area-Efficient Spiking Recurrent Neural Networks,2024,,10.1109/VLSID60093.2024.00040,Neuroscience & Comp. Neuro,,,,3.0
Restricted Reservoirs on Heterogeneous Timescales,2024,,10.1007/978-3-031-72359-9_13,Nonlinear Dynamics & Chaos,,,,1.0
Reservoir Network With Structural Plasticity for Human Activity Recognition,2024,,10.1109/TETCI.2023.3330422,Physical & Hardware RC,,,,2.0
Investigation of Influence of APCMA-based Wireless Communication on Neural Computation in Wireless Spiking Neural Networks,2024,,10.1109/ISCAS58744.2024.10558057,Neuroscience & Comp. Neuro,,,,0.0
Accelerated Information Processing Based on Deep Photonic Time-Delay Reservoir Computing,2024,,10.1109/JLT.2024.3438939,Photonics & Optics,,,,6.0
Food Texture Discriminator Based on Physical Reservoir Computing; [物理リザバー計算に基づく食品テクスチャ識別装置],2024,,10.2493/jjspe.90.455,Physical & Hardware RC,,,,0.0
Polarity-tunable dye-sensitized optoelectronic artificial synapses for physical reservoir computing-based machine vision,2025,,10.1038/s41598-025-00693-0,Photonics & Optics,,,,2.0
Echo state and band-pass networks with aqueous memristors: Leaky reservoir computing with a leaky substrate,2025,,10.1063/5.0273574,Physical & Hardware RC,,,,1.0
WNLRC: enhancing chaos prediction with weighted nonlinear reservoir computing and Bayesian optimization,2025,,10.1007/s11071-025-11090-7,Nonlinear Dynamics & Chaos,,,,3.0
Randomized tensor network reservoir computing: validity and learnability phase transitions,2025,,10.1088/2632-2153/aded56,Nonlinear Dynamics & Chaos,,,,0.0
Low-SNR and BER reduction in UWOC systems using DESN and CNN-TCN deep learning models,2025,,10.1038/s41598-025-31837-x,Photonics & Optics,,,,0.0
Advanced Time Series Data Processing Using Various Memristor-Integrated Devices,2025,,10.1002/admt.202500838,Physical & Hardware RC,,,,2.0
Perpendicular-anisotropy artificial spin ice with spontaneous ordering: a platform for reservoir computing with flexible timescales,2025,,10.1038/s44172-025-00499-y,Physical & Hardware RC,,,,0.0
Predicting Temporal Liking of Food Pairings from Temporal Dominance of Sensations Data via Reservoir Computing on Crackers and Spreads,2025,,10.3390/foods14193373,General RC / ESN Methods,,,,0.0
A mean-field approach to criticality in spiking neural networks for reservoir computing,2025,,10.1038/s41598-025-18004-y,Neuroscience & Comp. Neuro,,,,3.0
Energy Efficient Hybrid Reservoir Computing Using Hf0.5Zr0.5O2 Ferroelectric Thin-Film Transistors with an Integrated Optically and Electrically Synaptic Functions,2025,,10.1002/smll.202501276,Photonics & Optics,,,,13.0
Quantum reservoir probing: An inverse paradigm of quantum reservoir computing for exploring quantum many-body physics,2025,,10.21468/SciPostPhys.18.6.198,Quantum RC,,,,5.0
Hardware-Software Codesign of 2D Neuromorphic Optoelectronic Device for Dynamic Gesture Recognition,2025,,10.1002/aisy.202401057,Photonics & Optics,,,,4.0
A Multi-Step Anomaly Warning Method for Lithium-Ion Batteries Based on Multi-Dimensional Feature Fusion and Enhanced Echo State Network,2025,,10.1149/1945-7111/adf9ce,Nonlinear Dynamics & Chaos,,,,1.0
Subterahertz collective spin-resonance modes and field-adaptive reservoir computing in the chiral helimagnet Cr1/3Ta S2,2025,,10.1103/xbjs-pfhg,Physical & Hardware RC,,,,1.0
Dynamic preventive maintenance model for offshore wind turbine bearings based on remaining useful life prediction,2025,,10.1016/j.seta.2025.104750,General RC / ESN Methods,,,,0.0
Hardware realization of neuromorphic computing with a 4-port photonic reservoir for modulation format identification,2025,,10.1088/2634-4386/adf6d0,Photonics & Optics,,,,1.0
ESN-based distributed inference methods for production line energy forecasting,2025,,10.1016/j.ifacol.2025.09.375,General RC / ESN Methods,,,,0.0
Multivariate time series prediction using clustered echo state network,2025,,10.1140/epjp/s13360-025-07077-3,Nonlinear Dynamics & Chaos,,,,0.0
A Neuransistor with Excitatory and Inhibitory Neuronal Behaviors for Liquid State Machine,2025,,10.1002/adma.202419122,Nonlinear Dynamics & Chaos,,,,2.0
Characterizing the edge of chaos in echo state networks,2025,,10.1016/j.chaos.2025.117333,Nonlinear Dynamics & Chaos,,,,0.0
A Full-Quantum-Dot Optoelectronic Memristor for In-Sensor Reservoir Computing System with Integrated Functions,2025,,10.1002/adfm.202423548,Photonics & Optics,,,,17.0
Advanced Deep Learning Architectures for Bearing Fault Diagnosis in the Petroleum Industry,2025,,10.1145/3760269.3760337,General RC / ESN Methods,,,,0.0
A zone-based NMPC scheme integrated with an autoregressive echo state network model: An experimental evaluation in an electrical submersible pump-lifted oil well pilot plant,2025,,10.1016/j.compchemeng.2025.109304,Control & Robotics,,,,1.0
InSe Dynamic Memristor-Based Reservoir Computing for Temporal and Spatial Signal Recognition,2025,,10.1021/acs.nanolett.5c03781,Photonics & Optics,,,,6.0
Minimal quantum reservoirs with Hamiltonian encoding,2025,,10.1063/5.0282921,Quantum RC,,,,2.0
Versatile reservoir computing for heterogeneous complex networks,2025,,10.1103/vb8m-b151,Nonlinear Dynamics & Chaos,,,,0.0
Fault-tolerant voltage control framework for DC islanded microgrid: A synthesis of HS-ESN and time series analysis,2025,,10.1016/j.rineng.2025.108011,Control & Robotics,,,,1.0
Delay-based reservoir computing for signal recovery in optical communication systems,2025,,10.1016/j.yofte.2025.104395,Photonics & Optics,,,,1.0
Dynamic Analysis and Reservoir Computing Application of a Nonlinear Microring Resonator,2025,,10.1021/acsphotonics.5c00681,Photonics & Optics,,,,2.0
Regularisation and the least squares problem in the analysis of echo state networks,2025,,10.1088/1402-4896/ae082f,General RC / ESN Methods,,,,0.0
A multi-layer echo state network for efficient DDoS detection in resource-constrained environments,2025,,10.1016/j.iot.2025.101665,General RC / ESN Methods,,,,0.0
Ultralow energy adaptive neuromorphic computing using reconfigurable zinc phosphorus trisulfide memristors,2025,,10.1038/s41467-025-62306-8,Physical & Hardware RC,,,,19.0
Signal-noise separation using unsupervised reservoir computing,2025,,10.1063/5.0278540,Nonlinear Dynamics & Chaos,,,,1.0
Fuzzy neural network vibration control of three flexible coupled beams,2025,,10.1016/j.ijmecsci.2025.110766,Control & Robotics,,,,7.0
Ferroelectric tunnel junctions with 5 nm-thick HZO for tunable synaptic plasticity and neuromorphic computing,2025,,10.1016/j.jallcom.2025.181869,Physical & Hardware RC,,,,4.0
Spin–orbit torque magnetic tunnel junctions with stochastic switching for temporal signal recognition,2025,,10.1016/j.jmmm.2025.173535,Signal Processing & Comms,,,,0.0
Optoelectronic polymer memristors with dynamic control for power-efficient in-sensor edge computing,2025,,10.1038/s41377-025-01986-9,Photonics & Optics,,,,5.0
Speech Recognized by Cavity Magnon Polaritons,2025,,10.1002/adfm.202500782,Signal Processing & Comms,,,,0.0
Electric Eels Inspired Iontronic Artificial Skin with Multimodal Perception and In-Sensor Reservoir Computing,2025,,10.1002/adfm.202506431,Neuroscience & Comp. Neuro,,,,10.0
Ferroelectric memristor crossbar arrays for highly integrated neuromorphic computing system,2025,,10.1016/j.nanoen.2025.111137,Physical & Hardware RC,,,,18.0
A general molecular-scale dynamic memristor model based on non-steady-state charge transport kinetics and its information processing capability in reservoir computing,2025,,10.1063/5.0295595,Physical & Hardware RC,,,,1.0
Predefined-time adaptive fuzzy echo state network containment control of uncertain multiagent systems with prescribed performance,2025,,10.1016/j.eswa.2025.128046,Control & Robotics,,,,3.0
An organic optoelectronic synaptic transistor for image preprocessing,2025,,10.1063/5.0273991,Photonics & Optics,,,,0.0
Landslide signal recognition with memristor-based reservoir computing,2025,,10.1016/j.device.2025.100906,Physical & Hardware RC,,,,0.0
Neuromorphic ionic computing in droplet interface synapses,2025,,10.1126/sciadv.adv6603,Physical & Hardware RC,,,,12.0
Data-assimilated model-informed reinforcement learning,2025,,10.1098/rspa.2025.0476,Control & Robotics,,,,0.0
Physical Reservoir Computing for Real-Time Electrocardiogram Arrhythmia Detection Through Controlled Ion Dynamics in Electrochemical Random-Access Memory,2025,,10.1002/aelm.202400920,Physical & Hardware RC,,,,4.0
A deep semi-supervised echo state network-based distributed operating performance assessment framework for manufacturing processes optimized by enhanced black-winged kite algorithm,2025,,10.1007/s10489-025-06734-5,General RC / ESN Methods,,,,1.0
Ultrafast Time-Stretch Optical Coherence Tomography Using Reservoir Computing for Fourier-Free Signal Processing,2025,,10.3390/s25123738,Photonics & Optics,,,,0.0
A novel reservoir computing for inferring hyperchaotic systems from partial observation,2025,,10.1007/s11071-025-11812-x,Nonlinear Dynamics & Chaos,,,,0.0
Integrated silicon-photonic reservoir computing with an on-chip Si3N4 microcavity,2025,,10.1016/j.optcom.2025.132133,Photonics & Optics,,,,1.0
Bio Inspired Adaptive Control Mechanisms in Mechatronic Systems Using Multi Objective Evolutionary Deep Learning Optimization Techniques,2025,,10.53759/7669/jmc202505193,Control & Robotics,,,,0.0
Two-Stage Reservoir Computing for Sensor-Specific Activity Recognition Using the WEAR Inertial Dataset,2025,,10.1145/3714394.3756190,General RC / ESN Methods,,,,0.0
Integrated Design of Electrically Configurable Ferroelectric and Redox-Based Memristors for Hardware-Implemented Reservoir Computing,2025,,10.1002/advs.202505688,Physical & Hardware RC,,,,6.0
Tailored phase separation in P3HT:PS blends for enhanced synaptic performance in organic electrochemical transistors,2025,,10.1016/j.synthmet.2025.117919,Neuroscience & Comp. Neuro,,,,3.0
Geometry-aware reservoirs: Patch-wise Jacobian lifting with cross-patch couplings for piecewise-linear modelling of chaotic flows,2025,,10.1016/j.chaos.2025.117160,Nonlinear Dynamics & Chaos,,,,5.0
Homotopy reservoir computing: Harnessing chaos for computation,2025,,10.1063/5.0273406,Nonlinear Dynamics & Chaos,,,,0.0
Self-organizing neuromorphic nanowire networks as stochastic dynamical systems,2025,,10.1038/s41467-025-58741-2,Physical & Hardware RC,,,,17.0
Adaptive control of dynamical systems using reservoir computing,2025,,10.1063/5.0291585,Nonlinear Dynamics & Chaos,,,,0.0
Quaternion-based fixed-time tracking control for an autonomous underwater vehicle with consideration of measurement bias,2025,,10.1177/10775463241287885,Control & Robotics,,,,3.0
Reservoir computing for predicting pm 2.5 dynamics in a metropolis,2025,,10.1140/epjs/s11734-024-01287-z,General RC / ESN Methods,,,,1.0
Echo State Network (Esn)-Based Parkinson's Disease Level Prediction,2025,,10.1007/s40031-024-01170-4,Mathematics & Theory,,,,0.0
An effective ECG signal classification method based on a minimalistic memristive reservoir computing system,2025,,10.1007/s11571-025-10295-1,Physical & Hardware RC,,,,7.0
Monopole Current Control in Artificial Spin Ice via Localized Fields,2025,,10.1021/acs.nanolett.5c01942,Physical & Hardware RC,,,,0.0
Artificial Electric Synapse of CuI-Based Memristor for Neuromorphic Emotion Recognition and Neural Networks,2025,,10.1021/acs.jpclett.5c02109,Physical & Hardware RC,,,,1.0
Switching fuzzy transfer learning for multimodal reservoir fuzzy echo state networks,2025,,10.1016/j.jii.2025.100911,General RC / ESN Methods,,,,1.0
Synergistic multi-wavelength optical stimulation enhances synaptic dynamics and reservoir computing performance in ferroelectric thin-film transistors,2025,,10.1016/j.nanoen.2025.111395,Photonics & Optics,,,,4.0
mTanh: A Low-Cost Inkjet-Printed Vanishing Gradient Tolerant Activation Function †,2025,,10.3390/jlpea15020027,Nonlinear Dynamics & Chaos,,,,5.0
Forecasting chaotic time series using echo state networks: limits of predictability and relationship with entropy,2025,,10.1117/12.3078206,Nonlinear Dynamics & Chaos,,,,0.0
Temporal information encoding in isolated cortical networks,2025,,10.1093/cercor/bhaf235,Neuroscience & Comp. Neuro,,,,0.0
Versatile and Robust Reservoir Computing with PWM-Driven Heterogenous R–C Circuits,2025,,10.1002/advs.202416413,Physical & Hardware RC,,,,1.0
Tree-based learning for high-fidelity prediction of chaos,2025,,10.1038/s41598-025-25939-9,Nonlinear Dynamics & Chaos,,,,1.0
Informational embodiment: Computational role of information structure in codes and robots,2025,,10.1016/j.plrev.2025.03.018,Control & Robotics,,,,5.0
Quantum reservoir computing for photonic entanglement witnessing,2025,,10.1126/sciadv.ady7987,Photonics & Optics,,,,1.0
Small-world topology and multi-order interaction-enhanced reservoir computing and its application in chaotic PMSM prediction,2025,,10.1088/1402-4896/ae1903,Nonlinear Dynamics & Chaos,,,,0.0
Restrictions on physical stochastic reservoir computers,2025,,10.1103/xrh4-7ljd,Physical & Hardware RC,,,,1.0
Full life cycle remaining useful life prediction of offshore wind turbine bearings based on digital twin and improved DeepESN,2025,,10.1016/j.jclepro.2025.146515,General RC / ESN Methods,,,,1.0
Tailoring Side Chain in Organic Donor-Pi-Acceptor Copolymeric Mixed Conductors for Efficient and Extremely Stable Artificial Synapses,2025,,10.1002/smll.202505310,Physical & Hardware RC,,,,1.0
Performance evaluation of metaheuristics-tuned recurrent networks with VMD decomposition for Amazon sales prediction,2025,,10.1007/s41060-024-00689-5,Neuroscience & Comp. Neuro,,,,4.0
Efficient optimisation of physical reservoir computers using only a delayed input,2025,,10.1038/s44172-025-00340-6,Photonics & Optics,,,,7.0
Real-time prediction of ship motions based on the reservoir computing model,2025,,10.1016/j.joes.2024.07.001,General RC / ESN Methods,,,,5.0
Real-time masking in photonic reservoir computing based on semiconductor lasers,2025,,10.1007/s00340-025-08513-z,Photonics & Optics,,,,1.0
Physical masking-induced enhancement of information processing capacity in a redox-type ion-gating reservoir,2025,,10.35848/1347-4065/ae1d84,Mathematics & Theory,,,,0.0
Enhanced computing performance of MoS2-based Raman-ion-gating reservoir achieved by combining reservoir states from current response and resonant Raman scattering,2025,,10.1063/5.0266816,Physical & Hardware RC,,,,0.0
Development of the machine learning and deep learning models with SHAP strategy for predicting groundwater levels in South Korea,2025,,10.1038/s41598-025-19545-y,Climate & Earth Sciences,,,,5.0
Re-Purposing a Modular Origami Manipulator Into an Adaptive Physical Computer for Machine Learning and Robotic Perception,2025,,10.1002/advs.202509389,Control & Robotics,,,,2.0
A new era of ferroelectric thin films for nonvolatile memories,2025,,10.1557/s43577-025-00969-w,Physical & Hardware RC,,,,1.0
Hybrid optimization for efficient pruning of randomly generated neural networks,2025,,10.1063/5.0273379,Nonlinear Dynamics & Chaos,,,,0.0
An Artificial Memristor Synapse by Transferring and Stacking Freestanding Single-Crystalline SrTiO3−δFilms for Neuromorphic Computing,2025,,10.1021/acsami.5c07364,Physical & Hardware RC,,,,2.0
Incremental Input-to-State Stability criterion for adaptive Echo State Network systems,2025,,10.1016/j.ifacol.2025.09.558,Control & Robotics,,,,2.0
Detachable and Reusable: Reinforced π-Ion Film for Modular Synaptic Reservoir Computing,2025,,10.1002/adma.202506729,Neuroscience & Comp. Neuro,,,,4.0
Electrochemical Preparation of Reliable and High Yield Memristors for Efficient Reservoir Computing Systems,2025,,10.1021/acsami.5c10190,Physical & Hardware RC,,,,2.0
Robust quantum reservoir computers for forecasting chaotic dynamics: Generalized synchronization and stability,2025,,10.1098/rspa.2025.0550,Nonlinear Dynamics & Chaos,,,,1.0
Forecasting Crude Oil Prices Using Reservoir Computing Models,2025,,10.1007/s10614-024-10797-w,General RC / ESN Methods,,,,5.0
On the emergence of numerical instabilities in next generation reservoir computing,2025,,10.1063/5.0278709,Next-Gen RC,,,,0.0
Neuromorphic reservoir computing,2025,,10.1063/5.0282708,Physical & Hardware RC,,,,0.0
Temporal pattern generation with tunable repetition rate using semiconductor laser periodic dynamics,2025,,10.1364/OL.571403,Photonics & Optics,,,,0.0
Degradation prediction of hydrogen fuel cell based on dynamic comprehensive aging indicator and hybrid forecasting method,2025,,10.1016/j.jpowsour.2025.236914,Climate & Earth Sciences,,,,6.0
Predicting complex time series with deep echo state networks,2025,,10.1063/5.0283425,Nonlinear Dynamics & Chaos,,,,1.0
Device-level nonlinearity and temporal memory in optoelectronic reservoir computing,2025,,10.1186/s40580-025-00522-0,Photonics & Optics,,,,1.0
"Time-translation symmetry, ergodicity, and entropy dynamics in a time crystal driven by optical interaction forces",2025,,10.1016/j.newton.2025.100206,Photonics & Optics,,,,2.0
Bloembergen Problem based magnonic physical reservoir computing,2025,,10.1063/5.0273688,Physical & Hardware RC,,,,2.0
An Onboard UAV Multi-task System for Trajectory Prediction and State Estimation Employing Transformer- and Reservoir-based Networks,2025,,10.1145/3725893,Control & Robotics,,,,1.0
Using Two Series-Connected Reservoirs in the Prediction Task of Field Excitatory Postsynaptic Potentials in the Rodent Hippocampus,2025,,10.1134/S1054661825700191,Neuroscience & Comp. Neuro,,,,0.0
Designing nonlinearity in a current-starved ring oscillator for reservoir computing hardware,2025,,10.1038/s41598-025-16209-9,Nonlinear Dynamics & Chaos,,,,0.0
Neuromorphic Light-Responsive Organic Matter for in Materia Reservoir Computing,2025,,10.1002/adma.202501813,Physical & Hardware RC,,,,4.0
PEMFC Performance Degradation Prediction Based on Bayesian Optimized ESN Model; [基于贝叶斯优化 ESN 的 PEMFC 性能退化预测],2025,,10.13334/j.0258-8013.pcsee.240044,Control & Robotics,,,,0.0
An echo state network for synthesizing the standard 12-lead ECG from a two-lead ECG obtained from a single touch of a wrist-worn device,2025,,10.1016/j.bspc.2025.108008,General RC / ESN Methods,,,,4.0
Application of reservoir computing networks in PDE-based image denoising,2025,,10.1007/s00366-025-02201-4,General RC / ESN Methods,,,,0.0
Magnetic-Driven Viscous Mechanisms in Ultra-Soft Magnetorheological Elastomers Offer History-Dependent Actuation with Reprogrammability Options,2025,,10.1002/advs.202506790,Signal Processing & Comms,,,,5.0
A mirrored echo state network with application to time series prediction,2025,,10.1016/j.ins.2025.122260,Nonlinear Dynamics & Chaos,,,,7.0
Quantum machine learning via continuous-variable cluster states and teleportation,2025,,10.1140/epjqt/s40507-025-00352-3,Quantum RC,,,,6.0
Dictionary Learning-Based Knowledge Fusion ESN Hybrid Modeling: A Chemical Key Variable Modeling Approach Integrating Empirical Knowledge,2025,,10.1021/acs.iecr.5c01050,Climate & Earth Sciences,,,,0.0
Diverse dynamics in interacting vortices systems through tunable conservative and non-conservative coupling strengths,2025,,10.1038/s42005-025-02006-3,Nonlinear Dynamics & Chaos,,,,2.0
Confabulation dynamics in a reservoir computer: Filling in the gaps with untrained attractors,2025,,10.1063/5.0283285,Nonlinear Dynamics & Chaos,,,,4.0
Modeling nonlinear oscillator networks using physics-informed hybrid reservoir computing,2025,,10.1038/s41598-025-03957-x,Nonlinear Dynamics & Chaos,,,,4.0
Learning chaotic dynamics with neuromorphic network dynamics,2025,,10.1063/5.0285089,Physical & Hardware RC,,,,1.0
Robust Quantum Reservoir Learning for Molecular Property Prediction,2025,,10.1021/acs.jcim.5c00958,Quantum RC,,,,2.0
Optogenetically enhanced physical reservoir computing with in vitro neural networks for obstacle avoidance,2025,,10.1117/1.JBO.30.10.105004,Photonics & Optics,,,,2.0
Multifunctional ZnO-based optical memristors for synapse-neuron integration and neuromorphic vision systems,2025,,10.1039/d5nr02736e,Photonics & Optics,,,,1.0
Input driven optimization of echo state network parameters for prediction on chaotic time series,2025,,10.1038/s41598-025-18261-x,Nonlinear Dynamics & Chaos,,,,1.0
Multi-scaling reservoir computing learns noise-induced transitions with Lévy noise,2025,,10.1063/5.0278558,Nonlinear Dynamics & Chaos,,,,2.0
Connection between Memory Performance and Optical Absorption in Quantum Reservoir Computing,2025,,10.1103/vp79-8t1l,Photonics & Optics,,,,0.0
Molecular crystal memristors,2025,,10.1038/s41565-025-02013-z,Physical & Hardware RC,,,,13.0
Impact of Al/Ti Electrodes on the Performance and Operational Stability of n-Channel Solution-Processed Solid-State Electrolyte-Gated Transistors: Applications in Reservoir Computing,2025,,10.1002/aelm.202500038,General RC / ESN Methods,,,,1.0
Reservoir computing on manifolds,2025,,10.1063/5.0273628,Nonlinear Dynamics & Chaos,,,,1.0
Road surface condition monitoring with an optical fibre reservoir structure based on acceleration data from vehicles,2025,,10.1016/j.optlastec.2025.112641,Photonics & Optics,,,,2.0
Necessary and Sufficient Reservoir Condition for Universal Reservoir Computing,2025,,10.3390/math13213440,Nonlinear Dynamics & Chaos,,,,0.0
HA-ESNet: A Hierarchical Attention With Echo State Network-Based Dynamic Low-Complexity Channel Estimation in FSO Communication Links Under Turbulent Channel Conditions,2025,,10.1002/ett.70236,Photonics & Optics,,,,0.0
Reservoir Computation with Networks of Differentiating Neuron Ring Oscillators,2025,,10.3390/analytics4040028,Nonlinear Dynamics & Chaos,,,,0.0
How more data can hurt: Instability and regularization in next-generation reservoir computing,2025,,10.1063/5.0262977,Next-Gen RC,,,,4.0
A bio-inspired neuromorphic olfaction system for highly sensitive and selective gas sensing at room temperature,2025,,10.1016/j.snb.2025.138198,Physical & Hardware RC,,,,4.0
"9th IFAC Symposium on System Structure and Control, SSSC 2025 - Proceedings",2025,,,Control & Robotics,,,,0.0
Universality conditions of unified classical and quantum reservoir computing,2025,,10.1016/j.neucom.2025.130391,Quantum RC,,,,2.0
Van der Waals Antiferroelectric CuCrP2S6-Based Artificial Synapse for High-Precision Neuromorphic Computation,2025,,10.1002/smll.202502676,Physical & Hardware RC,,,,9.0
Subquantum Semimetal Bi and Oxygen Vacancy Filament Memristors for Neuromorphic Computing,2025,,10.1021/acsami.5c02955,Physical & Hardware RC,,,,5.0
Utilizing rate-independent hysteresis for analog computing,2025,,10.1088/2634-4386/ae1bcf,Physical & Hardware RC,,,,1.0
Adaptive cable-driven parallel load simulator inspired by physical reservoir computing for folding wings,2025,,10.1016/j.mechmachtheory.2025.106022,Physical & Hardware RC,,,,1.0
Interpreting reservoir computing through the equivalent visualization of its loss landscape,2025,,10.1016/j.neunet.2025.107931,Mathematics & Theory,,,,0.0
Stability analysis of chaotic systems in latent spaces,2025,,10.1007/s11071-024-10712-w,Mathematics & Theory,,,,10.0
Estimation of the second-order coherence function using quantum reservoir and ensemble methods,2025,,10.1103/ty2d-kgkr,Photonics & Optics,,,,0.0
Reconfigurable neuromorphic networks enabled by robust organic memristors with tunable plasticity,2025,,10.1088/1361-6463/ae0c1f,Physical & Hardware RC,,,,1.0
Constructing bifurcation diagram of reservoir computing,2025,,10.1016/j.physa.2025.130914,Nonlinear Dynamics & Chaos,,,,0.0
Self-Powered Halide Perovskite Optoelectronic Synaptic Memristors for Reconfigurable Logic and Reservoir Computing Applications,2025,,10.1021/acs.nanolett.5c04297,Photonics & Optics,,,,3.0
Oscillations enhance time-series prediction in reservoir computing with feedback,2025,,10.1016/j.neucom.2025.130728,Nonlinear Dynamics & Chaos,,,,2.0
Stochastic cloning of dynamical systems with hidden variables,2025,,10.1103/dynj-xqrm,Nonlinear Dynamics & Chaos,,,,6.0
Bio-inspired mid-infrared neuromorphic transistors for dynamic trajectory perception using PdSe2/pentacene heterostructure,2025,,10.1038/s41467-025-60311-5,Physical & Hardware RC,,,,21.0
Learning to learn ecosystems from limited data,2025,,10.1073/pnas.2525347122,Nonlinear Dynamics & Chaos,,,,0.0
Rationalizing machine learning models for real-time health prognosis of lithium-ion batteries,2025,,10.1016/j.array.2025.100577,General RC / ESN Methods,,,,1.0
Numerical prediction of flow around a two-dimensional wing using reservoir computing,2025,,10.1007/s00773-025-01077-9,General RC / ESN Methods,,,,3.0
Optimal training of finitely sampled quantum reservoir computers for forecasting of chaotic dynamics,2025,,10.1007/s42484-025-00261-9,Quantum RC,,,,13.0
Nonlinear Dynamics of Semiconductor Lasers and Analog Optical Computing (Invited); [半 导 体 激 光 非 线 性 动 力 学 与 模 拟 光 计 算（特 邀）],2025,,10.3788/AOS250923,Photonics & Optics,,,,0.0
Noise-enhanced learning in Duffing adaptive oscillator,2025,,10.1098/rspa.2025.0002,Nonlinear Dynamics & Chaos,,,,1.0
Evaluating Encoding of Neuron Configuration and Position in Neuroevolution of Liquid State Machines,2025,,10.1145/3712255.3734330,Neuroscience & Comp. Neuro,,,,1.0
Reservoir cross mapping as a nonlinear framework for detecting dynamical causality,2025,,10.1016/j.xcrp.2025.102683,Nonlinear Dynamics & Chaos,,,,0.0
Statistics for differential topological properties between datasets with an application to reservoir computers,2025,,10.1063/5.0269914,Nonlinear Dynamics & Chaos,,,,1.0
Resonant-Tunnelling Diode Reservoir Computing System for Image Recognition,2025,,10.3390/electronics14224471,Physical & Hardware RC,,,,2.0
Using Bayesian AR-ESN for climatic time series forecasting,2025,,10.19139/soic-2310-5070-2902,Mathematics & Theory,,,,0.0
Sentiment analysis with echo state network and augmented water cycle algorithm,2025,,10.1038/s41598-025-17457-5,Signal Processing & Comms,,,,0.0
Using Bayesian Ridge Regression Model and ESN for Climatic Time Series Forecasting,2025,,10.19139/soic-2310-5070-2637,Climate & Earth Sciences,,,,1.0
AlScN-based ferroelectric memristor for electrical synapse emulation and light‐stimulated reservoir computing,2025,,10.1063/5.0298621,Physical & Hardware RC,,,,1.0
"Correction to: Quantum next generation reservoir computing: an efficient quantum algorithm for forecasting quantum dynamics (Quantum Machine Intelligence, (2024), 6, 2, (57), 10.1007/s42484-024-00188-7)",2025,,10.1007/s42484-025-00245-9,Next-Gen RC,,,,0.0
Artificial Optoelectronic Synapse Based on Purely Inorganic Polyoxometalates Crystalline Materials Enabling Reservoir Computing and Neuromorphic Vision,2025,,10.1002/smll.202502601,Photonics & Optics,,,,6.0
Advances in Photonic Reservoir Computing (Invited); [光 子 储 备 池 计 算 研 究 进 展（特 邀）],2025,,10.3788/AOS250938,Photonics & Optics,,,,1.0
Model-free optimization and parallel architecture towards monolithic-hybrid-photonic-electronic reservoir computing,2025,,10.1364/OE.585815,Photonics & Optics,,,,0.0
Quantum geometric dynamics optimizer: a novel metaheuristic integrating information geometry and quantum tunneling for global optimization,2025,,10.1007/s11227-025-07833-3,General RC / ESN Methods,,,,0.0
Comparison of derivative-based and correlation-based methods to estimate effective connectivity in neural networks,2025,,10.1038/s41598-025-88596-y,Nonlinear Dynamics & Chaos,,,,2.0
Time delay reservoir computing based on mutually coupled add-drop microring resonators,2025,,10.1016/j.chaos.2025.116627,Photonics & Optics,,,,1.0
Symbolic Reservoir Computing within Memristive Crossbar Arrays as a Cellular Automata,2025,,10.1002/aisy.202500241,Physical & Hardware RC,,,,0.0
Efficient modeling of ionic and electronic interactions by a resistive memory-based reservoir graph neural network,2025,,10.1038/s43588-025-00844-3,General RC / ESN Methods,,,,5.0
Transforming memristor noises into computational innovations,2025,,10.1038/s43246-025-00876-2,Physical & Hardware RC,,,,8.0
Tailored minimal reservoir computing: On the bidirectional connection between nonlinearities in the model and in data,2025,,10.1063/5.0272793,Nonlinear Dynamics & Chaos,,,,0.0
In-sensor reservoir computing for biometric identification based on MoTe2/BaTiO3 optical synapses,2025,,10.1002/inf2.70036,Photonics & Optics,,,,9.0
State Space Expansion with Nonlinear Transformation and Upsampling in Experimental Reservoir Computing,2025,,10.3390/photonics12121236,Photonics & Optics,,,,0.0
MoTe2 synaptic transistor and its application to physical reservoir computing,2025,,10.1039/d5ra02010g,Physical & Hardware RC,,,,2.0
Geopolymer memristor-based physical reservoir computing for digit recognition,2025,,10.1063/5.0285689,Physical & Hardware RC,,,,2.0
Spin-torque nano-oscillators for reservoir computing applied to time-series data,2025,,10.1103/f2f3-l3fc,Nonlinear Dynamics & Chaos,,,,0.0
Pseudo-Lorenz attractors in echo state networks,2025,,10.1007/s13160-025-00740-3,Nonlinear Dynamics & Chaos,,,,1.0
Data processing capability of polarization dynamics in ferroelectric-gate transistor-based physical reservoir computing,2025,,10.35848/1882-0786/adf372,Physical & Hardware RC,,,,0.0
Surface Electromyography-Based Wrist Angle Estimation and Robotic Arm Control with Echo State Networks,2025,,10.3390/act14110548,Control & Robotics,,,,1.0
Quantifying the nonlinear complexity of optical time-delayed chaotic systems based on reservoir computing,2025,,10.1063/5.0299014,Photonics & Optics,,,,0.0
Echo state network with a non-convex penalty for nonlinear time series prediction,2025,,10.1016/j.neucom.2025.130084,Nonlinear Dynamics & Chaos,,,,2.0
Physical reservoir computing system fully implemented using a single flash memory device via tailored decay pulse modulation,2025,,10.1016/j.nanoen.2025.111525,Physical & Hardware RC,,,,2.0
Liquid state machines Gaussian process,2025,,10.1016/j.neunet.2025.107949,Nonlinear Dynamics & Chaos,,,,0.0
Dual-Mode Optoelectronic Neuromorphic Architecture for Imaging-Recognition of Chinese Characters,2025,,10.1002/adom.202502311,Photonics & Optics,,,,0.0
A deep learning framework incorporating wavelet transform for monthly runoff prediction,2025,,10.1007/s40808-025-02625-3,Climate & Earth Sciences,,,,1.0
Quantum Time-index Models with Reservoir for Time Series Forecasting,2025,,10.1145/3690624.3709228,Quantum RC,,,,1.0
HypER: Hyperbolic Echo State Networks for Capturing Stretch-and-Fold Dynamics in Chaotic Flows,2025,,10.3233/FAIA251184,Nonlinear Dynamics & Chaos,,,,3.0
A bioinspired in-materia analog photoelectronic reservoir computing for human action processing,2025,,10.1038/s41467-025-56899-3,Physical & Hardware RC,,,,38.0
Remote training of a reservoir computer via digital twins,2025,,10.1063/5.0273463,Photonics & Optics,,,,0.0
Envelope solitons in a piezoelectric metamaterial beam obeying the nonlinear Schrödinger equation,2025,,10.1016/j.jmps.2025.106259,Physical & Hardware RC,,,,2.0
Harnessing natural embodied intelligence for spontaneous jellyfish cyborgs,2025,,10.1038/s41467-025-59889-7,Control & Robotics,,,,5.0
Deep learning for financial forecasting: A review of recent trends,2025,,10.1016/j.iref.2025.104719,Nonlinear Dynamics & Chaos,,,,7.0
Multifunctional physical reservoir computing in soft tensegrity robots,2025,,10.1063/5.0273567,Physical & Hardware RC,,,,4.0
Nonlinear mitigation using multilayer photonic reservoir computing for long-haul transmission,2025,,10.1117/1.OE.64.9.097102,Photonics & Optics,,,,0.0
Magneto-Ionic Physical Reservoir Computing in Perpendicularly Magnetized Heterostructures,2025,,10.1021/acs.nanolett.5c03889,Physical & Hardware RC,,,,0.0
Optical Neural Networks and Nanophotonics: Development and Applications (Invited); [光 学 神 经 网 络 与 纳 米 光 子 学：进 展 与 应 用（特 邀）],2025,,10.3788/AOS251030,Photonics & Optics,,,,1.0
A spatiotemporal-specific artificial neuron based on In2Se3 ferroelectric memristor for adaptable information processing,2025,,10.1002/inf2.70047,Physical & Hardware RC,,,,4.0
Early prediction of CKD from time series data using adaptive PSO optimized echo state networks,2025,,10.1038/s41598-025-91028-6,Mathematics & Theory,,,,2.0
Reservoir controllers design though robot-reservoir timescale alignment,2025,,10.1038/s44172-025-00418-1,Control & Robotics,,,,2.0
An innovative dual-phased synergistic energy management approach for WSNs using enhanced sleep/awake scheduling and adaptive routing process,2025,,10.1016/j.simpat.2025.103120,Signal Processing & Comms,,,,9.0
"The role of nonlinearity, dimensionality, memory, and input on a mechanical oscillator reservoir computer",2025,,10.1016/j.neucom.2025.131158,Nonlinear Dynamics & Chaos,,,,3.0
Hierarchical RL-ESN control for autonomous underwater vehicle: 6-DOF large angle rotation maneuvering,2025,,10.1016/j.isatra.2025.07.036,Control & Robotics,,,,0.0
Flexible Tunable-Plasticity Synaptic Transistors for Mimicking Dynamic Cognition and Reservoir Computing,2025,,10.1002/adma.202418418,Neuroscience & Comp. Neuro,,,,13.0
Smart phosphor with neuromorphic behaviors enabling full-photoluminescent Write and Read for all-optical physical reservoir computing,2025,,10.1038/s41467-025-62745-3,Photonics & Optics,,,,9.0
Energy control and chaos prediction of a fractional-order financial risk contagion system,2025,,10.1088/1402-4896/adf3ee,Nonlinear Dynamics & Chaos,,,,0.0
Time-delay reservoir computing based on VCSEL for short-term load forecasting,2025,,10.1016/j.optcom.2025.131838,Photonics & Optics,,,,2.0
Quantum transport reservoir computing,2025,,10.1103/w117-7gmd,Photonics & Optics,,,,0.0
Type-2 interval-valued fuzzy reservoir network for autolanding control under uncertainty,2025,,10.1016/j.rineng.2025.107319,Control & Robotics,,,,2.0
Explaining the high skill of reservoir computing methods in El Niño prediction,2025,,10.5194/npg-32-201-2025,Climate & Earth Sciences,,,,1.0
Principles and Applications of Nonlinearity in Optical Neural Networks (Invited); [光 学 神 经 网 络 中 的 非 线 性 原 理 及 应 用（特 邀）],2025,,10.3788/AOS250924,Photonics & Optics,,,,1.0
Tunable volatile and nonvolatile switching in silicon nanosheets memristor array for reservoir computing,2025,,10.1016/j.device.2025.100905,Physical & Hardware RC,,,,0.0
No Room in the Reservoir,2025,,10.1007/s11023-025-09742-z,Nonlinear Dynamics & Chaos,,,,0.0
Reservoir computing and multi-scroll attractors: How network topologies shape prediction performance,2025,,10.1063/5.0272717,Nonlinear Dynamics & Chaos,,,,5.0
Bearing Fault Detection Using an Enhanced Multi-Reservoir Echo State Network,2025,,10.1007/s42417-025-02137-5,General RC / ESN Methods,,,,0.0
Neuromorphic Reservoir Computing for Heartbeat Classification,2025,,10.1134/S1054661825700208,Physical & Hardware RC,,,,0.0
Sodium-enhanced perovskite reservoir for photonic in-sensor computing,2025,,10.1016/j.nanoen.2025.110830,Photonics & Optics,,,,6.0
Reservoir computing reconstructs blood-oxygen-level-dependent signals: whole-brain modeling study,2025,,10.1140/epjs/s11734-025-01702-z,Neuroscience & Comp. Neuro,,,,6.0
Reservoir computing with networks of nanoscale memristors: optimisation of memristor responses for maximal computational performance,2025,,10.1039/d5nr02474a,Physical & Hardware RC,,,,1.0
PEMFC remaining useful life prediction method combined particle swarm optimization algorithm with improved echo state network; [粒子群优化算法结合改进回声状态网络的PEMFC 剩余使用寿命预测],2025,,10.1051/jnwpu/20254330478,General RC / ESN Methods,,,,1.0
Nanomechanical Systems for Reservoir Computing Applications,2025,,10.1002/aisy.202400971,Nonlinear Dynamics & Chaos,,,,2.0
Silver-Based Self-Organized Resistive Switching Nanoparticle Networks with Neural-Like Spiking Behavior: Implications for Neuromorphic Computing,2025,,10.1021/acsanm.5c02520,Physical & Hardware RC,,,,3.0
SIGMa-DS: System identification from the geometric manifold of dynamical synchronization,2025,,10.1063/5.0283150,Nonlinear Dynamics & Chaos,,,,0.0
7-Methylquinolinium Iodobismuthate Memristor: Exploring Plasticity and Memristive Properties for Digit Classification in Physical Reservoir Computing,2025,,10.1002/aelm.202500049,Physical & Hardware RC,,,,6.0
Self-Rectifying Volatile Memristor for Highly Dynamic Functions,2025,,10.1002/adfm.202423880,Physical & Hardware RC,,,,25.0
Establishing Echo State Network in Order to Be Used in Online Application,2025,,10.1007/s43069-025-00514-0,Mathematics & Theory,,,,0.0
Time-Multiplexed Reservoir Computing with Quantum-Dot Lasers: Impact of Charge-Carrier Scattering Timescale,2025,,10.1002/pssr.202400433,Photonics & Optics,,,,4.0
Mycelium as a computational medium: a framework for growth modeling towards reservoir computing,2025,,10.1007/s11047-025-10040-x,General RC / ESN Methods,,,,1.0
Efficient healthcare data classification through gazelle-inspired optimization and multimodal deep learning,2025,,10.1007/s10115-025-02424-3,Control & Robotics,,,,1.0
Photonic Reservoir Computing Based on Micro-Ring Resonator with Pure Kerr Nonlinearity (Invited); [基于纯克尔非线性微环谐振腔的光子储备池计算（特邀）],2025,,10.3788/AOS250719,Photonics & Optics,,,,0.0
Dynamics-informed reservoir computing with visibility graphs,2025,,10.1063/5.0293030,Nonlinear Dynamics & Chaos,,,,1.0
Mixed-Dimensional Floating Gate Phototransistors for Mixed-Modal In-Sensor Reservoir Computing,2025,,10.1002/advs.202502694,Photonics & Optics,,,,3.0
High-resolution urban air quality monitoring from citizen science data with echo-state transformer networks,2025,,10.1093/jrsssc/qlaf007,General RC / ESN Methods,,,,1.0
Chaotic climate system forecasting using an improved echo state network with sparse observations,2025,,10.1007/s11430-024-1593-9,Nonlinear Dynamics & Chaos,,,,3.0
A Stacking Ensemble Learning Algorithm for Anomaly Early Detection of Liquid Levels in High-Pressure Heaters of Turbine Reheat Systems,2025,,10.1142/S0129156425400609,General RC / ESN Methods,,,,1.0
Minimal deterministic echo state networks outperform random reservoirs in learning chaotic dynamics,2025,,10.1063/5.0288751,Nonlinear Dynamics & Chaos,,,,2.0
Photonic Computing Based on Microring Resonator (Invited); [基 于 微 环 谐 振 器 的 光 子 计 算（特 邀）],2025,,10.3788/AOS250932,Photonics & Optics,,,,0.0
Multispectral In-Sensor Computing for Image Recognition Based on the Opposite Photogating Photosynapse,2025,,10.1021/acsnano.5c03453,Photonics & Optics,,,,6.0
Prediction of chaos in permanent magnet synchronous motor using weighted delayed feedback reservoir computing with multi-head attention,2025,,10.1088/1402-4896/ade7c3,Nonlinear Dynamics & Chaos,,,,1.0
Principled neuromorphic reservoir computing,2025,,10.1038/s41467-025-55832-y,Physical & Hardware RC,,,,11.0
Flexible Spintronic Neuromorphic Devices for Sensing Signal Processing,2025,,10.1021/acsami.5c06399,Physical & Hardware RC,,,,2.0
Multi-layer reservoir computer based on wavelength division multiplexing optoelectronic feedback loops,2025,,10.1016/j.yofte.2025.104344,Photonics & Optics,,,,1.0
Advancing optoelectronic reservoir computing: enhancing performance through ultrafast neuromorphic hardware technologies,2025,,10.1016/j.optlastec.2025.114088,Photonics & Optics,,,,1.0
Multifunctional ferroelectric synaptic memristors based on HfAlOxwith enhanced Pavlovian learning and physical reservoir computing systems,2025,,10.1039/d5cp03132j,Physical & Hardware RC,,,,0.0
Exploiting Bistability and Viscoelasticity in Reservoir Computing,2025,,10.1007/s11071-025-11759-z,Nonlinear Dynamics & Chaos,,,,2.0
Reservoir computing-based signal compensation for laser inter-satellite communications,2025,,10.1038/s41598-025-90321-8,Photonics & Optics,,,,3.0
Data type classification-based dynamic traffic load balancing in wireless sensor network using WHLPESN and TDQ-LPOA,2025,,10.1007/s10791-025-09744-6,Signal Processing & Comms,,,,0.0
Ion-Gated MoS2Unipolar Synaptic Transistors for Neuromorphic Computing and Physics-Inspired Image Processing,2025,,10.1021/acsaelm.5c01133,Physical & Hardware RC,,,,1.0
Measurement based continuous-variable quantum reservoir computing,2025,,10.1117/12.3063922,Photonics & Optics,,,,0.0
Topological design of brain-like reservoir based on scale-free network; [基于无标度网络的类脑储备池拓扑设计],2025,,10.3785/j.issn.1008-973X.2025.07.006,Mathematics & Theory,,,,0.0
Hybridizing multiscale and delayed reservoir computing for long-term accurate chaotic system forecasting,2025,,10.1103/x6c1-3xj8,Nonlinear Dynamics & Chaos,,,,0.0
An efficient reservoir computing system based on 2D mask processing and dynamic memristor,2025,,10.1007/s11071-025-11176-2,Physical & Hardware RC,,,,2.0
Stochastic reservoir computers,2025,,10.1038/s41467-025-58349-6,Nonlinear Dynamics & Chaos,,,,7.0
Evaluation of Bio-Inspired Models under Di®erent Learning Settings for Energy E±ciency in Network Tra±c Prediction,2025,,10.1142/S0129065725500583,Neuroscience & Comp. Neuro,,,,1.0
Experimental demonstration of reservoir computing based on VCSEL for nonlinear fiber distortion compensation,2025,,10.1016/j.yofte.2025.104430,Photonics & Optics,,,,1.0
Crystallinity-Programmed Memristive Devices Enable Reconfigurable Neuromorphic Sensing With Hardware VMM Readout,2025,,10.1002/aelm.202500626,Physical & Hardware RC,,,,1.0
Binary classification via spatiotemporal dynamics in reservoir computing rings of FitzHugh–Nagumo neurons,2025,,10.1140/epjs/s11734-025-01704-x,Neuroscience & Comp. Neuro,,,,1.0
Addressing data scarcity in industrial reliability assessment with Physically Informed Echo State Networks,2025,,10.1016/j.ress.2025.111135,General RC / ESN Methods,,,,3.0
Task-specific node pruning enhances computational efficiency of reservoir computing networks,2025,,10.1063/5.0273535,General RC / ESN Methods,,,,0.0
Chaotic proliferation of relativistic domain walls for reservoir computing,2025,,10.1038/s44306-025-00079-y,Nonlinear Dynamics & Chaos,,,,1.0
2D van der Waals heterostructure memristors: from band structure regulation to neuromorphic computing applications,2025,,10.1039/d5mh00306g,Physical & Hardware RC,,,,5.0
A new combined model for forecasting geomagnetic variation,2025,,10.1007/s11770-025-1183-2,Climate & Earth Sciences,,,,0.0
Structural investigations of multi-reservoir Echo State Networks for EEG-based emotion classification,2025,,10.1016/j.neucom.2025.129856,Signal Processing & Comms,,,,8.0
Learning transitions to extreme events using reservoir computing,2025,,10.1103/rr6x-gdvc,Nonlinear Dynamics & Chaos,,,,1.0
A Multifunctional Volatile Memristor Based on Organic–Inorganic Hybrid Ultrathin Films for Artificial Nociceptor and Edge/Reservoir Computing,2025,,10.1021/acsami.5c15142,Physical & Hardware RC,,,,0.0
Quantum reservoir computing with nonlinear optics: experimental continuous variable memory control,2025,,10.1117/12.3063910,Photonics & Optics,,,,0.0
Nonlinear dynamics of add-drop microring resonator subject to double optical feedbacks,2025,,10.1007/s11071-025-11254-5,Photonics & Optics,,,,1.0
New analytic formulas for memory and prediction functions in reservoir computers with time delays,2025,,10.1063/5.0272492,General RC / ESN Methods,,,,0.0
Forecasting the forced van der Pol equation with frequent phase shifts using Reservoir Computing,2025,,10.1016/j.mlwa.2025.100654,Nonlinear Dynamics & Chaos,,,,0.0
Research Progress and Perspectives in Optoelectronic Computing Systems (Invited); [光 电 融 合 计 算 系 统 研 究 进 展 与 展 望（特 邀）],2025,,10.3788/AOS251195,Photonics & Optics,,,,0.0
Unwrapping photonic reservoirs: Enhanced expressivity via random Fourier encoding over stretched domains,2025,,10.1063/5.0283442,Photonics & Optics,,,,1.0
Memimpedance-Based Biomolecular Device for Adaptive Physical Reservoir Computing,2025,,10.1002/aisy.202500281,Physical & Hardware RC,,,,4.0
"Higher-order interactions, adaptivity, and phase transitions in a novel reservoir computing model",2025,,10.1063/5.0278312,Nonlinear Dynamics & Chaos,,,,3.0
Enhanced Multistep Prediction of Multivariate Market Indices Using Weighted Optical Reservoir Computing,2025,,10.1007/s44196-025-00906-4,Photonics & Optics,,,,0.0
Demand and supply curve forecasting using a monotonic autoencoder for short-term day-ahead electricity market bid curves,2025,,10.1016/j.apenergy.2025.126262,General RC / ESN Methods,,,,0.0
Memristor-based hyperchaotic maps of attractors with nonlinear term-like graphs and their hardware implementation,2025,,10.1007/s11071-025-11830-9,Nonlinear Dynamics & Chaos,,,,1.0
Speedup of an all-optical delay-based reservoir computer via input rate increase and bandwidth enhancement,2025,,10.1063/5.0273485,Photonics & Optics,,,,0.0
Incorporating echo state network and sand cat swarm optimization algorithm based on quantum for named entity recognition,2025,,10.1038/s41598-025-02275-6,Mathematics & Theory,,,,1.0
Incorporating coupling knowledge into echo state networks for learning spatiotemporally chaotic dynamics,2025,,10.1063/5.0273343,Nonlinear Dynamics & Chaos,,,,0.0
Charge-Trap Memory with Engineered Temporal Dynamics for Physically Integrated Reservoir Computing,2025,,10.1002/smsc.202500356,Physical & Hardware RC,,,,0.0
Groundbreaking experimental demonstration of generalized chaos synchronization prediction in multi-drive unidirectionally-coupled laser systems using DFB-based photonic reservoir computing,2025,,10.1016/j.optlaseng.2025.109328,Photonics & Optics,,,,0.0
Intrinsic Disordered Network in Multiferroic YMnO3 Single Crystals for In-Materio Physical Reservoir Computing Through Tuneable Domain-Wall Structure,2025,,10.1002/smll.202506397,Physical & Hardware RC,,,,1.0
From Krylov complexity to observability: Capturing phase space dimension with applications in quantum reservoir computing,2025,,10.1103/m9kq-wrln,Quantum RC,,,,1.0
Remaining Useful Life Prediction of Hydrogen Fuel Cell Based on Cascade Echo State Network; [基于级联回声状态网络的 氢燃料电池剩余使用寿命预测],2025,,10.13334/j.0258-8013.pcsee.232370,Climate & Earth Sciences,,,,2.0
Developing reservoir computing models for anticipatory synchronization with chaotic time series and real-time prediction,2025,,10.1103/mc1j-ldgj,Nonlinear Dynamics & Chaos,,,,0.0
Reservoir Computing with a Single Oscillating Gas Bubble: Emphasizing the Chaotic Regime,2025,,10.3390/appliedmath5030101,Nonlinear Dynamics & Chaos,,,,1.0
"A spiking photonic neural network of 40 000 neurons, trained with latency and rank-order coding for leveraging sparsity",2025,,10.1088/2634-4386/addee7,Photonics & Optics,,,,4.0
Controlled generation of nonlinear dynamic signals in a perturbed photorefractive two-wave mixing process,2025,,10.1364/OE.573565,Nonlinear Dynamics & Chaos,,,,0.0
Fully CMOS Compatible Charge Trap Memory-Based Reservoir Computing System,2025,,10.1002/admt.202500858,Physical & Hardware RC,,,,0.0
Reconfigurable Counterion Gradient around Charged Metal Nanoparticles Enables Self-Rectifying and Volatile Artificial Synapse,2025,,10.1021/acs.nanolett.5c03221,Physical & Hardware RC,,,,1.0
Emerging applications: Neuromorphic computing and reservoir computing,2025,,10.1557/s43577-025-00990-z,Physical & Hardware RC,,,,2.0
Cooperative Biomemristor Based on PEDOT:PSS-Pectin: Realizing Artificial Synapses and High-Precision Reservoir Computing,2025,,10.1021/acs.jpcb.5c05699,Physical & Hardware RC,,,,1.0
Roadmap of Intelligent Photonics (Invited); [智能光子技术的研究进展(特 邀)],2025,,10.3788/LOP251552,Photonics & Optics,,,,2.0
"Physical reservoir computing using ferroelectric Hf1−xZrxO2 devices for efficient temporal data processing: recent progress of materials, devices, and operating modes",2025,,10.35848/1347-4065/adfae1,Physical & Hardware RC,,,,2.0
Optical next generation reservoir computing,2025,,10.1038/s41377-025-01927-6,Photonics & Optics,,,,15.0
Harvested reservoir computing from road traffic dynamics,2025,,10.1038/s41598-025-30016-2,Nonlinear Dynamics & Chaos,,,,0.0
Crisis-induced intermittency in reservoir computing,2025,,10.1103/vqvp-mbxx,Nonlinear Dynamics & Chaos,,,,2.0
Memory-augmented hybrid quantum reservoir computing,2025,,10.1103/wzwv-7rk2,Quantum RC,,,,6.0
A Multi-objective transfer learning framework for time series forecasting with Concept Echo State Networks,2025,,10.1016/j.neunet.2025.107272,General RC / ESN Methods,,,,6.0
Simulating the impact of white matter connectivity on processing time scales using brain network models,2025,,10.1038/s42003-025-07587-x,Neuroscience & Comp. Neuro,,,,3.0
Improving current forecast by Leveraging Measured Data and numerical models via LiESNs,2025,,10.1016/j.envsoft.2025.106556,Climate & Earth Sciences,,,,0.0
Deep optical reservoir computing based on microring resonators for nonlinear channel equalization and image classification,2025,,10.1016/j.chaos.2025.117263,Photonics & Optics,,,,0.0
"Correction to: An optoelectrochemical synapse based on a single-component n-type mixed conductor (Nature Communications, (2025), 16, 1, (1615), 10.1038/s41467-025-56814-w)",2025,,10.1038/s41467-025-59570-z,Photonics & Optics,,,,0.0
"Retraction note: Enhancing Financial Risk Prediction Through Echo State Networks and Differential Evolutionary Algorithms in the Digital Era (Journal of the Knowledge Economy, (2024), 16, 2, (7039-7060), 10.1007/s13132-024-02084-8)",2025,,10.1007/s13132-025-02991-4,General RC / ESN Methods,,,,0.0
Exploitation of temporal dynamics and synaptic plasticity in multilayered ITO/ZnO/IGZO/ZnO/ITO memristor for energy-efficient reservoir computing,2025,,10.1016/j.jmst.2024.12.052,Physical & Hardware RC,,,,19.0
Vertically Integrated In-Sensor Processing System Based on Three-Dimensional Reservoir for Artificial Tactile System,2025,,10.1002/eem2.70063,Physical & Hardware RC,,,,1.0
Hybrid residual modeling of pan evaporation in hyper-arid climates: Benchmarking interpretable neural architectures against physical drivers,2025,,10.1016/j.ejrh.2025.102572,Climate & Earth Sciences,,,,13.0
Time Series Prediction of Aerodynamic Noise Based on Variational Mode Decomposition and Echo State Network,2025,,10.3390/app15147896,Nonlinear Dynamics & Chaos,,,,0.0
Photonic reservoir computing based min-entropy evaluation for random number generators,2025,,10.1007/s11432-025-4382-4,Photonics & Optics,,,,1.0
"Realising Bio-Synapse Analogous Paired-Pulse Facilitation (PPF) and Release Inactivation (RI) and Emulating ""Tip of the Tongue"" Experience Through Conductance and Retention Dynamics in Ag Nano-Labyrinth-Based Neuromorphic Device",2025,,10.1002/adfm.202425635,Physical & Hardware RC,,,,10.0
Multimodal flexible sensors for edge AI system,2025,,10.35848/1882-0786/ae1367,Physical & Hardware RC,,,,0.0
Generic and isometric embeddings in reservoir computers,2025,,10.1063/5.0301957,Nonlinear Dynamics & Chaos,,,,0.0
Evaluation of the spoilage of chilled beef by hyperspectral imaging with entropy weighting versus established food spoilage indicators,2025,,10.1016/j.foodcont.2025.111474,Photonics & Optics,,,,2.0
Parallel reservoir computing system based on a WRC-FPLD subject to optical feedback with electrical information injection,2025,,10.1016/j.optcom.2025.132345,Photonics & Optics,,,,0.0
Two Orders of Magnitude Reduction in Computational Load Achieved by Ultrawideband Responses of an Ion-Gating Reservoir,2025,,10.1021/acsnano.5c06174,Nonlinear Dynamics & Chaos,,,,7.0
Photorefractive reservoir computing,2025,,10.1364/OL.564645,Nonlinear Dynamics & Chaos,,,,2.0
Enhancing echo state network with reservoir state selection for time series forecasting,2025,,10.1016/j.neucom.2025.131283,General RC / ESN Methods,,,,0.0
A near infrared sensing reservoir computing system for entity target recognition,2025,,10.1016/j.cej.2025.163374,Physical & Hardware RC,,,,2.0
Optical neuromorphic computing based on chaotic frequency combs in nonlinear microresonators,2025,,10.1103/6tbg-g9fm,Photonics & Optics,,,,0.0
Classification of 5-bit Binary Light Pulse Sequences Using Photoluminescence of Metal Halide Perovskite Memlumors,2025,,10.1021/acsenergylett.5c01369,Photonics & Optics,,,,2.0
Ultra-Low Operating Voltage Memristors Based on Plating/Stripping Reactions,2025,,10.1002/advs.202510370,Physical & Hardware RC,,,,0.0
Sustaining the chaotic dynamics of the Kuramoto model by adaptable reservoir computer,2025,,10.1103/89hz-6mwz,Nonlinear Dynamics & Chaos,,,,0.0
"Proceedings - 2025 International Conference on Neuromorphic Systems, ICONS 2025",2025,,,Physical & Hardware RC,,,,0.0
Exploring low-resource weather forecasting with echo state network-based architectures and satellite data,2025,,10.1016/j.knosys.2025.113692,Climate & Earth Sciences,,,,5.0
Optimizing concrete crack detection an echo state network approach with improved fish migration optimization,2025,,10.1038/s41598-024-84458-1,General RC / ESN Methods,,,,2.0
A Van Der Waals Broadband Infrared Optical Synapse Enabling Orientation Detection,2025,,10.1002/advs.202507530,Photonics & Optics,,,,3.0
"An energy-efficient, CMOS-compatible physical reservoir node with post-fabrication tunable decay dynamics",2025,,10.1088/2634-4386/ae2155,Physical & Hardware RC,,,,0.0
Fundamental performance bounds on reservoir computing,2025,,10.1103/t4hg-vpmr,Nonlinear Dynamics & Chaos,,,,0.0
Real-Time Efficient Approximation of Nonlinear Fractional-Order PDE Systems via Selective Heterogeneous Ensemble Learning,2025,,10.3390/fractalfract9100660,Nonlinear Dynamics & Chaos,,,,0.0
Harnessing nonlinear optoelectronic oscillator for speeding up reinforcement learning,2025,,10.1186/s43074-025-00163-w,Photonics & Optics,,,,7.0
Enhancing agricultural commodity price forecasting with deep learning,2025,,10.1038/s41598-025-05103-z,Nonlinear Dynamics & Chaos,,,,16.0
Forecast of Aging of PEMFCs Based on CEEMD-VMD and Triple Echo State Network,2025,,10.3390/s25133868,Mathematics & Theory,,,,1.0
In-Sensor Reservoir Computing Using Ferroelectric Optoelectronic Synapse for Near-Infrared Face Recognition,2025,,10.1002/aisy.202401073,Photonics & Optics,,,,4.0
Performance Comparison of LSTM and ESN Models in Time-Series Prediction of Solar Power Generation,2025,,10.3390/su17198538,General RC / ESN Methods,,,,2.0
Smarter usage of measurement statistics can greatly improve continuous variable quantum reservoir computing,2025,,10.1088/1367-2630/ae06c4,Quantum RC,,,,0.0
Effects of external body vibrations on cognitive performance through brain–cardio–respiratory dynamics,2025,,10.1038/s41598-025-21639-6,Neuroscience & Comp. Neuro,,,,0.0
Time-delayed reservoir computing using mutually coupled multimode semiconductor laser for high-speed image recognition,2025,,10.1016/j.optlastec.2025.112774,Photonics & Optics,,,,2.0
Optomechanical reservoir computing,2025,,10.1073/pnas.2424991122,Photonics & Optics,,,,4.0
Laterally Gated CuInP2S6Ferroelectric Field Effect Transistors for Neuromorphic Computing,2025,,10.1021/acsami.5c04625,Physical & Hardware RC,,,,6.0
Unsupervised reservoir computing for multivariate denoising of severely contaminated signals,2025,,10.1016/j.knosys.2025.114574,Nonlinear Dynamics & Chaos,,,,1.0
Denoising and reconstruction of nonlinear dynamics using truncated reservoir computing,2025,,10.1063/5.0273505,Nonlinear Dynamics & Chaos,,,,3.0
Enhancing Financial Risk Prediction Through Echo State Networks and Differential Evolutionary Algorithms in the Digital Era,2025,,10.1007/s13132-024-02084-8,Control & Robotics,,,,3.0
Analysis of coupling complexity in echo state networks via ordinal persistent homology,2025,,10.1007/s10015-025-01010-8,Nonlinear Dynamics & Chaos,,,,0.0
Fluid-based reservoir computing for distributed signal processing,2025,,10.1177/1045389X251328208,Signal Processing & Comms,,,,2.0
In-Situ Optimization of an Optoelectronic Reservoir Computer with Digital Delayed Feedback,2025,,10.1021/acsphotonics.5c01056,Photonics & Optics,,,,1.0
2D Tellurene-Based Optoelectronic Memristor with Temporal Dynamics for Multimodal Reservoir Computing System,2025,,10.1002/advs.202513647,Photonics & Optics,,,,3.0
Design of structure of deep memristive reservoir and application to time series analysis,2025,,10.1088/1402-4896/ade74c,Physical & Hardware RC,,,,0.0
Simultaneous Measurement of Surface Tension and Viscosity Using a Liquid Dynamics Sensor,2025,,10.1002/smtd.202401983,Photonics & Optics,,,,1.0
RCUKF: Data-Driven Modeling Meets Bayesian Estimation,2025,,10.1016/j.ifacol.2025.12.251,Nonlinear Dynamics & Chaos,,,,0.0
Voltage-mode reservoir computing with ferroelectric CMOS inverters,2025,,10.35848/1882-0786/ade199,Nonlinear Dynamics & Chaos,,,,2.0
Attention-enhanced reservoir computing as a multiple-dynamical-system approximator,2025,,10.1103/7pv3-8792,Nonlinear Dynamics & Chaos,,,,0.0
Ultrathin Gallium Nitride Quantum-Disk-in-Nanowire-Enabled Reconfigurable Bioinspired Sensor for High-Accuracy Human Action Recognition,2025,,10.1007/s40820-025-01888-w,General RC / ESN Methods,,,,9.0
Synchronization of quantum reservoir computers,2025,,10.1063/5.0283180,Nonlinear Dynamics & Chaos,,,,0.0
Confinement of ions within graphene oxide membranes enables neuromorphic artificial gustation,2025,,10.1073/pnas.2413060122,Physical & Hardware RC,,,,5.0
Wind speed prediction along high-speed railway based on multi-time-interval wind speed fluctuation process division; [基于多时距风速波动过程划分的高铁沿线风速预测],2025,,10.19818/j.cnki.1671-1637.2025.03.024,Climate & Earth Sciences,,,,0.0
Reconfigurable Tin-Halide Perovskite Resistive Switching Memory for Reservoir Computing System in Braille Code Translator,2025,,10.1021/acsmaterialslett.5c00790,Physical & Hardware RC,,,,1.0
Deterministic reservoir computing for chaotic time series prediction,2025,,10.1038/s41598-025-98172-z,Nonlinear Dynamics & Chaos,,,,4.0
WCBLM: an improved convolutional neural network for intelligent diagnosis of power-shift system faults in hydro-mechanical transmission tractors with limited sample length,2025,,10.1088/1361-6501/ae081e,Climate & Earth Sciences,,,,0.0
Bridging known and unknown dynamics by transformer-based machine-learning inference from sparse observations,2025,,10.1038/s41467-025-63019-8,Nonlinear Dynamics & Chaos,,,,3.0
Brain-lateralized reservoirs: Neuro-anatomically constrained echo state networks for chaotic and physiological signals,2025,,10.1016/j.knosys.2025.114735,Nonlinear Dynamics & Chaos,,,,2.0
Hybrid serial-parallel photonic reservoir computing based on single semiconductor laser with delayed optical feedback for multivariable task processing,2025,,10.1016/j.neucom.2025.131187,Photonics & Optics,,,,12.0
Optical neuromorphic computing via temporal up-sampling and trainable encoding on a telecom device platform,2025,,10.1515/nanoph-2024-0614,Photonics & Optics,,,,4.0
Quaternion reservoir computing for spatiotemporal analysis in polarimetric synthetic aperture radar,2025,,10.1016/j.neucom.2025.131633,Signal Processing & Comms,,,,0.0
"Neuromorphic Computing with Memcapacitors: Advancements, Challenges, and Future Directions",2025,,10.1002/aelm.202500250,Physical & Hardware RC,,,,5.0
Ultra-Low Power and Robust Bi2SeO5 Films Optoelectronic Memristors for Bio-Visual Perception Computing Systems,2025,,10.1002/adma.202509174,Photonics & Optics,,,,3.0
Intelligence of Matter: Rise of a New Style of Doing Science and Scientific Thinking?,2025,,10.3390/systems13121072,General RC / ESN Methods,,,,0.0
Remaining useful life prediction of lithium-ion batteries: A decomposition-based multi-model prediction approach,2025,,10.1063/5.0268400,Mathematics & Theory,,,,0.0
Machine learning for polycyclic aromatic hydrocarbons analysis in roasted lamb: new insights from spectral and chemical data,2025,,10.1016/j.foodchem.2025.145727,Climate & Earth Sciences,,,,3.0
Flexible switching devices with dynamic anchoring of Ag/Ag+ coupling for reservoir computing,2025,,10.1016/j.jechem.2025.06.015,Physical & Hardware RC,,,,2.0
A grapeful discovery: Reservoir computing with wine beads,2025,,10.1093/pnasnexus/pgaf335,Physical & Hardware RC,,,,1.0
Memory-augmented-based meta-learning framework for cross-subject motor imagery classification,2025,,10.1016/j.bspc.2025.108246,Signal Processing & Comms,,,,2.0
Improved next generation reservoir computing with time decay factor and kernel function,2025,,10.1016/j.chaos.2025.116514,Next-Gen RC,,,,2.0
Spontaneous emergence of metacognition in neuronal computation,2025,,10.1103/f1hv-bf1f,General RC / ESN Methods,,,,0.0
Recent Advances in Optoelectronic Synaptic Devices for Neuromorphic Computing,2025,,10.3390/biomimetics10090584,Photonics & Optics,,,,2.0
Reconfigurable Organic Electrochemical Transistors with High Dynamic Ranges for Fully Integrated Physical Reservoir Computing,2025,,10.1002/adfm.202423814,Physical & Hardware RC,,,,12.0
Learning beyond experience: Generalizing to unseen state space with reservoir computing,2025,,10.1063/5.0283421,Nonlinear Dynamics & Chaos,,,,0.0
Enhanced resource allocation in elastic optical network using deep learning and optimization process,2025,,10.1016/j.yofte.2025.104210,Photonics & Optics,,,,5.0
Hybrid readout scheme for time delay reservoir computing using a semiconductor laser,2025,,10.1364/OL.566197,Photonics & Optics,,,,1.0
Quantum reservoir computing on random regular graphs,2025,,10.1103/gq9r-d5q8,Quantum RC,,,,4.0
Low-cost computation for isolated sign language video recognition with multiple reservoir computing,2025,,10.1371/journal.pone.0322717,General RC / ESN Methods,,,,3.0
Neuro-Fuzzy Musculoskeletal Model-Driven Assist-as-Needed Control via Impedance Regulation for Rehabilitation Robots,2025,,10.1109/TFUZZ.2025.3611266,Control & Robotics,,,,2.0
Phase transitions from linear to nonlinear information processing in neural networks,2025,,10.1103/jrlp-vn6j,Nonlinear Dynamics & Chaos,,,,0.0
Quantum-enhanced cortical deep echo state network for fast and accurate speech emotion recognition,2025,,10.1007/s42484-025-00304-1,Neuroscience & Comp. Neuro,,,,1.0
Post-processing methods for delay embedding and feature scaling of reservoir computers,2025,,10.1038/s44172-024-00330-0,Photonics & Optics,,,,11.0
Optoelectronic synapse based on two-dimensional MXene for reservoir computing,2025,,10.1117/12.3086661,Photonics & Optics,,,,0.0
Softness- and Pressure-Perceptive Electronic Skin with Reservoir-Computed Central Nervous System,2025,,10.1002/smtd.202500682,Physical & Hardware RC,,,,1.0
Computational memory capacity predicts aging and cognitive decline,2025,,10.1038/s41467-025-57995-0,Mathematics & Theory,,,,7.0
Photonic time-delay reservoir based on dual-channel cascaded VCSELs and applications in complex time series prediction,2025,,10.1016/j.optlastec.2025.114035,Photonics & Optics,,,,0.0
Data-driven performance measures using global properties of attractors for testing black-box surrogate models of chaotic systems,2025,,10.1063/5.0283424,Nonlinear Dynamics & Chaos,,,,1.0
The mechanical duffing adaptive oscillator physical reservoir computer,2025,,10.1016/j.ymssp.2025.112711,Physical & Hardware RC,,,,2.0
"Dynamic resistive switching of WOx-based memristor for associative learning activities, on-receptor, and reservoir computing",2025,,10.1016/j.chaos.2025.116381,Physical & Hardware RC,,,,7.0
Input-dependence in quantum reservoir computing,2025,,10.1103/3775-4hfd,Quantum RC,,,,2.0
All-optical spiking processing and reservoir computing with a passive silicon microring and wavelength-time division multiplexing,2025,,10.1364/PRJ.558405,Photonics & Optics,,,,3.0
Reservoir computing meeting Kolmogorov-Arnold networks: Prediction of high-dimensional chaotic systems,2025,,10.1063/5.0289577,Nonlinear Dynamics & Chaos,,,,0.0
Study on the soft-sensing modeling strategy of the penicillin fermentation process based on a multi-variable time series echo state network,2025,,10.1016/j.ces.2025.121716,General RC / ESN Methods,,,,3.0
Echo state network for coarsening dynamics of charge density waves,2025,,10.1103/w66k-fb13,Signal Processing & Comms,,,,0.0
Automated forecasting model leveraging large reservoirs of randomized fuzzy cognitive maps,2025,,10.1007/s12530-025-09759-w,Nonlinear Dynamics & Chaos,,,,0.0
Multi-renewable energy resources parameters prediction through meta-learning models selectivity analysis and parallel fusion approaches,2025,,10.1007/s00202-025-03000-2,Climate & Earth Sciences,,,,1.0
Physical reservoir computing for biomedical applications,2025,,10.1088/2634-4386/ae006c,Physical & Hardware RC,,,,0.0
QaPRExt: a unified deep learning framework for quality-aware PPG-derived respiration signal extraction for personalized healthcare,2025,,10.1088/1361-6501/ae0c05,Signal Processing & Comms,,,,0.0
Synchronization Characterizations of Complex Networks Based on Photonic Reservoir Computing (Invited); [基 于 光 储 备 池 计 算 的 复 杂 网 络 同 步 特 性 分 析（特 邀）],2025,,10.3788/AOS250708,Photonics & Optics,,,,0.0
Deep time-delay reservoir computing based on a single photonic nonlinear node,2025,,10.1364/OL.574218,Photonics & Optics,,,,1.0
Dual-Way Alternation Sensing Memristors Based on (BA)2(MA)3Pb4Br13 Ferroelectric Quantum Dots with Sub-0.16 V Switching for Broadband Image-Recognition Systems,2025,,10.1002/adfm.202510543,Photonics & Optics,,,,5.0
"Correction to: Exploiting Bistability and Viscoelasticity in Reservoir Computing (Nonlinear Dynamics, (2025), 113, 25, (34205-34222), 10.1007/s11071-025-11759-z)",2025,,10.1007/s11071-025-11826-5,Nonlinear Dynamics & Chaos,,,,0.0
Unraveling Stochastic Dynamics and Switching Mechanism in Ag Network-Based Neuromorphic Device by Impedance Spectroscopy,2025,,10.1002/smll.202502771,Physical & Hardware RC,,,,2.0
Prediction and symbolification of optical chaos based on Kolmogorov-Arnold network,2025,,10.1364/OE.566266,Photonics & Optics,,,,2.0
Minimalistic and scalable quantum reservoir computing enhanced with feedback,2025,,10.1038/s41534-025-01144-4,Quantum RC,,,,1.0
Learning hidden dynamics using echo state network,2025,,10.1007/s11071-025-10942-6,Nonlinear Dynamics & Chaos,,,,4.0
Critical prediction of first-order phase transitions based on next-generation reservoir computing,2025,,10.1103/d5bp-l5xc,Next-Gen RC,,,,0.0
Predicting synchronization and oscillation death with parallel reservoir computing,2025,,10.1103/9n6x-qkpv,Nonlinear Dynamics & Chaos,,,,0.0
Integrated Optoelectronic Equalization Architecture and Chip Design for Data Center (Invited); [面 向 数 据 中 心 的 光 电 融 合 均 衡 架 构 与 芯 片 设 计（特 邀）],2025,,10.3788/AOS251198,Photonics & Optics,,,,0.0
Predicting three-dimensional chaotic systems with four qubit quantum systems,2025,,10.1038/s41598-025-87768-0,Quantum RC,,,,1.0
All physical reservoir computing system with tunable temporal dynamics for multi-timescale information processing,2025,,10.1002/inf2.12658,Physical & Hardware RC,,,,8.0
Multi-dimensional visual information processing under complex light environments using time-evolved polarization-sensitive synaptic electronics,2025,,10.1038/s41467-025-61361-5,Neuroscience & Comp. Neuro,,,,18.0
Predicting collective states of a star network using reservoir computing,2025,,10.1063/5.0271356,Nonlinear Dynamics & Chaos,,,,0.0
Boosting reservoir computing with brain-inspired adaptive control of E-I balance,2025,,10.1038/s41467-025-64978-8,Control & Robotics,,,,1.0
Hardware-algorithm co-design in analog reservoir computing with nonlinearity of solution-processed 2D materials,2025,,10.1063/5.0273027,Nonlinear Dynamics & Chaos,,,,0.0
Enhancing yield and process efficiency through dual internet of things and augmented reality for AI-driven human-machine interaction in centering mass production,2025,,10.1016/j.jmsy.2025.06.003,Photonics & Optics,,,,2.0
FPGA-Accelerated ESN with Chaos Training for Financial Time Series Prediction,2025,,10.3390/make7040160,Nonlinear Dynamics & Chaos,,,,0.0
Event-triggered adaptive fuzzy echo-state-network control of state constrained nonlinear switched systems with asynchronous switching,2025,,10.1007/s13042-025-02645-6,Control & Robotics,,,,0.0
Deep learning and adaptive boosting for hydroelectric power prediction using hydro-meteorological data: Insights and feature importance analysis,2025,,10.1016/j.engappai.2025.111434,Climate & Earth Sciences,,,,6.0
Learning dynamical systems with hit-and-run random feature maps,2025,,10.1038/s41467-025-61195-1,Nonlinear Dynamics & Chaos,,,,2.0
Bio-Inspired Optical Synapse Based on MoS2for Neuromorphic Computing,2025,,10.1021/acs.nanolett.5c04461,Photonics & Optics,,,,0.0
From connectome to silicon: a biologically-inspired complex network of CMOS chaotic oscillators for analog brain emulation,2025,,10.1007/s11071-025-11198-w,Nonlinear Dynamics & Chaos,,,,6.0
Dual-Mode Functionality in Analog-Weight-Tunable TiOx-Based RRAM: Exploiting Optical and Electrical Stimuli for Synaptic Behaviors,2025,,10.1021/acsaelm.5c01301,Photonics & Optics,,,,2.0
Multi-timescale prediction of lifetime and operating temperatures of PEMFC system by hierarchical echo state network,2025,,10.1016/j.energy.2025.138265,Mathematics & Theory,,,,4.0
Utilizing coupled reservoir computing to predict network dynamics and structure,2025,,10.1103/6hpq-4cv6,Nonlinear Dynamics & Chaos,,,,0.0
Homogeneous Memristors with Tunable Decay Dynamics for Self-Adaptive Reservoir Computing,2025,,10.1021/acsnano.5c03500,Physical & Hardware RC,,,,6.0
Achieving long-term and short-term synaptic plasticity in adaptive ANNs: A memristor circuit design with switchable dual-mode,2025,,10.1016/j.sse.2025.109129,Physical & Hardware RC,,,,0.0
TransNet: A transfer-augmented domain adaptation model for cross-domain water quality index prediction in data-scarce scenarios,2025,,10.1016/j.knosys.2025.114220,General RC / ESN Methods,,,,3.0
Improving the prediction of spatio-temporal chaos by combining parallel reservoir computing with dimensionality reduction,2025,,10.1088/2632-2153/ae1806,Nonlinear Dynamics & Chaos,,,,0.0
Stochastically Structured Reservoir Computers for Financial and Economic System Identification,2025,,10.1016/j.ifacol.2026.03.018,Control & Robotics,,,,0.0
Reservoir computing utilizing HfO2-based ferroelectric neuromorphic devices with WOx nano insertion layers for efficient speech recognition,2025,,10.1002/inf2.70068,Signal Processing & Comms,,,,3.0
A Memristor-Based Event-Driven Reservoir Computing System for Cardiac Arrhythmia Detection,2025,,10.1002/aisy.202500350,Physical & Hardware RC,,,,3.0
An Empirical Study on the Impacts of Input Distribution on Digital Reservoir Computer Performance,2025,,10.1109/ICONS69015.2025.00013,Physical & Hardware RC,,,,0.0
Frequency-multiplexed optical reservoir computing using a microcomb,2025,,10.1515/nanoph-2025-0260,Photonics & Optics,,,,0.0
The effect of the non-linear function on system dynamics within delay-feedback reservoirs,2025,,10.1063/5.0286757,Photonics & Optics,,,,0.0
A general vibration control method for single tube communication tower using track-type tuned mass damper and liquid echo state network,2025,,10.1016/j.istruc.2025.110409,Mathematics & Theory,,,,1.0
State-of-Health (SoH) prediction for electric vehicle battery systems using GAN-based models with triple attention mechanisms,2025,,10.1016/j.est.2025.118143,General RC / ESN Methods,,,,4.0
Machine-learning closure for Vlasov–Poisson dynamics in Fourier–Hermite space,2025,,10.1017/S0022377825100822,Climate & Earth Sciences,,,,1.0
Nonlinear Neural Dynamics and Classification Accuracy in Reservoir Computing,2025,,10.1162/neco_a_01770,Nonlinear Dynamics & Chaos,,,,1.0
Neuronal correlations shape the scaling behavior of memory capacity and nonlinear computational capability of reservoir recurrent neural networks,2025,,10.1103/cwvm-s53p,Mathematics & Theory,,,,0.0
"Comparative analysis of AI techniques in pavement preservation materials: ensemble learning, deep learning, and simplified variance-matching diffusion model based data augmentation",2025,,10.1186/s40537-025-01319-y,General RC / ESN Methods,,,,0.0
Machine learning stochastic dynamics; [机器学习随机动力学],2025,,10.1360/SSPMA-2024-0563,Nonlinear Dynamics & Chaos,,,,0.0
Advancements in neuromorphic computing for bio-inspired artificial vision: A review,2025,,10.1016/j.neucom.2025.131221,Photonics & Optics,,,,4.0
MaD-CoRN: an efficient and lightweight deepfake detection approach using convolutional reservoir network,2025,,10.1007/s11042-024-20223-w,General RC / ESN Methods,,,,1.0
Neuromorphic Reservoir Computing with Memristive Nanofluidic Diodes,2025,,10.1021/acs.nanolett.5c00853,Physical & Hardware RC,,,,5.0
Learning uncertainties online for quadrotor flight control: A comparative study,2025,,10.1007/s10846-025-02305-5,Control & Robotics,,,,2.0
Inversion of Surrounding Rock Creep Parameters Based on Improved Echo State Network,2025,,,General RC / ESN Methods,,,,0.0
Microstructering of lithium niobate for application in reservoir computing,2025,,10.1051/epjconf/202533508011,Photonics & Optics,,,,0.0
Echo state property and memory capacity of artificial spin ice,2025,,10.1038/s41598-025-93189-w,Mathematics & Theory,,,,1.0
Ecosystem-based reservoir computing. Hypothesis paper,2025,,10.1016/j.biosystems.2025.105525,General RC / ESN Methods,,,,1.0
Flexible-fixed-time-prescribed-performance-based adaptive bipartite tracking control for nonlinear multiagent systems with intermittent actuator faults,2025,,10.1007/s11071-025-11335-5,Control & Robotics,,,,1.0
Locality blended next-generation reservoir computing for attention accuracy,2025,,10.1063/5.0273597,Next-Gen RC,,,,1.0
BSDSGANet: Bidirectional Skip-stored Dual-Stream Gated Attention Network for multivariate time series classification,2025,,10.1016/j.knosys.2025.113474,General RC / ESN Methods,,,,2.0
"The design, verification, and applications of Hotspice: A Monte Carlo simulator for artificial spin ice",2025,,10.1016/j.cpc.2025.109643,Control & Robotics,,,,2.0
Photonic reservoir computing based on micro-ring resonators for direction finding of unmanned aerial vehicles,2025,,10.3788/COL202523.121301,Photonics & Optics,,,,1.0
HfAlOx-based optical ferroelectric memristor with transparent electrode for RGB color image classification via physical reservoir,2025,,10.1016/j.nanoen.2025.111190,Physical & Hardware RC,,,,9.0
InGaZnO Optoelectronic Synaptic Transistor for Reservoir Computing and LSTM-Based Prediction Model,2025,,10.1002/adom.202500634,Photonics & Optics,,,,11.0
Regularized Echo State Network Based on Human Learning Optimization Algorithm and Its Application in Fault Diagnosis,2025,,10.1145/3760269.3760336,Climate & Earth Sciences,,,,0.0
Extra-Feature Injected Reservoir Computing for Multi-Language Handwritten Digit Recognition Based on 2D Optoelectronic Memristor,2025,,10.1002/adom.202500559,Photonics & Optics,,,,1.0
3D Integration of functionally diverse 2D materials for optoelectronic reservoir computing,2025,,10.1038/s41467-025-65109-z,Photonics & Optics,,,,4.0
Self-organized Criticality in Neuromorphic Nanowire Networks With Tunable and Local Dynamics,2025,,10.1002/adfm.202423903,Physical & Hardware RC,,,,11.0
Quantization induced memory-nonlinearity transfer: Implications of analog-to-digital conversion in reservoir computing,2025,,10.1063/5.0273403,Nonlinear Dynamics & Chaos,,,,1.0
Data-Driven Structural Health Monitoring Through Echo State Network Regression,2025,,10.3390/info16080678,General RC / ESN Methods,,,,0.0
Memristive synapse based on perovskite Cs3Cu2I5 for reservoir computing,2025,,10.1063/5.0281204,Physical & Hardware RC,,,,0.0
Physics-informed Echo State Networks for modeling controllable dynamical systems,2025,,10.1016/j.neucom.2025.130251,Nonlinear Dynamics & Chaos,,,,4.0
A Robust Biomimetic van der Waals Heterostructure Visual Neuromorphic Device for Multiscale In-Sensor Reservoir Computing,2025,,10.1021/acsnano.5c14569,Photonics & Optics,,,,1.0
"Engineering quantum reservoirs through Krylov complexity, expressivity, and observability",2025,,10.1103/84f3-63mz,Quantum RC,,,,1.0
Enhanced rotating neuron reservoir computing with time-delay feedback for chaotic time series prediction,2025,,10.1063/5.0289005,Nonlinear Dynamics & Chaos,,,,2.0
Energy capture efficiency enhancement for PMVG based-wind turbine systems through yaw control using wind direction prediction,2025,,10.1016/j.epsr.2025.111490,Control & Robotics,,,,4.0
Using the hybrid ARIMA-ESN model for air temperature forecasting,2025,,10.1063/5.0301606,Nonlinear Dynamics & Chaos,,,,0.0
Research on the Robustness of Boolean Chaotic Systems,2025,,10.3390/electronics14163291,Nonlinear Dynamics & Chaos,,,,0.0
A two-stage chaotic system prediction framework using one-dimensional guided method,2025,,10.1088/1402-4896/ae1a1c,Nonlinear Dynamics & Chaos,,,,0.0
Chiral Perovskite Nanowire Optoelectronic Synapse for Full-Stokes Polarization-Resolved Perception and Reservoir Computing,2025,,10.1002/adfm.202415551,Photonics & Optics,,,,19.0
Leveraging echo state networks for ddos detection in Software-Defined Networking,2025,,10.4018/979-8-3373-0735-0.ch007,General RC / ESN Methods,,,,0.0
Normalized difference vegetation index prediction using reservoir computing and pretrained language models,2025,,10.1016/j.aiia.2024.12.005,General RC / ESN Methods,,,,6.0
Sustainable reservoir computing with liquid egg albumen,2025,,10.1039/d4tc05233a,Physical & Hardware RC,,,,1.0
Enhancing reservoir predictions of chaotic time series by incorporating delayed values of input and reservoir variables,2025,,10.1063/5.0258250,Nonlinear Dynamics & Chaos,,,,7.0
Evaporated Copper-Based Perovskite Dynamic Memristors for Reservoir Computing Systems,2025,,10.1002/admt.202400838,Physical & Hardware RC,,,,6.0
Machine learning prediction of 6-DOF motions of KVLCC2 ship based on RC model,2025,,10.1016/j.joes.2022.08.004,General RC / ESN Methods,,,,10.0
Double-Layer Reservoir Computer With Three Nonlinear Nodes Based on Polarization- Multiplexed Optoelectronic Feedback Loops,2025,,10.1109/JLT.2024.3481628,Photonics & Optics,,,,0.0
"Comparative Analysis of Deep Learning, and Quantum Models for Time Series Forecasting",2025,,10.1109/STA66620.2025.11364891,Quantum RC,,,,0.0
Online classification of multivariate time series data through Gaussian Reservoir State Analysis (GRSA),2025,,10.1109/IJCNN64981.2025.11227942,General RC / ESN Methods,,,,0.0
Spatial and Temporal Reservoir Computing with Biologically Modeled Neurons,2025,,10.1109/BioCAS67066.2025.00134,Physical & Hardware RC,,,,0.0
Hardware-Feasible and Efficient N-Type Organic Neuromorphic Signal Recognition via Reservoir Computing,2025,,10.1002/adma.202409258,Physical & Hardware RC,,,,34.0
Coexistence of volatile and non-volatile characteristics in SiO2/CoOx memristor for in-materia reservoir computing,2025,,10.1016/j.jallcom.2025.179383,Physical & Hardware RC,,,,6.0
A novel combination prediction model of ultra-short-term wind speed,2025,,10.1177/0309524X241267287,Climate & Earth Sciences,,,,0.0
A Correntropy-Based Echo State Network With Application to Time Series Prediction,2025,,10.1109/JAS.2024.124932,Nonlinear Dynamics & Chaos,,,,10.0
Innovative Study on Volatility Prediction Model for New Energy Stock Indices,2025,,10.1109/ACCESS.2025.3535584,General RC / ESN Methods,,,,1.0
A Hybrid Data-Driven Model for Predicting NOx Concentration in a Cement Clinker Calcination System,2025,,10.1109/TIM.2025.3533619,Climate & Earth Sciences,,,,3.0
A Multiterminal Setup for Complex Dynamics Characterization and Unconventional Computing in Self-Organizing Memristive Networks,2025,,10.1109/MetroXRAINE66377.2025.11340466,Physical & Hardware RC,,,,0.0
Soft-sensing model of calcination zone temperature of rotary kiln based on principal component analysis and leaky integrator echo state network,2025,,10.1016/j.ces.2025.121472,General RC / ESN Methods,,,,3.0
Fuel cell life prediction considering the recovery phenomenon of reversible voltage loss,2025,,10.1016/j.jpowsour.2024.235634,General RC / ESN Methods,,,,81.0
"Demonstration of cognitive learning, associative learning, and multi-bit reservoir computing using TiOx/HfOx-based volatile memristor with low current",2025,,10.1016/j.jallcom.2025.178897,Physical & Hardware RC,,,,10.0
Nanoelectronics-enabled reservoir computing hardware for real-time robotic controls,2025,,10.1126/sciadv.adu2663,Control & Robotics,,,,4.0
Research on the Intelligent Deconstruction Technology of Electricity Demand by Integrating Algorithms and Complex Coupling Factors,2025,,10.1109/INCSST64791.2025.11210363,Nonlinear Dynamics & Chaos,,,,0.0
Data imputation in the frequency domain using Echo State Networks,2025,,10.1016/j.engappai.2025.110129,General RC / ESN Methods,,,,2.0
Structured Sparse Regularization-Based Deep Fuzzy Networks for RNA N6-Methyladenosine Sites Prediction,2025,,10.1109/TFUZZ.2024.3428402,General RC / ESN Methods,,,,6.0
Optical reservoir computing using frequency combs in Kerr microresonators,2025,,10.1109/cleo/europe-eqec65582.2025.11110295,Photonics & Optics,,,,0.0
Modified Metaheuristic Tuning of Reservoir Computing Models for Click Fraud Detection,2025,,10.1109/TELSIKS65061.2025.11240900,General RC / ESN Methods,,,,0.0
Voltage-operating reservoir computing utilizing ferroelectric-FET source follower configurations,2025,,10.35848/1347-4065/adb295,Nonlinear Dynamics & Chaos,,,,5.0
Effects of Chiral Polypeptides on Skyrmion Stability and Dynamics,2025,,10.1021/acs.nanolett.4c05035,Photonics & Optics,,,,4.0
Hybrid transformer model with liquid neural networks and learnable encodings for buildings’ energy forecasting,2025,,10.1016/j.egyai.2025.100489,Climate & Earth Sciences,,,,25.0
A sensitivity analysis of cellular automata and heterogeneous topology networks: partially-local cellular automata and homogeneous homogeneous random boolean networks,2025,,10.1080/17445760.2024.2396334,Neuroscience & Comp. Neuro,,,,1.0
Benchmarking a magnon-scattering reservoir with modal and temporal multiplexing,2025,,10.1103/PhysRevApplied.23.054087,Physical & Hardware RC,,,,3.0
Flexible electronic brush: Real-time multimodal sensing powered by reservoir computing through whisker dynamics,2025,,10.1126/sciadv.ads4388,Control & Robotics,,,,12.0
Effective learning of neural ODE-based trajectory control laws by adaptive refinement of reservoir computing architecture,2025,,10.52202/083087-0034,Control & Robotics,,,,1.0
Machine-learning-based Lyapunov Redesign of Robust Controllers for a Class of Uncertain Nonlinear Systems Subject to Non-vanishing Disturbances,2025,,10.1109/CDC57313.2025.11312921,Mathematics & Theory,,,,0.0
Optical reservoir computing based on the bagging trees,2025,,10.1117/12.3054316,Photonics & Optics,,,,0.0
Chaotic Dynamics in Spin Torque Nano-oscillator Driven by Voltage Feedback,2025,,10.1007/s10948-025-06980-1,Nonlinear Dynamics & Chaos,,,,0.0
Bidirectional Photovoltage-Driven Oxide Transistors for Neuromorphic Visual Sensors,2025,,10.1002/adma.202410398,Physical & Hardware RC,,,,30.0
Modeling The States of Liquid Phase Change Pouch Actuators by Reservoir Computing,2025,,10.1109/IROS60139.2025.11247242,Control & Robotics,,,,0.0
Polarization Modulated Photo-Response in Hf0.5Zr0.5O2Non-Volatile Memory for Potential Application in Self-Adaptive Visual Recognition,2025,,10.1109/ISAF61233.2025.11235091,Physical & Hardware RC,,,,0.0
Dynamic Spectrum Access Based on Multiple Time-Scale Fusion Deep Echo State Network,2025,,10.1109/TVT.2025.3638379,Control & Robotics,,,,0.0
Reservoir Computing with All-Optical Non-Fading Memory in a Self-Pulsing Microresonator Network,2025,,10.1002/adom.202403133,Photonics & Optics,,,,5.0
Transforming Neural Networks into Quantum-Cognitive Models: A Research Tutorial with Novel Applications,2025,,10.3390/technologies13050183,Physical & Hardware RC,,,,4.0
Photonic reservoir computing for parallel task processing based on a feedback-free spin-polarized VCSEL,2025,,10.1016/j.optcom.2024.131225,Photonics & Optics,,,,9.0
Deep reservoir computing combined with heterogeneous driver layer to improve prediction performance,2025,,10.1016/j.optlastec.2024.112256,Photonics & Optics,,,,7.0
Robot Learning Optimal Control via an Adaptive Critic Reservoir,2025,,10.1109/CDC57313.2025.11312880,Control & Robotics,,,,0.0
A Deep Reservoir Computing Architecture for Dynamic Generative Modeling,2025,,10.1109/IJCNN64981.2025.11227706,Nonlinear Dynamics & Chaos,,,,0.0
Data-driven stability analysis in a multi-element supercritical liquid oxygen-methane combustor,2025,,10.1063/5.0263601,Mathematics & Theory,,,,0.0
AI-Driven IoMT Model for Chronic Kidney Disease Diagnosis using Hybrid Learning Techniques,2025,,10.1109/ICUIS67429.2025.11380265,General RC / ESN Methods,,,,0.0
The Role of Brain Connectivity Patterns in Applying Connectome-Based Reservoir Computing to Neuroscience Tasks,2025,,10.1109/IJCNN64981.2025.11227896,Neuroscience & Comp. Neuro,,,,1.0
Metaplasticity and Reservoir Computing in Bio-Realistic Artificial Synapses with Embedded Localized Au-Nanoparticle-Based Memristors,2025,,10.1002/adfm.202416862,Physical & Hardware RC,,,,19.0
CHAOS RESEARCH AT THE NAVAL RESEARCH LABORATORY,2025,,10.1142/9789819823130-0022,Nonlinear Dynamics & Chaos,,,,0.0
CuInP2S6 Heterojunction Based Visible Range Optoelectronic Synapse With Femtojoule Energy Consumption,2025,,10.1002/admt.202401589,Photonics & Optics,,,,5.0
Multimodal object recognition and real-time anomaly detection by physical reservoir computing using an Ag2S reservoir,2025,,10.35848/1347-4065/adb75b,Physical & Hardware RC,,,,1.0
Use of a Simple Passive Hardware Mask to Replace the Digital Masking Procedure in Photonic Delay-Based Reservoir Computing,2025,,10.1109/JSTQE.2024.3451113,Photonics & Optics,,,,2.0
In-sensor reservoir computing for gas pattern recognition using Pt-AlGaN/GaN HEMTs,2025,,10.1016/j.device.2024.100550,General RC / ESN Methods,,,,9.0
Optical reservoir computing with chaotic frequency combs in Kerr microresonators,2025,,10.1364/CLEO_AT.2025.JPS200_125,Photonics & Optics,,,,0.0
Exploring Different Machine Learning-Based Methods for Learning the Language of Shepna Stock Price,2025,,10.1109/ICEE67339.2025.11213927,Nonlinear Dynamics & Chaos,,,,0.0
Structuring Multiple Simple Cycle Reservoirs with Particle Swarm Optimization,2025,,10.1109/IJCNN64981.2025.11228517,Mathematics & Theory,,,,0.0
Fully integrated multi-mode optoelectronic memristor array for diversified in-sensor computing,2025,,10.1038/s41565-024-01794-z,Photonics & Optics,,,,117.0
Growing evolutional deep echo state network,2025,,10.1016/j.neucom.2024.128676,Nonlinear Dynamics & Chaos,,,,3.0
Practical few-atom quantum reservoir computing,2025,,10.1103/wsyq-jyxd,Quantum RC,,,,8.0
Chaotic time series classification by means of reservoir-based convolutional neural networks,2025,,10.1063/5.0255707,Nonlinear Dynamics & Chaos,,,,0.0
Memristive Properties and Synaptic Plasticity of Iodobismuthates: Handwritten Character Recognition and Detection of Vocalizations of Trichosurus Vulpecula in a Physical Reservoir Computer,2025,,10.1109/CAS66707.2025.11222179,Physical & Hardware RC,,,,0.0
An Adaptive Training Method for Memristive Next Generation Reservoir Computing Systems,2025,,10.1109/MetroXRAINE66377.2025.11340217,Next-Gen RC,,,,0.0
Multimode-Fibre Loop Reservoir Computer,2025,,10.1109/IPC65510.2025.11282253,Photonics & Optics,,,,0.0
Decomposition based deep projection-encoding echo state network for multi-scale and multi-step wind speed prediction,2025,,10.1016/j.eswa.2024.126074,Climate & Earth Sciences,,,,11.0
Preprocessing Methods for Memristive Reservoir Computing for Image Recognition,2025,,10.1109/MetroXRAINE66377.2025.11340063,Physical & Hardware RC,,,,0.0
Scalable Fabrication of Intrinsically Stretchable Organic Electrochemical Transistors with Neuromorphic Functions,2025,,10.1021/acsmaterialslett.5c00261,Physical & Hardware RC,,,,5.0
Human activity recognition using on-body memristive ESN computing,2025,,10.1109/BioCAS67066.2025.00135,Physical & Hardware RC,,,,0.0
PbS Quantum Dot-Based Optoelectronic Memristors toward Multi-Task Reservoir Computing,2025,,10.1021/acs.jpclett.4c03350,Photonics & Optics,,,,9.0
Intrusion Detection for Security Enhancing using Machine Learning Algorithm,2025,,10.1109/ICoICI65217.2025.11254130,General RC / ESN Methods,,,,0.0
Decreased spinal inhibition leads to undiversified locomotor patterns,2025,,10.1007/s00422-025-01011-7,Control & Robotics,,,,2.0
Sensitivity Analysis of Temporal Sensory Responses on Preference: Application to Coffee,2025,,10.1109/GCCE65946.2025.11275603,General RC / ESN Methods,,,,0.0
Predicting multi-parametric dynamics of an externally forced oscillator using reservoir computing and minimal data,2025,,10.1007/s11071-024-10720-w,Nonlinear Dynamics & Chaos,,,,7.0
Minimal design of multi-stage reservoir based on small-world network,2025,,10.1088/2631-8695/ada480,Photonics & Optics,,,,1.0
"Leveraging Dual Resistive Switching in Quasi-2D Perovskite Memristors for Integrated Non-volatile Memory, Synaptic Emulation, and Reservoir Computing",2025,,10.1021/acsami.4c21159,Physical & Hardware RC,,,,13.0
Impact of Greedy Energy Storage Operation on Power System Stability: A Prosumer-Centric Approach,2025,,10.23919/ICEMS66262.2025.11317149,General RC / ESN Methods,,,,0.0
VCSEL based Time-Delayed Spiking Liquid State Machine for Event-Based Flow Cytometry Image Classification,2025,,10.1109/cleo/europe-eqec65582.2025.11111400,Neuroscience & Comp. Neuro,,,,0.0
Combined photonic time-delay reservoir computing and LSTM based on VCSEL for network traffic prediction,2025,,10.1364/OE.558293,Photonics & Optics,,,,0.0
Integrated Photonic Neural Networks for Equalizing Optical Communication Signals: A Review,2025,,10.3390/photonics12010039,Photonics & Optics,,,,9.0
Benchmarking QCi’s EmuCore Device for Time Series Forecasting,2025,,10.32473/flairs.38.1.138974,Photonics & Optics,,,,0.0
Introduction: What Is ‘Slow Electronics.’,2025,,10.1007/978-981-96-8383-3_1,Physical & Hardware RC,,,,0.0
A Deep Reservoir Computing System based on IGZO Electrical-Double-Layer Transistors,2025,,10.1109/ASICON66040.2025.11325930,Physical & Hardware RC,,,,0.0
The Duffing adaptive oscillator,2025,,10.1007/s11071-024-10417-0,Nonlinear Dynamics & Chaos,,,,4.0
Synaptic behavior in dye-sensitized solar cell-based optoelectronic artificial synaptic devices towards self-powered physical reservoir computing,2025,,10.35848/1347-4065/ada657,Photonics & Optics,,,,4.0
From Neural Activity to Computation: Biological Reservoirs for Pattern Recognition in Digit Classification,2025,,10.1109/ICCVW69036.2025.00501,Neuroscience & Comp. Neuro,,,,0.0
Prediction and Optimization of Satellite Laser Communication Tracking Accuracy Based on Reservoir Computing,2025,,10.1109/ACP66871.2025.11350450,Photonics & Optics,,,,0.0
A Lightweight Deep Learning Approach for Lithium-ion Battery RUL Estimation,2025,,10.1109/CoDIT66093.2025.11321479,Mathematics & Theory,,,,0.0
A Spatial Reconstitution Model Based on Geographic Deep Echo State Networks for Ionospheric foF2 in East Asia,2025,,10.1109/TGRS.2025.3529204,Signal Processing & Comms,,,,2.0
Real-time motion trajectory training and prediction using reservoir computing for intelligent sensing equipment,2025,,10.1063/5.0233064,Control & Robotics,,,,1.0
Analog Intelligence Approach to Human Augmentation,2025,,10.54941/ahfe1006069,Physical & Hardware RC,,,,0.0
Spiking Reservoir Computing Architectures for Model-based Epileptic Brain State Recognition,2025,,10.1109/EMBC58623.2025.11252881,Neuroscience & Comp. Neuro,,,,0.0
Multilayer optical neural network using saturable absorber for nonlinearity,2025,,10.1016/j.optcom.2024.131471,Photonics & Optics,,,,3.0
Iono–Magnonic Reservoir Computing With Chaotic Spin Wave Interference Manipulated by Ion-Gating,2025,,10.1002/advs.202411777,Nonlinear Dynamics & Chaos,,,,6.0
Voltage-Tunable GaN/AlN Quantum-Disk-in-Nanowire Vision Sensor for In-Sensor Image Enhancement and Human Action Recognition,2025,,10.1109/ICTA68203.2025.11329631,Physical & Hardware RC,,,,0.0
Analog Quantum Simulation via Rydberg Dressing,2025,,10.1109/QCE65121.2025.10425,Photonics & Optics,,,,0.0
Multiscale Temporal Dynamic Learning for Time Series Classification,2025,,10.1109/TKDE.2025.3542799,General RC / ESN Methods,,,,33.0
Direct Atomic Layer Processing TiO2 RRAM Gas Sensor for Real-time All-RRAM Intelligent Gas Perception,2025,,10.1109/IEDM50572.2025.11353891,Physical & Hardware RC,,,,0.0
Effects of dissipation in reservoir computing using spin qubit array,2025,,10.35848/1347-4065/adbf9e,Quantum RC,,,,3.0
Efficient Knowledge Transfer Strategies in Echo State Networks,2025,,10.1145/3704558.3707072,General RC / ESN Methods,,,,0.0
Beam Domain Channel Modeling and Prediction for UAV Communications,2025,,10.1109/TWC.2024.3503369,Signal Processing & Comms,,,,1.0
Deep Echo State Networks for Financial Time Series Forecasting in High-Volatility Markets,2025,,10.1109/ICAC69156.2025.11361512,General RC / ESN Methods,,,,0.0
Exploring the realms of echo state networks,2025,,10.1016/B978-0-443-29981-0.00014-8,General RC / ESN Methods,,,,0.0
DynGNN: Dynamic Memory-Enhanced Generative GNNs for Predicting Temporal Brain Connectivity,2025,,10.1007/978-3-031-74561-4_10,Mathematics & Theory,,,,3.0
Physical reservoir computing on a soft bio-inspired swimmer,2025,,10.1016/j.neunet.2024.106766,Physical & Hardware RC,,,,13.0
Development of Intraoral Human Machine Interface Using Tongue PPG Changes to Improve the QOL of Quadriplegic Patients,2025,,10.1109/BioCAS67066.2025.00059,Signal Processing & Comms,,,,0.0
Dynamic memristor for bioinspired sensory memory,2025,,10.1557/s43577-024-00819-1,Physical & Hardware RC,,,,3.0
A Study on Quantum Reservoir Recurrent Models for Time-Constrained Volatile Sequence Forecasting,2025,,10.1109/IJCNN64981.2025.11228258,Quantum RC,,,,0.0
Essentials of Business Intelligence: Concepts and Their Applications,2025,,10.1201/9781032711300-2,Signal Processing & Comms,,,,0.0
Energy-efficient multimodal zero-shot learning using in-memory reservoir computing,2025,,10.1038/s43588-024-00762-w,Physical & Hardware RC,,,,0.0
Sparse Reservoir Topologies for Physical Implementations of Random Oscillators Networks,2025,,10.1145/3703412.3703413,Nonlinear Dynamics & Chaos,,,,1.0
Harnessing spatiotemporal transformation in magnetic domains for nonvolatile physical reservoir computing,2025,,10.1126/sciadv.adr5262,Physical & Hardware RC,,,,10.0
Reservoir Computing in Real-World Environments: Optimizing the Cost of Offline and Online Training,2025,,10.1109/IJCNN64981.2025.11228969,General RC / ESN Methods,,,,0.0
Predicting Unemployment Rates with Modified Metaheuristic Optimized Echo State Networks,2025,,10.1007/978-3-031-86236-6_14,General RC / ESN Methods,,,,0.0
Hypergraph Neural Reservoir with Lyapunov-Adaptive Attention for Robust Context-Aware Tourism Recommendation,2025,,10.51537/chaos.1768281,Mathematics & Theory,,,,0.0
Echo state network-based data recovery method for low-low satellite-to-satellite tracking missions in laser interferometry; [基于回声状态网络的空间激光干涉低低跟踪重力卫星数据恢复方法研究],2025,,10.37188/CO.2024-0177,Photonics & Optics,,,,0.0
Exploring Simplified Reservoir Computing Systems for Resource-Constrained Edge AI Hardware,2025,,10.1109/MWSCAS53549.2025.11244461,Nonlinear Dynamics & Chaos,,,,0.0
Reduced connection strength leads to enhancement of working memory capacity in cognitive training,2025,,10.1016/j.neuroimage.2025.121055,Neuroscience & Comp. Neuro,,,,3.0
Intermittency in predicting the behavior of stochastic systems using reservoir computing,2025,,10.1103/PhysRevE.111.024209,Control & Robotics,,,,6.0
Amplifying Block Encoded Quantum Operations with Grover Iterations,2025,,10.1109/AIMLSYSTEMS67835.2025.11331255,Quantum RC,,,,0.0
Dynamic Multi-Source Domain Transfer Learning for Robust Ultra-Short-Term Wind Power Forecasting with Echo State Networks,2025,,10.1109/IJCNN64981.2025.11228270,Climate & Earth Sciences,,,,0.0
Adaptive false data injection attack detection in load frequency control using recurrent neural networks,2025,,10.1080/18824889.2025.2597566,General RC / ESN Methods,,,,0.0
Self-Powered Dye-Sensitized Solar-Cell-Based Synaptic Devices for Multi-Scale Time-Series Data Processing in Physical Reservoir Computing,2025,,10.1021/acsami.4c11061,Physical & Hardware RC,,,,5.0
Cooperative co-evolution deep echo state network for time series prediction,2025,,10.1088/1402-4896/ada9b5,Nonlinear Dynamics & Chaos,,,,3.0
Slow Electronics with Reservoir Computing: Energy-Efficient Neuromorphic Edge Computing for Low-Frequency Signals,2025,,10.1007/978-981-96-8383-3,Physical & Hardware RC,,,,0.0
Reservoir computing for image processing based on ion-gated flexible organic transistors with nonlinear synaptic dynamics,2025,,10.1016/j.orgel.2025.107199,Neuroscience & Comp. Neuro,,,,8.0
All-Polymer Organic Electrochemical Synaptic Transistor With Controlled Ionic Dynamics for High-Performance Wearable and Sustainable Reservoir Computing,2025,,10.1002/adfm.202415595,Neuroscience & Comp. Neuro,,,,42.0
Physical reservoir computing-based online learning of HfSiOx ferroelectric tunnel junction devices for image identification,2025,,10.1016/j.apsusc.2025.162459,Physical & Hardware RC,,,,11.0
Experimental Investigation of Nonlinear Vector Autoregressor-Based Channel Equalization for IM/DD Transmission With Silicon Microring Modulators,2025,,10.1109/JLT.2024.3478743,Photonics & Optics,,,,3.0
Turbulence-Resilient Visible Light Communication System Utilizing Polarization Diversity Reception and Dual-Branch Reservoir Computing Equalizer,2025,,10.1109/ACP66871.2025.11350456,Signal Processing & Comms,,,,0.0
Multifunctional asynchronous reservoir computing system with polarization-controlled dual optoelectronic feedback loops,2025,,10.1117/1.OE.64.3.038105,Photonics & Optics,,,,0.0
Harnessing conversion bridge strategy by organic semiconductor in polymer matrix memristors for high-performance multi-modal neuromorphic signal processing,2025,,10.1002/inf2.12659,Physical & Hardware RC,,,,6.0
"Heterogeneous Assembly Echo State Networks for High-Dimensional, Multiscale Time Series: Dynamic Analysis via Delay Capacity and Multiscale Fuzzy Entropy",2025,,10.1109/ACCESS.2025.3639721,Mathematics & Theory,,,,0.0
RESEARCH ON SHORT-TERM WIND POWER PREDICTION METHOD BASED ON SSA-VMD-LIESN; [基于 SSA-VMD-LIESN 的短期风电功率预测方法研究],2025,,10.19912/j.0254-0096.tynxb.2024-0027,Climate & Earth Sciences,,,,0.0
Cross-predicting nonlinear dynamical systems from delayed coordinate mappings with reservoir computing,2025,,10.1088/1367-2630/adbc13,Nonlinear Dynamics & Chaos,,,,0.0
On the spatial prediction of the turbulent flow behind an array of cylinders via echo state networks,2025,,10.1016/j.engappai.2025.110079,Nonlinear Dynamics & Chaos,,,,4.0
Application of Recurrent Neural Networks for Predictive Modeling of Electrical Submersible Pumps in Oil Extraction,2025,,10.1016/j.ifacol.2025.03.010,Nonlinear Dynamics & Chaos,,,,2.0
PHYSICAL RESERVOIR COMPUTING WITH COMPLIANT FIBER NETWORKS,2025,,10.1115/SMASIS2025-167868,Photonics & Optics,,,,0.0
Cyber Security Analysis using Vulnerability Assessment and Penetration Testing Tools through Hybrid Networks,2025,,10.1109/ICUIS67429.2025.11380706,General RC / ESN Methods,,,,0.0
Human Upper Limb Trajectory Prediction Based on MSFA-ESN,2025,,10.1109/YAC66630.2025.11149994,Control & Robotics,,,,0.0
Quantum Reservoir Computing for Corrosion Prediction in Aerospace: A Hybrid Approach for Enhanced Material Degradation Forecasting,2025,,10.1109/QCE65121.2025.00223,Quantum RC,,,,0.0
Self-powered optoelectronic synaptic device for both static and dynamic reservoir computing,2025,,10.1016/j.nanoen.2024.110574,Photonics & Optics,,,,26.0
Residual Reservoir Memory Networks,2025,,10.1109/IJCNN64981.2025.11227859,Mathematics & Theory,,,,0.0
Two-terminal photovoltaic neuromorphic device with temporal dynamics for reservoir computing,2025,,10.1063/5.0255395,Physical & Hardware RC,,,,0.0
Explainable district heating load forecasting by means of a reservoir computing deep learning architecture,2025,,10.1016/j.energy.2025.134641,Climate & Earth Sciences,,,,20.0
Frequency-multiplexed photonic reservoir computing using single soliton microcomb,2025,,10.1364/JSAPO.2025.9a_n203_8,Photonics & Optics,,,,0.0
Recursive reservoir concatenation for salt-and-pepper denoising,2025,,10.1016/j.patcog.2024.111196,General RC / ESN Methods,,,,1.0
Spatiotemporal PolSAR Analysis Using Quaternion Reservoir Computing,2025,,10.1109/IGARSS55030.2025.11243844,Signal Processing & Comms,,,,0.0
Image Processing at 100 GBaud (10 ps/pixel) Using a Spiking Membrane Laser Neuron,2025,,10.1109/IPC65510.2025.11282379,Photonics & Optics,,,,0.0
Research on PEMFC Lifetime Prediction Based on Ensemble Extreme Learning Machine; [基于集成型极限学习机的氢燃料电池寿命预测],2025,,10.19595/j.cnki.1000-6753.tces.240123,Neuroscience & Comp. Neuro,,,,9.0
Enhancing spectrum prediction in cognitive radio networks using an optimized generative adversarial network,2025,,10.1016/j.rineng.2025.105270,General RC / ESN Methods,,,,3.0
ESSTPNet: Enhancing Spatio-Temporal Forecasting with Deep Echo State Networks and Adaptive Multi-Scale Decoding,2025,,10.1109/IJCNN64981.2025.11228436,General RC / ESN Methods,,,,0.0
Optoelectronic memristor based on a-C:Te film for muti-mode reservoir computing,2025,,10.1088/1674-4926/24100008,Photonics & Optics,,,,2.0
Application of Reservoir Computers for Chaos Synchronization and Cracking Chaos-Based Cryptography in Fermionic 2D Thirring and 4D Gursey Models with Spinor Fields,2025,,10.1142/S0219477525500117,Nonlinear Dynamics & Chaos,,,,0.0
Emotion Recognition Method Based on Multi-Round Replay of Brain Graph and Semantic Graph,2025,,10.1109/BDAI66031.2025.11325278,Signal Processing & Comms,,,,0.0
Impact of Feedback Dimension in Enhanced Reservoir Computing for IMDD Transmission Equalization,2025,,10.1109/LPT.2025.3642297,Photonics & Optics,,,,0.0
Reservoir Computing-Enhanced Tube-MPC: Real-Time Self-Healing Control for Robust AUV Path Following Under Dynamic Faults,2025,,10.1109/IROS60139.2025.11246545,Control & Robotics,,,,0.0
An echo state network with adaptive improved pigeon-inspired optimization for time series prediction,2025,,10.1007/s10489-025-06347-y,Nonlinear Dynamics & Chaos,,,,2.0
Control Pneumatic Soft Bending Actuator With Feedforward Hysteresis Compensation by Pneumatic Physical Reservoir Computing,2025,,10.1109/LRA.2024.3523229,Control & Robotics,,,,6.0
Strong and weak prediction of stochastic dynamics using reservoir computing,2025,,10.1063/5.0252908,Photonics & Optics,,,,12.0
Echo State Network Controller Design for a Class of Leaky-Integrator Nonlinear Systems,2025,,10.1109/LCSYS.2025.3641125,Nonlinear Dynamics & Chaos,,,,0.0
Forecasting causal dynamics with universal reservoirs,2025,,10.1088/1361-6544/adc6e7,Mathematics & Theory,,,,1.0
Real-time personal healthcare data analysis using edge computing for multimodal wearable sensors,2025,,10.1016/j.device.2024.100597,Signal Processing & Comms,,,,32.0
Photonic spiking reservoir computing based on a single passive silicon microring and time-wavelength multiplexing,2025,,,Photonics & Optics,,,,0.0
Universal Set of Observables for Forecasting Physical Systems Through Causal Embedding,2025,,10.1109/TNNLS.2025.3632965,Next-Gen RC,,,,0.0
Multivariate anomaly detection based on prediction intervals constructed using deep learning,2025,,10.1007/s00521-021-06697-x,General RC / ESN Methods,,,,9.0
Spiking Reservoir Computing Based on Stochastic Diffusive Memristors,2025,,10.1002/aelm.202400469,Physical & Hardware RC,,,,4.0
Domain wall velocity prediction in magnetic nano stripe under spin-polarized current using machine learning techniques,2025,,10.1007/s40042-025-01312-x,Physical & Hardware RC,,,,1.0
Modelling and evaluating restricted ESNs on single- and multi-timescale problems,2025,,10.1007/s11047-024-10004-7,Physical & Hardware RC,,,,0.0
VCSEL based Time-Delayed Spiking Liquid State Machine for Event-Based Flow Cytometry Image Classification,2025,,,Neuroscience & Comp. Neuro,,,,0.0
Design of quantum dot networks for improving prediction performance in reservoir computing,2025,,10.1364/JOSAB.537531,Photonics & Optics,,,,0.0
iESN-SWT: improved Echo State Network with Small World Topology and Dimension Reduction for Time Series Classification,2025,,10.1109/AICCSA66935.2025.11315359,Neuroscience & Comp. Neuro,,,,0.0
Learning Low-Dimensional Representation for O-RAN Testing via Transformer-ESN,2025,,10.1109/MASS66014.2025.00030,Signal Processing & Comms,,,,1.0
Leveraging recurrent neural networks and capsule networks for time-series forecasting with multi-source data fusion,2025,,10.1201/9781003606659-148,General RC / ESN Methods,,,,0.0
Application of Parallel Reservoir Computing to the Prediction of Local Field Potential,2025,,10.14326/abe.14.15,Neuroscience & Comp. Neuro,,,,0.0
Photoelectric Reservoir Computing Based on TiOx Memristor for Analog Signal Processing,2025,,10.1021/acsanm.5c00337,Physical & Hardware RC,,,,10.0
Optical reservoir computing with chaotic frequency combs in Kerr microresonators,2025,,10.1364/cleo_at.2025.ps200_125,Photonics & Optics,,,,0.0
An Optical Reservoir Computing Design based on Two-Dimensional Quantum Walk,2025,,10.1109/ACP66871.2025.11349917,Photonics & Optics,,,,0.0
Classification of Human Activity by Event-based Vision Sensors using Echo State Networks,2025,,,Photonics & Optics,,,,0.0
End-to-End Stroke Imaging Analysis Using Effective Connectivity and Interpretable Artificial Intelligence,2025,,10.1109/ACCESS.2025.3529179,General RC / ESN Methods,,,,3.0
Photonic Reservoir Computing Based on Six-Valued Mask with Improved Performance of Channel Impairments Compensation,2025,,10.1109/ICICN67355.2025.11430489,Photonics & Optics,,,,0.0
Artificial optoelectronic synapses based on organic-inorganic hybrid perovskite ferroelectrics for reservoir computing,2025,,10.1039/d4tc05007j,Photonics & Optics,,,,3.0
Improving the performance of echo state networks through state feedback,2025,,10.1016/j.neunet.2024.107101,Nonlinear Dynamics & Chaos,,,,8.0
Near-sensor reservoir computing for Braille recognition via high stability memristors,2025,,10.1063/5.0253801,Physical & Hardware RC,,,,3.0
Prediction of intermittent chaos in a semiconductor laser with optical feedback using reservoir computing,2025,,10.35848/1347-4065/ada347,Photonics & Optics,,,,6.0
A stacking ensemble machine learning model for improving monthly runoff prediction,2025,,10.1007/s12145-024-01544-8,Climate & Earth Sciences,,,,25.0
EchoCNN-Denoiser: a reservoir computing inspired deep learning model for enhanced synthetic aperture radar image despeckling,2025,,10.1117/1.JRS.19.026501,Signal Processing & Comms,,,,1.0
Intelligent Omni-Surface-Aided Integrated Sensing and Communications Based on Deep Reinforcement Learning With Knowledge Transfer,2025,,10.1109/TWC.2025.3542780,Control & Robotics,,,,9.0
Information processing capabilities of two parallel gold-nanoparticle reservoirs dependent on operation temperatures,2025,,10.35848/1347-4065/adb29a,Nonlinear Dynamics & Chaos,,,,1.0
A systematic study of Echo State Networks topologies for chaotic time series prediction,2025,,10.1016/j.neucom.2024.129032,Nonlinear Dynamics & Chaos,,,,13.0
Prediction of Acute Kidney Injury Onset using Electrocardiograph and Demographic data through Reservoir Computer On-Chip,2025,,10.1109/BioCAS67066.2025.00099,Signal Processing & Comms,,,,0.0
"Optimized Solar Energy Forecasting for Sustainable Development Using Machine Learning, Deep Learning, and Chaotic Models",2025,,10.32479/ijeep.17766,Nonlinear Dynamics & Chaos,,,,1.0
Emotion recognition with EEG signals using an insightful adapted echo state network framework,2025,,10.1007/s41870-025-02850-0,Signal Processing & Comms,,,,0.0
Roadmap on embodying mechano-intelligence and computing in functional materials and structures,2025,,10.1088/1361-665X/adb7aa,Physical & Hardware RC,,,,11.0
A Dual-Modal Memory Organic Electrochemical Transistor Implementation for Reservoir Computing,2025,,10.1002/smsc.202400415,Physical & Hardware RC,,,,20.0
Deep Photonic Reservoir Computing for Long-haul Fiber Transmission Systems Nonlinearity Compensation,2025,,10.1109/ACP66871.2025.11350592,Photonics & Optics,,,,1.0
Spatiotemporal multiplexed photonic reservoir computing: parallel prediction for the high-dimensional dynamics of complex semiconductor laser network,2025,,10.29026/oea.2025.250159,Photonics & Optics,,,,4.0
Decoding neuronal networks: A Reservoir Computing approach for predicting connectivity and functionality,2025,,10.1016/j.neunet.2024.107058,Neuroscience & Comp. Neuro,,,,2.0
"Progress in Optoelectronic Synapses for Reservoir Computing: Materials, Device Integration, and Neuromorphic System Applications",2025,,10.1002/lpor.202502338,Photonics & Optics,,,,1.0
Next-generation reservoir computing water quality prediction model based on the whale optimization algorithm,2025,,10.1007/s40435-025-01635-4,Next-Gen RC,,,,3.0
Improved bidirectional echo state network-based time series reconstruction and prediction for structural response,2025,,10.1177/14759217241253082,Nonlinear Dynamics & Chaos,,,,4.0
Mid-Measurement Quantum Reservoir Computing for Time Series Forecasting,2025,,10.1109/EIECT68017.2025.11332019,Quantum RC,,,,0.0
A Reservoir Computer Approach for Data-driven Reconstruction of Insect Locomotion Nonlinear Dynamics for Bioacoustics Applications,2025,,,Nonlinear Dynamics & Chaos,,,,0.0
Learning-Based Optimal Cooperative Formation Tracking Control for Multiple UAVs: A Feedforward-Feedback Design Framework,2025,,10.1109/TASE.2023.3322028,Mathematics & Theory,,,,35.0
ESN-DAGMM: A Lightweight Framework for Unsupervised Time-Series Data Monitoring in 5G O-RAN Networks,2025,,10.1109/ICDMW69685.2025.00400,Signal Processing & Comms,,,,0.0
Deep echo state network with projection-encoding for multi-step time series prediction,2025,,10.1016/j.neucom.2024.128939,Nonlinear Dynamics & Chaos,,,,4.0
Phase-Engineered In2Se3 Ferroelectric P-N Junctions in Phototransistors for Ultra-Low Power and Multiscale Reservoir Computing,2025,,10.1021/acsnano.5c00250,Photonics & Optics,,,,17.0
Crystallinity-Controlled Hexagonal Boron Nitride-Based Memristors for Fully Integrated Reservoir Computing Processors,2025,,10.1002/adma.202413640,Physical & Hardware RC,,,,30.0
An Experimental Reservoir-Augmented Foundation Model: 6G O-RAN Case Study,2025,,10.1109/GACLM67198.2025.11231982,Control & Robotics,,,,0.0
Reduced-order adaptive synchronization in a chaotic neural network with parameter mismatch: a dynamical system versus machine learning approach,2025,,10.1007/s11071-024-10821-6,Nonlinear Dynamics & Chaos,,,,3.0
Surface Acoustic Wave Physical Reservoir Computer Using Thermoacoustic Phase Modulator,2025,,10.1109/Transducers61432.2025.11109857,Physical & Hardware RC,,,,0.0
Bio-Inspired Graded Photonic Neurons for Efficient Reservoir Computing,2025,,10.1109/ACP66871.2025.11349823,Photonics & Optics,,,,0.0
Erratum: Photonic implementation of the input and reservoir layers for a reservoir computing system based on a single VCSEL with two Mach-Zehnder modulators: erratum (Opt. Express (2024) 32:10 (17452–17463)DOI: 10.1364/OE.522336),2025,,10.1364/OE.551214,Photonics & Optics,,,,0.0
High-performance artificial synapse based on oxidized Fe3GeTe2 with ultra-low energy consumption,2025,,10.1016/j.mtnano.2024.100569,Physical & Hardware RC,,,,1.0
Video Prediction Based on Multiresolution Echo State Networks to Support Coagulant Dosage Decisions,2025,,10.1109/TIM.2024.3522343,General RC / ESN Methods,,,,0.0
Expressive quantum perceptrons for quantum neuromorphic computing,2025,,10.1088/2058-9565/ad9fa4,Physical & Hardware RC,,,,3.0
Deep photonic reservoir computing based on a distributed feedback laser array,2025,,10.1063/5.0232917,Photonics & Optics,,,,6.0
CA-FedRC: Codebook Adaptation via Federated Reservoir Computing in 5G NR,2025,,10.1109/TVT.2025.3542139,Mathematics & Theory,,,,1.0
An Echo State Network Approach for Parameter Variation Robustness Enhancement in FCS-MPC for PMSM Drives,2025,,10.3390/app15116288,Control & Robotics,,,,2.0
Reservoir computing system using discrete memristor for chaotic temporal signal processing,2025,,10.1016/j.chaos.2025.116230,Nonlinear Dynamics & Chaos,,,,15.0
Proprioceptive and Exteroceptive Information Perception in a Fabric Soft Robotic Arm via Physical Reservoir Computing with Minimal Training Data,2025,,10.1002/aisy.202400534,Physical & Hardware RC,,,,7.0
Cross-Brand Machine Learning of Coffee’s Temporal Liking from Temporal Dominance of Sensations Curves,2025,,10.3390/app15020948,General RC / ESN Methods,,,,3.0
Fully hardware-oriented physical reservoir computing using 3D vertical resistive switching memory with different bottom electrodes,2025,,10.1039/d5mh00275c,Physical & Hardware RC,,,,4.0
Physical Reservoir Computing in a Music Hall Experiment,2025,,10.1115/1.4067288,Physical & Hardware RC,,,,1.0
Volatile Resistive Switching and Short-Term Synaptic Plasticity in a Ferroelectric-Modulated SrFeOx Memristor,2025,,10.1021/acsami.4c19627,Physical & Hardware RC,,,,14.0
Quantum Fourier Transformation Using Quantum Reservoir Computing Network,2025,,10.1002/qute.202400396,Quantum RC,,,,0.0
Reservoir computing with the minimum description length principle,2025,,10.1063/5.0252938,Nonlinear Dynamics & Chaos,,,,3.0
The Drosophila Connectome as a Computational Reservoir for Time-Series Prediction,2025,,10.3390/biomimetics10050341,Nonlinear Dynamics & Chaos,,,,1.0
Reservoir computing determined by nonlinear weight dynamics in Gd-doped CeO2/CeO2 bi-layered oxide memristors,2025,,10.1039/d4tc05041j,Physical & Hardware RC,,,,5.0
Full-order sliding mode control of underwater flexible manipulators with echo state network disturbance compensation,2025,,10.1139/tcsme-2023-0209,Control & Robotics,,,,2.0
Hardware-friendly implementation of physical reservoir computing with CMOS-based time-domain analog spiking neurons,2025,,10.1088/2634-4386/addb6d,Physical & Hardware RC,,,,5.0
Spiking Neural P Systems for Time Series Analysis,2025,,10.1002/9781394381609,Neuroscience & Comp. Neuro,,,,2.0
Reservoir computing benchmarks: a tutorial review and critique,2025,,10.1080/17445760.2025.2472211,Mathematics & Theory,,,,12.0
Reservoir Computing Based AI for Estimating Remaining Useful Life of Turbofan Engine,2025,,10.1109/MWSCAS53549.2025.11244510,Physical & Hardware RC,,,,0.0
Optical Reservoir Computing Based on Four-Wave Mixing,2025,,10.1364/CLEO_AT.2025.JPS200_31,Photonics & Optics,,,,0.0
UWBG Ga2O3/AlN DUV Phototransistors on Si Platform for In-sensor Memory and Computing based on Polarization-Induced Carrier Separation Strategy,2025,,10.1109/IEDM50572.2025.11353611,Physical & Hardware RC,,,,0.0
Dissipation-induced quantum homogenization for temporal information processing,2025,,10.1103/PhysRevA.111.012622,Photonics & Optics,,,,1.0
Explainable Grouped Deep Echo State Network for EEG-based emotion recognition,2025,,10.1007/s00500-025-10653-5,Signal Processing & Comms,,,,3.0
Neuromorphic synaptic applications of oxygen-deficient BaSnO3 thin films,2025,,10.1063/5.0244406,Photonics & Optics,,,,1.0
Resistive memory-based zero-shot liquid state machine for multimodal event data learning,2025,,10.1038/s43588-024-00751-z,Physical & Hardware RC,,,,18.0
Performance Enhancement Reservoir Computing System Based on Combination of VCESL Optical Feedback and Mutual Injection Structure,2025,,10.1109/JSTQE.2024.3480455,Photonics & Optics,,,,3.0
Crystallinity-controlled volatility tuning of ZrO2 memristor for physical reservoir computing,2025,,10.1002/inf2.12635,Physical & Hardware RC,,,,23.0
Deep fusion of discrete-time and continuous-time models for long-term prediction of chaotic dynamical systems,2025,,10.1007/s11071-025-11048-9,Nonlinear Dynamics & Chaos,,,,6.0
Optical reservoir computing using frequency combs in Kerr microresonators,2025,,,Photonics & Optics,,,,0.0
Embodied multi-modal sensing with a soft modular arm powered by physical reservoir computing,2025,,10.1109/IROS60139.2025.11247173,Physical & Hardware RC,,,,0.0
Online Training and Inference System on Edge FPGA Using Delayed Feedback Reservoir,2025,,10.1109/TCAD.2025.3541565,Physical & Hardware RC,,,,0.0
Scaled-down ionic liquid-functionalized geopolymer memristors,2025,,10.1039/d5mh00231a,Physical & Hardware RC,,,,4.0
Photonic spiking reservoir computing based on a single passive silicon microring and time-wavelength multiplexing,2025,,10.1109/cleo/europe-eqec65582.2025.11109366,Photonics & Optics,,,,0.0
Enhancement of Short-Term Memory with Tilted External Magnetic Field for Spin-Wave Reservoir Computing,2025,,10.1109/IJCNN64981.2025.11228033,Physical & Hardware RC,,,,0.0
Development of industrial soft sensor based on semi-supervised probabilistic mixture of echo state networks,2025,,10.1088/1361-6501/ada4c9,General RC / ESN Methods,,,,0.0
Ovonic Threshold Switching for Ultralow Energy Physical Reservoir Computing,2025,,10.1109/TED.2025.3533390,Physical & Hardware RC,,,,0.0
Sparse compressed deep echo state network with improved arithmetic optimization algorithm for chaotic time series prediction,2025,,10.1016/j.eswa.2024.125249,Nonlinear Dynamics & Chaos,,,,5.0
Reduced Echo State Networks for Model Predictive Control of a Quadruple-Tank Process,2025,,10.23919/ECC65951.2025.11187285,Control & Robotics,,,,1.0
The impact of socio-economic–climatic indicators on hydropower production and energy demand correlation using echo state network and quantum-based sand cat swarm optimization algorithm,2025,,10.1093/ijlct/ctaf134,Climate & Earth Sciences,,,,0.0
Bionic Olfactory Neuron with In-Sensor Reservoir Computing for Intelligent Gas Recognition,2025,,10.1002/adma.202419159,Signal Processing & Comms,,,,37.0
Single photonic reservoir dual-task simultaneous computing based on a semiconductor ring laser with filtered optical feedback,2025,,10.1364/OE.550420,Photonics & Optics,,,,3.0
Neurophotonic silicon chip,2025,,10.1364/IPRSN.2025.ITh1B.2,Photonics & Optics,,,,0.0
Reconstructing Attractors of a Conceptual Airfoil System via Next Generation Reservoir Computing,2025,,10.2514/1.J064609,Nonlinear Dynamics & Chaos,,,,19.0
Water-Dynamics Monitoring Using a Flexible Resistive Sensor and Reservoir Computing,2025,,10.1002/smll.202407698,Climate & Earth Sciences,,,,2.0
Long-short Term Cross Echo State Network for time series forecasting task,2025,,10.1016/j.asoc.2025.112997,Nonlinear Dynamics & Chaos,,,,8.0
State-space systems as dynamic generative models,2025,,10.1098/rspa.2024.0308,Mathematics & Theory,,,,1.0
Optimizing short-term memory in transparent neuromorphic devices via microwave treatment: Enhancing transmittance and relaxation time,2025,,10.1016/j.jallcom.2024.178036,Physical & Hardware RC,,,,2.0
Performance of in-materio physical reservoir computing devices based on highly oriented semiconducting polymer thin films,2025,,10.35848/1347-4065/adbf9f,Physical & Hardware RC,,,,4.0
Dye-sensitized solar cell-based optoelectronic artificial synaptic devices capable of wavelength recognition for physical reservoir computing,2025,,10.35848/1347-4065/adb820,Photonics & Optics,,,,1.0
Deep Learning-Based Optimization of Phase-Modulated Waveforms for SBS Mitigation,2025,,10.1109/ICCT67417.2025.11373995,Photonics & Optics,,,,0.0
Dyna-ESN: Efficient Deep Reinforcement Learning for Partially Observable Dynamic Spectrum Access,2025,,10.1109/TWC.2024.3504255,Control & Robotics,,,,6.0
Mimicking Classical Conditioning of Fear Using a Dynamic Synaptic Memristor,2025,,10.1002/aelm.202400493,Physical & Hardware RC,,,,4.0
Time Delay Signature Extraction of Optical Time-Delay Chaos Systems From Short and Noisy Time Series,2025,,10.1109/JPHOT.2024.3516115,Photonics & Optics,,,,1.0
A Modularity-Enhanced Echo State Network for Nonlinear Wind Energy Predicting,2025,,10.3390/en18071858,Climate & Earth Sciences,,,,1.0
Spin-wave Dynamics and Its Physical Picture Effective and Useful in the Forthcoming Physical Artificial Intelligence Era,2025,,10.23919/PIERS-Fall62445.2025.11393994,General RC / ESN Methods,,,,0.0
Decoding Network Structure and Function from Spatio-Temporal Electrophysiological Signal Sequences in Neuronal Cultures,2025,,10.1364/CLEO_SI.2025.SS145_1,Neuroscience & Comp. Neuro,,,,0.0
Dual-Microring Resonator with Delayed-Input for Photonic Reservoir Computing,2025,,10.1109/LPT.2025.3642269,Photonics & Optics,,,,0.0
A MEMS network operating as a reservoir computer to classify peripheral artery disease signal from a healthy signal,2025,,10.1016/j.sna.2025.116318,General RC / ESN Methods,,,,0.0
Pose Estimation of a Cable-Driven Serpentine Manipulator Utilizing Intrinsic Dynamics via Physical Reservoir Computing,2025,,10.1109/IROS60139.2025.11245913,Physical & Hardware RC,,,,0.0
The fluorescence spectrum combined with a broad learning system to characterize the content of difenoconazole in cabbage,2025,,10.1039/d5ay00358j,Photonics & Optics,,,,2.0
Effect of electronic state for in-materio physical reservoir computing performance with a porphyrin-polyoxometalate/single-walled carbon nanotube network,2025,,10.1063/5.0245122,Physical & Hardware RC,,,,3.0
Neuromorphic Visual Computing with ZnMgO QDs-Based UV-Responsive Optoelectronic Synaptic Devices for Image Encryption and Recognition,2025,,10.1002/smll.202412531,Photonics & Optics,,,,15.0
Random Forest-Driven Photonic Reservoir Computing Model for Signal Modulation Recognition,2025,,10.1109/PGC68487.2025.11319513,Photonics & Optics,,,,0.0
Heart Abnormality Detection from Phonocardiogram Signals Using Reservoir Computing,2025,,10.1109/MWSCAS53549.2025.11244490,Physical & Hardware RC,,,,0.0
Temporal convolution derived multi-layered reservoir computing,2025,,10.1016/j.neucom.2024.128938,Nonlinear Dynamics & Chaos,,,,4.0
Fingerprinting Magnetic States in Interconnected Nanoring Arrays via Spin Wave Spectra,2025,,10.1142/S2010324724500206,Mathematics & Theory,,,,0.0
Gait Perception via Actual and Estimated Pneumatic Physical Reservoir Output,2025,,10.1002/aisy.202400278,Physical & Hardware RC,,,,1.0
Strategy for the Integrated Design of Ferroelectric and Resistive Memristors for Neuromorphic Computing Applications,2025,,10.1021/acsaelm.5c00222,Physical & Hardware RC,,,,3.0
Mirroring-based Prediction of Robot Arm Movements Using an Echo State Network,2025,,10.1109/ICACR68388.2025.11360067,Control & Robotics,,,,0.0
Chemical process time series prediction using multi-source transfer learning based on ESN,2025,,10.1002/cjce.70201,Nonlinear Dynamics & Chaos,,,,0.0
A Demonstration of Analog/Digital Converter-Free Reservoir Computing Using a Series-Connected Resonating Switched MEMS Counter,2025,,10.1109/Transducers61432.2025.11109173,Physical & Hardware RC,,,,0.0
Artificial Neural Network and Reservoir Computing for Extreme Weather: A Preliminary Study,2025,,10.1109/ICoAIT67446.2025.11308851,Climate & Earth Sciences,,,,0.0
Lightweight Hand-Waving Action Recognition Using Reservoir Computing in a Cafeteria Environment,2025,,10.1109/SII59315.2025.10871098,Control & Robotics,,,,1.0
Performance assessment of octagonal layout based integrated photonic reservoir computing for optical channel equalization,2025,,10.1364/OE.554334,Photonics & Optics,,,,2.0
MEMS Microphone-Driven Near-Sensor Reservoir Computing for Lightweight Tool Wear Classification in Milling,2025,,10.1109/Transducers61432.2025.11109876,Signal Processing & Comms,,,,0.0
Learning High-Dimensional Chaos Based on an Echo State Network with Homotopy Transformation,2025,,10.3390/math13060894,Nonlinear Dynamics & Chaos,,,,0.0
Spectral-Aware Reservoir Computing for Fast and Accurate Time Series Classification,2025,,,General RC / ESN Methods,,,,0.0
Flexible artificial vision computing system based on FeOx  optomemristor for speech recognition,2025,,10.1088/1674-4926/24080004,Photonics & Optics,,,,4.0
Remarks on the Application of Deep Echo State Networks to Discrete-Time Optimal Predictive Control,2025,,10.1109/CACS67552.2025.11288192,Control & Robotics,,,,0.0
Intelligent RF-FSO Fusion for High-Mobility Beam Tracking Based on Reservoir Computing Enhanced UKF,2025,,10.1109/LPT.2025.3636938,Photonics & Optics,,,,1.0
Enhancing PM2.5 Air Pollution Prediction Performance by Optimizing the Echo State Network (ESN) Deep Learning Model Using New Metaheuristic Algorithms,2025,,10.3390/urbansci9050138,General RC / ESN Methods,,,,6.0
Slow Feature Oscillation Enhances Reservoir Computing for Learning Long-Period Patterns,2025,,10.1109/IJCNN64981.2025.11229007,Nonlinear Dynamics & Chaos,,,,0.0
Reconfigurable CMOS-Compatible Supercapacitor-Diode Empowering Computation Efficiency for Human-Machine Interaction,2025,,10.1002/anie.202421913,Physical & Hardware RC,,,,9.0
Design of exoskeleton brain-like intelligent trajectory prediction model based on echo state network,2025,,10.1016/j.robot.2024.104836,Control & Robotics,,,,5.0
Emotion Detection Framework for Mental Health Monitoring Using Reservoir Computing,2025,,10.1109/WCONF64849.2025.11233524,Signal Processing & Comms,,,,0.0
Interlayer Sparse Compression-Based Deep Echo State Network Model and Its Application in Time-Series Forecasting,2025,,10.1109/TNNLS.2025.3634741,Nonlinear Dynamics & Chaos,,,,0.0
A Chaotic Jerk-Based Reservoir Computing Approach for DoS Attack Detection,2025,,10.1109/ICECS66544.2025.11270707,Nonlinear Dynamics & Chaos,,,,0.0
Adaptive model based on ESN for anomaly detection in industrial systems,2025,,10.1007/s12530-024-09626-0,General RC / ESN Methods,,,,2.0
A Sliding Window Enhanced Photonic Time Delay Reservoir Computing System for Load Forecasting,2025,,10.1109/ACP66871.2025.11350423,Photonics & Optics,,,,0.0
Physical reservoir computing for Edge AI applications,2025,,10.59717/j.xinn-mater.2025.100127,Physical & Hardware RC,,,,14.0
Temporal Attention Mechanism Echo State Network for Ultra-Short-Term Wind Power Forecasting,2025,,10.1109/IJCNN64981.2025.11227966,Nonlinear Dynamics & Chaos,,,,0.0
Nano device fabrication for in-memory and in-sensor reservoir computing,2025,,10.1088/2631-7990/ad88bb,Physical & Hardware RC,,,,24.0
Current response design via functional group substitution for cation structure in high-performance ionic liquid-based physical reservoir device,2025,,10.35848/1347-4065/adb6e5,Physical & Hardware RC,,,,0.0
A Deep Echo State Network With Scaling Factor Activation Functions for Fault Diagnosis of Electrical Drive Systems,2025,,10.1109/TTE.2025.3532950,General RC / ESN Methods,,,,7.0
All-Optical Reservoir Computing via a Nonlinear Sagnac Interferometer for Machine Learning Applications,2025,,10.1364/CLEO_FS.2025.FF142_3,Photonics & Optics,,,,0.0
Quantum reservoir computing based on decoherence-free subspaces,2025,,10.1109/DD66835.2025.11263475,Quantum RC,,,,0.0
Attention enhanced dual stream network with advanced feature selection for power forecasting,2025,,10.1016/j.apenergy.2024.124564,General RC / ESN Methods,,,,25.0
Cloud-Edge Structure Based Adaptive Optimal Aeration Control for WWTP,2025,,10.1109/ISPCE-ASIA69076.2025.11312889,Control & Robotics,,,,0.0
Fuzzy Echo State Network-Based Fault Diagnosis of Remote-Controlled Robotic Arms,2025,,10.3390/app15115829,Control & Robotics,,,,1.0
Heterogeneous forecasting of chaotic dynamics in vertical-cavity surface-emitting lasers with knowledge-based photonic reservoir computing,2025,,10.1364/PRJ.538181,Photonics & Optics,,,,9.0
A Blended Deep Learning Approach for Hidden Prediction of Smoking Status to Reduce the Risk of Cardiovascular Disease,2025,,10.1109/AISP68263.2025.11396330,General RC / ESN Methods,,,,0.0
Network Traffic Prediction using Enhanced Photonic Reservoir Computing Based on VCSEL,2025,,10.1109/ACP66871.2025.11350527,Photonics & Optics,,,,0.0
Safety-aware isoline tracking control for unmanned surface vehicle,2025,,10.1016/j.oceaneng.2025.120910,Control & Robotics,,,,2.0
Optimized echo state network for error compensation based on transfer learning,2025,,10.1016/j.asoc.2025.112935,Nonlinear Dynamics & Chaos,,,,1.0
Advancing RFI-Detection in Radio Astronomy with Liquid State Machines,2025,,10.1109/IJCNN64981.2025.11229299,Physical & Hardware RC,,,,0.0
Human Action Recognition with an Integrated Deep Topological Photonic Reservoir Computer,2025,,10.1109/ACP66871.2025.11350866,Photonics & Optics,,,,0.0
Method for Predicting Ultra-Short-Term Wind Speed and Direction at Emergency Well Site,2025,,10.1007/s41742-024-00672-9,Climate & Earth Sciences,,,,0.0
Nonlinear thermo-acoustic phase modulator for physical reservoir computing,2025,,10.35848/1347-4065/adb6ac,Physical & Hardware RC,,,,0.0
Digital and Neuromorphic Optical Signal Processing for AI Intra-Datacenter Networks,2025,,10.1109/ACP66871.2025.11350829,Photonics & Optics,,,,1.0
SpikeSpec: An On-Chip Learning Neuromorphic Accelerator for Spectrum Sensing With Triplet-Boosting and Hardware Friendly Loss Function,2025,,10.1109/TCAD.2025.3543439,Physical & Hardware RC,,,,2.0
High-speed Photonic Reservoir Computing Based on Microring Resonators,2025,,10.1109/ACP66871.2025.11349863,Photonics & Optics,,,,0.0
Comparison of Reservoir Computing topologies using the Recurrent Kernel approach,2025,,10.1016/j.neucom.2024.128679,Neuroscience & Comp. Neuro,,,,8.0
The CFD and Machine Learning Predictions for the Wake Flow Behind the Twin Rudders with Standard Motions,2025,,,Climate & Earth Sciences,,,,0.0
Long-term prediction of El Niño-Southern Oscillation using reservoir computing with data-driven realtime filter,2025,,10.1063/5.0261124,Nonlinear Dynamics & Chaos,,,,0.0
Coexistence of short- and long-term memory in NbOx-based memristor for a nonlinear reservoir computing system,2025,,10.15302/frontphys.2025.014208,Physical & Hardware RC,,,,1.0
A Brain-Inspired Decision-Making method for upper limb exoskeleton based on Multi-Brain-Region structure and multimodal information fusion,2025,,10.1016/j.measurement.2024.115728,Control & Robotics,,,,10.0
Optical Reservoir Computing Based on Four-Wave Mixing,2025,,10.1364/cleo_at.2025.ps200_31,Photonics & Optics,,,,0.0
Controlling Pneumatic Bending Actuator With Gain-Scheduled Feedforward and Physical Reservoir Computing State Estimation,2025,,10.1109/LRA.2025.3528661,Control & Robotics,,,,4.0
Federated Learning with Reservoir State Analysis for Time Series Anomaly Detection,2025,,10.1109/IJCNN64981.2025.11228565,General RC / ESN Methods,,,,0.0
A Forecast Model of Ionospheric foF2 for HF Radio Wave Propagation Based on Echo State Network,2025,,10.1109/TAP.2024.3513559,Climate & Earth Sciences,,,,0.0
Dynamic Reservoir Computing with Physical Neuromorphic Networks,2025,,10.1109/IJCNN64981.2025.11229247,Nonlinear Dynamics & Chaos,,,,1.0
Learning and Inference in Slow Electronics: FPGA Emulation and Implementation,2025,,10.1007/978-981-96-8383-3_6,Physical & Hardware RC,,,,0.0
Infinite-dimensional next-generation reservoir computing,2025,,10.1103/PhysRevE.111.035305,Next-Gen RC,,,,4.0
Reservoir Computing for Torque-Restricted Pendulum Control,2025,,10.1109/IROS60139.2025.11247156,Control & Robotics,,,,1.0
Low-Temperature Chemical Solution Deposition of Bi2O2Se on Amorphous Surface for Dynamic Memristor of Physical Reservoir Array,2025,,10.1021/acsnano.4c13613,Physical & Hardware RC,,,,5.0
Quantum Machine Learning-based Test Oracle for Autonomous Mobile Robots,2025,,10.1109/ASE63991.2025.00306,Control & Robotics,,,,0.0
Hybrid Dynamic Multiobjective Optimization Algorithm via Easy Transfer Learning and Interpolated ESN Prediction,2025,,10.1109/IAI68403.2025.11277009,General RC / ESN Methods,,,,0.0
Improving parameterized Reservoir Computing based on Small-World Network,2025,,10.1109/ICIIBMS66230.2025.11316726,Nonlinear Dynamics & Chaos,,,,0.0
Federated Learning with Channel Forecasting and DenseNet-based Model Optimization for 6G-Enabled Pervasive Applications,2025,,10.1109/ICoICI65217.2025.11254348,Mathematics & Theory,,,,0.0
Efficient Radio Frequency Fingerprint Identification Using Spiking Neural Networks with Spike-based Self-Attention Mechanism,2025,,10.1109/IJCNN64981.2025.11228145,Neuroscience & Comp. Neuro,,,,0.0
Multi-Scale Bidirectional Attention-based Deep Classifier with African Vulture Optimization for Intrusion Detection,2025,,10.1109/ICESC65114.2025.11212322,General RC / ESN Methods,,,,0.0
Multifunctional reservoir computing,2025,,10.1103/PhysRevE.111.035303,Nonlinear Dynamics & Chaos,,,,8.0
Augmented DFA-Enhanced Photonic Reservoir Computing for IMDD Equalization,2025,,10.1109/LPT.2025.3647839,Photonics & Optics,,,,0.0
LEARNING FORCE AND MOTION PARAMETERS OF HUMAN-WEARABLE-ROBOT INTERACTION USING A MULTI-TASKING SOFT FLUIDIC ACTUATOR-BASED PHYSICAL RESERVOIR COMPUTING,2025,,10.1115/SMASIS2025-167880,Control & Robotics,,,,0.0
Reversible Data Hiding in Encrypted Images Using Reservoir Computing-Based Data Fusion Strategy,2025,,10.1109/TCSVT.2024.3459024,Photonics & Optics,,,,10.0
2D Memory Enabled by Electrical Stimulation-Induced Defect Engineering for Complicated Neuromorphic Computing,2025,,10.1002/adfm.202416333,Physical & Hardware RC,,,,5.0
Topology-adaptive Bayesian optimization for deep ring echo state networks in speech emotion recognition,2025,,10.1007/s00521-024-10519-1,Signal Processing & Comms,,,,4.0
Artificial intelligence-based predictive modeling for imaging neutral particle analyzers on the DIII-D tokamak,2025,,10.1088/1741-4326/adc58b,Control & Robotics,,,,2.0
Reservoir computing for vector-mode decomposition in deep learning frameworks,2025,,10.1088/1402-4896/adc161,Photonics & Optics,,,,1.0
Design and Application of a Smart Sports Training Assistant System Based on Reservoir Learning Algorithms,2025,,10.1109/ICICNCT66124.2025.11232612,General RC / ESN Methods,,,,0.0
A DEEP TREE LIQUID STATE AND GREEDY STACKED AUTOENCODER FRAMEWORK FOR THYROID DISEASE PREDICTION,2025,,,Mathematics & Theory,,,,1.0
"Electromagnetic Analysis of Chiral Metasurface Structure and Its Nonlinear Effect on Optical Reservoir Computing, Compared with Ring Resonator",2025,,10.23919/MOC65514.2025.11269308,Photonics & Optics,,,,0.0
Haptic In-Sensor Computing Device Based on CNT/PDMS Nanocomposite Physical Reservoir,2025,,10.1002/aisy.202400640,Physical & Hardware RC,,,,4.0
Design and Research of Photonic Reservoir Computing for Optical Channel Equalization,2025,,10.3390/photonics12050437,Photonics & Optics,,,,0.0
Adaptive Weighted Broad Echo State Learning System-Based Dynamic Modeling of Carbon Consumption in Sintering Process,2025,,10.1109/TNNLS.2024.3491101,General RC / ESN Methods,,,,6.0
Design of Optimal Machine Learning-Based Pancreatic Tumor and Nontumor Classification Model using Computed Tomography Scans,2025,,10.1109/COMPUTINGCON64838.2025.11377856,General RC / ESN Methods,,,,0.0
Depolarization Field Controllable HfZrOx‑Based Ferroelectric Capacitors for Physical Reservoir Computing System,2025,,10.1021/acsami.5c00213,Physical & Hardware RC,,,,6.0
A Mems Accelerometer with in-Sensor Neuromorphic Computing Capability,2025,,10.1109/Transducers61432.2025.11109161,Physical & Hardware RC,,,,0.0
Time Parameter Optimization for the Semiconductor Laser-Based Time-Delay Reservoir Computing System,2025,,10.3390/photonics12050455,Photonics & Optics,,,,0.0
Reservoir computing for modeling and predicting stream chemistry,2025,,10.2166/hydro.2025.213,Nonlinear Dynamics & Chaos,,,,0.0
"A Physics-Informed, Deep Double Reservoir Network for Forecasting Boundary Layer Velocity",2025,,10.1080/01621459.2024.2422131,Nonlinear Dynamics & Chaos,,,,2.0
Speaker Recognition and Braille Classification with a Physical Reservoir Computing System,2025,,10.1109/IJCNN64981.2025.11229271,Physical & Hardware RC,,,,1.0
"Complexities of feature-based learning systems, with application to reservoir computing",2025,,10.1016/j.neunet.2024.106883,Mathematics & Theory,,,,3.0
Model-free prediction of chaotic dynamics with parameter-aware reservoir computing,2025,,10.1088/1674-1056/adb733,Nonlinear Dynamics & Chaos,,,,3.0
Streamlined photonic reservoir computer with augmented memory capabilities,2025,,10.29026/oea.2025.240135,Photonics & Optics,,,,26.0
Short-Term Load Forecasting Using Hybrid Temporal Convolutional Network and Photonic Reservoir Computing,2025,,10.1109/PGC68487.2025.11319523,Photonics & Optics,,,,0.0
Classification of Multi-dynamics States from Semiconductor Lasers Based on Photonic Reservoir Computing,2025,,10.1109/ACP66871.2025.11350484,Photonics & Optics,,,,0.0
"Forecasting Measles Incidence in the Philippines: A Comparative Analysis of SARIMA, Holt-Winters, ESN, and NNAR Models",2025,,10.31893/multiscience.2025356,Control & Robotics,,,,0.0
Universality and Approximation Bounds for Echo State Networks with Random Weights,2025,,10.1109/TNNLS.2023.3339512,Nonlinear Dynamics & Chaos,,,,3.0
Novel efficient reservoir computing methodologies for regular and irregular time series classification,2025,,10.1007/s11071-024-10244-3,Nonlinear Dynamics & Chaos,,,,10.0
Nano-ionic Solid Electrolyte FET-Based Reservoir Computing for Efficient Temporal Data Classification and Forecasting,2025,,10.1021/acsami.5c00092,Physical & Hardware RC,,,,1.0
Spiking Liquid Time-Constant Networks (sLTC): An Energy-Efficient and Adaptive Neuromorphic Approach,2025,,10.1109/ICECS66544.2025.11270775,Physical & Hardware RC,,,,0.0
Neural Network Memory Criticality: from Echo State to HiPPO and Beyond,2025,,10.1137/1.9781611978933.3,Mathematics & Theory,,,,0.0
Quantum reservoir computing in atomic lattices,2025,,10.1016/j.chaos.2025.116289,Quantum RC,,,,7.0
Lead-free halide perovskite-based optoelectronic synapse for reservoir computing,2025,,10.1016/j.cej.2025.160106,Photonics & Optics,,,,13.0
Rapid training echo convolution network for image recognition,2025,,10.1016/j.ins.2024.121750,Control & Robotics,,,,4.0
Photonic Spiking Reservoir Computing System Based on a DFB-SA Laser for Pattern Recognition,2025,,10.1021/acsphotonics.4c02079,Photonics & Optics,,,,9.0
Reservoir Computing Enabled by Polymer Electrolyte-Gated MoS2 Transistors for Time-Series Processing,2025,,10.3390/polym17091178,Nonlinear Dynamics & Chaos,,,,4.0
Intelligent English Classroom Teaching Behaviour Evaluation Method Using Hybrid Deep Learning Algorithms,2025,,10.1109/IACIS65746.2025.11211001,General RC / ESN Methods,,,,0.0
Enhanced Ferroelectricity of Hf-Based Memcapacitors by Adopting Ti Insert-Layer and C–V Measurement for Constructing Energy-Efficient Reservoir Computing Network,2025,,10.1002/aelm.202400395,Physical & Hardware RC,,,,4.0
Analysis of the Effect of a Recurrent Neural Network Size on Modeling and Prediction Accuracy of a Stochastic FitzHugh–Nagumo Neuron,2025,,10.1134/S106287382471033X,Nonlinear Dynamics & Chaos,,,,1.0
CFD-guided memory-enhanced LSTM predicts leeward flow of railway windproof structures,2025,,10.1016/j.aei.2025.103253,Climate & Earth Sciences,,,,5.0
ESN Adaptive Tracking Control for Dissolved Oxygen,2025,,10.1145/3704558.3704608,Control & Robotics,,,,0.0
Lifespan prediction of hydrogen fuel cell based on decomposition optimization parallel ESN; [基于分解优化并行 ESN 的氢燃料电池寿命预测],2025,,10.7527/S1000-6893.2024.30696,Climate & Earth Sciences,,,,1.0
Predicting chaos in permanent magnet synchronous motor using dual reservoir interaction with high-order state reservoir computing,2025,,10.1088/1402-4896/adb4af,Nonlinear Dynamics & Chaos,,,,6.0
RESEARCH ON SPORTS ECOTOURISM DEMAND PREDICTION BASED ON IMPROVED FOA ALGORITHM,2025,,10.15366/rimcafd2025.100.033,Mathematics & Theory,,,,0.0
HRAESN-IoT: A Hybrid Residual Attention and Echo State Network Approach for IoT-Enabled Heart Disease Prediction,2025,,10.58346/JOWUA.2025.I1.023,Control & Robotics,,,,3.0
Reservoir computing and non-linear dynamics for time series analysis: An application in the financial market,2025,,10.1016/j.physd.2025.134698,Mathematics & Theory,,,,4.0
Dissipation Alters Modes of Information Encoding in Small Quantum Reservoirs near Criticality,2025,,10.3390/e27010088,Quantum RC,,,,1.0
Analysis and fully memristor-based reservoir computing for temporal data classification,2025,,10.1016/j.neunet.2024.106925,Physical & Hardware RC,,,,30.0
LSMR: Synergy Randomness in Liquid State Machine and RRAM-based Analog-digital Accelerator,2025,,10.1145/3676536.3676691,Physical & Hardware RC,,,,0.0
Photonic frequency multiplexed next-generation reservoir computer,2025,,10.1063/5.0248952,Photonics & Optics,,,,2.0
Reservoir computing approaches to unsupervised concept drift detection in dynamical systems,2025,,10.1063/5.0234779,Nonlinear Dynamics & Chaos,,,,2.0
"Echo State Networks in Reservoir Computing: Foundations, Benchmarks, and Applications to Next-G Wireless Communication",2025,,10.1109/ICDMW69685.2025.00405,Signal Processing & Comms,,,,0.0
Degradation Prediction of PEMFCs Based on Discrete Wavelet Transform and Decoupled Echo State Network,2025,,10.3390/s25072174,General RC / ESN Methods,,,,3.0
Ephaptic Coupling in Ultralow-Power Ion-Gel Nanofiber Artificial Synapses for Enhanced Working Memory,2025,,10.1002/adma.202419013,Neuroscience & Comp. Neuro,,,,21.0
Reservoir Computing Models for Slow Electronics,2025,,10.1007/978-981-96-8383-3_2,Nonlinear Dynamics & Chaos,,,,0.0
Magneto-ionic synapse for reservoir computing,2025,,10.1103/PhysRevApplied.23.054043,Physical & Hardware RC,,,,6.0
AN INFORMATION THEORETIC ANALYSIS OF NONLINEAR MECHANICAL PHYSICAL RESERVOIR COMPUTERS,2025,,10.1115/SMASIS2025-167869,Physical & Hardware RC,,,,1.0
Quantum next-generation reservoir computing and its quantum optical implementation,2025,,10.1103/PhysRevA.111.022609,Photonics & Optics,,,,4.0
Self-Rectifying Short-Term Memory Phenomena Through Integration of TiOx Oxygen Reservoir and Al2O3 Barrier Layers for Neuromorphic System,2025,,10.1002/admt.202400895,Physical & Hardware RC,,,,15.0
Decoding Brain Signals in a Neuromorphic Framework for a Personalized Adaptive Control of Human Prosthetics,2025,,10.3390/biomimetics10030183,Control & Robotics,,,,4.0
Edge-of-Chaos and Chaotic Dynamics in Resistor-Inductor-Diode-Based Reservoir Computing,2025,,10.1109/ACCESS.2025.3529815,Nonlinear Dynamics & Chaos,,,,3.0
"A fast, information-interactive, and reservoir computing-based digital twin for high-rise building operation",2025,,10.1016/j.eswa.2025.126390,General RC / ESN Methods,,,,7.0
Adaptive Multiscale Decomposition Echo State Network for Chaotic Time Series Prediction,2025,,10.1109/ICPADS67057.2025.11322939,Nonlinear Dynamics & Chaos,,,,0.0
Low-Complexity Sparse ESN Equalization for Bandwidth-Constrained High-Speed IMDD Optical Communication Systems,2025,,10.1109/ACP66871.2025.11350023,Photonics & Optics,,,,0.0
Photonic Reservoir Computing Using Optoelectronic Oscillators With Direct Laser Modulation,2025,,10.1109/JLT.2024.3488592,Photonics & Optics,,,,5.0
Development of a Soft Robot with Locomotion Mechanism and Physical Reservoir Computing for Mimicking Gastropods,2025,,10.20965/jrm.2025.p0105,Physical & Hardware RC,,,,2.0
Chaotic Photonic Reservoir Computing with Complex Dynamics in Multimode Fibers,2025,,10.1364/CLEO_SI.2025.SS178_7,Photonics & Optics,,,,0.0
Dynamics of neural motifs realized with a minimal memristive neurosynaptic unit,2025,,10.1103/PhysRevApplied.23.034030,Neuroscience & Comp. Neuro,,,,2.0
Experimental Demonstration of Fiber Nonlinearity Compensation Using Scalable Reservoir Computing Connected via Tapped Delay Lines,2025,,10.1109/IPC65510.2025.11281992,Photonics & Optics,,,,0.0
Neuromorphic Acoustic Sensors Using Piezoelectric Mems Resonators with Epitaxially Grown BiFeO3 Films,2025,,10.1109/Transducers61432.2025.11109666,Physical & Hardware RC,,,,1.0
Analytic-signal-based input-output modeling inspires passband signal learning for spin-wave reservoir computing,2025,,10.1103/PhysRevApplied.23.034045,Physical & Hardware RC,,,,2.0
Neural heterogeneity enhances reliable neural information processing: Local sensitivity and globally input-slaved transient dynamics,2025,,10.1126/sciadv.adr3903,Nonlinear Dynamics & Chaos,,,,12.0
Feasibility study of using next-generation reservoir computing (NG-RC) model to estimate liver tumor motion from external breathing signals,2025,,10.1002/mp.17595,Next-Gen RC,,,,1.0
Reconstructing the dynamics of coupled oscillators with cluster synchronization using parameter-aware reservoir computing,2025,,10.1140/epjp/s13360-025-06069-7,Nonlinear Dynamics & Chaos,,,,1.0
AlN Thin-Film Piezoelectric-on-Silicon Transducers for In-Sensor Computing,2025,,10.1109/Transducers61432.2025.11109622,Physical & Hardware RC,,,,1.0
Hybrid Quantum Reservoir Computing for Predicting Binding Affinities,2025,,10.1109/SCI68648.2025.11333862,Quantum RC,,,,0.0
Optimizing Reservoir Separability in Liquid State Machines for Spatio-Temporal Classification in Neuromorphic Hardware,2025,,10.3390/jlpea15010004,Physical & Hardware RC,,,,2.0
"Multi-Color Synaptic Luminescence in RE-Doped Ca2SnO4 (RE = Sm3+, Er3+, and La3+)",2025,,10.1002/adfm.202414860,Neuroscience & Comp. Neuro,,,,10.0
Chaotic recurrent neural networks for brain modelling: A review,2025,,10.1016/j.neunet.2024.107079,Nonlinear Dynamics & Chaos,,,,9.0
Multifunctional Photonic Reservoir Computing Based on Semiconductor Laser With Optical Feedback,2025,,10.1109/JPHOT.2025.3528019,Photonics & Optics,,,,4.0
Hybrid echo state network-based method for online identification of ship maneuvering motion model,2025,,,Control & Robotics,,,,0.0
Physical reservoir computing with graphene-based solid electric double layer transistor and the information processing capacity analysis,2025,,10.35848/1882-0786/adb19b,Physical & Hardware RC,,,,3.0
Chaotic Time Series Prediction via ESN with Decorrelated Reservoir Dynamics,2025,,10.1109/ISOCC66390.2025.11329615,Nonlinear Dynamics & Chaos,,,,0.0
Micro-Ring Resonator Based Reservoir Computer for Shortreach WDM Signal Equalization,2025,,10.1109/ECOC66593.2025.11263213,Photonics & Optics,,,,1.0
Adaptive Gait Generation Using Echo State Networks and Second-Order Servo Tracking,2025,,10.1109/ELECO69582.2025.11329359,Control & Robotics,,,,0.0
All-optical implementation of an optoelectronic oscillator reservoir computer with an integrated spatial photonic processor,2025,,10.1364/OL.557054,Photonics & Optics,,,,2.0
Data-driven prediction of reversal of large-scale circulation in turbulent convection,2025,,10.1103/PhysRevFluids.10.053501,General RC / ESN Methods,,,,0.0
Universality of Real Minimal Complexity Reservoir,2025,,10.1609/aaai.v39i16.33826,Mathematics & Theory,,,,2.0
Fiber Nonlinearity Compensation Using Nonlinear Equalizer Based on Complex-Valued Reservoir Computing,2025,,10.23919/transcom.2024EBP3072,Photonics & Optics,,,,6.0
Unsupervised spiking neural network based on liquid state machine and self-organizing map,2025,,10.1016/j.neucom.2024.129120,Neuroscience & Comp. Neuro,,,,6.0
"Evaluating Readout Strategies in Liquid State Machines: Coding Schemes, Classifiers, and Separability Metrics",2025,,10.1109/ENC68268.2025.11311961,Neuroscience & Comp. Neuro,,,,0.0
A Modular Control Aid for Profiling Floats with a Gulf Stream Case Study,2025,,10.23919/OCEANS59106.2025.11245129,Control & Robotics,,,,0.0
Stretchable artificial vision sensor with retinomorphic transistor-reservoir computing,2025,,10.26599/NR.2025.94907191,Photonics & Optics,,,,1.0
Medical Imaging Classification with Cold-Atom Reservoir Computing Using Auto-Encoders and Surrogate-Driven Training,2025,,10.1109/QAI63978.2025.00064,Quantum RC,,,,0.0
Erratum: Experimental demonstration of a photonic reservoir computing system based on Fabry Perot laser for multiple tasks processing (Nanophotonics (2024) 13:9 (1569-1580) DOI: 10.1515/nanoph-2023-0708),2025,,10.1515/nanoph-2024-0713,Photonics & Optics,,,,0.0
Application of modular and sparse complex networks in enhancing connectivity patterns of liquid state machines,2025,,10.1016/j.chaos.2024.115940,Neuroscience & Comp. Neuro,,,,3.0
Systems Identification for Modeling Micro Gas Turbine Engine Performance,2025,,10.2514/6.2025-0332,Next-Gen RC,,,,0.0
Learning and Inference in Slow Electronics: Numerical Simulation,2025,,10.1007/978-981-96-8383-3_5,General RC / ESN Methods,,,,0.0
Residual Life Prediction of Proton Exchange Membrane Fuel Cell Based on Improved ESN; [基于改进回声状态网络的质子交换膜燃料电池剩余寿命预测],2025,,10.11930/j.issn.1004-9649.202402054,General RC / ESN Methods,,,,0.0
Chaos prediction of motor based on the integrated method of convolutional neural network and multi-reservoir echo state network,2025,,10.1142/S0217984924504311,Nonlinear Dynamics & Chaos,,,,1.0
Seizure detection via reservoir computing in MoS2-based charge trap memory devices,2025,,10.1126/sciadv.adr3241,Physical & Hardware RC,,,,12.0
Real-time Error Compensation Transfer Learning with Echo State Networks for Enhanced Wind Power Prediction,2025,,10.1016/j.apenergy.2024.124893,Climate & Earth Sciences,,,,17.0
Adaptive Task Offloading Scheme in Industrial IoT Based on Semi-supervised Reservoir Computing,2025,,10.1109/TMC.2025.3642566,General RC / ESN Methods,,,,0.0
Enhancing Computing Capacity via Reconfigurable MoS2-Based Artificial Synapse with Dual Feature Strategy for Wide Reservoir Computing,2025,,10.1002/adfm.202416811,Mathematics & Theory,,,,10.0
Evolution beats random chance: Performance-dependent network evolution for enhanced computational capacity,2025,,10.1103/PhysRevE.111.014320,Mathematics & Theory,,,,10.0
Designing chaotic attractors: A semisupervised approach,2025,,10.1103/PhysRevE.111.034207,Nonlinear Dynamics & Chaos,,,,7.0
"Anomaly Detection in IoT using Enhanced K-means, AGNES Clustering, and Echo State Networks",2025,,10.31449/INF.V49I7.9269,General RC / ESN Methods,,,,0.0
Homogeneous photoelectric reservoir computing system based on chalcogenide phase change materials,2025,,10.1016/j.mtnano.2025.100576,Physical & Hardware RC,,,,7.0
Equalization of Short-Reach IMDD Transmission With Enhanced Reservoir Computing,2025,,10.1109/JLT.2024.3481048,Signal Processing & Comms,,,,13.0
Output prediction summary deep echo state network for multivariate chaotic time series forecasting,2025,,10.1088/1402-4896/adb24b,Nonlinear Dynamics & Chaos,,,,1.0
PHYSICAL RESERVOIR COMPUTING ON A ROBOTIC SWIMMER WITH SOFT HYDRAULIC ACTUATORS,2025,,10.1115/SMASIS2025-167814,Control & Robotics,,,,0.0
Reservoir computing with state-dependent time delay,2025,,10.1103/PhysRevE.111.035313,Nonlinear Dynamics & Chaos,,,,1.0
Fault diagnosis using liquid state machine with spiking-timing-dependent plasticity learning rule,2025,,10.1016/j.eswa.2025.126736,Neuroscience & Comp. Neuro,,,,6.0
Analog CMOS Implementations of Hardware Neurons for Slow Electronics,2025,,10.1007/978-981-96-8383-3_4,Physical & Hardware RC,,,,0.0
Feedback Connections in Quantum Reservoir Computing with Mid-Circuit Measurements,2025,,10.1109/QCE65121.2025.00182,Quantum RC,,,,0.0
Traffic Forecasting Using Federated Randomized High-Order Fuzzy Cognitive Maps,2025,,10.1007/978-3-031-79032-4_31,General RC / ESN Methods,,,,2.0
Reservoir Computing Model for Liquid Crystal Cell Responsive to Design Parameter and Its Augmentation With Novel Transfer Learning Framework,2025,,10.1109/TED.2024.3512479,Photonics & Optics,,,,0.0
ESNO-based predefined-time trajectory tracking control for mobile manipulator with full-state constraints,2025,,10.1177/00202940251400052,Control & Robotics,,,,0.0
Comparing MAE and RMSE as Fitness of Genetic Algorithm for Optimizing Echo State Network Hyperparameters with Different Probabilistic Distributions,2025,,10.1007/978-3-031-77738-7_26,General RC / ESN Methods,,,,1.0
Reservoir computing-broad learning system with Bayesian Optimization for robotic arm motion trajectory prediction,2025,,10.1109/YAC66630.2025.11150011,Control & Robotics,,,,0.0
Delay Characteristics of Reservoir-Computing-Based Nonlinear Equalizer with Tapped Delay Line for Optical Nonlinearity Compensation,2025,,10.23919/OECC/PSC62146.2025.11109939,Photonics & Optics,,,,2.0
Nonlinear Channel Equalization via Reservoir Computing with Delayed Optical Feedback Semiconductor Nanolasers,2025,,10.1109/ICWOC65853.2025.11151153,Photonics & Optics,,,,0.0
Research on data generation algorithm based on improved echo state network,2025,,10.1109/ISCTIS65944.2025.11065148,Nonlinear Dynamics & Chaos,,,,0.0
"31st International Conference on Neural Information Processing, ICONIP 2024",2025,,,Neuroscience & Comp. Neuro,,,,0.0
Enhanced Reservoir Computing With Simplified Feedback for IMDD Transmission Equalization,2025,,10.1109/LPT.2025.3583440,Signal Processing & Comms,,,,2.0
Second-Order Message Passing Reservoir Computing for Nonlinear Systems,2025,,10.23919/CCC64809.2025.11178697,Nonlinear Dynamics & Chaos,,,,0.0
Reservior Computing Based on GIST Feature Extraction and Nonlinear Synaptic Integration,2025,,10.23919/CCC64809.2025.11178454,Neuroscience & Comp. Neuro,,,,0.0
Ultraviolet Irradiation-Induced High Performance InZnO Thin-Film Transistors and Optoelectronic Synapse Devices,2025,,10.1109/TED.2025.3590363,Photonics & Optics,,,,0.0
Channel Modeling for Underwater Acoustic Communication Systems Using Liquid State Machines with Reservoir Computing,2025,,10.1109/ICICACS65178.2025.10967603,Signal Processing & Comms,,,,1.0
Bird sounds recognition based on optoelectric reservoir computing,2025,,10.1109/AINIT65432.2025.11035925,Photonics & Optics,,,,1.0
Efficient Speech Denoising via Frequency-Domain Reservoir Computing,2025,,10.1109/DSP65409.2025.11075216,Signal Processing & Comms,,,,0.0
Optimization of Short-Term Relaxation Effect by Dual Error Margin Scheme for Resistive Random-Access Memory-Based Next Generation Reservoir Computing,2025,,10.1109/JEDS.2025.3606524,Next-Gen RC,,,,0.0
The role of entanglement in quantum reservoir computing with coupled Kerr nonlinear oscillators,2025,,10.1117/12.3066098,Quantum RC,,,,0.0
"18th Italian Workshop on Artificial Life and Evolutionary Computation, WIVACE 2024",2025,,,Nonlinear Dynamics & Chaos,,,,0.0
Main Resonances and Width of RF Power Spectra of Chaotic Output from a Semiconductor Laser System Explained,2025,,10.1109/CLEO/EUROPE-EQEC65582.2025.11111075,Photonics & Optics,,,,0.0
Deep Echo State Network with Decomposition and Optimization for Multi-Step Wind Speed Prediction,2025,,10.23919/CCC64809.2025.11179553,Climate & Earth Sciences,,,,0.0
Analog CMOS Spiking Neural Network for Time-Series Signal Recognition,2025,,10.1109/ISMVL64713.2025.00022,Physical & Hardware RC,,,,0.0
Ultra-High Complexity Optical VCSEL Chaos Generation Based on Reservoir Computing and Logistic Map Cascade for Multiple Applications,2025,,10.1109/JLT.2025.3563496,Photonics & Optics,,,,2.0
Innovative Lung Cancer Diagnosis Using the AlReM-Net Hybrid Approach,2025,,10.1109/ICCECE61355.2025.10940133,General RC / ESN Methods,,,,1.0
SIF Congress 2024,2025,,,Photonics & Optics,,,,0.0
Enhanced Reservoir Computing for Robust Optical Network Monitoring: A Case Study on Modulation Format Identification,2025,,10.1117/12.3041828,Photonics & Optics,,,,0.0
Artificial intelligence-based emotion recognition application of English teaching in smart learning,2025,,10.1504/IJCEELL.2025.149043,Signal Processing & Comms,,,,0.0
Edge of Stability Echo State Network,2025,,10.1109/TNNLS.2024.3400045,Nonlinear Dynamics & Chaos,,,,12.0
Reservoir Computing Based on a Firing Rate Model for Magnetoencephalogram Data Analysis,2025,,10.14326/abe.14.185,Neuroscience & Comp. Neuro,,,,0.0
Multiscale Convolutional Reservoir Computing for Remaining Useful Life Prediction of Li-ion Batteries,2025,,10.1109/TCE.2025.3570594,Mathematics & Theory,,,,4.0
Control Pneumatic Soft Bending Actuator with Online Learning Pneumatic Physical Reservoir Computing,2025,,10.1109/RoboSoft63089.2025.11020910,Control & Robotics,,,,1.0
Tunable Neuromorphic Computing for Dynamic Multi-Timescale Sensing in Motion Recognition,2025,,10.34133/cbsystems.0412,Physical & Hardware RC,,,,1.0
Implementation of Delay-Enabled Axons for Lightweight Neural Networks with Improving Accuracy in Edge Computing,2025,,10.23919/SNW65111.2025.11097239,General RC / ESN Methods,,,,0.0
Editorial: Deep neural network architectures and reservoir computing,2025,,10.3389/frai.2025.1676744,General RC / ESN Methods,,,,0.0
Smart Photonic and Optoelectronic Integrated Circuits 2025,2025,,,Photonics & Optics,,,,0.0
Exploring the Potential of SWNT /M072V30Thin Films for In-Materio Reservoir Computing,2025,,10.23919/AM-FPD66451.2025.11110100,General RC / ESN Methods,,,,0.0
Quantum Reservoir-Based Intrusion Detection for Edge-IoT Systems,2025,,10.1109/TCE.2025.3618827,Quantum RC,,,,2.0
Federated Koopman-Reservoir Learning for Large-Scale Multivariate Time-Series Anomaly Detection,2025,,,General RC / ESN Methods,,,,1.0
Research and Application of Improved Echo State Network Based on Error Optimization,2025,,10.1007/978-981-96-2528-4_26,Nonlinear Dynamics & Chaos,,,,0.0
Intrusion Detection in Fog Computing using Deep Learning Methods,2025,,10.1109/ICICV64824.2025.11085960,General RC / ESN Methods,,,,0.0
Next-Generation Reservoir Computing for Hidden Variable Recovery in Kuramoto Oscillator Networks,2025,,10.1109/DCNA67486.2025.11199927,Nonlinear Dynamics & Chaos,,,,0.0
CVaR-Constrained Safety Cooperation for Multiple UAVs With Risk Prediction,2025,,10.1109/JIOT.2025.3588264,Control & Robotics,,,,0.0
From Solid to Fluid: Novel Approaches in Neuromorphic Engineering,2025,,10.2174/0118722105305259240919074119,Physical & Hardware RC,,,,1.0
Application of Strong Output LSM in Airport for Sustainable Energy in New Energy Optimization,2025,,10.1109/SGSE66281.2025.11200291,Nonlinear Dynamics & Chaos,,,,0.0
Optoacoustic Building Blocks for Photonic Neural Networks,2025,,10.1109/CLEO/EUROPE-EQEC65582.2025.11111266,Photonics & Optics,,,,0.0
Improved performance of an atmospheric laser communication link with a reservoir computing based equalizer,2025,,10.1109/ICOCN67308.2025.11145433,Photonics & Optics,,,,0.0
Ultrafast neuromorphic computing driven by polariton nonlinearities,2025,,10.1186/S43593-025-00087-9,Physical & Hardware RC,,,,8.0
A 340- μ W TinyML Using LUT-Based Reservoir Computing on Low-Cost FPGAs,2025,,10.1109/LES.2025.3598209,Physical & Hardware RC,,,,1.0
Modeling Arbovirus Outbreak Forecasting Based on Case Concentration and Climatic Factors Using an Echo State Neural Network,2025,,10.1007/978-3-031-94921-0_77,Climate & Earth Sciences,,,,0.0
Methodology for Automatic diagnosing Colon and Lung Carcinoma using TSA-PSODL Algorithm,2025,,10.1109/ICTEST64710.2025.11042447,General RC / ESN Methods,,,,0.0
"Correction: Systems Identification for Modeling Micro Gas Turbine Engine Performance (American Institute of Aeronautics and Astronautics Inc, AIAA)",2025,,10.2514/6.2025-0332.c1,Next-Gen RC,,,,0.0
Hybrid Prediction Model Using Elastic Net Regression and Echo State Networks for Enhanced Yield Prediction in Crop Systems: A Comparative Study of Dense Neural Networks and Hybrid Echo State Network Models,2025,,10.1007/978-981-96-6429-0_29,Nonlinear Dynamics & Chaos,,,,0.0
Computational Analysis of Synaptic Plasticity in Echo State Network,2025,,10.1007/978-981-96-7352-0_23,Neuroscience & Comp. Neuro,,,,1.0
Sunspot Activity Prediction Model Based on Cycle Similarity and Echo State Network,2025,,10.1109/EESPE63401.2025.10987472,Nonlinear Dynamics & Chaos,,,,0.0
Grouped Vector Autoregression Reservoir Computing Based on Randomly Distributed Embedding for Multistep-Ahead Prediction,2025,,10.1109/TNNLS.2025.3553060,Nonlinear Dynamics & Chaos,,,,4.0
Geographical Multi-reservoir Computing Systems for Local Population Forecasting,2025,,10.1007/978-981-96-6963-9_10,Signal Processing & Comms,,,,0.0
"International Conference on Image, Vision and Intelligent Systems, ICIVIS 2024",2025,,,Signal Processing & Comms,,,,0.0
Multi-timescale Processing with Heterogeneous Assembly Echo State Networks,2025,,10.1007/978-981-96-6582-2_11,Signal Processing & Comms,,,,1.0
Reservoir Computing as an Effective Tool for Predicting the Behavior of Stochastic Systems,2025,,10.1109/DCNA67486.2025.11199929,Control & Robotics,,,,0.0
Improved Learning Performance in Physical Reservoir Computing Using Coupled Triple MEMS Nonlinear Resonators,2025,,10.1109/MEMS61431.2025.10918117,Physical & Hardware RC,,,,2.0
Photonic Reservoir Equalization in Coherent Transmission Systems,2025,,10.1109/ICTON67126.2025.11125040,Photonics & Optics,,,,0.0
RNN Based Optimized Backstepping Controller of Fractional Order Nonlinear System,2025,,10.1109/ICCCIT62592.2025.10927982,Nonlinear Dynamics & Chaos,,,,0.0
Reservoir Computing for Few-Mode Fiber Channel OSNR Monitoring in Deep Learning Frameworks,2025,,10.1109/JPHOT.2025.3550505,Photonics & Optics,,,,0.0
High-Accuracy and Energy-Efficient Learning of Inverse Dynamics for High-DoF Robotic Manipulators Using Spiking Neural Networks,2025,,10.1109/LRA.2025.3604733,Control & Robotics,,,,0.0
Predicting transitions in intermittent chaos using reservoir computing,2025,,10.1587/nolta.16.832,Nonlinear Dynamics & Chaos,,,,0.0
Deep Echo State Network for Environmental Sound Classification,2025,,10.1007/978-981-96-0994-9_7,Signal Processing & Comms,,,,1.0
Lightweight Echo State Network for Vehicular Network Intrusion Detection: A Reservoir Computing Approach,2025,,10.1109/VTC2025-Spring65109.2025.11174943,General RC / ESN Methods,,,,0.0
Shape Estimation of Travel Path Using Reservoir Computing for Water-Driven Soft Robot,2025,,10.1109/ICMRE64970.2025.10976303,Control & Robotics,,,,0.0
Reservoir Computing-Based Equalization for WDM-DP-16QAM Coherent Optical Communication,2025,,10.1109/ICWOC65853.2025.11151137,Photonics & Optics,,,,0.0
Performance-Enhanced Reservoir Computing System Based on Microring Resonators Utilizing Multi-Wavelength Parallel Processing,2025,,10.1109/ICOCN67308.2025.11145463,Photonics & Optics,,,,0.0
A Reservoir Computing-based Controller for Intention Decoding of Upper-Limb Rehabilitative Exoskeletons,2025,,10.1109/Humanoids65713.2025.11203072,Control & Robotics,,,,1.0
Ultra-Low Latency and Extreme-Throughput Echo State Neural Networks on FPGA,2025,,10.1007/978-3-031-87995-1_11,Physical & Hardware RC,,,,1.0
Inside and Inside: Efficient Anomaly Detection by Fully Capturing the Detailed Dynamics,2025,,10.1109/ICASSP49660.2025.10888333,General RC / ESN Methods,,,,1.0
Vehicle-sensor-based pavement surface condition monitoring based on an optical fibre computing framework,2025,,10.1117/12.3055123,Photonics & Optics,,,,0.0
The Utilization of Quantum Computing for AI Applications in Classical IT Network Environments,2025,,,Quantum RC,,,,0.0
External-feedback-coupled microring lasers on a III-V-on-Si photonic chip for reservoir computing,2025,,10.1117/12.3042973,Photonics & Optics,,,,1.0
NOx Concentration Prediction for Cement Rotary Kiln Under Multiworking Conditions Based on an Echo State Network With Modular Output,2025,,10.1109/TIM.2025.3593308,General RC / ESN Methods,,,,2.0
Exploring Spike Encoder Designs for Near-Sensor Edge Computing,2025,,10.1109/NICE65350.2025.11065206,Neuroscience & Comp. Neuro,,,,0.0
When is Reservoir Computing with Cellular Automata Beneficial?,2025,,10.1007/978-3-031-93631-9_4,General RC / ESN Methods,,,,0.0
Novel Memristive Reservoir Computing with Evolvable Topology for Time Series Prediction,2025,,10.1007/978-981-96-6963-9_28,Nonlinear Dynamics & Chaos,,,,1.0
Remarks on a Quaternion-Valued Echo State Network-Based Direct Controller for Discrete-Time Non-Linear Systems,2025,,10.1109/IS3C65361.2025.11131050,Nonlinear Dynamics & Chaos,,,,0.0
Online Model Learning with Data-Assimilated Reservoir Computers,2025,,10.1007/978-3-031-97567-7_5,Mathematics & Theory,,,,1.0
LOCALLY CONNECTED ECHO STATE NETWORKS FOR TIME SERIES FORECASTING,2025,,,General RC / ESN Methods,,,,2.0
"96-Kb Voltage-Controlled-Magnetic-Anisotropy MRAM for In-Situ Reservoir Computing with High Endurance (≥ 1012), Sub-Ns Operation (0.3 Ns) and Ultralow Power Consumption (40 fJ)",2025,,10.23919/VLSITechnologyandCir65189.2025.11074941,General RC / ESN Methods,,,,0.0
Enhancing SDN Security: A DDoS Detection Scheme Using Echo State Networks and CNN-Based Feature Extraction,2025,,10.4018/979-8-3373-0563-9.ch016,General RC / ESN Methods,,,,0.0
Reservoir computing: theory and its potential applications in ecology,2025,,10.18960/seitai.74.2_229,Physical & Hardware RC,,,,0.0
Application of STFT–NGRC Joint Algorithm for Doppler Through-Wall Radar Target Tracking,2025,,10.1109/TIM.2025.3593544,Next-Gen RC,,,,3.0
Monitoring Plant Growth: Using EM Waves With Memristive Echo State Networks,2025,,10.1109/ISCAS56072.2025.11043461,General RC / ESN Methods,,,,0.0
Fiber Memristor-Based Physical Reservoir Computing for Multimodal Sleep Monitoring,2025,,10.34133/research.0870,Physical & Hardware RC,,,,7.0
Ventricular Ectopic Beats Detection Using MEMS-Resonator-Based Reservoir Computer,2025,,10.1109/LSENS.2025.3587809,Physical & Hardware RC,,,,0.0
"Proceedings of the 26th International Symposium on Quality Electronic Design, ISQED 2025",2025,,,Physical & Hardware RC,,,,0.0
Oxide-based Optical Synapses with Low Consumption for In-Sensor Reservoir Computing,2025,,10.1109/EDTM61175.2025.11040532,Photonics & Optics,,,,0.0
Network Structure and Recurrent Dynamics Achieved by Maximizing Information Transfer and Minimizing Maintenance Costs of the Network,2025,,10.1007/978-981-96-6579-2_1,Neuroscience & Comp. Neuro,,,,0.0
Experimental Demonstration on Enhanced Separation of Mixed High-Dimension Optical-Chaotic Signals Using Double Photonic Reservoir Computing Based on Optically Pumped VCSELs,2025,,10.1109/JLT.2024.3517145,Photonics & Optics,,,,2.0
Reservoir Computing Based on ZnWO4-x/WO3-x Heterojunction Optoelectronic Memristor for Time-Series Data and Static Image Processing,2025,,10.1109/TED.2025.3584318,Photonics & Optics,,,,1.0
Utilizing Small and Large Spectral Radii for Appropriate Reservoir Computing Design,2025,,10.1007/978-981-96-6576-1_20,Mathematics & Theory,,,,0.0
Hierarchical Count Echo State Network Models with Application to Graduate Student Enrollments,2025,,10.1080/26941899.2025.2565243,General RC / ESN Methods,,,,1.0
Dispersion Compensation Characteristics of Equalizers Using Complex-Valued Reservoir Computing for Optical Fiber Transmission,2025,,10.23919/OECC/PSC62146.2025.11110724,Photonics & Optics,,,,0.0
Silicopathy: Artificial Empathy through Cognitive and Affective Development of Pain,2025,,10.1109/ICDL63968.2025.11204355,Nonlinear Dynamics & Chaos,,,,0.0
"Erratum: Reservoir computing-based mental simulation for direct action sequence optimization [Nonlinear Theory and Its Applications, IEICE Vol.15 (2024) , No.2 pp.421-431]",2025,,10.1587/nolta.16.308,Control & Robotics,,,,0.0
EdgeAI-Powered Hybrid ESN-GRU Model for High-Accuracy and Efficient Short-Term Load Forecasting in Smart Grids,2025,,10.1109/ACCESS.2025.3631672,General RC / ESN Methods,,,,2.0
Reservoir computer using a photorefractive nonlinear medium,2025,,10.1117/12.3044266,Photonics & Optics,,,,0.0
Integrated Photonic Reservoir Computing with Tunable Memory Capacity,2025,,10.23919/OECC/PSC62146.2025.11109445,Photonics & Optics,,,,0.0
Level Generation With Quantum Reservoir Computing,2025,,10.1109/MCG.2025.3591956,Quantum RC,,,,0.0
Liquid State Machine - Based Temporal Prediction Model for ETH Price Dynamics,2025,,10.1109/ICICI65870.2025.11069665,Neuroscience & Comp. Neuro,,,,0.0
Chaotic vortex dynamics in circular magnetic nanodisk with double disk structure induced by AC magnetic field,2025,,10.3379/msjmag.2505R002,Nonlinear Dynamics & Chaos,,,,0.0
Experimental Demonstration of Multi-Target Ranging Using Parallel Photonic Reservoir Computing With Enhanced Parameter Robustness in Chaotic Laser System,2025,,10.1109/JLT.2025.3587323,Photonics & Optics,,,,0.0
Short-term wind power electricity generation forecasting: A four-method combined model,2025,,10.1080/15567249.2025.2585462,Climate & Earth Sciences,,,,0.0
Photonic Neural Networks with Multimode Fibers at the Edge of Spatiotemporal Chaos,2025,,10.1109/CLEO/EUROPE-EQEC65582.2025.11110453,Photonics & Optics,,,,0.0
Optimising complexity and learning for photonic reservoir computing with gain-controlled multimode fibres,2025,,10.3389/fnano.2025.1631564,Photonics & Optics,,,,2.0
Transistor-Structured Artificial Dendrites for Spatiotemporally Correlated Reservoir Computing,2025,,10.1109/LED.2025.3598823,Physical & Hardware RC,,,,0.0
A NOVEL MEMS RESERVOIR COMPUTING APPROACH FOR CLASSIFYING HUMAN ACCELERATION ACTIVITY SIGNAL,2025,,10.1115/DMD2025-1026,Physical & Hardware RC,,,,0.0
Pattern identification using MTJ-based reservoir computing,2025,,10.1393/ncc/i2025-25172-4,Physical & Hardware RC,,,,0.0
Optoelectronic Reservoir Computing Based on 2D P-Type Nb-Doped MoS2 Field-Effect Transistor,2025,,10.1002/smll.202503836,Photonics & Optics,,,,2.0
A Memristor-Based Infrared Reservoir Computing System for Dynamic Target Perception With Spatial–Temporal Features,2025,,10.1109/TED.2025.3549386,Physical & Hardware RC,,,,1.0
Echo-GRU: Emotion Recognition Using Wearable EEG Supporting Early Alzheimer’s Disease Detection,2025,,10.1007/978-3-031-87657-8_1,General RC / ESN Methods,,,,2.0
Nonlinear Transformations in Telecom Devices for Optical Computing,2025,,10.1109/CLEO/EUROPE-EQEC65582.2025.11110557,Photonics & Optics,,,,0.0
Photonic Passive Integrated Reservoir Computing Based on Silicon-Cylinder-Assisted Plasmonic Cavity,2025,,10.1109/JLT.2025.3588295,Photonics & Optics,,,,1.0
Neural-Augmented Hybrid Dynamic Modeling of a Series-Parallel Elastic Actuator,2025,,10.1109/ACCESS.2025.3580222,Control & Robotics,,,,0.0
Feature-Based Echo-State Networks: A Step Towards Minimalism and Interpretability in Reservoir Computer,2025,,10.23919/ACC63710.2025.11107929,Nonlinear Dynamics & Chaos,,,,0.0
Reinforced liquid state machines—new training strategies for spiking neural networks based on reinforcements,2025,,10.3389/fncom.2025.1569374,Neuroscience & Comp. Neuro,,,,2.0
Effects of Temperature and Device-to-Device Variability in pFET-Based Bias Temperature Instability Reservoir Computing,2025,,10.1109/IRPS48204.2025.10983682,Physical & Hardware RC,,,,0.0
ChemComp: Compiling and Computing with Chemical Reaction Networks,2025,,10.23919/DATE64628.2025.10993207,Physical & Hardware RC,,,,1.0
Design Of Efficient AI Accelerator Using Spiking Neural Network,2025,,10.1109/RAEEUCCI63961.2025.11048220,Neuroscience & Comp. Neuro,,,,0.0
Deep Time-Delay Reservoir Computing Using Cascading Optoelectronic-Feedback Lasers,2025,,10.1109/ICWOC65853.2025.11150804,Photonics & Optics,,,,0.0
Scalable Reservoir Computing Connected via Tapped Delay Lines and Its Application to Nonlinear Equalization in Optical Transmission Systems,2025,,10.23919/OECC/PSC62146.2025.11109652,Photonics & Optics,,,,0.0
Cerebellum-Inspired Position and Orientation Control of Redundant Manipulators at Joint-Acceleration Level,2025,,10.1109/TIE.2024.3463028,Control & Robotics,,,,2.0
A Multiphysics Reservoir Computing System with Mass-Spring Metamaterials and Spintronic Readout for Vibration Analysis,2025,,10.1109/NANO63165.2025.11113695,Physical & Hardware RC,,,,0.0
Spatio-Temporal Prediction of Arbovirus Cases Using a Reservoir Computing Algorithm,2025,,10.1007/978-3-031-94921-0_84,General RC / ESN Methods,,,,0.0
Phase Signal Classification with Reservoir Computing,2025,,10.1109/MDTS64924.2025.11177059,Physical & Hardware RC,,,,0.0
Acquisition of physical kinetics in reciprocating machines using reservoir computing for anomaly detection,2025,,10.1587/nolta.16.848,Nonlinear Dynamics & Chaos,,,,0.0
Dissociated neuronal cultures as model systems for self-organized prediction,2025,,10.3389/fncir.2025.1568652,Physical & Hardware RC,,,,4.0
Multimodal Estimation of 2-DOF Wrist Motion Using Pneumatic Reservoir Computing,2025,,10.1007/978-3-031-96081-9_33,Physical & Hardware RC,,,,0.0
Self-Organizing Recurrent Stochastic Configuration Networks for Nonstationary Data Modeling,2025,,10.1109/TII.2025.3546268,Nonlinear Dynamics & Chaos,,,,9.0
Fusion Network Model Based on Broad Learning System for Multidimensional Time-Series Forecasting,2025,,10.1155/int/1649220,Nonlinear Dynamics & Chaos,,,,2.0
Stability of Input Representations in Biological Neural Network Reservoirs,2025,,10.1007/978-3-031-93631-9_22,General RC / ESN Methods,,,,0.0
Memory-Augmented Autoencoder with Reservoir Computing for Edge-Based Anomaly Detection in Autonomous Systems,2025,,10.1109/MIC.2025.3594330,Control & Robotics,,,,1.0
Learning in the Model Space: Fault Diagnosis by Co-objective Learning in DynInt Model Space,2025,,10.1109/ICASSP49660.2025.10889439,Signal Processing & Comms,,,,1.0
Short External Cavity Laser-based Reservoir Computing for Fiber Transmission Data Recovery,2025,,10.1109/ICTON67126.2025.11125381,Photonics & Optics,,,,0.0
Enhanced Attack Detection in Cognitive Radio Networks Using Leaky Integrated Bidirectional Echo State Networks,2025,,10.1109/GINOTECH63460.2025.11076723,Signal Processing & Comms,,,,0.0
KT-RC: Kernel time-delayed reservoir computing for time series prediction,2025,,10.1109/JAS.2024.124986,Nonlinear Dynamics & Chaos,,,,0.0
Time Series Analysis for Solar Irradiance Forecasting: A Systematic Review,2025,,10.1109/ICEENG64546.2025.11031366,Climate & Earth Sciences,,,,2.0
Processing-Speed Enhancement for a Long-Loop VCSEL-Based Time-Delay Reservoir Computing,2025,,10.1109/ICWOC65853.2025.11151148,Photonics & Optics,,,,0.0
Leaky-Integrator Echo State Network Incremental ISS Stability Analysis,2025,,10.1109/LCSYS.2025.3587362,Mathematics & Theory,,,,3.0
On-Device Deep Learning: Survey on Techniques Improving Energy Efficiency of DNNs,2025,,10.1109/TNNLS.2024.3430028,Physical & Hardware RC,,,,3.0
An echo state network based on enhanced intersecting cortical model for discrete chaotic system prediction,2025,,10.3389/fphy.2025.1636357,Nonlinear Dynamics & Chaos,,,,1.0
A Novel Artificial Intelligence Based Framework for Stock Market Prediction,2025,,10.1007/978-981-96-6515-0_35,General RC / ESN Methods,,,,0.0
Refining High-Quality Labels Using Large Language Models to Enhance Node Classification in Graph Echo State Network,2025,,10.5220/0013220600003890,General RC / ESN Methods,,,,0.0
Frequency Multiplexed Photonic Reservoir Computers and Extreme Learning Machines,2025,,10.1117/12.3045035,Photonics & Optics,,,,0.0
"2025 11th International Conference on Mechatronics and Robotics Engineering, ICMRE 2025",2025,,,Control & Robotics,,,,0.0
Cross-Temperature FeFETs Enabling Long- and Short-Term Memory for Reservoir Computing Network,2025,,10.1109/JEDS.2025.3585619,Physical & Hardware RC,,,,1.0
"Comparison of digital, photonic, and memristor-based reservoir computing",2025,,10.1117/12.3038621,Photonics & Optics,,,,0.0
Reservoir Computing Based Recurrent Neural Network for Mitigating Interference in Multi-radar Environment of Photonic Radars,2025,,10.1117/12.3041847,Photonics & Optics,,,,0.0
Reservoir Computing with VCO-Based Spiking Neurons for Regression and Classification,2025,,10.1109/ISCAS56072.2025.11043229,Neuroscience & Comp. Neuro,,,,1.0
Neuromorphing computing using photorefractive materials,2025,,10.1117/12.3053787,Photonics & Optics,,,,0.0
Reservoir Computing-Based Model for Water Level Prediction in Inland River,2025,,10.1109/SPML66318.2025.11199801,General RC / ESN Methods,,,,0.0
Leveraging Continuous-Time Echo State Networks to Accelerate Computing Nonlinear Stiff Dynamics through Parareal in Time Simulation,2025,,10.1088/1742-6596/3027/1/012036,Mathematics & Theory,,,,0.0
A Difference-Sensitive Mechanism Transformer Model for Incipient Fault Diagnosis in Electrical Drive Systems,2025,,10.1109/TIM.2025.3577846,General RC / ESN Methods,,,,2.0
Photonics and AI for Next-Generation Smart Applications,2025,,,Photonics & Optics,,,,0.0
Self-Rectifying MoS2 Memtransistor via Asymmetry Contact Metal Engineering for Neuromorphic Computing,2025,,10.1002/smll.202503716,Physical & Hardware RC,,,,4.0
HRL-CoMindNet: A Hierarchical Framework for Intent-Based Communication and Coordination,2025,,10.1109/ICCCWorkshops67136.2025.11148109,Control & Robotics,,,,0.0
Ultraviolet Light-Driven Artificial Neuromorphic Properties in Organic Transistors for Reservoir Computing and Encrypted Communication,2025,,10.1109/TED.2025.3612316,Photonics & Optics,,,,0.0
Information Processing via Human Soft Tissue: Soft Tissue Reservoir Computing,2025,,10.1109/ACCESS.2025.3553140,Nonlinear Dynamics & Chaos,,,,1.0
Intermittency in Forecasting Stochastic System Behavior Using Reservoir Computing,2025,,10.1109/DCNA67486.2025.11199936,Nonlinear Dynamics & Chaos,,,,0.0
Reliable Operation of FeFET Reservoir Computing With Robustness Against Interface Degradation,2025,,10.1109/TED.2025.3620321,General RC / ESN Methods,,,,0.0
"30th International Workshops on Neural Network, WIRN 2023",2025,,,Climate & Earth Sciences,,,,0.0
Time-Delayed Reservoir Computing System Based on a Three-Stage Monolithic Integrated Amplified Feedback Laser With Electrical Information Injection,2025,,10.1109/JLT.2024.3499963,Photonics & Optics,,,,2.0
ABiESN-MTCN: A Novel Time Series Classification Method,2025,,10.1109/ICAISISAS64483.2025.11051758,Mathematics & Theory,,,,0.0
Adaptive Output Feedback Trajectory Tracking Control of an Indoor Blimp: Controller Design and Experiment Validation,2025,,10.1109/TIE.2024.3451115,Control & Robotics,,,,4.0
Reservoir Computing Encodes Physical Adaptations for Reinforcement Learning,2025,,10.1109/ICRA55743.2025.11127876,Control & Robotics,,,,1.0
In-network Optical Reservoir Computing for Spatial Channel Recovery of Multimode Fibers,2025,,10.1109/SUM65312.2025.11121779,Photonics & Optics,,,,0.0
Broad-ESN Based on Radical Activation Function for Predicting Time Series With Multiple Variables,2025,,10.1109/TNNLS.2025.3563937,Mathematics & Theory,,,,4.0
Low-Voltage Organic Transistor-Based Reservoir Computing for Multitask Applications,2025,,10.1021/acs.jpclett.5c03357,Physical & Hardware RC,,,,0.0
Temporal Adaptivity Enabled High-Efficiency In-Sensor Reservoir Computing Based on MoS2 Phototransistors,2025,,10.1002/smll.202505217,Photonics & Optics,,,,2.0
Brain-Inspired Modular Reservoir based on Spiking Neurons for Multi-Task Learning,2025,,10.1109/CEC65147.2025.11042949,Neuroscience & Comp. Neuro,,,,0.0
ALD-Driven Ultra-Thin ZnO Channels for Flexible Electrolytic Neuromorphic Devices,2025,,10.1109/LED.2025.3620327,Physical & Hardware RC,,,,0.0
Cascaded Micro-Ring Resonator Based Reservoir Computing for Optical Equalization of PAM-4 Short Reach Signals,2025,,10.1109/JLT.2025.3572354,Photonics & Optics,,,,3.0
State-of-Health Estimation and Remaining Useful Life Prediction of Lithium-Ion Batteries Based on Optimized Echo State Network With Early Data Feature,2025,,10.1109/TIM.2025.3583315,Nonlinear Dynamics & Chaos,,,,4.0
Bio-Inspired Computing with Emerging Devices: Bridging 2D Materials and Neuromorphic Architectures,2025,,10.1109/ISVLSI65124.2025.11130347,Physical & Hardware RC,,,,1.0
"2025 IEEE Microelectronics Design and Test Symposium, MDTS 2025",2025,,,Photonics & Optics,,,,0.0
Resource-efficient streaming architecture for ensemble Kalman filters designed for online learning in physical reservoir computing,2025,,10.1587/nolta.16.120,Physical & Hardware RC,,,,1.0
ESN with Delayed Inputs to Model Industrial Processes,2025,,10.1007/978-3-031-96196-0_11,General RC / ESN Methods,,,,0.0
Study of Microring Nonlinearities in Silicon Photonics for Neuromorphic Computing,2025,,10.1117/12.3040062,Photonics & Optics,,,,0.0
A Lithium-Ion-Driven Electrolyte-Gated 2D Synaptic Transistor Based on Se0.3Te0.7 Nanosheet for Reservoir Computing,2025,,10.1002/smll.202505436,Neuroscience & Comp. Neuro,,,,4.0
Deep Recurrent Stochastic Configuration Networks for Modelling Nonlinear Dynamic Systems,2025,,10.1109/TASE.2025.3592182,Nonlinear Dynamics & Chaos,,,,3.0
Image recognition powered by photonic reservoir computation,2025,,10.1364/quantum.2025.qtu4a.5,Photonics & Optics,,,,1.0
Distributed Learning Technique with Deep ESN-Based Models for Energy Forecasting,2025,,10.1109/ETFA65518.2025.11205721,General RC / ESN Methods,,,,0.0
ChemReservoir—An Open-Source Framework for Chemically-Inspired Reservoir Computing,2025,,10.1109/ACCESS.2025.3602358,Mathematics & Theory,,,,0.0
Reservoir Computing Reconstructs Simulated Blood-Oxygen-Level-Dependent Signals,2025,,10.1109/DCNA67486.2025.11199954,Signal Processing & Comms,,,,0.0
Distributed Dynamic Event-Triggered Control for Multiagent Systems Under FDI Attack via ESN-Based Adaptive Dynamic Programming,2025,,10.1109/TCYB.2025.3574450,Control & Robotics,,,,9.0
Deep Photonic Reservoir Computer for Speech Recognition,2025,,10.1109/TNNLS.2024.3400451,Photonics & Optics,,,,8.0
Safe Motion Strategy for High-speed USV Based on State Information Modeling Forecasting and ROS,2025,,10.1088/1742-6596/3007/1/012039,Climate & Earth Sciences,,,,0.0
Spatio-temporal beam-level traffic forecasting in 5G wireless systems using multi-task learning,2025,,10.3389/frcmn.2025.1658461,Signal Processing & Comms,,,,0.0
Research on Adaptive Model Pooling Method for Data Stream Anomaly Detection Based on Concept Drift Identification Strategy,2025,,10.1109/ISCTIS65944.2025.11066053,General RC / ESN Methods,,,,0.0
"Hybrid Time Series Forecasting with ARIMA, Echo State Networks, and LSTM",2025,,10.1109/ICCTDC64446.2025.11158940,Nonlinear Dynamics & Chaos,,,,0.0
Mobility-Aware Noisy D3QN for Dynamic Spectrum Access in Cognitive Radio Networks,2025,,10.1109/ICCC65529.2025.11148721,Signal Processing & Comms,,,,0.0
Enabling Mycelium-Inspired Reservoir Computing with Memristive Oscillating Cellular Automata,2025,,10.1109/ISCAS56072.2025.11043767,Physical & Hardware RC,,,,2.0
Simulation of a Broadband Low-time-delay-signature Chaotic Laser Chip Based on Mutual-injection and Distributed Optical Feedback,2025,,10.3788/gzxb20255407.0714003,Photonics & Optics,,,,0.0
ESN Architectures for Industrial Process Modelling to Develop Digital Twins,2025,,10.1007/978-3-031-96199-1_7,General RC / ESN Methods,,,,0.0
Bioinspired multisensory fusion using a MoTe2 optoelectronic memristor with oxygen plasma treatment for in-sensor reservoir computing,2025,,10.1039/d5tc02712h,Photonics & Optics,,,,2.0
PPG-Derived Respiration Signal Predictor-Guided Simple Rule-Based Detection of COPD,2025,,10.1109/TIM.2025.3611460,General RC / ESN Methods,,,,0.0
Evaluating topological fitness of human brain-inspired sub-circuits in Echo State Networks,2025,,,Physical & Hardware RC,,,,1.0
Dynamic Deep ESN-Enhanced PID Optimization and Incremental Saturation Control Allocation for UAVs Under Actuator Faults,2025,,10.1109/TIV.2024.3446665,Control & Robotics,,,,6.0
Granular Spintronics-based Reservoir Computing for Temporal Applications,2025,,10.1109/ISCAS56072.2025.11043748,Physical & Hardware RC,,,,0.0
Iterative Reservoir Computing Networks for Reconstructing Irregular Time Series,2025,,10.1109/TNNLS.2025.3547965,Nonlinear Dynamics & Chaos,,,,1.0
Condition monitoring of wind turbine based on echo state networks; [基于回声状态网络的风电机组运行状态监测],2025,,10.19650/j.cnki.cjsi.J2413415,Mathematics & Theory,,,,0.0
Physics and Simulation of Optoelectronic Devices XXXIII,2025,,,Photonics & Optics,,,,0.0
Medium and long-term forecast method of regional economic development level based on echo state network,2025,,10.1177/14727978251366530,General RC / ESN Methods,,,,0.0
Aquaculture Classification Using Deep Learning Model,2025,,10.1109/ICMSCI62561.2025.10894620,General RC / ESN Methods,,,,1.0
Position Prediction Method for Optical Fiber Disturbance Based on Semiconductor Laser Reservoir Computing,2025,,10.1109/ICOCN67308.2025.11145412,Photonics & Optics,,,,0.0
Event-Driven Inference with Spiking Neural Networks Enhanced by Non-Volatile Analog Spin-Orbit Torque Devices,2025,,10.1109/ISCAS56072.2025.11043718,Neuroscience & Comp. Neuro,,,,0.0
Material Detection by Stack Drilling Monitoring and Reservoir Computing,2025,,10.1016/j.procir.2025.02.084,General RC / ESN Methods,,,,0.0
High-speed Spike Rate-Coding in QD spin-VCSELs for Neuromorphic Encoding,2025,,10.1109/CLEO/EUROPE-EQEC65582.2025.11110797,Physical & Hardware RC,,,,0.0
Process regulation control using Echo State Networks: An ESN-based deep neural network approach for PID control,2025,,10.1016/j.procs.2025.01.297,Control & Robotics,,,,1.0
Continual Semisupervised Learning of Echo State Network for Quality Prediction of Multimode Processes,2025,,10.1109/TII.2025.3575101,General RC / ESN Methods,,,,1.0
Spintronic reservoir computing with interpretable nonlinearity,2025,,10.1103/PhysRevResearch.7.013310,Physical & Hardware RC,,,,4.0
NOx Concentration Prediction with Modular Echo State Network in a Cement Clinker Calcination System,2025,,10.1007/978-981-96-2528-4_23,General RC / ESN Methods,,,,0.0
Limitations of Chaos Prediction in Optical Feedback Semiconductor Lasers Based on Reservoir Computing; [储 备 池 预 测 光 反 馈 半 导 体 激 光 器 混 沌 的 局 限 性],2025,,10.3788/AOS250971,Photonics & Optics,,,,0.0
Neuromorphic Piezomems Sensor Using Epitaxial BiFeO3 Thin Film,2025,,10.1109/MEMS61431.2025.10918020,Physical & Hardware RC,,,,1.0
Multiterminal Tunable InZnO Dendritic Transistor-Based Reservoir Computing for Chaotic Time Series Prediction,2025,,10.1109/TED.2025.3584742,Nonlinear Dynamics & Chaos,,,,0.0
Analog VLSI Implementation of Subthreshold Spiking Neural Networks and Its Application to Reservoir Computing,2025,,10.1109/TCSI.2025.3550876,Physical & Hardware RC,,,,8.0
Representation and Classification of fMRI Data Using Reservoir Computing and Spatial Patterns,2025,,10.1109/DCNA67486.2025.11199947,General RC / ESN Methods,,,,0.0
Efficient Utilisation of Izhikevich Neuron Behaviours in Digital Realm for Edge AI,2025,,10.1007/978-981-96-3758-4_41,Physical & Hardware RC,,,,0.0
Image Classification using Convolution Liquid State Machines,2025,,10.1109/ICSCDS65426.2025.11167701,Neuroscience & Comp. Neuro,,,,0.0
Spatiotemporal chaos-based photonic neural networks,2025,,10.1117/12.3044177,Photonics & Optics,,,,0.0
Research Progress of Multiphoton Interference in Quantum Computing and Quantum Machine Learning (Invited); [多光子干涉在量子计算及量子机器学习中的研究 进展（特邀）],2025,,10.3788/AOS251405,Quantum RC,,,,0.0
Leaky Antiferroelectric Oxide TFT for Physical Reservoir Computing Devices Achieving BEOL Compatibility with Microwave Annealing,2025,,10.1002/sdtp.18588,Physical & Hardware RC,,,,0.0
Leveraging nonlinear dynamics in silicon microring resonator arrays for image classification via reservoir computing,2025,,10.1117/12.3045067,Photonics & Optics,,,,0.0
Research on Hierarchical Reservoir Neural Network,2025,,10.1007/978-3-031-80463-2_1,Nonlinear Dynamics & Chaos,,,,1.0
Artificial Neural Network With Photonic Reservoir for Multiclass Modulation Format Identification,2025,,10.1109/JLT.2025.3533143,Photonics & Optics,,,,1.0
Toward xAI: Configuring RNN Weights Using Domain Knowledge for MIMO Receive Processing,2025,,10.1109/TWC.2025.3561242,Signal Processing & Comms,,,,6.0
Optical Reservoir Computing Using Chiral Metasurface Structure and EO Polymer/Si Hybrid Optical Modulator,2025,,10.23919/OECC/PSC62146.2025.11109313,Photonics & Optics,,,,0.0
Echo State Network Control Based Power Quality Enhancement in Grid-Interactive Solar Photovoltaic System,2025,,10.1109/TIA.2025.3554120,Mathematics & Theory,,,,0.0
Echo State Networks for Spatio-Temporal Area-Level Data,2025,,10.1080/26941899.2025.2554883,General RC / ESN Methods,,,,2.0
Data-Assimilated Model-Based Reinforcement Learning for Partially Observed Chaotic Flows,2025,,10.1007/978-3-031-97567-7_6,Nonlinear Dynamics & Chaos,,,,1.0
Modular architecture confers robustness to damage and facilitates recovery in spiking neural networks modeling in vitro neurons,2025,,10.3389/fnins.2025.1570783,Neuroscience & Comp. Neuro,,,,2.0
Dynamic Monolayer WSe2 Electrolyte-Gated Transistor with Coexistent Double Relaxation Timescale for Enhanced Physical Reservoir Computing,2025,,10.1002/smll.202504066,Physical & Hardware RC,,,,4.0
Energy-Efficient Link Adaptation for Underwater Acoustic Communications Based on Meta Deep Reinforcement Learning,2025,,10.1109/JIOT.2025.3608752,Control & Robotics,,,,1.0
The Limits of Supercontinuum Generation for Photonic Neuromorphic Computing,2025,,10.1109/CLEO/EUROPE-EQEC65582.2025.11111649,Photonics & Optics,,,,0.0
The Multivariable Predictive Control of the Wastewater Treatment Process Based on the Broad Leaky-integrator Echo State Network,2025,,10.1109/CCDC65474.2025.11091123,Control & Robotics,,,,0.0
Optoelectronic Switching Memory Device based on WO3 Semiconductor Film enables High-efficiency in-sensing Reservoir Computing for Speech Recognition,2025,,10.1109/EDTM61175.2025.11040366,Photonics & Optics,,,,1.0
Physics-Enforced Reservoir Computing for Forecasting Spatiotemporal Systems,2025,,,Nonlinear Dynamics & Chaos,,,,0.0
Towards Optimizing Physical Reservoir Computing: A Hybrid PCPO-ESN Framework for Time Series Forecasting,2025,,10.1109/ISCAS56072.2025.11044145,Physical & Hardware RC,,,,0.0
Robust Electricity Forecasting in Smart Buildings with Missing Data: A Concept Echo State Network Approach,2025,,10.1109/CASE58245.2025.11164015,General RC / ESN Methods,,,,0.0
Practical Comparisons of Reservoir Topology Performance and Input Distribution in Digital Reservoir Computers: Extended Abstract,2025,,,Control & Robotics,,,,1.0
Security Modeling Algorithm Optimization for Smart Contracts in the Digital Economy Based on Blockchain Technology,2025,,10.1109/ICIRCA65293.2025.11089571,General RC / ESN Methods,,,,0.0
A Fuzzy Transfer Reservoir Learning Machine Through Domain Enhancement on Multiple Sources,2025,,10.1109/TSMC.2025.3571955,General RC / ESN Methods,,,,0.0
"Proceedings of the 2025 Design of Medical Devices Conference, DMD 2025",2025,,,Nonlinear Dynamics & Chaos,,,,0.0
AI and Optical Data Sciences VI,2025,,,Photonics & Optics,,,,0.0
Onboard UAV State Estimation and Trajectory Prediction Using Multi-Task Reservoir Computing,2025,,10.1109/ICUAS65942.2025.11007856,Control & Robotics,,,,1.0
Energy-efficient hybrid detection framework for suspicious software components in mobile applications using echo state networks,2025,,10.1007/s41870-025-02615-9,General RC / ESN Methods,,,,2.0
An Efficient Structure-Algorithm Co-Design for Doppler Radar-Based Target Tracking With Reservoir Computing,2025,,10.1109/JIOT.2025.3555037,Signal Processing & Comms,,,,2.0
"A Novel Chaotic DNA-based Image Cryptosystem Leveraging Euclidean Division, Dynamic Josephus Traversal, and Reservoir Computing",2025,,10.33640/2405-609X.3415,Nonlinear Dynamics & Chaos,,,,0.0
Silicon on Insulator: A Versatile Platform for Neuromorphic Computing using Quantum Tunneling in Standard CMOS Devices,2025,,10.1109/VLSITSA64674.2025.11047017,Physical & Hardware RC,,,,0.0
Optical next generation reservoir computing with complex media,2025,,10.1117/12.3039910,Photonics & Optics,,,,1.0
Data-Driven Modeling of the Koopman-Oriented Chua Circuit Based on Reservoir Computers,2025,,10.1109/ISCAS56072.2025.11044234,Nonlinear Dynamics & Chaos,,,,0.0
Jumping Memory for Memristive Reservoir Computing,2025,,10.1109/ISCAS56072.2025.11044270,Physical & Hardware RC,,,,1.0
Safety-Enhanced Formation Maneuver Control for Electric Vehicle With Edge-Weighted Topology and Reinforcement Learning Strategy,2025,,10.1109/TAES.2025.3588126,Control & Robotics,,,,26.0
R2CTA: Reinforcement Learning and Reservoir Computing based Chiplets TSV Assignment,2025,,10.1109/ISQED65160.2025.11014312,Control & Robotics,,,,0.0
Prediction of Chaotic Dynamics for Semiconductor Lasers Based on Deep Photonic Reservoir Computing with Time Shifts,2025,,10.1109/ICWOC65853.2025.11150800,Photonics & Optics,,,,0.0
Prediction of Air-Conditioning Cooling Load Using PSO-ESN,2025,,10.1109/DDCLS66240.2025.11065134,General RC / ESN Methods,,,,1.0
Application of Liquid State Machine for Accurate Rainfall Prediction,2025,,10.1016/j.procs.2025.04.387,Climate & Earth Sciences,,,,4.0
Flexible Organic Memristor for Robust Physical Reservoir Computing in Diversified Dynamic Tasks,2026,,10.1002/adfm.202531718,Physical & Hardware RC,,,,0.0
Physical Reservoir Computing for Optical Stethoscope-Based Heart Sound Biometric Identification,2026,,10.1109/TAI.2025.3617382,Photonics & Optics,,,,0.0
