822	869	2
822	1200	2
822	1688	19
822	1745	2
822	2217	1
822	2219	2
822	2526	13
822	3283	3
822	3662	25
822	3676	3
822	4885	19
822	5153	28
822	5182	1
822	5688	15
822	6261	4
822	6444	2
822	6825	22
822	7701	2
822	7772	7
822	7999	2
822	8495	1
822	8893	65
822	9795	5
822	9858	1
822	9890	1
822	9911	3
822	9970	3
822	10073	1
822	10198	9
822	10745	4
822	10748	7
822	11780	6
822	11809	12
822	12520	5
822	12757	2
822	12867	13
822	13571	1
822	14548	7
822	14797	2
822	14971	1
822	15929	9
822	16286	1
822	17297	2
822	17657	39
822	19357	58
822	19665	2
822	19679	2
822	19949	1
822	20042	3
822	20102	7
822	20162	2
822	20945	1
822	21122	1
822	21560	1
822	21780	41
822	21885	1
822	22237	12
822	22252	2
822	22407	1
822	22558	3
822	22711	5
822	22825	2
822	22886	1
822	22908	7
822	23699	1
822	23744	16
822	24199	2
822	24451	2
822	24703	1
822	24752	1
822	25799	2
822	26330	2
822	26465	8
822	26485	120
822	26961	11
822	27887	17
822	28137	1
822	29121	1
822	29520	16
822	29704	1
822	29835	2
822	30042	5
822	30204	1
822	30477	13
822	30712	25
822	31086	4
822	31114	1
822	31279	9
822	31302	2
822	31388	27
822	31439	9
822	31714	45
822	31955	3
822	32012	5
822	32502	1
822	32522	1
822	32688	1
822	33181	1
822	33200	3
822	33223	2
822	33248	1
822	33271	3
822	33310	4
822	33357	2
822	33385	1
822	33419	2
822	33622	5
822	34090	1
822	34118	1
822	34141	1
822	34175	1
822	34186	1
822	34208	4
822	34270	5
822	34296	1
822	34322	4
822	34372	1
822	34543	1
822	34647	38
822	34894	1
822	34898	12
822	34992	1
822	34998	25
822	35067	18
822	35434	11
822	35713	28
822	36558	2
822	36565	47
822	36698	3
822	36948	27
822	37103	2
822	38329	7
822	38446	1
822	38724	4
822	40704	11
822	40722	1
822	40754	2
822	40976	4
822	42236	4
822	43056	24
822	43194	143
822	43939	1
822	44138	47
822	44143	6
822	44479	1
822	44571	10
822	44598	14
822	45039	5
822	45201	4
822	45625	4
822	46138	1
822	46606	2
822	46608	11
822	47249	15
822	48276	33
822	49095	5
822	49810	1
822	50157	1
822	50163	25
822	50245	6
822	50644	1
822	51999	20
822	52125	3
822	52182	20
822	52196	19
822	52294	6
822	52616	5
822	53953	3
822	54239	2
822	54248	12
822	54857	15
822	55157	7
822	55288	6
822	55415	1
822	55470	15
822	55762	1
822	56117	6
822	56223	3
822	56540	17
822	56554	20
822	56936	4
822	57325	4
822	57382	28
822	57631	9
822	57645	15
822	57822	7
822	57825	1
822	57832	2
822	57957	4
822	58401	2
822	58477	1
822	59087	11
822	59418	2
822	59667	3
822	59727	2
822	60025	5
822	60096	1
822	60326	14
822	60894	5
822	60976	5
822	61585	3
822	62162	3
822	62605	1
822	62650	2
822	62762	1
822	62791	1
822	62799	3
822	62828	7
822	62860	6
822	62898	1
822	63525	2
822	63933	2
822	64552	4
822	64610	3
822	65157	2
822	65399	3
822	65477	1
822	65505	10
822	65524	4
822	65568	3
822	65594	2
822	65605	3
822	65623	1
822	65679	1
822	65730	1
822	66237	37
822	66266	3
822	66351	1
822	66433	1
822	66504	4
822	66804	10
822	67129	1
822	67189	2
822	67260	1
822	67268	2
822	67285	2
822	67308	1
822	67336	4
822	67422	3
822	67494	1
822	67670	9
822	67768	1
822	67980	1
822	68095	1
869	1200	1
869	1688	35
869	1745	15
869	2217	14
869	2219	22
869	3253	4
869	3283	7
869	3662	69
869	3676	6
869	4170	5
869	4824	58
869	4885	12
869	5153	24
869	5182	17
869	5688	43
869	6261	41
869	6444	9
869	6825	11
869	7772	6
869	7999	83
869	8495	15
869	8893	20
869	9260	8
869	9858	6
869	9868	1
869	9890	1
869	9911	7
869	10002	1
869	10024	6
869	10042	15
869	10073	1
869	10198	5
869	10453	17
869	10459	3
869	10745	21
869	10748	13
869	11531	1
869	11780	12
869	11809	4
869	12520	26
869	12757	8
869	12867	5
869	13248	2
869	13571	5
869	14050	3
869	14548	66
869	14797	24
869	14918	3
869	15844	8
869	15929	10
869	16286	1
869	16544	12
869	16832	1
869	17297	1
869	17657	100
869	18232	25
869	18901	4
869	19357	16
869	19679	46
869	19949	3
869	20042	22
869	20102	4
869	20162	7
869	20454	5
869	20945	3
869	21122	27
869	21560	2
869	21780	119
869	21885	10
869	22237	6
869	22252	1
869	22388	23
869	22407	1
869	22558	20
869	22711	6
869	22825	17
869	22886	4
869	22908	29
869	23437	2
869	23675	21
869	23699	36
869	23744	51
869	23774	3
869	24199	30
869	24451	1
869	24735	18
869	24752	2
869	25153	10
869	25163	1
869	25505	5
869	25799	18
869	26330	39
869	26465	11
869	26485	416
869	26961	14
869	26974	7
869	27319	46
869	27887	2
869	28668	17
869	29121	5
869	29520	37
869	29621	2
869	29647	1
869	29704	26
869	29961	9
869	30042	7
869	30477	3
869	30712	16
869	31086	12
869	31114	23
869	31302	23
869	31388	14
869	31439	5
869	31584	2
869	31714	23
869	31955	12
869	32012	22
869	32502	5
869	32511	2
869	32522	3
869	32579	1
869	32688	19
869	33156	19
869	33181	1
869	33200	9
869	33223	3
869	33248	2
869	33261	3
869	33271	4
869	33278	65
869	33310	6
869	33340	17
869	33357	31
869	33385	12
869	33419	3
869	33622	9
869	34077	5
869	34090	3
869	34135	2
869	34141	2
869	34159	4
869	34166	13
869	34175	6
869	34186	7
869	34208	8
869	34247	4
869	34270	8
869	34296	3
869	34322	8
869	34647	10
869	34894	8
869	34898	50
869	34992	5
869	34998	1
869	35067	35
869	35291	10
869	35434	294
869	35713	6
869	36126	1
869	36558	5
869	36565	231
869	36698	14
869	36948	88
869	37626	2
869	38329	26
869	38431	3
869	38446	2
869	38724	3
869	38795	16
869	38890	8
869	39051	5
869	39451	1
869	40704	99
869	40722	8
869	40754	1
869	40976	41
869	42236	1
869	42528	11
869	43056	31
869	43194	76
869	43763	10
869	43939	3
869	44138	12
869	44143	16
869	44479	1
869	44571	7
869	44598	22
869	44945	1
869	45039	13
869	45201	110
869	45625	17
869	45766	29
869	46138	4
869	46606	12
869	46608	14
869	47077	7
869	47249	4
869	47310	7
869	48276	1
869	48605	2
869	49095	3
869	49810	1
869	49871	1
869	49979	23
869	50157	39
869	50163	1
869	50644	5
869	51999	43
869	52125	6
869	52182	120
869	52196	2
869	52414	1
869	52616	34
869	53674	9
869	53696	2
869	54239	1
869	54248	37
869	54368	1
869	54857	10
869	54884	2
869	55157	22
869	55288	98
869	55378	9
869	55415	35
869	55470	18
869	55693	3
869	55762	32
869	56088	10
869	56117	41
869	56223	5
869	56304	5
869	56540	25
869	56554	103
869	56583	10
869	56936	17
869	56954	1
869	57001	1
869	57208	12
869	57325	11
869	57374	7
869	57382	6
869	57593	19
869	57631	6
869	57742	6
869	57822	52
869	57825	3
869	57832	27
869	57878	7
869	57957	10
869	58401	1
869	58477	31
869	59087	45
869	59418	7
869	59667	9
869	59727	36
869	60025	4
869	60096	4
869	60326	17
869	60894	58
869	60976	14
869	61013	2
869	61242	7
869	61279	5
869	61585	21
869	61697	6
869	62162	4
869	62521	3
869	62582	4
869	62596	4
869	62605	2
869	62619	5
869	62650	18
869	62696	11
869	62762	2
869	62791	1
869	62799	6
869	62828	22
869	62860	16
869	62898	8
869	63525	29
869	63932	19
869	63933	24
869	64231	10
869	64294	1
869	64532	3
869	64552	9
869	64569	6
869	64610	6
869	64675	1
869	64726	15
869	64744	8
869	64805	3
869	65135	3
869	65150	6
869	65157	3
869	65180	12
869	65190	1
869	65399	2
869	65477	4
869	65505	2
869	65568	10
869	65588	4
869	65594	23
869	65605	3
869	65623	1
869	65679	10
869	65757	7
869	66003	44
869	66040	12
869	66237	12
869	66266	14
869	66351	5
869	66433	3
869	66472	9
869	66504	5
869	66804	7
869	67058	3
869	67129	2
869	67147	1
869	67165	4
869	67189	2
869	67209	2
869	67215	4
869	67249	2
869	67260	1
869	67268	2
869	67277	1
869	67285	2
869	67308	1
869	67336	15
869	67371	4
869	67422	2
869	67474	9
869	67482	2
869	67494	4
869	67653	2
869	67670	9
869	67733	3
869	67768	3
869	67980	20
1200	1745	5
1200	3253	9
1200	3283	2
1200	3662	18
1200	3676	1
1200	4885	12
1200	5688	1
1200	6261	4
1200	6825	10
1200	7701	9
1200	7772	1
1200	8495	1
1200	8893	5
1200	9260	6
1200	9795	3
1200	9858	3
1200	9868	5
1200	9890	2
1200	9911	7
1200	9970	2
1200	10024	2
1200	10042	5
1200	10073	3
1200	10459	2
1200	10745	20
1200	10748	9
1200	11531	14
1200	11809	1
1200	12520	2
1200	14050	9
1200	14548	1
1200	14797	1
1200	14918	4
1200	14971	1
1200	15844	15
1200	16544	5
1200	17657	36
1200	18232	1
1200	19357	3
1200	19949	10
1200	20042	10
1200	20162	7
1200	21122	24
1200	21560	1
1200	21780	17
1200	22252	2
1200	22407	3
1200	22558	1
1200	22711	2
1200	22825	3
1200	22886	1
1200	22908	5
1200	23437	1
1200	23744	31
1200	24199	2
1200	24451	2
1200	24735	5
1200	24752	2
1200	25153	3
1200	25505	7
1200	25799	2
1200	26330	1
1200	26465	2
1200	26485	66
1200	27887	7
1200	28137	3
1200	29647	8
1200	29704	3
1200	29835	14
1200	29961	8
1200	30042	18
1200	30477	66
1200	30712	1
1200	31086	17
1200	31279	2
1200	31388	2
1200	31955	3
1200	32511	1
1200	32688	1
1200	33181	1
1200	33200	4
1200	33223	1
1200	33248	5
1200	33278	2
1200	33310	9
1200	33357	2
1200	33385	7
1200	33419	1
1200	33622	1
1200	34118	7
1200	34141	1
1200	34159	1
1200	34166	4
1200	34175	3
1200	34186	12
1200	34208	1
1200	34270	1
1200	34296	1
1200	34372	3
1200	34543	1
1200	34647	6
1200	34894	12
1200	34898	23
1200	34998	1
1200	35067	21
1200	35434	28
1200	35713	3
1200	36558	13
1200	36565	39
1200	36948	18
1200	37103	1
1200	38329	2
1200	38431	6
1200	38446	3
1200	38724	2
1200	38795	10
1200	38890	7
1200	40704	26
1200	40722	1
1200	40754	2
1200	40976	5
1200	42528	3
1200	43056	17
1200	43194	7
1200	43939	1
1200	44138	2
1200	44571	1
1200	44598	11
1200	44945	9
1200	45201	12
1200	45625	2
1200	47077	10
1200	47249	3
1200	47310	3
1200	48276	3
1200	48605	5
1200	49095	3
1200	50157	7
1200	50163	4
1200	51999	3
1200	52182	12
1200	52196	1
1200	52294	3
1200	52616	1
1200	53696	1
1200	54857	2
1200	55157	11
1200	55288	2
1200	55378	6
1200	55415	1
1200	55470	5
1200	55762	4
1200	56088	3
1200	56223	43
1200	56304	1
1200	56540	3
1200	56554	19
1200	56583	5
1200	56936	9
1200	57325	17
1200	57382	104
1200	57593	1
1200	57631	1
1200	57645	7
1200	57822	6
1200	57825	4
1200	57878	5
1200	58401	3
1200	58477	9
1200	59087	10
1200	59418	5
1200	59667	31
1200	60025	7
1200	60096	10
1200	60326	1
1200	60894	13
1200	60976	4
1200	61013	5
1200	61242	1
1200	61585	1
1200	61697	3
1200	62521	1
1200	62696	3
1200	62762	1
1200	62791	1
1200	62799	2
1200	62828	2
1200	62860	6
1200	62898	1
1200	63525	2
1200	63933	6
1200	64231	2
1200	64294	7
1200	64532	6
1200	64552	17
1200	64675	2
1200	64744	1
1200	64805	2
1200	65150	2
1200	65157	7
1200	65180	6
1200	65399	16
1200	65505	3
1200	65568	3
1200	65594	7
1200	65679	4
1200	66040	5
1200	66237	1
1200	66266	2
1200	66433	1
1200	66804	28
1200	67129	1
1200	67189	2
1200	67249	6
1200	67268	8
1200	67277	4
1200	67285	2
1200	67308	8
1200	67336	6
1200	67371	7
1200	67474	2
1200	67494	3
1200	67653	8
1200	67670	2
1200	67733	1
1200	67768	2
1688	1745	2
1688	2219	1
1688	2526	16
1688	3253	3
1688	3283	6
1688	3454	2
1688	3662	43
1688	3676	6
1688	4170	2
1688	4824	12
1688	4885	11
1688	5153	25
1688	5688	29
1688	6261	11
1688	6444	5
1688	6825	16
1688	7772	7
1688	7999	14
1688	8495	8
1688	8893	51
1688	9260	1
1688	9795	4
1688	9858	7
1688	9868	1
1688	9890	1
1688	9911	26
1688	10024	3
1688	10042	7
1688	10073	3
1688	10198	12
1688	10459	1
1688	10498	1
1688	10745	17
1688	10748	6
1688	11531	2
1688	11780	4
1688	11809	1
1688	12520	11
1688	12691	2
1688	12757	10
1688	12867	14
1688	13571	2
1688	14050	1
1688	14548	15
1688	14797	7
1688	14918	1
1688	15844	5
1688	15929	4
1688	16286	7
1688	16544	6
1688	16832	1
1688	17297	1
1688	17657	80
1688	18232	3
1688	18901	4
1688	19049	1
1688	19357	26
1688	19679	22
1688	19949	6
1688	20042	1
1688	20102	6
1688	20162	13
1688	20945	12
1688	21122	10
1688	21560	1
1688	21780	62
1688	21885	1
1688	22237	10
1688	22252	1
1688	22388	4
1688	22407	2
1688	22558	9
1688	22711	1
1688	22825	3
1688	22908	4
1688	23437	1
1688	23675	3
1688	23699	21
1688	23744	82
1688	23774	4
1688	24199	27
1688	24451	3
1688	24703	1
1688	24735	15
1688	24777	1
1688	25040	4
1688	25153	8
1688	25163	2
1688	25505	4
1688	25799	18
1688	26330	17
1688	26465	7
1688	26485	218
1688	26961	8
1688	27162	4
1688	27319	6
1688	27887	10
1688	28137	1
1688	28668	2
1688	29121	1
1688	29520	26
1688	29621	6
1688	29647	1
1688	29704	19
1688	29961	2
1688	30042	12
1688	30204	3
1688	30477	3
1688	30712	9
1688	31086	6
1688	31114	1
1688	31279	1
1688	31302	21
1688	31388	42
1688	31439	9
1688	31714	64
1688	31955	12
1688	32012	8
1688	32511	1
1688	32522	1
1688	32579	6
1688	32688	9
1688	33156	4
1688	33200	5
1688	33223	2
1688	33248	5
1688	33271	1
1688	33278	2
1688	33310	4
1688	33357	3
1688	33385	1
1688	33419	2
1688	33622	3
1688	34141	2
1688	34166	4
1688	34175	3
1688	34186	5
1688	34208	2
1688	34247	7
1688	34270	6
1688	34296	3
1688	34322	1
1688	34647	20
1688	34894	2
1688	34898	26
1688	34998	48
1688	35067	16
1688	35291	1
1688	35434	67
1688	35713	10
1688	36126	7
1688	36558	1
1688	36565	90
1688	36698	2
1688	36948	45
1688	37103	10
1688	37626	4
1688	38329	21
1688	38795	8
1688	39051	2
1688	39451	2
1688	40704	68
1688	40722	1
1688	40754	1
1688	40976	22
1688	42236	3
1688	42528	7
1688	43056	5
1688	43194	115
1688	43763	1
1688	43939	2
1688	44138	34
1688	44143	5
1688	44479	2
1688	44571	12
1688	44598	35
1688	44945	1
1688	45039	6
1688	45201	21
1688	45625	2
1688	45766	5
1688	46138	3
1688	46606	4
1688	46608	14
1688	47077	3
1688	47249	3
1688	47310	4
1688	48276	25
1688	48605	2
1688	49095	1
1688	49810	2
1688	49871	1
1688	49979	3
1688	50157	2
1688	50163	15
1688	51999	28
1688	52125	4
1688	52182	41
1688	52196	5
1688	52414	10
1688	52616	30
1688	53674	2
1688	53696	2
1688	53953	1
1688	54248	32
1688	54857	19
1688	55157	8
1688	55288	33
1688	55378	3
1688	55415	7
1688	55470	24
1688	55762	7
1688	56088	4
1688	56117	7
1688	56223	2
1688	56304	4
1688	56540	12
1688	56554	50
1688	56583	5
1688	56936	4
1688	56954	2
1688	57001	2
1688	57208	1
1688	57325	4
1688	57382	9
1688	57587	2
1688	57593	8
1688	57631	14
1688	57645	10
1688	57742	17
1688	57822	50
1688	57825	6
1688	57832	8
1688	57878	3
1688	57957	1
1688	58401	2
1688	58477	2
1688	59087	15
1688	59418	1
1688	59667	5
1688	59727	5
1688	60025	1
1688	60096	2
1688	60326	25
1688	60894	12
1688	60976	14
1688	61013	1
1688	61242	2
1688	61585	1
1688	62521	5
1688	62563	2
1688	62582	4
1688	62619	2
1688	62650	11
1688	62696	1
1688	62762	2
1688	62799	2
1688	62828	20
1688	62860	8
1688	62898	4
1688	63525	21
1688	63932	3
1688	63933	9
1688	64231	2
1688	64552	7
1688	64610	2
1688	64675	2
1688	64805	2
1688	65135	2
1688	65150	2
1688	65157	3
1688	65180	1
1688	65190	3
1688	65477	1
1688	65505	10
1688	65524	3
1688	65568	1
1688	65588	2
1688	65594	13
1688	65679	7
1688	65730	2
1688	65757	2
1688	66003	5
1688	66040	2
1688	66237	14
1688	66266	19
1688	66351	5
1688	66472	2
1688	66504	8
1688	66804	5
1688	67058	1
1688	67129	1
1688	67147	1
1688	67165	2
1688	67189	2
1688	67209	2
1688	67215	1
1688	67249	1
1688	67285	3
1688	67336	4
1688	67371	3
1688	67422	1
1688	67474	1
1688	67482	3
1688	67653	1
1688	67670	3
1688	67768	2
1688	67980	10
1745	2217	2
1745	3253	83
1745	3283	10
1745	3662	9
1745	3676	36
1745	4170	1
1745	4824	1
1745	4885	11
1745	5153	1
1745	5182	1
1745	5688	1
1745	6261	12
1745	6825	3
1745	7701	18
1745	7772	2
1745	7999	1
1745	8495	2
1745	8893	5
1745	9260	11
1745	9858	2
1745	9868	2
1745	9890	5
1745	9911	4
1745	9970	2
1745	10002	2
1745	10024	15
1745	10042	17
1745	10073	2
1745	10198	3
1745	10453	1
1745	10459	7
1745	10498	2
1745	10745	2
1745	10748	3
1745	11531	2
1745	11780	1
1745	11809	1
1745	12520	2
1745	12691	3
1745	12757	2
1745	14050	1
1745	14548	8
1745	14797	2
1745	14918	5
1745	14971	4
1745	15844	3
1745	15929	1
1745	16544	3
1745	17657	77
1745	18901	4
1745	19357	2
1745	19949	3
1745	20042	59
1745	20102	1
1745	20162	4
1745	20454	1
1745	20945	2
1745	21122	32
1745	21560	8
1745	21780	38
1745	21885	5
1745	22252	28
1745	22388	2
1745	22407	7
1745	22711	6
1745	22825	5
1745	22886	2
1745	23437	8
1745	23675	2
1745	23699	18
1745	23744	77
1745	23774	1
1745	24199	1
1745	24592	1
1745	24703	2
1745	24735	6
1745	24752	18
1745	25040	3
1745	25153	9
1745	25163	22
1745	25505	8
1745	25799	2
1745	26465	6
1745	26485	87
1745	26961	3
1745	26974	1
1745	27887	1
1745	28137	1
1745	29121	1
1745	29520	2
1745	29647	2
1745	29704	10
1745	29835	37
1745	29961	7
1745	30042	13
1745	30477	10
1745	30712	7
1745	31086	15
1745	31114	3
1745	31279	35
1745	31302	5
1745	31439	1
1745	31714	5
1745	31955	3
1745	32012	10
1745	32502	1
1745	32511	7
1745	32579	3
1745	32688	1
1745	33156	4
1745	33181	1
1745	33200	11
1745	33223	2
1745	33248	2
1745	33271	1
1745	33278	4
1745	33288	2
1745	33310	5
1745	33340	3
1745	33357	4
1745	33385	6
1745	33419	3
1745	33622	8
1745	34077	1
1745	34118	2
1745	34135	2
1745	34141	3
1745	34159	8
1745	34166	3
1745	34175	19
1745	34186	6
1745	34208	1
1745	34247	2
1745	34270	6
1745	34296	2
1745	34543	6
1745	34647	2
1745	34894	10
1745	34898	95
1745	34992	1
1745	34998	9
1745	35067	9
1745	35291	1
1745	35434	17
1745	35713	3
1745	36558	3
1745	36565	28
1745	36698	2
1745	36948	71
1745	37103	27
1745	37626	2
1745	38329	12
1745	38431	3
1745	38446	6
1745	38795	2
1745	38890	7
1745	39051	4
1745	39451	6
1745	40704	126
1745	40754	12
1745	40976	11
1745	42236	2
1745	42528	2
1745	43056	9
1745	43194	13
1745	43763	1
1745	43939	8
1745	44138	1
1745	44143	14
1745	44479	1
1745	44571	1
1745	44598	7
1745	44945	26
1745	45039	3
1745	45201	60
1745	47077	3
1745	47249	2
1745	47310	4
1745	48276	5
1745	48605	2
1745	49095	38
1745	49871	2
1745	49979	9
1745	50157	1
1745	50163	2
1745	50644	1
1745	51999	3
1745	52182	9
1745	52196	2
1745	52294	1
1745	52616	1
1745	53674	3
1745	53696	1
1745	54239	1
1745	54368	2
1745	54857	1
1745	54884	2
1745	55157	7
1745	55288	1
1745	55378	4
1745	55415	3
1745	55470	20
1745	55693	1
1745	55762	1
1745	56088	3
1745	56117	3
1745	56223	6
1745	56304	4
1745	56540	2
1745	56554	21
1745	56583	4
1745	56936	16
1745	56954	5
1745	57001	5
1745	57208	1
1745	57325	19
1745	57374	1
1745	57382	32
1745	57587	20
1745	57593	4
1745	57631	1
1745	57742	3
1745	57822	36
1745	57825	60
1745	57832	2
1745	57957	3
1745	58401	183
1745	58477	18
1745	59087	9
1745	59418	10
1745	59667	14
1745	60025	13
1745	60096	2
1745	60326	27
1745	60894	9
1745	60976	8
1745	61013	5
1745	61242	2
1745	61279	1
1745	61585	1
1745	62521	19
1745	62563	2
1745	62596	1
1745	62605	2
1745	62619	6
1745	62650	1
1745	62696	4
1745	62762	2
1745	62791	2
1745	62799	6
1745	62828	3
1745	62860	3
1745	62898	7
1745	63525	2
1745	63933	13
1745	64231	1
1745	64294	9
1745	64532	1
1745	64552	74
1745	64569	2
1745	64744	5
1745	64805	7
1745	65135	2
1745	65150	5
1745	65157	1
1745	65180	8
1745	65399	6
1745	65477	5
1745	65505	6
1745	65568	17
1745	65588	2
1745	65594	40
1745	65605	2
1745	65679	27
1745	65730	3
1745	66003	12
1745	66040	2
1745	66266	21
1745	66351	2
1745	66433	3
1745	66504	1
1745	66804	12
1745	67058	1
1745	67129	1
1745	67147	3
1745	67165	3
1745	67189	2
1745	67209	1
1745	67249	5
1745	67260	1
1745	67268	2
1745	67277	2
1745	67285	1
1745	67308	3
1745	67336	3
1745	67371	1
1745	67474	4
1745	67482	1
1745	67494	2
1745	67653	7
1745	67733	5
1745	67768	9
1745	67980	1
1745	68095	16
2217	2219	15
2217	3283	2
2217	3662	16
2217	3676	2
2217	4824	5
2217	4885	2
2217	5182	3
2217	5688	29
2217	6261	13
2217	6825	3
2217	7772	1
2217	7999	3
2217	8495	4
2217	8893	3
2217	9260	2
2217	9795	2
2217	9858	3
2217	9868	7
2217	9890	8
2217	9911	9
2217	9970	6
2217	10002	8
2217	10024	43
2217	10042	9
2217	10073	1
2217	10198	2
2217	10453	5
2217	10498	4
2217	10748	1
2217	11531	3
2217	11780	37
2217	11809	1
2217	12520	3
2217	12691	2
2217	13248	2
2217	13571	13
2217	14548	14
2217	14797	4
2217	15929	10
2217	16544	4
2217	16832	2
2217	17297	11
2217	17657	15
2217	18232	4
2217	18901	6
2217	19049	10
2217	19357	8
2217	19949	5
2217	20042	2
2217	20102	2
2217	20162	10
2217	20454	4
2217	21122	9
2217	21780	55
2217	21885	2
2217	22237	30
2217	22388	46
2217	22558	18
2217	22711	2
2217	22825	5
2217	22886	6
2217	22908	13
2217	23675	6
2217	23699	18
2217	23744	23
2217	23774	13
2217	24199	7
2217	24451	1
2217	24703	4
2217	24735	1
2217	24777	4
2217	25799	2
2217	26465	2
2217	26485	256
2217	26961	21
2217	27319	57
2217	27887	2
2217	28668	2
2217	29121	3
2217	29520	19
2217	29621	3
2217	29647	2
2217	29961	2
2217	30477	2
2217	30712	8
2217	31114	15
2217	31302	6
2217	31388	3
2217	31439	2
2217	31584	4
2217	31714	3
2217	32012	15
2217	32502	1
2217	32511	3
2217	32522	6
2217	32579	9
2217	32688	4
2217	33156	32
2217	33181	8
2217	33200	8
2217	33223	6
2217	33248	7
2217	33261	1
2217	33271	3
2217	33278	16
2217	33288	2
2217	33310	8
2217	33340	28
2217	33357	9
2217	33385	40
2217	33419	1
2217	33622	4
2217	34090	14
2217	34118	27
2217	34135	18
2217	34159	5
2217	34166	12
2217	34175	5
2217	34186	3
2217	34208	22
2217	34247	5
2217	34270	10
2217	34296	7
2217	34322	2
2217	34647	4
2217	34894	3
2217	34898	6
2217	34992	45
2217	34998	1
2217	35067	32
2217	35434	22
2217	35713	11
2217	36126	9
2217	36565	42
2217	36698	5
2217	36948	24
2217	38329	48
2217	38890	2
2217	39451	1
2217	40704	8
2217	40976	3
2217	42236	13
2217	43056	4
2217	43194	27
2217	44138	12
2217	44143	9
2217	44571	2
2217	44598	68
2217	44895	8
2217	45039	3
2217	45201	7
2217	46138	2
2217	46606	14
2217	46608	12
2217	49810	1
2217	49871	1
2217	49979	11
2217	50157	3
2217	50163	1
2217	50245	3
2217	50644	13
2217	51999	23
2217	52182	20
2217	52294	1
2217	52414	1
2217	52616	19
2217	53696	5
2217	54239	8
2217	54248	49
2217	54368	16
2217	54857	6
2217	55288	2
2217	55378	21
2217	55415	4
2217	55470	5
2217	55693	4
2217	55762	7
2217	56088	2
2217	56117	39
2217	56540	7
2217	56554	56
2217	56936	8
2217	56954	6
2217	57208	3
2217	57325	2
2217	57374	2
2217	57593	2
2217	57631	2
2217	57742	2
2217	57822	29
2217	57832	1
2217	58477	16
2217	59087	60
2217	59667	6
2217	59727	28
2217	60025	2
2217	60096	2
2217	60326	1
2217	60894	15
2217	60976	1
2217	61279	1
2217	61585	4
2217	61697	2
2217	62162	2
2217	62563	2
2217	62582	13
2217	62596	23
2217	62605	1
2217	62619	8
2217	62650	45
2217	62696	63
2217	62762	2
2217	62791	1
2217	62799	39
2217	62828	20
2217	62860	19
2217	62898	19
2217	63525	13
2217	63932	7
2217	63933	1
2217	64231	2
2217	64532	7
2217	64552	6
2217	64569	4
2217	64610	15
2217	64675	2
2217	64744	5
2217	65135	2
2217	65157	28
2217	65180	3
2217	65190	18
2217	65477	49
2217	65524	7
2217	65568	5
2217	65588	1
2217	65605	2
2217	65623	5
2217	65679	2
2217	65730	1
2217	65757	11
2217	66003	24
2217	66040	4
2217	66266	2
2217	66351	2
2217	66433	2
2217	66472	1
2217	66504	17
2217	66804	4
2217	67058	16
2217	67129	5
2217	67147	6
2217	67165	35
2217	67189	6
2217	67209	4
2217	67215	5
2217	67249	2
2217	67260	8
2217	67268	8
2217	67277	3
2217	67285	3
2217	67308	9
2217	67336	33
2217	67371	11
2217	67422	7
2217	67474	1
2217	67494	4
2217	67768	2
2217	67977	13
2217	67980	3
2219	3283	2
2219	3662	33
2219	3676	3
2219	4170	6
2219	4824	22
2219	4885	2
2219	5153	3
2219	5688	52
2219	6261	3
2219	6444	2
2219	6825	9
2219	7772	6
2219	7999	1
2219	8893	3
2219	9795	1
2219	9868	2
2219	9890	1
2219	9911	1
2219	9970	2
2219	10024	2
2219	10042	5
2219	10198	4
2219	10745	1
2219	11780	13
2219	11809	8
2219	12520	2
2219	12691	1
2219	12867	3
2219	13248	1
2219	13571	6
2219	14548	10
2219	14797	2
2219	15929	5
2219	17297	4
2219	17657	20
2219	18232	18
2219	18901	19
2219	19357	17
2219	19665	1
2219	19679	1
2219	19949	1
2219	20102	2
2219	20162	5
2219	20454	3
2219	21122	2
2219	21780	62
2219	21885	2
2219	22237	20
2219	22388	6
2219	22558	11
2219	22711	1
2219	22825	4
2219	22908	14
2219	23675	6
2219	23699	16
2219	23744	18
2219	24199	9
2219	24777	1
2219	26465	1
2219	26485	210
2219	26961	55
2219	27319	11
2219	27887	3
2219	29520	23
2219	29621	3
2219	29647	1
2219	30042	1
2219	30712	4
2219	31114	6
2219	31388	11
2219	31439	5
2219	31584	16
2219	31714	12
2219	31955	16
2219	32502	1
2219	32522	10
2219	32688	19
2219	33156	4
2219	33181	4
2219	33200	3
2219	33223	3
2219	33248	4
2219	33261	3
2219	33288	1
2219	33310	6
2219	33340	21
2219	33357	5
2219	33385	16
2219	33419	3
2219	34090	4
2219	34118	6
2219	34135	1
2219	34159	1
2219	34166	3
2219	34175	4
2219	34186	1
2219	34208	2
2219	34247	5
2219	34270	5
2219	34296	4
2219	34322	24
2219	34647	5
2219	34894	1
2219	34898	6
2219	34992	3
2219	34998	1
2219	35067	29
2219	35434	64
2219	35713	2
2219	36126	7
2219	36565	48
2219	36698	5
2219	36948	32
2219	38329	96
2219	38724	2
2219	40722	1
2219	40976	27
2219	42236	2
2219	43056	53
2219	43194	50
2219	44138	10
2219	44143	7
2219	44571	1
2219	44598	49
2219	45039	4
2219	45201	23
2219	45766	6
2219	46138	2
2219	46606	8
2219	46608	13
2219	47249	2
2219	48276	11
2219	49095	2
2219	49810	1
2219	49979	4
2219	50157	1
2219	50245	2
2219	50644	20
2219	51999	31
2219	52125	4
2219	52182	74
2219	52196	2
2219	52616	7
2219	53674	1
2219	53696	1
2219	54239	4
2219	54248	26
2219	54368	11
2219	54857	1
2219	55157	5
2219	55288	36
2219	55378	1
2219	55415	19
2219	55470	5
2219	55693	17
2219	55762	5
2219	56088	8
2219	56117	14
2219	56223	1
2219	56540	7
2219	56554	52
2219	56583	1
2219	56936	3
2219	56954	1
2219	57001	3
2219	57587	1
2219	57593	1
2219	57631	1
2219	57645	4
2219	57742	10
2219	57822	7
2219	58477	9
2219	59087	81
2219	59727	13
2219	60096	4
2219	60326	1
2219	60894	10
2219	60976	5
2219	61242	2
2219	61279	4
2219	61585	1
2219	61697	2
2219	62582	16
2219	62596	4
2219	62605	1
2219	62619	1
2219	62650	15
2219	62696	11
2219	62762	3
2219	62799	4
2219	62828	9
2219	62860	13
2219	62898	8
2219	63525	7
2219	63932	7
2219	64231	8
2219	64532	1
2219	64552	1
2219	64569	1
2219	64610	11
2219	64675	3
2219	64744	4
2219	65135	1
2219	65157	8
2219	65190	1
2219	65477	11
2219	65524	4
2219	65588	1
2219	65679	2
2219	65757	8
2219	66003	17
2219	66040	4
2219	66266	18
2219	66351	10
2219	66472	1
2219	66504	10
2219	66804	1
2219	67129	1
2219	67165	12
2219	67189	3
2219	67209	4
2219	67215	2
2219	67249	1
2219	67260	2
2219	67268	2
2219	67277	3
2219	67285	2
2219	67308	10
2219	67336	9
2219	67371	3
2219	67422	2
2219	67482	1
2219	67494	1
2219	67670	1
2219	67768	1
2219	67977	3
2219	67980	5
2526	3283	2
2526	3662	11
2526	4824	4
2526	4885	8
2526	5153	43
2526	5688	2
2526	6261	1
2526	6444	1
2526	6825	10
2526	7701	1
2526	7772	3
2526	8893	30
2526	9260	1
2526	9795	2
2526	9858	2
2526	9911	3
2526	10042	1
2526	10198	12
2526	10748	1
2526	12520	2
2526	12867	11
2526	14548	4
2526	14797	3
2526	17657	47
2526	18901	7
2526	19357	31
2526	19665	1
2526	19949	2
2526	20102	10
2526	20162	3
2526	20945	4
2526	21122	4
2526	21560	1
2526	21780	19
2526	22237	2
2526	22407	1
2526	22711	2
2526	23744	11
2526	24199	1
2526	24451	6
2526	24735	2
2526	24777	1
2526	26330	1
2526	26465	2
2526	26485	46
2526	26961	6
2526	27887	12
2526	29121	2
2526	29520	3
2526	29647	2
2526	29835	1
2526	29961	3
2526	30042	5
2526	30204	1
2526	30477	2
2526	30712	10
2526	31086	3
2526	31114	5
2526	31302	33
2526	31388	17
2526	31439	11
2526	31714	108
2526	32012	1
2526	32688	1
2526	33156	2
2526	33271	1
2526	33278	1
2526	33310	11
2526	33357	7
2526	33419	1
2526	33622	3
2526	34159	1
2526	34322	10
2526	34647	21
2526	34898	5
2526	34998	26
2526	35067	6
2526	35434	7
2526	35713	4
2526	36558	1
2526	36565	43
2526	36698	2
2526	36948	11
2526	37103	6
2526	37626	1
2526	38329	2
2526	38795	16
2526	38890	2
2526	40704	97
2526	40976	4
2526	42236	3
2526	43056	12
2526	43194	117
2526	44138	28
2526	44143	1
2526	44479	2
2526	44571	9
2526	44598	4
2526	45039	2
2526	45201	15
2526	47249	2
2526	48276	44
2526	50163	6
2526	52125	1
2526	52182	13
2526	52196	4
2526	52294	1
2526	52414	3
2526	53953	2
2526	54239	1
2526	54248	11
2526	54857	10
2526	55470	12
2526	55762	3
2526	56223	2
2526	56540	4
2526	56554	28
2526	56936	1
2526	57593	4
2526	57631	3
2526	57645	1
2526	57822	2
2526	57825	2
2526	57957	2
2526	58477	3
2526	59087	2
2526	59667	1
2526	60326	11
2526	60976	3
2526	62563	2
2526	62696	1
2526	62828	28
2526	62860	3
2526	62898	1
2526	63525	2
2526	63932	1
2526	63933	2
2526	64552	7
2526	64726	2
2526	65135	6
2526	65399	2
2526	65477	1
2526	65505	7
2526	65524	2
2526	65568	3
2526	65588	1
2526	65605	1
2526	65730	1
2526	66237	23
2526	66504	2
2526	66804	13
2526	67129	1
2526	67189	1
2526	67215	2
2526	67285	1
2526	67308	1
2526	67336	1
2526	67670	1
2526	68095	4
3253	3283	8
3253	3662	8
3253	3676	43
3253	4885	7
3253	5153	4
3253	5182	6
3253	5688	3
3253	6261	24
3253	6444	5
3253	7701	64
3253	7772	1
3253	8495	1
3253	8893	3
3253	9260	45
3253	9858	7
3253	9868	5
3253	9890	15
3253	9911	11
3253	9970	2
3253	10002	11
3253	10024	59
3253	10042	24
3253	10198	2
3253	10459	50
3253	10498	16
3253	10745	61
3253	10748	36
3253	11780	1
3253	11809	7
3253	12520	2
3253	12691	2
3253	12757	21
3253	14050	39
3253	14548	6
3253	14918	9
3253	14971	8
3253	15844	40
3253	15929	1
3253	16544	10
3253	17657	116
3253	18232	1
3253	18901	1
3253	19679	1
3253	20042	245
3253	20162	13
3253	21122	81
3253	21560	29
3253	21780	58
3253	21885	9
3253	22237	1
3253	22252	154
3253	22407	17
3253	22558	2
3253	22711	3
3253	22825	1
3253	23437	42
3253	23699	47
3253	23744	144
3253	24199	18
3253	24592	10
3253	24703	22
3253	24735	62
3253	24752	46
3253	24777	2
3253	25153	51
3253	25163	115
3253	25505	37
3253	25799	13
3253	26330	2
3253	26465	2
3253	26485	153
3253	27162	2
3253	28137	2
3253	29520	2
3253	29621	5
3253	29647	13
3253	29704	112
3253	29835	30
3253	29961	1
3253	30042	11
3253	30477	8
3253	30712	2
3253	31086	29
3253	31114	18
3253	31279	77
3253	31955	11
3253	32012	10
3253	32511	30
3253	32579	16
3253	32688	9
3253	33156	1
3253	33200	16
3253	33223	8
3253	33248	5
3253	33278	2
3253	33288	15
3253	33310	4
3253	33340	18
3253	33357	11
3253	33385	14
3253	33419	2
3253	34077	3
3253	34135	12
3253	34141	11
3253	34159	6
3253	34166	7
3253	34175	76
3253	34186	29
3253	34247	4
3253	34270	36
3253	34296	7
3253	34543	13
3253	34647	1
3253	34894	101
3253	34898	256
3253	34992	1
3253	34998	4
3253	35067	8
3253	35434	29
3253	36565	79
3253	36698	2
3253	36948	91
3253	37103	33
3253	37626	31
3253	38329	8
3253	38431	21
3253	38446	9
3253	38724	1
3253	38795	1
3253	38890	1
3253	39051	19
3253	39451	10
3253	40704	54
3253	40754	72
3253	40976	25
3253	42236	2
3253	42528	8
3253	43056	2
3253	43194	10
3253	43763	7
3253	43939	3
3253	44143	12
3253	44598	15
3253	45039	7
3253	45201	64
3253	45766	31
3253	46138	2
3253	46608	2
3253	47077	6
3253	47310	20
3253	48605	23
3253	49095	78
3253	49871	13
3253	49979	5
3253	50157	4
3253	51999	14
3253	52182	41
3253	53674	15
3253	53696	10
3253	54239	1
3253	54248	3
3253	54368	1
3253	54857	1
3253	55157	19
3253	55288	9
3253	55415	1
3253	55470	15
3253	55762	27
3253	56088	13
3253	56117	12
3253	56223	10
3253	56304	15
3253	56540	23
3253	56554	71
3253	56583	50
3253	56936	9
3253	56954	4
3253	57001	18
3253	57325	13
3253	57382	17
3253	57587	15
3253	57593	2
3253	57631	4
3253	57822	20
3253	57825	76
3253	57832	2
3253	57878	2
3253	57957	1
3253	58401	383
3253	58477	49
3253	59087	15
3253	59418	16
3253	59667	4
3253	59727	5
3253	60025	12
3253	60096	3
3253	60326	17
3253	60894	19
3253	60976	3
3253	61013	15
3253	61242	2
3253	61585	2
3253	61697	3
3253	62521	53
3253	62563	6
3253	62596	3
3253	62605	13
3253	62619	20
3253	62650	6
3253	62696	19
3253	62762	4
3253	62791	6
3253	62799	11
3253	62828	12
3253	62860	7
3253	62898	26
3253	63525	4
3253	63933	147
3253	64294	34
3253	64532	7
3253	64552	138
3253	64569	1
3253	64726	1
3253	64744	12
3253	64805	32
3253	65135	10
3253	65150	2
3253	65180	17
3253	65190	3
3253	65477	23
3253	65568	44
3253	65588	7
3253	65594	184
3253	65679	50
3253	65730	10
3253	65757	3
3253	66003	14
3253	66040	3
3253	66266	40
3253	66433	1
3253	66472	11
3253	66804	1
3253	67147	10
3253	67165	15
3253	67189	2
3253	67209	7
3253	67215	1
3253	67249	20
3253	67268	1
3253	67277	5
3253	67285	13
3253	67308	15
3253	67336	17
3253	67422	1
3253	67474	7
3253	67482	2
3253	67494	14
3253	67653	8
3253	67670	1
3253	67733	26
3253	67768	37
3253	67980	6
3283	3454	36
3283	3662	17
3283	3676	3
3283	4170	4
3283	4824	4
3283	4885	13
3283	5153	10
3283	5182	8
3283	5688	20
3283	6261	89
3283	6444	7
3283	6825	7
3283	7701	6
3283	7772	42
3283	7999	5
3283	8495	5
3283	8893	16
3283	9260	9
3283	9795	15
3283	9858	6
3283	9868	1
3283	9890	5
3283	9911	6
3283	9970	4
3283	10002	1
3283	10024	6
3283	10042	25
3283	10073	11
3283	10198	2
3283	10453	4
3283	10459	1
3283	10498	5
3283	10745	15
3283	10748	9
3283	11531	6
3283	11780	6
3283	11809	2
3283	12520	20
3283	12691	6
3283	12757	3
3283	12867	5
3283	13571	2
3283	14050	4
3283	14548	8
3283	14797	3
3283	14918	39
3283	15844	5
3283	15929	3
3283	16286	27
3283	16544	11
3283	16832	7
3283	17657	336
3283	18232	5
3283	18901	9
3283	19049	1
3283	19357	30
3283	19665	22
3283	19679	2
3283	19949	18
3283	20042	4
3283	20102	4
3283	20162	31
3283	20454	2
3283	21122	12
3283	21560	11
3283	21780	116
3283	21885	4
3283	22237	6
3283	22388	3
3283	22407	41
3283	22558	5
3283	22711	19
3283	22825	4
3283	22886	2
3283	22908	9
3283	23675	4
3283	23699	37
3283	23744	35
3283	24199	15
3283	24592	5
3283	24703	1
3283	24752	2
3283	24777	5
3283	25040	19
3283	25153	1
3283	25163	1
3283	25505	3
3283	25799	7
3283	26330	3
3283	26465	26
3283	26485	392
3283	26961	8
3283	26974	2
3283	27319	2
3283	27887	7
3283	28137	7
3283	28668	2
3283	29121	8
3283	29520	11
3283	29621	5
3283	29647	8
3283	29704	4
3283	29835	1
3283	29961	12
3283	30042	4
3283	30204	21
3283	30477	5
3283	31086	6
3283	31114	12
3283	31279	2
3283	31302	4
3283	31388	10
3283	31439	2
3283	31584	5
3283	31714	16
3283	31955	4
3283	32012	197
3283	32502	11
3283	32511	1
3283	32522	1
3283	32688	9
3283	33156	8
3283	33181	1
3283	33200	7
3283	33223	10
3283	33248	4
3283	33261	4
3283	33271	19
3283	33278	26
3283	33288	2
3283	33310	11
3283	33340	5
3283	33357	19
3283	33385	10
3283	33419	2
3283	33622	10
3283	34077	8
3283	34090	1
3283	34118	4
3283	34135	4
3283	34141	8
3283	34159	22
3283	34166	13
3283	34175	3
3283	34186	3
3283	34208	6
3283	34247	5
3283	34270	3
3283	34296	10
3283	34322	2
3283	34372	3
3283	34647	7
3283	34894	11
3283	34898	46
3283	34998	70
3283	35067	31
3283	35291	18
3283	35434	73
3283	35713	4
3283	36126	2
3283	36558	20
3283	36565	156
3283	36698	17
3283	36948	250
3283	37626	12
3283	38329	19
3283	38446	30
3283	38724	36
3283	38795	14
3283	38890	4
3283	39051	2
3283	39451	42
3283	40704	86
3283	40754	2
3283	40976	18
3283	42236	1
3283	42528	5
3283	43056	32
3283	43194	45
3283	43763	4
3283	43939	129
3283	44138	8
3283	44143	21
3283	44479	16
3283	44571	5
3283	44598	33
3283	44945	26
3283	45039	35
3283	45201	46
3283	45625	13
3283	45766	2
3283	46606	1
3283	46608	6
3283	47077	9
3283	47249	5
3283	47310	1
3283	48276	6
3283	48605	2
3283	49095	20
3283	49810	37
3283	49871	1
3283	49979	8
3283	50163	29
3283	50245	1
3283	50644	3
3283	51999	31
3283	52125	9
3283	52182	54
3283	52196	1
3283	52294	1
3283	52414	56
3283	52616	6
3283	53674	2
3283	53696	4
3283	53953	26
3283	54239	9
3283	54248	10
3283	54368	3
3283	54857	6
3283	54884	6
3283	55157	17
3283	55288	12
3283	55378	4
3283	55415	10
3283	55470	144
3283	55762	21
3283	56088	12
3283	56117	15
3283	56223	6
3283	56304	9
3283	56540	10
3283	56554	96
3283	56583	4
3283	56936	19
3283	56954	12
3283	57001	2
3283	57208	4
3283	57325	47
3283	57374	33
3283	57382	3
3283	57587	16
3283	57593	7
3283	57631	3
3283	57645	4
3283	57742	2
3283	57822	139
3283	57825	14
3283	57832	3
3283	57878	6
3283	57957	10
3283	58401	3
3283	58477	25
3283	59087	80
3283	59418	67
3283	59667	25
3283	60025	23
3283	60096	10
3283	60326	144
3283	60894	27
3283	60976	65
3283	61013	5
3283	61242	112
3283	61279	4
3283	61585	2
3283	61697	13
3283	62162	5
3283	62563	25
3283	62582	6
3283	62605	1
3283	62619	2
3283	62650	6
3283	62696	4
3283	62762	10
3283	62791	6
3283	62799	8
3283	62828	7
3283	62860	18
3283	62898	27
3283	63525	11
3283	63932	3
3283	63933	16
3283	64231	2
3283	64294	7
3283	64532	2
3283	64552	20
3283	64569	4
3283	64675	7
3283	64726	11
3283	64744	5
3283	64805	1
3283	65135	3
3283	65150	6
3283	65157	1
3283	65180	1
3283	65190	9
3283	65399	10
3283	65505	43
3283	65524	2
3283	65568	4
3283	65588	5
3283	65594	7
3283	65605	5
3283	65623	3
3283	65679	10
3283	65730	7
3283	65757	10
3283	66003	99
3283	66040	10
3283	66237	2
3283	66266	26
3283	66351	3
3283	66433	13
3283	66472	10
3283	66504	4
3283	66804	7
3283	67058	1
3283	67129	2
3283	67165	21
3283	67189	9
3283	67209	1
3283	67215	7
3283	67260	1
3283	67268	4
3283	67277	1
3283	67285	3
3283	67308	16
3283	67336	15
3283	67371	14
3283	67422	3
3283	67474	1
3283	67482	3
3283	67494	4
3283	67653	38
3283	67670	1
3283	67977	1
3283	68095	10
3454	4885	4
3454	5153	1
3454	5688	1
3454	6261	91
3454	6444	1
3454	6825	3
3454	7772	28
3454	8495	4
3454	8893	4
3454	9795	6
3454	9858	3
3454	9868	5
3454	9890	2
3454	9911	1
3454	9970	9
3454	10024	2
3454	10042	5
3454	10073	1
3454	10198	1
3454	10453	2
3454	10745	1
3454	10748	3
3454	11531	4
3454	11809	1
3454	12520	11
3454	12867	1
3454	13571	1
3454	14918	1
3454	15844	1
3454	16286	22
3454	16832	4
3454	17657	224
3454	19049	1
3454	19357	12
3454	19665	3
3454	19949	11
3454	20102	1
3454	20162	6
3454	20945	9
3454	21122	7
3454	21780	32
3454	22407	52
3454	22711	15
3454	22908	2
3454	23699	6
3454	23744	12
3454	24199	1
3454	24592	11
3454	24703	1
3454	24735	1
3454	24752	1
3454	24777	4
3454	25040	9
3454	25153	3
3454	26330	1
3454	26465	14
3454	26485	82
3454	26961	1
3454	27162	1
3454	27887	2
3454	28137	1
3454	29121	2
3454	29621	1
3454	29704	1
3454	29835	2
3454	30042	4
3454	30204	19
3454	30477	1
3454	31388	2
3454	31439	1
3454	31714	1
3454	32012	53
3454	32502	5
3454	32688	1
3454	33181	1
3454	33248	4
3454	33261	1
3454	33271	21
3454	33278	17
3454	33310	5
3454	33340	2
3454	33357	5
3454	33419	5
3454	34077	5
3454	34090	1
3454	34118	1
3454	34135	1
3454	34141	6
3454	34166	2
3454	34208	1
3454	34247	2
3454	34270	4
3454	34372	3
3454	34647	5
3454	34898	5
3454	34998	71
3454	35434	4
3454	36558	1
3454	36565	47
3454	36698	1
3454	36948	121
3454	37626	1
3454	38329	1
3454	38724	4
3454	39451	1
3454	40704	10
3454	40976	3
3454	43056	6
3454	43194	19
3454	43763	1
3454	43939	17
3454	44138	5
3454	44143	2
3454	44479	50
3454	44571	1
3454	44598	7
3454	45039	27
3454	45201	3
3454	45625	5
3454	45766	1
3454	47077	20
3454	48276	4
3454	48605	1
3454	49095	1
3454	49810	15
3454	50157	1
3454	50163	21
3454	52125	10
3454	52182	10
3454	52414	39
3454	52616	1
3454	53696	1
3454	53953	11
3454	54239	2
3454	54857	2
3454	54884	13
3454	55157	4
3454	55415	1
3454	55470	47
3454	55762	1
3454	56088	3
3454	56117	2
3454	56223	1
3454	56540	5
3454	56554	20
3454	56936	6
3454	56954	2
3454	57325	5
3454	57374	31
3454	57382	1
3454	57631	3
3454	57822	20
3454	59087	8
3454	59418	2
3454	59667	1
3454	60025	3
3454	60326	104
3454	60894	9
3454	60976	60
3454	61242	13
3454	61585	1
3454	61697	3
3454	62521	1
3454	62563	20
3454	62582	5
3454	62605	2
3454	62619	3
3454	62650	2
3454	62696	2
3454	62799	2
3454	62828	2
3454	62860	8
3454	63932	1
3454	63933	1
3454	64552	3
3454	64569	2
3454	64675	3
3454	65135	1
3454	65190	2
3454	65399	2
3454	65505	37
3454	65568	4
3454	65588	3
3454	65594	1
3454	65605	2
3454	65623	2
3454	65730	2
3454	66003	8
3454	66266	6
3454	66351	1
3454	66433	1
3454	66472	4
3454	66804	14
3454	67165	3
3454	67189	6
3454	67209	1
3454	67215	3
3454	67249	4
3454	67260	1
3454	67277	1
3454	67308	11
3454	67336	7
3454	67371	2
3454	67422	1
3454	67653	1
3454	67733	2
3662	3676	5
3662	4170	6
3662	4824	21
3662	4885	12
3662	5153	32
3662	5182	2
3662	5688	64
3662	6261	15
3662	6444	8
3662	6825	15
3662	7701	12
3662	7772	10
3662	7999	46
3662	8495	3
3662	8893	33
3662	9795	1
3662	9858	13
3662	9890	6
3662	9911	6
3662	9970	2
3662	10002	5
3662	10024	3
3662	10042	6
3662	10073	2
3662	10198	11
3662	10453	3
3662	10498	1
3662	10745	8
3662	10748	4
3662	11531	2
3662	11780	18
3662	11809	6
3662	12520	11
3662	12757	1
3662	12867	10
3662	13248	1
3662	13571	5
3662	14050	6
3662	14548	54
3662	14797	18
3662	14918	2
3662	15844	4
3662	15929	7
3662	16544	9
3662	17297	7
3662	17657	76
3662	18232	22
3662	18901	19
3662	19357	22
3662	19665	1
3662	19679	33
3662	19949	9
3662	20042	17
3662	20102	4
3662	20162	30
3662	20454	4
3662	21122	30
3662	21560	2
3662	21780	133
3662	21885	6
3662	22237	18
3662	22252	2
3662	22388	15
3662	22407	1
3662	22558	20
3662	22711	6
3662	22825	6
3662	22886	5
3662	22908	50
3662	23675	7
3662	23699	25
3662	23744	62
3662	23774	1
3662	24199	13
3662	24735	2
3662	24752	1
3662	24777	2
3662	25040	1
3662	25505	2
3662	25799	4
3662	26330	8
3662	26465	7
3662	26485	529
3662	26961	28
3662	27162	1
3662	27319	24
3662	27887	9
3662	28137	1
3662	28668	2
3662	29121	4
3662	29520	69
3662	29621	1
3662	29704	2
3662	29835	2
3662	29961	7
3662	30042	13
3662	30204	1
3662	30477	11
3662	30712	11
3662	31086	20
3662	31114	6
3662	31279	14
3662	31302	19
3662	31388	19
3662	31439	4
3662	31584	19
3662	31714	17
3662	31955	22
3662	32012	6
3662	32502	2
3662	32522	6
3662	32688	43
3662	33156	18
3662	33181	8
3662	33200	7
3662	33223	6
3662	33248	16
3662	33261	7
3662	33271	1
3662	33278	12
3662	33288	1
3662	33310	5
3662	33340	22
3662	33357	9
3662	33385	16
3662	33419	1
3662	33622	4
3662	34077	1
3662	34090	10
3662	34118	1
3662	34135	10
3662	34159	2
3662	34166	7
3662	34175	2
3662	34186	6
3662	34208	4
3662	34247	11
3662	34270	6
3662	34296	2
3662	34322	10
3662	34372	7
3662	34543	1
3662	34647	28
3662	34894	1
3662	34898	16
3662	34992	12
3662	34998	24
3662	35067	53
3662	35291	1
3662	35434	160
3662	35713	14
3662	36126	9
3662	36558	7
3662	36565	120
3662	36698	12
3662	36948	68
3662	37103	4
3662	37626	3
3662	38329	140
3662	38446	2
3662	38724	2
3662	38795	31
3662	38890	6
3662	39051	2
3662	39451	1
3662	40704	72
3662	40722	7
3662	40754	14
3662	40976	55
3662	42236	5
3662	42528	2
3662	43056	30
3662	43194	89
3662	44138	24
3662	44143	20
3662	44571	4
3662	44598	81
3662	44945	5
3662	45039	4
3662	45201	56
3662	45625	2
3662	45766	31
3662	46138	10
3662	46606	21
3662	46608	32
3662	47077	3
3662	47249	4
3662	48276	23
3662	49095	7
3662	49810	3
3662	49871	1
3662	49979	12
3662	50157	5
3662	50163	10
3662	50245	1
3662	50644	13
3662	51999	39
3662	52182	109
3662	52196	20
3662	52294	6
3662	52414	3
3662	52616	38
3662	54239	4
3662	54248	69
3662	54368	10
3662	54857	10
3662	55157	17
3662	55288	110
3662	55378	25
3662	55415	22
3662	55470	21
3662	55693	13
3662	55762	65
3662	56088	8
3662	56117	54
3662	56223	14
3662	56304	4
3662	56540	35
3662	56554	131
3662	56583	1
3662	56936	15
3662	56954	1
3662	57208	6
3662	57325	14
3662	57374	1
3662	57382	29
3662	57587	1
3662	57593	11
3662	57631	9
3662	57645	8
3662	57742	5
3662	57822	47
3662	57825	2
3662	57832	20
3662	57878	1
3662	57957	6
3662	58401	2
3662	58477	20
3662	59087	127
3662	59418	6
3662	59667	30
3662	59727	34
3662	60025	3
3662	60096	1
3662	60326	21
3662	60894	33
3662	60976	11
3662	61242	2
3662	61279	4
3662	61585	2
3662	61697	4
3662	62162	6
3662	62582	22
3662	62596	5
3662	62619	3
3662	62650	33
3662	62696	15
3662	62762	5
3662	62791	1
3662	62799	14
3662	62828	12
3662	62860	24
3662	62898	14
3662	63525	29
3662	63932	9
3662	63933	4
3662	64231	3
3662	64552	4
3662	64569	2
3662	64610	9
3662	64675	1
3662	64726	2
3662	64744	5
3662	64805	1
3662	65135	1
3662	65150	4
3662	65157	7
3662	65180	2
3662	65190	6
3662	65399	4
3662	65477	20
3662	65505	8
3662	65524	5
3662	65568	4
3662	65588	2
3662	65594	6
3662	65605	4
3662	65623	1
3662	65679	4
3662	65757	6
3662	66003	20
3662	66040	3
3662	66237	22
3662	66266	22
3662	66351	24
3662	66433	3
3662	66472	2
3662	66504	18
3662	66804	14
3662	67058	1
3662	67129	2
3662	67147	3
3662	67165	14
3662	67189	9
3662	67209	3
3662	67215	2
3662	67260	1
3662	67268	5
3662	67285	4
3662	67308	10
3662	67336	35
3662	67371	6
3662	67422	1
3662	67474	2
3662	67482	5
3662	67494	1
3662	67653	2
3662	67670	7
3662	67733	1
3662	67768	3
3662	67980	5
3676	4824	1
3676	4885	5
3676	5153	1
3676	5182	1
3676	5688	3
3676	6261	13
3676	6825	3
3676	7701	28
3676	7772	3
3676	7999	1
3676	8495	3
3676	8893	3
3676	9260	10
3676	9795	1
3676	9868	1
3676	9890	2
3676	9911	2
3676	9970	2
3676	10002	1
3676	10024	8
3676	10042	4
3676	10198	2
3676	10453	1
3676	10459	5
3676	10498	2
3676	10745	1
3676	10748	2
3676	11780	1
3676	11809	1
3676	12520	1
3676	12867	1
3676	14548	6
3676	14797	1
3676	14918	2
3676	14971	1
3676	15844	2
3676	16544	6
3676	17657	46
3676	18232	1
3676	18901	2
3676	19357	4
3676	19679	1
3676	19949	1
3676	20042	35
3676	20102	1
3676	20162	2
3676	20454	1
3676	21122	24
3676	21560	2
3676	21780	25
3676	21885	4
3676	22237	1
3676	22252	28
3676	22388	1
3676	22407	3
3676	22711	13
3676	22825	2
3676	22886	1
3676	22908	2
3676	23437	5
3676	23675	2
3676	23699	9
3676	23744	56
3676	23774	1
3676	24199	3
3676	24592	1
3676	24703	1
3676	24735	2
3676	24752	12
3676	24777	1
3676	25040	1
3676	25153	6
3676	25163	15
3676	25505	4
3676	25799	6
3676	26330	4
3676	26465	2
3676	26485	64
3676	26961	2
3676	27162	1
3676	28137	5
3676	29121	1
3676	29520	3
3676	29647	6
3676	29704	6
3676	29835	22
3676	29961	5
3676	30042	2
3676	30477	10
3676	30712	2
3676	31086	14
3676	31114	3
3676	31279	17
3676	31302	4
3676	31439	2
3676	31714	4
3676	31955	4
3676	32012	3
3676	32511	5
3676	32688	1
3676	33156	4
3676	33181	2
3676	33200	9
3676	33223	2
3676	33271	1
3676	33278	3
3676	33288	2
3676	33310	4
3676	33340	3
3676	33357	7
3676	33385	2
3676	33419	1
3676	33622	3
3676	34118	1
3676	34135	1
3676	34141	2
3676	34159	4
3676	34166	4
3676	34175	11
3676	34186	2
3676	34208	3
3676	34247	1
3676	34270	3
3676	34296	1
3676	34543	4
3676	34894	5
3676	34898	45
3676	34992	1
3676	34998	1
3676	35067	3
3676	35291	1
3676	35434	20
3676	35713	2
3676	36558	1
3676	36565	25
3676	36698	2
3676	36948	52
3676	37103	11
3676	37626	3
3676	38329	6
3676	38431	4
3676	38890	2
3676	39051	1
3676	40704	54
3676	40722	1
3676	40754	10
3676	40976	11
3676	42528	3
3676	43056	7
3676	43194	7
3676	43763	3
3676	43939	3
3676	44138	2
3676	44143	11
3676	44571	2
3676	44598	5
3676	44945	6
3676	45039	3
3676	45201	26
3676	46138	1
3676	46606	1
3676	46608	1
3676	47077	1
3676	47249	1
3676	47310	2
3676	48276	3
3676	49095	23
3676	49810	3
3676	49871	2
3676	49979	7
3676	50157	2
3676	50163	1
3676	50644	1
3676	51999	4
3676	52182	15
3676	52196	1
3676	52616	2
3676	53674	2
3676	53696	1
3676	54239	1
3676	54857	1
3676	54884	4
3676	55157	4
3676	55288	1
3676	55378	3
3676	55415	2
3676	55470	9
3676	55693	1
3676	55762	4
3676	56088	2
3676	56117	3
3676	56223	7
3676	56304	5
3676	56540	2
3676	56554	18
3676	56583	1
3676	56936	4
3676	57001	2
3676	57208	1
3676	57325	11
3676	57374	1
3676	57382	28
3676	57587	7
3676	57593	2
3676	57631	1
3676	57742	13
3676	57822	29
3676	57825	27
3676	57832	2
3676	57878	2
3676	57957	2
3676	58401	114
3676	58477	12
3676	59087	18
3676	59418	5
3676	59667	14
3676	60025	14
3676	60096	3
3676	60326	13
3676	60894	10
3676	60976	7
3676	61013	3
3676	61279	2
3676	61585	1
3676	62521	3
3676	62563	1
3676	62582	1
3676	62596	1
3676	62619	1
3676	62696	3
3676	62762	1
3676	62791	2
3676	62799	3
3676	62828	3
3676	62860	2
3676	62898	6
3676	63525	1
3676	63933	9
3676	64231	4
3676	64294	2
3676	64532	1
3676	64552	28
3676	64726	2
3676	64744	3
3676	64805	1
3676	65135	1
3676	65150	4
3676	65180	2
3676	65399	5
3676	65477	4
3676	65568	8
3676	65594	26
3676	65605	2
3676	65679	10
3676	65730	1
3676	66003	17
3676	66040	4
3676	66266	15
3676	66433	2
3676	66804	10
3676	67058	1
3676	67129	1
3676	67147	1
3676	67165	3
3676	67189	3
3676	67209	1
3676	67249	6
3676	67268	2
3676	67277	1
3676	67285	4
3676	67308	3
3676	67336	6
3676	67371	1
3676	67422	1
3676	67474	2
3676	67494	2
3676	67653	3
3676	67733	3
3676	67768	8
3676	67980	1
3676	68095	2
4170	4824	3
4170	4885	1
4170	5688	56
4170	6261	17
4170	6444	2
4170	6825	4
4170	7772	3
4170	7999	1
4170	8495	1
4170	8893	2
4170	9858	1
4170	9890	1
4170	9911	5
4170	9970	3
4170	10024	3
4170	10042	5
4170	10198	7
4170	10453	1
4170	10498	1
4170	10745	1
4170	11780	3
4170	11809	7
4170	12520	11
4170	12867	1
4170	13571	3
4170	14548	1
4170	14797	4
4170	14918	2
4170	15844	2
4170	15929	1
4170	16286	1
4170	16544	7
4170	16832	2
4170	17657	18
4170	18232	7
4170	18901	4
4170	19049	2
4170	19357	5
4170	19665	2
4170	19949	2
4170	20042	1
4170	20102	2
4170	20162	8
4170	20454	1
4170	21122	6
4170	21780	35
4170	21885	4
4170	22237	5
4170	22388	3
4170	22558	8
4170	22711	3
4170	22825	1
4170	22886	2
4170	22908	1
4170	23675	1
4170	23699	20
4170	23744	18
4170	24735	1
4170	24752	1
4170	25153	5
4170	25505	1
4170	25799	2
4170	26330	1
4170	26465	1
4170	26485	107
4170	26961	17
4170	26974	3
4170	27162	3
4170	27319	3
4170	28137	1
4170	29121	1
4170	29520	14
4170	29621	1
4170	29647	2
4170	29704	2
4170	30042	3
4170	30204	1
4170	30712	10
4170	31086	3
4170	31114	2
4170	31302	4
4170	31439	3
4170	31584	4
4170	31714	4
4170	31955	1
4170	32012	5
4170	32522	2
4170	32579	1
4170	32688	4
4170	33156	4
4170	33200	7
4170	33223	1
4170	33248	1
4170	33278	2
4170	33288	2
4170	33310	4
4170	33340	9
4170	33357	6
4170	33385	7
4170	33419	1
4170	34090	1
4170	34118	2
4170	34135	1
4170	34166	2
4170	34175	2
4170	34208	5
4170	34247	1
4170	34270	5
4170	34296	4
4170	34322	1
4170	34647	3
4170	34894	1
4170	34898	9
4170	35067	19
4170	35434	9
4170	35713	5
4170	36126	2
4170	36558	2
4170	36565	27
4170	36698	6
4170	36948	17
4170	37103	1
4170	37626	1
4170	38329	37
4170	38446	2
4170	38724	2
4170	38795	3
4170	38890	1
4170	39451	1
4170	40704	14
4170	40722	1
4170	40976	4
4170	42236	1
4170	42528	1
4170	43194	30
4170	43763	2
4170	43939	3
4170	44138	10
4170	44143	3
4170	44479	1
4170	44571	3
4170	44598	30
4170	44945	6
4170	45039	2
4170	45201	15
4170	45766	1
4170	46138	1
4170	46608	2
4170	47077	2
4170	47249	1
4170	47310	1
4170	48276	3
4170	48605	1
4170	49095	5
4170	49979	5
4170	50157	3
4170	50644	3
4170	51999	44
4170	52125	2
4170	52182	15
4170	52196	1
4170	52294	7
4170	52414	1
4170	52616	1
4170	53674	9
4170	53696	2
4170	54248	12
4170	54368	1
4170	54857	4
4170	54884	1
4170	55157	2
4170	55288	4
4170	55378	3
4170	55470	6
4170	55693	4
4170	55762	1
4170	56088	1
4170	56117	2
4170	56223	1
4170	56304	2
4170	56540	2
4170	56554	21
4170	56583	1
4170	56936	9
4170	57001	1
4170	57208	1
4170	57325	4
4170	57374	3
4170	57631	2
4170	57645	1
4170	57742	1
4170	57822	22
4170	57825	1
4170	57878	1
4170	58477	9
4170	59087	13
4170	59418	5
4170	59667	2
4170	59727	2
4170	60025	1
4170	60096	5
4170	60326	2
4170	60894	11
4170	60976	6
4170	61242	8
4170	62162	2
4170	62563	1
4170	62582	3
4170	62650	9
4170	62696	3
4170	62762	2
4170	62799	3
4170	62828	2
4170	62860	1
4170	62898	6
4170	63525	6
4170	63932	6
4170	63933	1
4170	64231	6
4170	64294	1
4170	64532	3
4170	64552	3
4170	64569	1
4170	64610	1
4170	64675	1
4170	64744	2
4170	65150	5
4170	65157	1
4170	65190	1
4170	65477	4
4170	65505	1
4170	65568	3
4170	65588	1
4170	65594	2
4170	65757	7
4170	66003	9
4170	66040	7
4170	66266	2
4170	66351	1
4170	66472	1
4170	66504	6
4170	66804	1
4170	67129	1
4170	67165	2
4170	67189	3
4170	67215	5
4170	67260	1
4170	67268	2
4170	67285	3
4170	67308	1
4170	67336	5
4170	67371	1
4170	67474	2
4170	67482	2
4170	67653	1
4170	67670	1
4170	67768	1
4170	67977	1
4170	67980	6
4824	4885	2
4824	5153	5
4824	5688	20
4824	6261	6
4824	6444	4
4824	6825	6
4824	7772	4
4824	7999	24
4824	8495	2
4824	8893	9
4824	9858	2
4824	9890	1
4824	9911	2
4824	10024	2
4824	10042	2
4824	10198	3
4824	10453	2
4824	11780	1
4824	12520	4
4824	12867	1
4824	14548	35
4824	14797	7
4824	15929	1
4824	16544	2
4824	17657	12
4824	18232	8
4824	18901	11
4824	19357	4
4824	19679	17
4824	19949	3
4824	20042	1
4824	20102	1
4824	20162	1
4824	20454	1
4824	21122	4
4824	21780	35
4824	22237	2
4824	22388	1
4824	22558	1
4824	22711	1
4824	22825	3
4824	22886	1
4824	22908	9
4824	23675	4
4824	23699	14
4824	23744	10
4824	23774	1
4824	24199	6
4824	24451	3
4824	24777	1
4824	25799	2
4824	26330	4
4824	26465	1
4824	26485	147
4824	26961	10
4824	27319	2
4824	27887	2
4824	28668	5
4824	29121	1
4824	29520	20
4824	29961	1
4824	30042	3
4824	30477	1
4824	30712	8
4824	31114	5
4824	31302	8
4824	31388	13
4824	31439	1
4824	31584	2
4824	31714	4
4824	31955	10
4824	32012	2
4824	32522	1
4824	32688	13
4824	33156	3
4824	33200	1
4824	33271	1
4824	33278	3
4824	33288	1
4824	33310	1
4824	33340	2
4824	33357	2
4824	33622	2
4824	34166	2
4824	34186	2
4824	34247	4
4824	34296	1
4824	34322	15
4824	34647	3
4824	34898	5
4824	34992	1
4824	34998	1
4824	35067	12
4824	35434	79
4824	35713	1
4824	36565	51
4824	36698	6
4824	36948	30
4824	38329	14
4824	38795	4
4824	38890	1
4824	40704	15
4824	40722	2
4824	40976	15
4824	43056	27
4824	43194	43
4824	44138	5
4824	44143	8
4824	44571	2
4824	44598	13
4824	44895	2
4824	45039	3
4824	45201	15
4824	45766	3
4824	46606	6
4824	46608	4
4824	47249	3
4824	48276	1
4824	49979	4
4824	50157	2
4824	50644	9
4824	51999	25
4824	52125	3
4824	52182	44
4824	52616	14
4824	53674	1
4824	54248	7
4824	54368	1
4824	54857	2
4824	55157	6
4824	55288	64
4824	55378	1
4824	55415	13
4824	55470	4
4824	55693	1
4824	55762	13
4824	56088	11
4824	56117	13
4824	56223	1
4824	56540	9
4824	56554	26
4824	56936	5
4824	57208	1
4824	57325	4
4824	57374	1
4824	57593	3
4824	57631	3
4824	57742	1
4824	57822	21
4824	57832	6
4824	58477	9
4824	59087	24
4824	59667	1
4824	60025	1
4824	60096	1
4824	60326	2
4824	60894	19
4824	60976	2
4824	61242	2
4824	61279	1
4824	61585	2
4824	61697	2
4824	62162	1
4824	62596	1
4824	62619	1
4824	62650	4
4824	62696	1
4824	62799	1
4824	62828	2
4824	62860	6
4824	62898	1
4824	63525	8
4824	63932	1
4824	64231	2
4824	64569	4
4824	64744	1
4824	65150	1
4824	65180	3
4824	65477	1
4824	65568	2
4824	65605	1
4824	65623	1
4824	66003	8
4824	66040	2
4824	66237	6
4824	66266	9
4824	66351	1
4824	66504	3
4824	66804	2
4824	67058	1
4824	67209	1
4824	67260	1
4824	67285	2
4824	67308	1
4824	67336	2
4824	67482	2
4824	67670	3
4824	67980	3
4885	5153	9
4885	5182	1
4885	5688	8
4885	6261	20
4885	6825	42
4885	7772	10
4885	7999	2
4885	8495	3
4885	8893	32
4885	9260	11
4885	9795	14
4885	9858	5
4885	9868	3
4885	9890	6
4885	9911	14
4885	9970	4
4885	10002	2
4885	10024	6
4885	10042	10
4885	10073	3
4885	10198	19
4885	10453	2
4885	10459	8
4885	10498	7
4885	10745	10
4885	10748	12
4885	11531	6
4885	11780	3
4885	11809	6
4885	12520	4
4885	12691	2
4885	12757	7
4885	12867	10
4885	13571	1
4885	14050	5
4885	14548	9
4885	14918	4
4885	14971	6
4885	15844	2
4885	15929	2
4885	16286	4
4885	16544	5
4885	16832	2
4885	17297	1
4885	17657	74
4885	18232	1
4885	18901	5
4885	19049	1
4885	19357	59
4885	19679	1
4885	19949	10
4885	20042	5
4885	20102	7
4885	20162	18
4885	20454	1
4885	21122	24
4885	21560	12
4885	21780	51
4885	21885	5
4885	22237	7
4885	22252	6
4885	22388	2
4885	22407	12
4885	22558	2
4885	22711	10
4885	22825	3
4885	22886	1
4885	22908	6
4885	23437	3
4885	23675	5
4885	23699	9
4885	23744	46
4885	23774	1
4885	24199	4
4885	24592	1
4885	24703	6
4885	24735	14
4885	24752	12
4885	24777	2
4885	25040	5
4885	25153	28
4885	25163	21
4885	25505	13
4885	25799	2
4885	26330	5
4885	26465	7
4885	26485	132
4885	26961	12
4885	26974	10
4885	27162	1
4885	27319	2
4885	27887	5
4885	28137	2
4885	28668	1
4885	29121	4
4885	29520	10
4885	29621	3
4885	29647	3
4885	29704	89
4885	29835	8
4885	29961	5
4885	30042	11
4885	30204	1
4885	30477	11
4885	30712	19
4885	31086	5
4885	31114	12
4885	31279	3
4885	31302	3
4885	31388	6
4885	31439	21
4885	31714	22
4885	31955	4
4885	32012	14
4885	32511	2
4885	32579	8
4885	32688	2
4885	33156	5
4885	33181	3
4885	33200	12
4885	33223	5
4885	33248	5
4885	33261	1
4885	33271	5
4885	33278	7
4885	33310	6
4885	33340	4
4885	33357	19
4885	33385	12
4885	33419	3
4885	33622	15
4885	34077	1
4885	34118	2
4885	34135	5
4885	34141	3
4885	34159	4
4885	34166	6
4885	34175	14
4885	34186	20
4885	34208	5
4885	34247	3
4885	34270	14
4885	34296	10
4885	34322	2
4885	34372	5
4885	34543	7
4885	34647	34
4885	34894	12
4885	34898	71
4885	34992	1
4885	34998	65
4885	35067	19
4885	35434	27
4885	35713	14
4885	36558	5
4885	36565	62
4885	36698	7
4885	36948	65
4885	37103	2
4885	37626	1
4885	38329	20
4885	38431	11
4885	38446	3
4885	38724	1
4885	38795	8
4885	38890	4
4885	39051	1
4885	39451	9
4885	40704	38
4885	40976	8
4885	42236	4
4885	42528	1
4885	43056	46
4885	43194	107
4885	43763	3
4885	43939	4
4885	44138	26
4885	44143	9
4885	44479	2
4885	44571	9
4885	44598	15
4885	44945	3
4885	45039	15
4885	45201	11
4885	45625	3
4885	45766	4
4885	46138	2
4885	46606	2
4885	46608	1
4885	47077	4
4885	47249	6
4885	47310	13
4885	48276	41
4885	48605	4
4885	49095	10
4885	49810	5
4885	49979	5
4885	50157	3
4885	50163	11
4885	50245	1
4885	50644	1
4885	51999	19
4885	52125	1
4885	52182	22
4885	52196	7
4885	52294	6
4885	52414	6
4885	52616	2
4885	53696	1
4885	53953	1
4885	54239	2
4885	54248	8
4885	54857	15
4885	54884	2
4885	55157	7
4885	55288	3
4885	55378	4
4885	55415	2
4885	55470	28
4885	55693	1
4885	55762	2
4885	56088	2
4885	56117	5
4885	56223	6
4885	56304	1
4885	56540	6
4885	56554	23
4885	56583	8
4885	56936	17
4885	56954	2
4885	57001	1
4885	57208	2
4885	57325	14
4885	57374	1
4885	57382	44
4885	57587	4
4885	57593	2
4885	57631	4
4885	57645	10
4885	57742	3
4885	57822	36
4885	57825	5
4885	57832	2
4885	57878	3
4885	57957	2
4885	58401	16
4885	58477	15
4885	59087	18
4885	59418	2
4885	59667	10
4885	59727	5
4885	60025	3
4885	60096	5
4885	60326	25
4885	60894	4
4885	60976	20
4885	61013	5
4885	61242	2
4885	61279	2
4885	61585	7
4885	62162	1
4885	62521	18
4885	62563	4
4885	62582	3
4885	62596	6
4885	62605	4
4885	62619	3
4885	62650	18
4885	62696	8
4885	62762	5
4885	62791	2
4885	62799	8
4885	62828	10
4885	62860	10
4885	62898	9
4885	63525	5
4885	63932	3
4885	63933	17
4885	64231	1
4885	64294	2
4885	64532	1
4885	64552	35
4885	64569	1
4885	64610	1
4885	64726	1
4885	64744	5
4885	64805	4
4885	65135	2
4885	65150	3
4885	65157	2
4885	65180	10
4885	65190	3
4885	65399	14
4885	65477	8
4885	65505	16
4885	65524	1
4885	65568	15
4885	65588	3
4885	65594	24
4885	65623	1
4885	65679	16
4885	65730	3
4885	66003	18
4885	66040	2
4885	66237	8
4885	66266	7
4885	66433	4
4885	66472	2
4885	66504	3
4885	66804	23
4885	67058	1
4885	67129	2
4885	67147	2
4885	67165	4
4885	67189	8
4885	67215	8
4885	67249	2
4885	67260	1
4885	67268	2
4885	67277	2
4885	67285	12
4885	67308	7
4885	67336	9
4885	67371	3
4885	67422	1
4885	67474	1
4885	67482	1
4885	67494	7
4885	67653	3
4885	67670	3
4885	67733	5
4885	67768	6
4885	67980	4
4885	68095	4
5153	5182	4
5153	5688	16
5153	6261	7
5153	6444	1
5153	6825	25
5153	7701	2
5153	7772	3
5153	7999	8
5153	8495	3
5153	8893	58
5153	9795	3
5153	9858	9
5153	9868	2
5153	9911	12
5153	10024	1
5153	10042	2
5153	10073	1
5153	10198	5
5153	10453	1
5153	10498	1
5153	10745	3
5153	10748	1
5153	11780	4
5153	11809	2
5153	12520	13
5153	12867	13
5153	13571	2
5153	14050	4
5153	14548	13
5153	14797	11
5153	14918	5
5153	15844	2
5153	15929	11
5153	16286	1
5153	16544	3
5153	17657	50
5153	18232	2
5153	18901	1
5153	19357	56
5153	19679	11
5153	19949	3
5153	20042	5
5153	20102	10
5153	20162	4
5153	20945	17
5153	21122	1
5153	21780	44
5153	22237	4
5153	22388	1
5153	22558	9
5153	22711	6
5153	22825	2
5153	22908	5
5153	23437	3
5153	23675	5
5153	23744	20
5153	24199	13
5153	24451	6
5153	24703	1
5153	24735	3
5153	25040	1
5153	25153	5
5153	25505	1
5153	25799	3
5153	26330	7
5153	26465	7
5153	26485	114
5153	26961	7
5153	27319	3
5153	27887	10
5153	28137	1
5153	28668	2
5153	29121	1
5153	29520	11
5153	29704	2
5153	29961	3
5153	30042	5
5153	30477	1
5153	30712	6
5153	31086	3
5153	31114	11
5153	31279	3
5153	31302	28
5153	31388	33
5153	31439	26
5153	31714	162
5153	31955	2
5153	32012	12
5153	32688	7
5153	33200	2
5153	33223	1
5153	33248	3
5153	33271	1
5153	33278	4
5153	33288	1
5153	33310	8
5153	33340	1
5153	33357	7
5153	33385	1
5153	33419	1
5153	33622	1
5153	34077	1
5153	34135	2
5153	34166	4
5153	34175	2
5153	34186	2
5153	34247	5
5153	34270	4
5153	34322	9
5153	34372	1
5153	34543	1
5153	34647	26
5153	34894	2
5153	34898	7
5153	34992	5
5153	34998	30
5153	35067	11
5153	35291	1
5153	35434	36
5153	35713	5
5153	36565	62
5153	36698	1
5153	36948	25
5153	37103	4
5153	37626	2
5153	38329	6
5153	38446	2
5153	38795	28
5153	38890	2
5153	39051	4
5153	39451	1
5153	40704	56
5153	40754	3
5153	40976	12
5153	42236	1
5153	43056	19
5153	43194	191
5153	43939	1
5153	44138	32
5153	44143	2
5153	44479	1
5153	44571	11
5153	44598	12
5153	44945	1
5153	45039	4
5153	45201	20
5153	45625	1
5153	45766	8
5153	46606	1
5153	46608	1
5153	47249	6
5153	47310	4
5153	48276	36
5153	48605	1
5153	49095	4
5153	49810	2
5153	49979	4
5153	50157	4
5153	50163	9
5153	51999	15
5153	52125	13
5153	52182	26
5153	52196	8
5153	52294	2
5153	52616	7
5153	53953	1
5153	54239	1
5153	54248	7
5153	54857	14
5153	55157	2
5153	55288	14
5153	55415	5
5153	55470	13
5153	55762	53
5153	56117	4
5153	56223	4
5153	56540	23
5153	56554	26
5153	56936	6
5153	56954	1
5153	57325	4
5153	57593	5
5153	57631	2
5153	57645	4
5153	57822	23
5153	57832	3
5153	57957	4
5153	58401	2
5153	58477	3
5153	59087	15
5153	59418	1
5153	59667	1
5153	59727	1
5153	60096	1
5153	60326	12
5153	60894	9
5153	60976	4
5153	61242	9
5153	62563	2
5153	62582	1
5153	62596	2
5153	62650	3
5153	62696	4
5153	62762	3
5153	62799	1
5153	62828	45
5153	62860	5
5153	63525	7
5153	63933	5
5153	64294	1
5153	64552	12
5153	64726	1
5153	64744	2
5153	65135	2
5153	65190	1
5153	65505	5
5153	65524	1
5153	65568	7
5153	65594	2
5153	65679	3
5153	65730	1
5153	66003	10
5153	66237	42
5153	66266	4
5153	66351	1
5153	66472	1
5153	66504	3
5153	66804	1
5153	67129	1
5153	67165	5
5153	67215	1
5153	67268	1
5153	67277	1
5153	67285	2
5153	67336	4
5153	67371	3
5153	67422	1
5153	67482	1
5153	67494	1
5153	67653	1
5153	67670	8
5153	68095	5
5182	5688	4
5182	6261	19
5182	7701	3
5182	7772	1
5182	8495	3
5182	9260	8
5182	9858	1
5182	9868	1
5182	9890	1
5182	10002	3
5182	10024	7
5182	10042	10
5182	10453	19
5182	10459	5
5182	10498	1
5182	10745	3
5182	10748	2
5182	11780	2
5182	11809	1
5182	12520	5
5182	12757	4
5182	13571	1
5182	14548	5
5182	14797	2
5182	14918	2
5182	15844	1
5182	15929	2
5182	16544	2
5182	17657	24
5182	18232	1
5182	19357	1
5182	19679	6
5182	20042	15
5182	20162	3
5182	20454	2
5182	21122	1
5182	21560	1
5182	21780	7
5182	21885	7
5182	22252	21
5182	22388	2
5182	22407	2
5182	22558	2
5182	22711	1
5182	22825	1
5182	22908	3
5182	23437	4
5182	23675	1
5182	23699	4
5182	23744	8
5182	24199	9
5182	24592	1
5182	24703	2
5182	24735	5
5182	24752	6
5182	24777	1
5182	25040	2
5182	25153	4
5182	25163	10
5182	25505	4
5182	25799	34
5182	26330	7
5182	26465	3
5182	26485	62
5182	27319	3
5182	28668	16
5182	29520	2
5182	29647	2
5182	29704	1
5182	30042	1
5182	30477	4
5182	31086	2
5182	31114	31
5182	31279	1
5182	31302	1
5182	31388	1
5182	31955	1
5182	32012	5
5182	32511	4
5182	32522	1
5182	32688	4
5182	33156	1
5182	33200	5
5182	33223	3
5182	33248	2
5182	33261	2
5182	33278	67
5182	33288	2
5182	33310	2
5182	33340	3
5182	33357	19
5182	33385	2
5182	34077	1
5182	34118	5
5182	34135	10
5182	34141	1
5182	34166	7
5182	34175	6
5182	34186	1
5182	34208	6
5182	34270	4
5182	34296	1
5182	34543	1
5182	34894	8
5182	34898	16
5182	34992	1
5182	35067	1
5182	35291	5
5182	35434	53
5182	35713	2
5182	36126	1
5182	36565	64
5182	36698	2
5182	36948	17
5182	37103	1
5182	37626	4
5182	38329	2
5182	38431	4
5182	38724	2
5182	38795	6
5182	39051	1
5182	39451	2
5182	40704	1
5182	40722	2
5182	40754	3
5182	40976	4
5182	42236	1
5182	43056	2
5182	43194	2
5182	43939	2
5182	44598	3
5182	45039	5
5182	45201	6
5182	45766	1
5182	46606	1
5182	46608	1
5182	47077	2
5182	49095	1
5182	49871	2
5182	49979	11
5182	50157	26
5182	51999	15
5182	52125	1
5182	52182	14
5182	52616	2
5182	53674	8
5182	53696	2
5182	54239	1
5182	54248	1
5182	55157	2
5182	55288	5
5182	55378	2
5182	55415	1
5182	55470	5
5182	55762	9
5182	56088	2
5182	56117	4
5182	56223	1
5182	56304	1
5182	56540	2
5182	56554	18
5182	56583	2
5182	56936	1
5182	57208	2
5182	57325	1
5182	57374	3
5182	57382	3
5182	57631	1
5182	57822	14
5182	57825	2
5182	57832	2
5182	58401	1
5182	58477	17
5182	59087	18
5182	59418	1
5182	59667	2
5182	59727	11
5182	60096	1
5182	60326	16
5182	60894	44
5182	60976	3
5182	61013	3
5182	61242	3
5182	61585	33
5182	61697	1
5182	62521	1
5182	62563	2
5182	62582	1
5182	62619	1
5182	62650	4
5182	62696	6
5182	62762	2
5182	62791	2
5182	62799	3
5182	62828	1
5182	62860	3
5182	62898	2
5182	63525	2
5182	63932	5
5182	63933	6
5182	64231	2
5182	64294	1
5182	64532	1
5182	64552	8
5182	64610	1
5182	64675	1
5182	64726	4
5182	64744	7
5182	64805	1
5182	65135	1
5182	65150	1
5182	65180	5
5182	65477	5
5182	65568	3
5182	65588	3
5182	65594	9
5182	65679	4
5182	65730	1
5182	65757	4
5182	66003	45
5182	66040	2
5182	66266	2
5182	66472	2
5182	66504	1
5182	67165	8
5182	67209	1
5182	67249	3
5182	67260	3
5182	67285	2
5182	67308	5
5182	67336	2
5182	67371	1
5182	67422	1
5182	67474	1
5182	67494	2
5182	67653	1
5182	67733	2
5182	67768	5
5182	67980	1
5688	6261	33
5688	6444	25
5688	6825	30
5688	7701	5
5688	7772	13
5688	7999	17
5688	8495	7
5688	8893	27
5688	9260	14
5688	9795	3
5688	9858	13
5688	9868	17
5688	9890	14
5688	9911	44
5688	9970	9
5688	10002	3
5688	10024	25
5688	10042	16
5688	10073	4
5688	10198	8
5688	10453	3
5688	10498	5
5688	10745	8
5688	10748	5
5688	11531	2
5688	11780	51
5688	11809	91
5688	12520	16
5688	12691	1
5688	12757	2
5688	12867	19
5688	13248	23
5688	13571	33
5688	14050	3
5688	14548	35
5688	14797	25
5688	14918	2
5688	14971	3
5688	15844	10
5688	15929	29
5688	16544	2
5688	16832	5
5688	17297	4
5688	17657	107
5688	18232	77
5688	18901	35
5688	19049	3
5688	19357	33
5688	19665	2
5688	19679	23
5688	19949	17
5688	20042	15
5688	20102	5
5688	20162	40
5688	20454	20
5688	20945	17
5688	21122	10
5688	21560	3
5688	21780	241
5688	21885	36
5688	22237	35
5688	22252	3
5688	22388	11
5688	22407	1
5688	22558	28
5688	22711	6
5688	22825	22
5688	22886	20
5688	22908	37
5688	23437	4
5688	23675	21
5688	23699	194
5688	23744	70
5688	23774	6
5688	24199	20
5688	24451	25
5688	24592	2
5688	24703	5
5688	24735	5
5688	24752	2
5688	24777	7
5688	25153	3
5688	25163	2
5688	25505	7
5688	25799	5
5688	26330	12
5688	26465	19
5688	26485	924
5688	26961	96
5688	27162	13
5688	27319	20
5688	27887	4
5688	28668	4
5688	29121	9
5688	29520	65
5688	29621	8
5688	29647	7
5688	29704	12
5688	29835	2
5688	29961	8
5688	30042	8
5688	30204	2
5688	30477	2
5688	30712	52
5688	31086	3
5688	31114	24
5688	31279	6
5688	31302	5
5688	31388	18
5688	31439	30
5688	31584	26
5688	31714	42
5688	31955	14
5688	32012	27
5688	32502	13
5688	32511	2
5688	32522	5
5688	32579	6
5688	32688	14
5688	33156	28
5688	33181	2
5688	33200	41
5688	33223	20
5688	33248	13
5688	33261	16
5688	33271	2
5688	33278	20
5688	33288	9
5688	33310	17
5688	33340	44
5688	33357	44
5688	33385	53
5688	33419	16
5688	33622	2
5688	34077	6
5688	34090	6
5688	34118	21
5688	34135	31
5688	34141	1
5688	34159	13
5688	34166	46
5688	34175	7
5688	34186	21
5688	34208	16
5688	34247	14
5688	34270	41
5688	34296	25
5688	34322	24
5688	34372	2
5688	34543	4
5688	34647	33
5688	34894	11
5688	34898	34
5688	34992	10
5688	34998	11
5688	35067	135
5688	35291	6
5688	35434	162
5688	35713	40
5688	36126	16
5688	36558	2
5688	36565	210
5688	36698	53
5688	36948	95
5688	37103	5
5688	37626	4
5688	38329	293
5688	38431	3
5688	38446	1
5688	38724	3
5688	38795	6
5688	39051	3
5688	39451	1
5688	40704	22
5688	40722	27
5688	40754	7
5688	40976	31
5688	42236	14
5688	43056	87
5688	43194	204
5688	43763	8
5688	43939	9
5688	44138	41
5688	44143	23
5688	44571	2
5688	44598	221
5688	44895	40
5688	44945	1
5688	45039	8
5688	45201	29
5688	45625	3
5688	45766	6
5688	46138	13
5688	46606	16
5688	46608	60
5688	47077	3
5688	47249	11
5688	47310	6
5688	48276	13
5688	48605	3
5688	49095	7
5688	49810	7
5688	49871	2
5688	49979	14
5688	50157	20
5688	50163	8
5688	50245	23
5688	50644	28
5688	51999	404
5688	52125	6
5688	52182	177
5688	52196	22
5688	52294	37
5688	52414	2
5688	52616	25
5688	53674	4
5688	53696	8
5688	53953	2
5688	54239	26
5688	54248	125
5688	54368	30
5688	54857	14
5688	54884	5
5688	55157	22
5688	55288	51
5688	55378	26
5688	55415	38
5688	55470	20
5688	55693	65
5688	55762	18
5688	56088	16
5688	56117	59
5688	56223	5
5688	56540	17
5688	56554	181
5688	56583	2
5688	56936	51
5688	56954	6
5688	57001	23
5688	57208	1
5688	57325	3
5688	57374	1
5688	57382	2
5688	57593	12
5688	57631	8
5688	57645	23
5688	57742	5
5688	57822	72
5688	57825	4
5688	57832	5
5688	57878	10
5688	57957	3
5688	58477	17
5688	59087	146
5688	59418	7
5688	59667	9
5688	59727	25
5688	60025	2
5688	60096	1
5688	60326	20
5688	60894	58
5688	60976	16
5688	61242	14
5688	61279	18
5688	61585	7
5688	61697	6
5688	62162	5
5688	62521	11
5688	62563	8
5688	62582	44
5688	62596	12
5688	62605	3
5688	62619	26
5688	62650	112
5688	62696	40
5688	62762	16
5688	62791	1
5688	62799	27
5688	62828	30
5688	62860	48
5688	62898	11
5688	63525	64
5688	63932	49
5688	63933	7
5688	64231	19
5688	64294	4
5688	64532	8
5688	64552	15
5688	64569	6
5688	64610	35
5688	64675	2
5688	64726	2
5688	64744	3
5688	64805	4
5688	65135	2
5688	65150	3
5688	65157	13
5688	65180	4
5688	65190	13
5688	65399	4
5688	65477	33
5688	65505	5
5688	65524	5
5688	65568	15
5688	65588	6
5688	65594	12
5688	65605	14
5688	65623	17
5688	65679	19
5688	65730	1
5688	65757	41
5688	66003	134
5688	66040	29
5688	66237	22
5688	66266	17
5688	66351	19
5688	66433	4
5688	66472	13
5688	66504	27
5688	66804	3
5688	67058	13
5688	67129	15
5688	67147	5
5688	67165	26
5688	67189	30
5688	67209	10
5688	67215	12
5688	67249	9
5688	67260	8
5688	67268	6
5688	67277	7
5688	67285	10
5688	67308	24
5688	67336	50
5688	67371	16
5688	67422	7
5688	67474	7
5688	67482	11
5688	67494	16
5688	67653	1
5688	67670	5
5688	67733	6
5688	67768	23
5688	67977	31
5688	67980	47
6261	6444	18
6261	6825	13
6261	7701	23
6261	7772	172
6261	7999	8
6261	8495	63
6261	8893	21
6261	9260	29
6261	9795	57
6261	9858	8
6261	9868	14
6261	9890	19
6261	9911	8
6261	9970	38
6261	10002	6
6261	10024	24
6261	10042	49
6261	10073	4
6261	10453	15
6261	10459	12
6261	10498	6
6261	10745	43
6261	10748	11
6261	11531	26
6261	11780	8
6261	11809	15
6261	12520	270
6261	12691	2
6261	12757	8
6261	12867	5
6261	13571	9
6261	14050	2
6261	14548	59
6261	14797	20
6261	14918	14
6261	14971	2
6261	15844	9
6261	15929	3
6261	16286	70
6261	16544	42
6261	16832	50
6261	17297	3
6261	17657	1526
6261	18232	9
6261	18901	11
6261	19049	1
6261	19357	86
6261	19665	40
6261	19679	1
6261	19949	125
6261	20042	91
6261	20102	10
6261	20162	36
6261	20454	6
6261	20945	4
6261	21122	131
6261	21560	9
6261	21780	378
6261	21885	19
6261	22237	6
6261	22252	49
6261	22388	5
6261	22407	127
6261	22558	9
6261	22711	74
6261	22825	26
6261	22886	5
6261	22908	16
6261	23437	11
6261	23675	14
6261	23699	131
6261	23744	240
6261	23774	5
6261	24199	28
6261	24451	24
6261	24592	50
6261	24703	7
6261	24735	12
6261	24752	16
6261	24777	31
6261	25040	56
6261	25153	19
6261	25163	25
6261	25505	9
6261	25799	26
6261	26330	14
6261	26465	143
6261	26485	702
6261	26961	9
6261	26974	1
6261	27162	5
6261	27319	11
6261	27887	8
6261	28137	3
6261	28668	6
6261	29121	10
6261	29520	32
6261	29621	13
6261	29647	8
6261	29704	37
6261	29835	3
6261	29961	22
6261	30042	24
6261	30204	33
6261	30477	29
6261	30712	12
6261	31086	23
6261	31114	58
6261	31279	9
6261	31302	25
6261	31388	22
6261	31439	1
6261	31714	11
6261	31955	6
6261	32012	355
6261	32502	16
6261	32511	12
6261	32522	2
6261	32579	15
6261	32688	21
6261	33156	16
6261	33181	3
6261	33200	26
6261	33223	12
6261	33248	10
6261	33261	10
6261	33271	33
6261	33278	98
6261	33288	7
6261	33310	27
6261	33340	17
6261	33357	40
6261	33385	17
6261	33419	13
6261	33622	22
6261	34077	32
6261	34090	7
6261	34118	19
6261	34135	13
6261	34141	15
6261	34159	8
6261	34166	28
6261	34175	23
6261	34186	13
6261	34208	3
6261	34247	10
6261	34270	19
6261	34296	2
6261	34322	5
6261	34372	13
6261	34543	7
6261	34647	9
6261	34894	14
6261	34898	107
6261	34992	10
6261	34998	130
6261	35067	47
6261	35291	39
6261	35434	265
6261	35713	3
6261	36126	7
6261	36558	15
6261	36565	480
6261	36698	49
6261	36948	1359
6261	37103	7
6261	37626	9
6261	38329	39
6261	38431	12
6261	38446	1
6261	38724	111
6261	38795	9
6261	38890	18
6261	39051	12
6261	39451	6
6261	40704	157
6261	40722	14
6261	40754	9
6261	40976	49
6261	42236	5
6261	42528	15
6261	43056	133
6261	43194	119
6261	43763	9
6261	43939	53
6261	44138	26
6261	44143	30
6261	44479	238
6261	44571	12
6261	44598	69
6261	44895	1
6261	44945	22
6261	45039	164
6261	45201	142
6261	45625	33
6261	45766	7
6261	46138	1
6261	46606	16
6261	46608	12
6261	47077	197
6261	47249	14
6261	47310	9
6261	48276	2
6261	48605	2
6261	49095	14
6261	49810	143
6261	49871	5
6261	49979	50
6261	50157	21
6261	50163	107
6261	50644	3
6261	51999	72
6261	52125	29
6261	52182	252
6261	52196	6
6261	52294	1
6261	52414	144
6261	52616	17
6261	53674	8
6261	53696	13
6261	53953	32
6261	54239	22
6261	54248	14
6261	54368	2
6261	54857	15
6261	54884	71
6261	55157	78
6261	55288	30
6261	55378	14
6261	55415	36
6261	55470	241
6261	55693	7
6261	55762	28
6261	56088	30
6261	56117	51
6261	56223	24
6261	56304	13
6261	56540	12
6261	56554	315
6261	56583	6
6261	56936	43
6261	56954	3
6261	57001	8
6261	57208	30
6261	57325	75
6261	57374	270
6261	57382	19
6261	57587	12
6261	57593	9
6261	57631	10
6261	57645	12
6261	57742	10
6261	57822	104
6261	57825	14
6261	57832	9
6261	57878	4
6261	57957	5
6261	58401	7
6261	58477	159
6261	59087	95
6261	59418	20
6261	59667	37
6261	59727	11
6261	60025	12
6261	60096	34
6261	60326	440
6261	60894	164
6261	60976	416
6261	61013	7
6261	61242	123
6261	61279	11
6261	61585	9
6261	61697	29
6261	62162	12
6261	62521	26
6261	62563	84
6261	62582	20
6261	62596	6
6261	62605	5
6261	62619	15
6261	62650	23
6261	62696	34
6261	62762	10
6261	62791	7
6261	62799	17
6261	62828	9
6261	62860	36
6261	62898	15
6261	63525	33
6261	63932	17
6261	63933	34
6261	64231	26
6261	64294	12
6261	64532	5
6261	64552	70
6261	64569	11
6261	64610	9
6261	64675	54
6261	64726	30
6261	64744	25
6261	64805	8
6261	65135	6
6261	65150	9
6261	65157	1
6261	65180	14
6261	65190	13
6261	65399	22
6261	65477	13
6261	65505	53
6261	65524	1
6261	65568	30
6261	65588	6
6261	65594	52
6261	65605	13
6261	65679	40
6261	65730	17
6261	65757	3
6261	66003	106
6261	66040	30
6261	66237	7
6261	66266	54
6261	66351	7
6261	66433	8
6261	66472	13
6261	66504	12
6261	66804	79
6261	67058	5
6261	67129	5
6261	67147	4
6261	67165	26
6261	67189	32
6261	67209	15
6261	67215	22
6261	67249	19
6261	67260	6
6261	67268	13
6261	67277	2
6261	67285	8
6261	67308	42
6261	67336	27
6261	67371	14
6261	67422	16
6261	67474	4
6261	67482	9
6261	67494	4
6261	67653	9
6261	67670	6
6261	67733	12
6261	67768	15
6261	67980	15
6261	68095	14
6444	6825	1
6444	7701	2
6444	7772	4
6444	7999	5
6444	8495	6
6444	8893	5
6444	9260	1
6444	9858	1
6444	9890	1
6444	9911	6
6444	10198	2
6444	10453	1
6444	10745	2
6444	10748	3
6444	11531	2
6444	11780	1
6444	11809	10
6444	12520	2
6444	12867	1
6444	13248	21
6444	13571	3
6444	14050	3
6444	14548	3
6444	14797	8
6444	15844	1
6444	15929	3
6444	16286	1
6444	16832	1
6444	17297	1
6444	17657	39
6444	18232	4
6444	18901	2
6444	19357	6
6444	19679	10
6444	19949	2
6444	20162	6
6444	20454	6
6444	20945	2
6444	21122	7
6444	21780	57
6444	21885	5
6444	22237	14
6444	22558	14
6444	22711	1
6444	22825	4
6444	22886	1
6444	22908	27
6444	23699	16
6444	23744	3
6444	24199	3
6444	24451	10
6444	24703	1
6444	24735	2
6444	25505	2
6444	25799	2
6444	26330	4
6444	26465	2
6444	26485	177
6444	26961	6
6444	27319	2
6444	27887	3
6444	28668	5
6444	29121	2
6444	29520	6
6444	29621	1
6444	29647	1
6444	29704	2
6444	29835	1
6444	29961	2
6444	30042	1
6444	30204	1
6444	30712	1
6444	31086	1
6444	31114	1
6444	31279	2
6444	31302	2
6444	31388	4
6444	31439	2
6444	31584	2
6444	31714	4
6444	31955	3
6444	32012	17
6444	32502	2
6444	32522	1
6444	32688	6
6444	33156	1
6444	33200	3
6444	33310	2
6444	33340	2
6444	33357	7
6444	33385	3
6444	33419	3
6444	34077	1
6444	34118	3
6444	34175	1
6444	34186	2
6444	34247	2
6444	34270	5
6444	34296	2
6444	34322	1
6444	34647	4
6444	34894	5
6444	34898	6
6444	34992	6
6444	34998	2
6444	35067	21
6444	35291	1
6444	35434	36
6444	35713	4
6444	36565	59
6444	36698	30
6444	36948	32
6444	38329	11
6444	38795	3
6444	38890	1
6444	40704	15
6444	40722	3
6444	40754	6
6444	40976	4
6444	42236	3
6444	42528	1
6444	43056	3
6444	43194	23
6444	43939	6
6444	44138	3
6444	44143	9
6444	44479	1
6444	44571	2
6444	44598	2
6444	45039	3
6444	45201	10
6444	45625	1
6444	46138	1
6444	46606	21
6444	46608	14
6444	47249	3
6444	48276	1
6444	50157	1
6444	50163	3
6444	50644	3
6444	51999	32
6444	52125	1
6444	52182	50
6444	52196	2
6444	52616	9
6444	53674	1
6444	53696	1
6444	54239	13
6444	54248	19
6444	54857	3
6444	54884	1
6444	55157	9
6444	55288	15
6444	55378	2
6444	55415	9
6444	55470	7
6444	55693	1
6444	55762	7
6444	56088	8
6444	56117	25
6444	56304	1
6444	56540	2
6444	56554	46
6444	56583	2
6444	56936	2
6444	57001	3
6444	57374	1
6444	57593	2
6444	57631	3
6444	57645	3
6444	57822	5
6444	57832	3
6444	58401	2
6444	58477	8
6444	59087	22
6444	59418	2
6444	59727	1
6444	60326	4
6444	60894	23
6444	60976	1
6444	61242	6
6444	61279	9
6444	61697	6
6444	62162	2
6444	62563	2
6444	62582	3
6444	62619	1
6444	62650	10
6444	62696	5
6444	62762	4
6444	62799	6
6444	62828	2
6444	62860	6
6444	62898	4
6444	63525	12
6444	63932	9
6444	63933	6
6444	64532	1
6444	64552	3
6444	64569	2
6444	64675	1
6444	64744	1
6444	65150	1
6444	65157	1
6444	65190	3
6444	65399	1
6444	65477	2
6444	65505	3
6444	65524	1
6444	65568	1
6444	65588	2
6444	65605	3
6444	65623	2
6444	65679	2
6444	65757	8
6444	66003	1
6444	66237	2
6444	66266	1
6444	66351	4
6444	66504	2
6444	66804	6
6444	67129	2
6444	67165	3
6444	67189	2
6444	67215	3
6444	67249	1
6444	67260	3
6444	67268	1
6444	67277	1
6444	67336	1
6444	67371	1
6444	67422	1
6444	67474	2
6444	67482	5
6444	67494	2
6444	67977	3
6444	67980	8
6825	7772	3
6825	7999	4
6825	8495	3
6825	8893	34
6825	9260	1
6825	9795	8
6825	9858	5
6825	9868	1
6825	9911	21
6825	10042	6
6825	10073	2
6825	10198	15
6825	10453	3
6825	10459	1
6825	10745	11
6825	10748	2
6825	11531	6
6825	11780	5
6825	11809	6
6825	12520	3
6825	12691	5
6825	12757	2
6825	12867	27
6825	13571	4
6825	14548	12
6825	14797	3
6825	14918	3
6825	14971	1
6825	15929	2
6825	16286	2
6825	16544	3
6825	16832	2
6825	17297	2
6825	17657	67
6825	18232	4
6825	18901	5
6825	19357	82
6825	19665	3
6825	19679	6
6825	19949	19
6825	20042	2
6825	20102	11
6825	20162	19
6825	20454	1
6825	20945	17
6825	21122	14
6825	21560	1
6825	21780	76
6825	22237	7
6825	22388	4
6825	22407	1
6825	22711	7
6825	22825	3
6825	22886	6
6825	22908	3
6825	23675	10
6825	23699	9
6825	23744	38
6825	23774	1
6825	24199	4
6825	24592	1
6825	24735	1
6825	24752	1
6825	24777	1
6825	25040	2
6825	25153	1
6825	25505	1
6825	25799	1
6825	26330	4
6825	26465	11
6825	26485	160
6825	26961	20
6825	27162	1
6825	27319	1
6825	27887	10
6825	28137	5
6825	29121	6
6825	29520	18
6825	29647	3
6825	29704	5
6825	29835	3
6825	29961	4
6825	30042	10
6825	30204	1
6825	30477	3
6825	30712	39
6825	31086	3
6825	31114	3
6825	31302	5
6825	31388	24
6825	31439	28
6825	31714	141
6825	31955	5
6825	32012	19
6825	32579	1
6825	32688	5
6825	33156	4
6825	33200	11
6825	33223	3
6825	33248	2
6825	33271	3
6825	33278	5
6825	33310	4
6825	33340	5
6825	33357	8
6825	33385	9
6825	33419	3
6825	33622	3
6825	34077	4
6825	34090	1
6825	34135	3
6825	34141	2
6825	34159	2
6825	34166	23
6825	34175	1
6825	34186	8
6825	34208	3
6825	34247	7
6825	34270	9
6825	34296	2
6825	34322	7
6825	34372	1
6825	34647	37
6825	34894	1
6825	34898	12
6825	34992	1
6825	34998	39
6825	35067	33
6825	35434	28
6825	35713	24
6825	36558	3
6825	36565	75
6825	36698	5
6825	36948	44
6825	37103	2
6825	38329	20
6825	38446	1
6825	38724	5
6825	38795	3
6825	38890	5
6825	39051	1
6825	39451	3
6825	40704	29
6825	40722	3
6825	40976	11
6825	42236	3
6825	43056	69
6825	43194	240
6825	43939	4
6825	44138	45
6825	44143	3
6825	44479	2
6825	44571	13
6825	44598	21
6825	44945	3
6825	45039	5
6825	45201	11
6825	45625	2
6825	45766	2
6825	46138	1
6825	46606	1
6825	46608	3
6825	47077	2
6825	47249	14
6825	47310	1
6825	48276	40
6825	49095	2
6825	49810	11
6825	49979	5
6825	50157	1
6825	50163	12
6825	50245	2
6825	50644	1
6825	51999	31
6825	52125	10
6825	52182	33
6825	52196	18
6825	52294	13
6825	52414	2
6825	52616	5
6825	53953	2
6825	54239	4
6825	54248	15
6825	54857	28
6825	55157	9
6825	55288	13
6825	55378	7
6825	55415	3
6825	55470	13
6825	55693	1
6825	55762	3
6825	56088	2
6825	56117	8
6825	56223	3
6825	56540	12
6825	56554	24
6825	56936	16
6825	56954	2
6825	57001	2
6825	57208	2
6825	57325	12
6825	57374	1
6825	57382	1
6825	57593	3
6825	57631	5
6825	57645	18
6825	57742	1
6825	57822	36
6825	57832	1
6825	58401	3
6825	58477	8
6825	59087	29
6825	59418	3
6825	59667	4
6825	60025	3
6825	60096	2
6825	60326	11
6825	60894	10
6825	60976	5
6825	61013	1
6825	61242	4
6825	61279	1
6825	61585	1
6825	62521	1
6825	62563	2
6825	62582	5
6825	62596	4
6825	62605	3
6825	62619	2
6825	62650	12
6825	62696	3
6825	62762	4
6825	62791	1
6825	62799	12
6825	62828	21
6825	62860	8
6825	62898	3
6825	63525	4
6825	63932	4
6825	63933	2
6825	64231	1
6825	64552	17
6825	64569	3
6825	64610	4
6825	64675	1
6825	64726	1
6825	64744	2
6825	65135	4
6825	65157	3
6825	65180	3
6825	65190	6
6825	65399	8
6825	65477	4
6825	65505	11
6825	65524	1
6825	65568	10
6825	65588	1
6825	65605	4
6825	65623	1
6825	65679	4
6825	65730	2
6825	65757	1
6825	66003	30
6825	66040	2
6825	66237	13
6825	66266	5
6825	66351	5
6825	66472	2
6825	66504	3
6825	66804	15
6825	67058	1
6825	67129	1
6825	67165	4
6825	67189	7
6825	67215	1
6825	67277	1
6825	67285	7
6825	67308	5
6825	67336	10
6825	67371	1
6825	67482	2
6825	67494	1
6825	67653	2
6825	67670	4
6825	67768	2
6825	67980	4
7701	8495	4
7701	8893	2
7701	9260	42
7701	9795	10
7701	9868	3
7701	9890	6
7701	9911	5
7701	10002	3
7701	10024	22
7701	10042	12
7701	10198	3
7701	10459	16
7701	10498	8
7701	10745	22
7701	10748	16
7701	11809	4
7701	12757	4
7701	14050	18
7701	14548	5
7701	14971	12
7701	15844	21
7701	15929	1
7701	16544	8
7701	17297	1
7701	17657	63
7701	18901	1
7701	19357	2
7701	20042	246
7701	20162	5
7701	20945	3
7701	21122	87
7701	21560	7
7701	21780	8
7701	22237	1
7701	22252	68
7701	22407	7
7701	22711	2
7701	22825	4
7701	22886	4
7701	23437	14
7701	23699	5
7701	23744	82
7701	24199	4
7701	24592	3
7701	24703	4
7701	24735	8
7701	24752	15
7701	25040	1
7701	25153	18
7701	25163	33
7701	25505	47
7701	26465	16
7701	26485	132
7701	29121	7
7701	29520	10
7701	29647	8
7701	29704	16
7701	29835	3
7701	29961	5
7701	30042	4
7701	30477	6
7701	30712	2
7701	31086	7
7701	31114	7
7701	31279	136
7701	31439	2
7701	31955	1
7701	32012	3
7701	32511	12
7701	32688	3
7701	33156	1
7701	33181	1
7701	33200	10
7701	33223	3
7701	33288	8
7701	33310	5
7701	33340	10
7701	33357	1
7701	33385	8
7701	33419	1
7701	33622	1
7701	34077	1
7701	34118	2
7701	34135	7
7701	34141	8
7701	34166	6
7701	34175	24
7701	34186	5
7701	34270	15
7701	34543	13
7701	34647	2
7701	34894	53
7701	34898	107
7701	34998	5
7701	35067	7
7701	35291	1
7701	35434	14
7701	36558	1
7701	36565	50
7701	36948	42
7701	37103	27
7701	37626	17
7701	38329	12
7701	38431	13
7701	38446	30
7701	38724	1
7701	38795	1
7701	38890	3
7701	39051	21
7701	40704	40
7701	40754	109
7701	40976	3
7701	43056	2
7701	43194	6
7701	43939	2
7701	44143	38
7701	44598	9
7701	45039	13
7701	45201	15
7701	45766	48
7701	46138	4
7701	46606	1
7701	46608	4
7701	47077	3
7701	47310	1
7701	48276	1
7701	48605	1
7701	49095	206
7701	49810	1
7701	49871	6
7701	49979	3
7701	50163	1
7701	51999	7
7701	52182	30
7701	53674	6
7701	53696	5
7701	54857	1
7701	55157	15
7701	55288	1
7701	55470	11
7701	55762	61
7701	56088	2
7701	56117	3
7701	56223	18
7701	56304	3
7701	56540	8
7701	56554	10
7701	56583	19
7701	56936	10
7701	56954	3
7701	57325	8
7701	57374	2
7701	57382	10
7701	57593	4
7701	57631	3
7701	57742	1
7701	57822	10
7701	57825	68
7701	57832	2
7701	57878	3
7701	57957	1
7701	58401	9
7701	58477	20
7701	59087	7
7701	59667	63
7701	60025	4
7701	60096	6
7701	60326	15
7701	60894	12
7701	61013	4
7701	61697	1
7701	62521	12
7701	62563	4
7701	62605	4
7701	62619	16
7701	62696	7
7701	62762	9
7701	62791	3
7701	62799	11
7701	62828	8
7701	62860	3
7701	62898	12
7701	63933	39
7701	64294	5
7701	64532	3
7701	64552	56
7701	64726	4
7701	64744	4
7701	64805	37
7701	65135	3
7701	65180	5
7701	65190	1
7701	65399	3
7701	65477	9
7701	65505	1
7701	65568	11
7701	65594	127
7701	65679	23
7701	65730	6
7701	66003	6
7701	66040	4
7701	66266	26
7701	66433	1
7701	66804	14
7701	67129	1
7701	67147	1
7701	67165	6
7701	67189	2
7701	67209	3
7701	67215	1
7701	67249	9
7701	67268	1
7701	67285	4
7701	67308	5
7701	67336	38
7701	67422	4
7701	67474	1
7701	67494	3
7701	67670	3
7701	67733	7
7701	67768	19
7772	7999	4
7772	8495	8
7772	8893	18
7772	9260	2
7772	9795	11
7772	9858	2
7772	9868	4
7772	9890	2
7772	9911	7
7772	9970	1
7772	10002	1
7772	10024	3
7772	10042	9
7772	10073	3
7772	10198	5
7772	10453	2
7772	10459	1
7772	10745	4
7772	10748	2
7772	11531	23
7772	11780	2
7772	11809	5
7772	12520	36
7772	12691	1
7772	12867	2
7772	14548	1
7772	14797	2
7772	14918	5
7772	14971	1
7772	15844	18
7772	16286	34
7772	16544	4
7772	16832	16
7772	17297	1
7772	17657	432
7772	18232	2
7772	18901	5
7772	19357	41
7772	19665	14
7772	19949	79
7772	20042	4
7772	20102	8
7772	20162	23
7772	21122	35
7772	21560	3
7772	21780	115
7772	21885	7
7772	22237	4
7772	22252	1
7772	22407	42
7772	22558	4
7772	22711	20
7772	22825	2
7772	22886	1
7772	22908	4
7772	23675	3
7772	23699	78
7772	23744	64
7772	24199	2
7772	24451	2
7772	24592	6
7772	24703	4
7772	24735	2
7772	24752	3
7772	24777	5
7772	25040	14
7772	25153	5
7772	25505	1
7772	25799	6
7772	26330	4
7772	26465	60
7772	26485	240
7772	26961	6
7772	27162	2
7772	27319	3
7772	27887	9
7772	28668	1
7772	29121	4
7772	29520	8
7772	29621	1
7772	29647	4
7772	29704	24
7772	29961	7
7772	30042	6
7772	30204	19
7772	30477	4
7772	30712	3
7772	31086	5
7772	31114	3
7772	31279	2
7772	31302	2
7772	31388	9
7772	31439	1
7772	31584	3
7772	31714	11
7772	31955	1
7772	32012	112
7772	32502	9
7772	32579	1
7772	32688	7
7772	33156	3
7772	33181	3
7772	33200	2
7772	33248	2
7772	33261	4
7772	33271	15
7772	33278	14
7772	33310	24
7772	33340	1
7772	33357	16
7772	33385	4
7772	33419	2
7772	33622	6
7772	34077	4
7772	34135	1
7772	34141	2
7772	34159	2
7772	34166	7
7772	34186	1
7772	34208	4
7772	34247	5
7772	34270	5
7772	34372	1
7772	34543	1
7772	34647	10
7772	34894	3
7772	34898	12
7772	34992	2
7772	34998	98
7772	35067	13
7772	35291	7
7772	35434	34
7772	35713	1
7772	36558	5
7772	36565	118
7772	36698	9
7772	36948	307
7772	37626	4
7772	38329	25
7772	38446	1
7772	38724	38
7772	38795	2
7772	38890	2
7772	39451	3
7772	40704	40
7772	40722	5
7772	40976	11
7772	42236	6
7772	43056	15
7772	43194	53
7772	43763	2
7772	43939	18
7772	44138	21
7772	44143	7
7772	44479	25
7772	44571	5
7772	44598	33
7772	44945	57
7772	45039	54
7772	45201	29
7772	45625	4
7772	46138	1
7772	46606	1
7772	46608	4
7772	47077	46
7772	47249	4
7772	47310	4
7772	48276	10
7772	48605	2
7772	49095	3
7772	49810	69
7772	49979	27
7772	50157	3
7772	50163	50
7772	51999	21
7772	52125	16
7772	52182	64
7772	52196	1
7772	52414	51
7772	52616	1
7772	53696	2
7772	53953	14
7772	54239	8
7772	54248	5
7772	54368	2
7772	54857	10
7772	54884	77
7772	55157	19
7772	55288	9
7772	55378	6
7772	55415	2
7772	55470	99
7772	55762	1
7772	56088	5
7772	56117	7
7772	56223	7
7772	56304	1
7772	56540	1
7772	56554	72
7772	56583	1
7772	56936	7
7772	56954	1
7772	57001	1
7772	57208	3
7772	57325	28
7772	57374	32
7772	57382	4
7772	57593	2
7772	57631	3
7772	57645	5
7772	57742	13
7772	57822	32
7772	57832	1
7772	57878	4
7772	57957	1
7772	58401	1
7772	58477	6
7772	59087	36
7772	59418	16
7772	59667	10
7772	59727	2
7772	60025	7
7772	60096	2
7772	60326	205
7772	60894	36
7772	60976	157
7772	61013	3
7772	61242	21
7772	61697	6
7772	62162	4
7772	62521	1
7772	62563	12
7772	62582	7
7772	62596	2
7772	62605	1
7772	62619	1
7772	62650	2
7772	62696	7
7772	62762	9
7772	62791	1
7772	62799	2
7772	62828	2
7772	62860	18
7772	62898	9
7772	63525	15
7772	63932	11
7772	63933	2
7772	64552	11
7772	64569	3
7772	64675	9
7772	64726	5
7772	64744	4
7772	65150	5
7772	65157	1
7772	65190	7
7772	65399	7
7772	65477	1
7772	65505	54
7772	65524	5
7772	65568	3
7772	65588	1
7772	65594	7
7772	65605	13
7772	65679	15
7772	65730	3
7772	65757	1
7772	66003	26
7772	66040	1
7772	66237	2
7772	66266	24
7772	66433	7
7772	66472	3
7772	66504	3
7772	66804	4
7772	67129	3
7772	67147	2
7772	67165	5
7772	67189	4
7772	67209	2
7772	67215	2
7772	67249	6
7772	67260	3
7772	67277	3
7772	67285	7
7772	67308	15
7772	67336	19
7772	67371	5
7772	67422	2
7772	67494	7
7772	67653	8
7772	67670	6
7772	67768	2
7772	67980	1
7772	68095	5
7999	8495	5
7999	8893	6
7999	9858	6
7999	9911	3
7999	10042	2
7999	10073	1
7999	10198	3
7999	10453	2
7999	10498	1
7999	10745	3
7999	10748	2
7999	11780	3
7999	12520	8
7999	12867	4
7999	13571	2
7999	14548	52
7999	14797	17
7999	16544	4
7999	16832	1
7999	17297	1
7999	17657	33
7999	18232	7
7999	18901	1
7999	19357	1
7999	19679	27
7999	19949	3
7999	20042	11
7999	20102	1
7999	20454	1
7999	21122	6
7999	21560	1
7999	21780	50
7999	22237	5
7999	22252	1
7999	22388	1
7999	22558	7
7999	22711	1
7999	22825	5
7999	22908	22
7999	23675	3
7999	23699	9
7999	23744	14
7999	23774	1
7999	24199	10
7999	24703	1
7999	25163	2
7999	25799	1
7999	26330	7
7999	26465	2
7999	26485	139
7999	26961	4
7999	27319	4
7999	27887	1
7999	29121	2
7999	29520	17
7999	29647	1
7999	29835	1
7999	29961	3
7999	30042	4
7999	30477	1
7999	30712	4
7999	31086	9
7999	31114	2
7999	31302	13
7999	31388	1
7999	31714	1
7999	31955	3
7999	32012	3
7999	32522	1
7999	32688	11
7999	33156	3
7999	33200	1
7999	33271	1
7999	33278	19
7999	33310	1
7999	33340	2
7999	33357	3
7999	33385	1
7999	33419	1
7999	33622	2
7999	34090	1
7999	34166	1
7999	34175	2
7999	34186	3
7999	34208	2
7999	34247	3
7999	34372	1
7999	34543	2
7999	34647	6
7999	34894	3
7999	34898	7
7999	34992	1
7999	35067	9
7999	35291	3
7999	35434	117
7999	36558	2
7999	36565	56
7999	36698	3
7999	36948	21
7999	38329	11
7999	38795	5
7999	38890	6
7999	39051	1
7999	40704	32
7999	40722	2
7999	40976	23
7999	42236	2
7999	43056	5
7999	43194	24
7999	44138	2
7999	44143	8
7999	44479	1
7999	44571	1
7999	44598	7
7999	45039	2
7999	45201	72
7999	45625	6
7999	45766	4
7999	46138	2
7999	46606	6
7999	46608	13
7999	47249	1
7999	49979	8
7999	50157	9
7999	51999	22
7999	52182	34
7999	52196	4
7999	52616	24
7999	53674	1
7999	54239	1
7999	54248	14
7999	54857	1
7999	54884	1
7999	55157	13
7999	55288	42
7999	55378	3
7999	55415	10
7999	55470	7
7999	55693	1
7999	55762	9
7999	56088	3
7999	56117	21
7999	56223	2
7999	56540	8
7999	56554	40
7999	56936	5
7999	57208	5
7999	57325	4
7999	57374	1
7999	57593	23
7999	57631	8
7999	57645	1
7999	57742	1
7999	57822	17
7999	57832	20
7999	57957	2
7999	58401	2
7999	58477	7
7999	59087	10
7999	59418	2
7999	59667	4
7999	59727	11
7999	60025	2
7999	60096	1
7999	60326	7
7999	60894	15
7999	60976	1
7999	61585	3
7999	62521	1
7999	62596	1
7999	62619	1
7999	62650	3
7999	62696	3
7999	62799	1
7999	62828	4
7999	62860	4
7999	62898	1
7999	63525	8
7999	63932	10
7999	63933	1
7999	64231	2
7999	64552	1
7999	64569	3
7999	64726	2
7999	64744	1
7999	65150	3
7999	65157	1
7999	65180	1
7999	65477	1
7999	65568	2
7999	65588	1
7999	65594	6
7999	65623	1
7999	65679	1
7999	66003	8
7999	66040	3
7999	66237	8
7999	66266	3
7999	66351	3
7999	66504	3
7999	66804	2
7999	67058	1
7999	67165	1
7999	67277	1
7999	67285	1
7999	67336	4
7999	67371	1
7999	67482	3
7999	67670	1
7999	67980	4
8495	8893	3
8495	9260	6
8495	9795	11
8495	9858	4
8495	9868	1
8495	9890	1
8495	9911	5
8495	9970	4
8495	10024	1
8495	10042	8
8495	10453	6
8495	10498	1
8495	10745	2
8495	10748	4
8495	11531	5
8495	11780	3
8495	12520	7
8495	12757	4
8495	13248	1
8495	13571	4
8495	14050	1
8495	14548	21
8495	14797	6
8495	14971	1
8495	15844	2
8495	15929	1
8495	16286	4
8495	16544	2
8495	16832	5
8495	17297	1
8495	17657	120
8495	18232	6
8495	18901	2
8495	19357	7
8495	19679	12
8495	19949	10
8495	20042	13
8495	20102	1
8495	20162	7
8495	20454	4
8495	21122	13
8495	21560	1
8495	21780	78
8495	21885	3
8495	22237	12
8495	22252	4
8495	22388	1
8495	22407	10
8495	22558	16
8495	22711	4
8495	22825	3
8495	22886	2
8495	22908	13
8495	23675	3
8495	23699	12
8495	23744	27
8495	23774	1
8495	24199	16
8495	24592	7
8495	24703	3
8495	24752	2
8495	24777	4
8495	25040	5
8495	25153	1
8495	25799	3
8495	26330	5
8495	26465	9
8495	26485	205
8495	26961	1
8495	27319	2
8495	28668	24
8495	29121	1
8495	29520	2
8495	29647	1
8495	29704	5
8495	29835	2
8495	29961	4
8495	30042	3
8495	30204	3
8495	30477	9
8495	30712	2
8495	31086	4
8495	31114	10
8495	31302	8
8495	31388	1
8495	31584	1
8495	31714	5
8495	31955	3
8495	32012	32
8495	32502	3
8495	32522	1
8495	32579	2
8495	32688	14
8495	33156	3
8495	33181	3
8495	33200	3
8495	33223	1
8495	33248	1
8495	33261	3
8495	33271	5
8495	33278	12
8495	33310	3
8495	33340	2
8495	33357	4
8495	33385	4
8495	33419	2
8495	33622	4
8495	34077	4
8495	34118	1
8495	34135	2
8495	34141	1
8495	34159	1
8495	34166	12
8495	34175	1
8495	34186	2
8495	34208	1
8495	34247	1
8495	34270	6
8495	34296	1
8495	34543	3
8495	34647	3
8495	34894	5
8495	34898	20
8495	34992	9
8495	34998	13
8495	35067	20
8495	35291	6
8495	35434	120
8495	36126	1
8495	36565	138
8495	36698	8
8495	36948	88
8495	37103	2
8495	37626	3
8495	38329	8
8495	38431	1
8495	38724	3
8495	38890	2
8495	39051	4
8495	40704	18
8495	40722	8
8495	40754	1
8495	40976	11
8495	42236	5
8495	43056	7
8495	43194	12
8495	43763	1
8495	43939	5
8495	44138	1
8495	44143	11
8495	44479	1
8495	44571	3
8495	44598	8
8495	45039	16
8495	45201	47
8495	45625	1
8495	45766	1
8495	46138	7
8495	46606	8
8495	46608	28
8495	47077	14
8495	47310	1
8495	49095	5
8495	49810	6
8495	49871	3
8495	49979	8
8495	50157	2
8495	50163	20
8495	50245	1
8495	50644	1
8495	51999	34
8495	52125	7
8495	52182	51
8495	52414	8
8495	52616	10
8495	53953	3
8495	54239	3
8495	54248	18
8495	54857	2
8495	55157	14
8495	55288	9
8495	55378	6
8495	55415	14
8495	55470	21
8495	55693	1
8495	55762	1
8495	56088	4
8495	56117	55
8495	56223	3
8495	56304	1
8495	56540	8
8495	56554	116
8495	56936	4
8495	57001	1
8495	57208	1
8495	57325	8
8495	57374	20
8495	57382	28
8495	57593	3
8495	57631	3
8495	57645	6
8495	57742	2
8495	57822	11
8495	57825	4
8495	57832	11
8495	57957	1
8495	58401	3
8495	58477	13
8495	59087	15
8495	59418	4
8495	59667	8
8495	59727	24
8495	60025	3
8495	60096	4
8495	60326	36
8495	60894	27
8495	60976	13
8495	61242	2
8495	61279	4
8495	61585	20
8495	61697	4
8495	62162	3
8495	62563	5
8495	62582	3
8495	62596	1
8495	62619	1
8495	62650	6
8495	62696	5
8495	62762	1
8495	62791	2
8495	62799	9
8495	62828	4
8495	62860	4
8495	62898	2
8495	63525	9
8495	63932	6
8495	63933	3
8495	64231	2
8495	64552	5
8495	64569	1
8495	64675	5
8495	64726	2
8495	64744	7
8495	65180	2
8495	65190	1
8495	65399	1
8495	65477	3
8495	65505	4
8495	65568	3
8495	65594	7
8495	65605	1
8495	65679	3
8495	65730	1
8495	65757	1
8495	66003	32
8495	66040	3
8495	66266	3
8495	66351	5
8495	66433	3
8495	66472	2
8495	66804	5
8495	67058	1
8495	67129	1
8495	67165	3
8495	67189	5
8495	67249	3
8495	67260	1
8495	67268	3
8495	67277	1
8495	67285	4
8495	67308	4
8495	67336	6
8495	67422	2
8495	67482	1
8495	67494	1
8495	67768	2
8495	67977	1
8495	67980	7
8495	68095	1
8893	9260	2
8893	9795	37
8893	9858	18
8893	9868	2
8893	9890	7
8893	9911	13
8893	9970	4
8893	10024	5
8893	10042	6
8893	10073	9
8893	10198	20
8893	10453	1
8893	10745	14
8893	10748	25
8893	11531	1
8893	11809	12
8893	12520	21
8893	12757	6
8893	12867	36
8893	13248	1
8893	14050	1
8893	14548	15
8893	14797	4
8893	14918	1
8893	14971	4
8893	15844	2
8893	15929	5
8893	16286	13
8893	16544	4
8893	17657	199
8893	18232	4
8893	18901	5
8893	19357	145
8893	19665	1
8893	19679	9
8893	19949	7
8893	20042	7
8893	20102	20
8893	20162	18
8893	20945	37
8893	21122	10
8893	21780	142
8893	21885	4
8893	22237	10
8893	22252	2
8893	22407	6
8893	22558	2
8893	22711	6
8893	22825	5
8893	22886	3
8893	23437	2
8893	23675	4
8893	23699	12
8893	23744	56
8893	24199	5
8893	24451	18
8893	24592	2
8893	24735	2
8893	24777	1
8893	25040	6
8893	25163	1
8893	25505	1
8893	25799	3
8893	26330	2
8893	26465	34
8893	26485	280
8893	26961	22
8893	27162	2
8893	27319	2
8893	27887	61
8893	28137	3
8893	29121	6
8893	29520	32
8893	29621	3
8893	29704	2
8893	29835	2
8893	29961	1
8893	30042	11
8893	30204	6
8893	30477	7
8893	30712	42
8893	31086	4
8893	31114	3
8893	31279	13
8893	31302	16
8893	31388	98
8893	31439	33
8893	31714	206
8893	31955	18
8893	32012	47
8893	32511	1
8893	32522	1
8893	32688	5
8893	33156	1
8893	33181	1
8893	33200	10
8893	33223	4
8893	33248	8
8893	33261	6
8893	33271	4
8893	33278	2
8893	33288	1
8893	33310	9
8893	33340	4
8893	33357	21
8893	33385	16
8893	33419	2
8893	33622	6
8893	34077	6
8893	34090	3
8893	34118	3
8893	34135	3
8893	34141	6
8893	34159	2
8893	34166	15
8893	34175	6
8893	34186	4
8893	34208	6
8893	34247	3
8893	34270	6
8893	34296	4
8893	34322	14
8893	34647	85
8893	34894	2
8893	34898	13
8893	34992	3
8893	34998	96
8893	35067	44
8893	35291	2
8893	35434	42
8893	35713	74
8893	36126	1
8893	36558	5
8893	36565	145
8893	36698	24
8893	36948	138
8893	37103	7
8893	37626	1
8893	38329	11
8893	38446	1
8893	38724	13
8893	38795	1
8893	38890	2
8893	39051	2
8893	39451	3
8893	40704	66
8893	40722	4
8893	40754	3
8893	40976	18
8893	42236	9
8893	43056	63
8893	43194	462
8893	43939	6
8893	44138	163
8893	44143	9
8893	44479	5
8893	44571	74
8893	44598	22
8893	44945	27
8893	45039	29
8893	45201	28
8893	45625	5
8893	45766	4
8893	46138	1
8893	46606	4
8893	46608	6
8893	47249	36
8893	47310	2
8893	48276	75
8893	48605	1
8893	49095	6
8893	49810	4
8893	49979	1
8893	50157	3
8893	50163	63
8893	50245	2
8893	51999	39
8893	52125	24
8893	52182	75
8893	52196	24
8893	52294	16
8893	52414	10
8893	52616	11
8893	53696	1
8893	53953	7
8893	54239	3
8893	54248	25
8893	54857	98
8893	55157	8
8893	55288	17
8893	55378	3
8893	55415	7
8893	55470	74
8893	55762	11
8893	56088	3
8893	56117	6
8893	56223	7
8893	56304	2
8893	56540	29
8893	56554	55
8893	56936	10
8893	57001	1
8893	57208	2
8893	57325	42
8893	57374	6
8893	57587	2
8893	57593	6
8893	57631	18
8893	57645	18
8893	57742	5
8893	57822	29
8893	57825	2
8893	57832	4
8893	57957	9
8893	58401	3
8893	58477	3
8893	59087	46
8893	59418	2
8893	59667	5
8893	59727	3
8893	60025	7
8893	60096	5
8893	60326	47
8893	60894	10
8893	60976	11
8893	61013	1
8893	61242	4
8893	61279	1
8893	61585	2
8893	62521	1
8893	62563	9
8893	62582	1
8893	62596	1
8893	62605	2
8893	62650	10
8893	62696	3
8893	62762	7
8893	62799	2
8893	62828	38
8893	62860	11
8893	62898	8
8893	63525	7
8893	63932	2
8893	63933	1
8893	64532	2
8893	64552	11
8893	64569	2
8893	64610	1
8893	64726	4
8893	64744	7
8893	65135	3
8893	65180	1
8893	65399	9
8893	65477	3
8893	65505	25
8893	65524	5
8893	65568	21
8893	65588	11
8893	65594	8
8893	65605	3
8893	65623	3
8893	65679	4
8893	65730	21
8893	65757	1
8893	66003	11
8893	66040	1
8893	66237	56
8893	66266	27
8893	66351	1
8893	66504	10
8893	66804	26
8893	67129	3
8893	67165	8
8893	67189	6
8893	67209	1
8893	67215	3
8893	67268	3
8893	67277	2
8893	67285	2
8893	67308	18
8893	67336	6
8893	67371	1
8893	67422	4
8893	67482	5
8893	67494	3
8893	67653	1
8893	67670	25
8893	67768	3
8893	68095	4
9260	9795	1
9260	9858	3
9260	9868	34
9260	9890	38
9260	9911	58
9260	9970	5
9260	10002	29
9260	10024	77
9260	10042	33
9260	10073	5
9260	10459	29
9260	10498	22
9260	10745	8
9260	10748	14
9260	11809	4
9260	12691	38
9260	12757	25
9260	12867	1
9260	13571	2
9260	14050	3
9260	14548	4
9260	14918	3
9260	14971	55
9260	15844	42
9260	15929	1
9260	16544	5
9260	16832	8
9260	17657	74
9260	18232	1
9260	18901	2
9260	19049	3
9260	19679	3
9260	19949	6
9260	20042	53
9260	20162	7
9260	21122	34
9260	21560	31
9260	21780	12
9260	21885	3
9260	22252	151
9260	22388	2
9260	22407	15
9260	22711	2
9260	22825	6
9260	22908	2
9260	23437	43
9260	23675	2
9260	23699	22
9260	23744	75
9260	24199	5
9260	24451	1
9260	24592	49
9260	24703	74
9260	24735	84
9260	24752	86
9260	24777	2
9260	25040	6
9260	25153	58
9260	25163	61
9260	25505	52
9260	25799	11
9260	26330	5
9260	26465	4
9260	26485	85
9260	26961	4
9260	26974	18
9260	27162	19
9260	27319	1
9260	28668	1
9260	29121	1
9260	29520	3
9260	29621	11
9260	29647	36
9260	29704	147
9260	29835	13
9260	29961	7
9260	30042	10
9260	30477	8
9260	30712	7
9260	31086	8
9260	31114	13
9260	31279	11
9260	31388	2
9260	31714	1
9260	32012	11
9260	32502	7
9260	32511	36
9260	32579	27
9260	32688	1
9260	33156	3
9260	33181	12
9260	33200	30
9260	33223	13
9260	33248	16
9260	33261	19
9260	33278	3
9260	33288	26
9260	33310	9
9260	33340	17
9260	33357	16
9260	33385	40
9260	33419	7
9260	33622	1
9260	34077	5
9260	34090	3
9260	34118	5
9260	34135	33
9260	34141	39
9260	34159	8
9260	34166	13
9260	34175	104
9260	34186	39
9260	34208	7
9260	34247	14
9260	34270	68
9260	34296	56
9260	34543	80
9260	34647	1
9260	34894	34
9260	34898	262
9260	34998	9
9260	35067	9
9260	35434	20
9260	36558	3
9260	36565	35
9260	36698	2
9260	36948	35
9260	37103	21
9260	37626	18
9260	38329	9
9260	38431	21
9260	38446	2
9260	38724	1
9260	38795	6
9260	38890	1
9260	39051	14
9260	39451	6
9260	40704	21
9260	40722	2
9260	40754	20
9260	42236	1
9260	42528	6
9260	43056	6
9260	43194	7
9260	43763	11
9260	43939	3
9260	44138	3
9260	44143	5
9260	44479	2
9260	44598	16
9260	44895	16
9260	45039	6
9260	45201	12
9260	46138	10
9260	46606	1
9260	46608	8
9260	47077	11
9260	47310	36
9260	48605	23
9260	49095	58
9260	49810	1
9260	49871	9
9260	49979	6
9260	50157	6
9260	50163	1
9260	51999	16
9260	52182	13
9260	52196	1
9260	52294	1
9260	52616	3
9260	53674	19
9260	53696	8
9260	54248	2
9260	54368	4
9260	54857	1
9260	54884	6
9260	55157	12
9260	55378	1
9260	55415	2
9260	55470	11
9260	55762	2
9260	56117	5
9260	56223	13
9260	56304	8
9260	56540	1
9260	56554	28
9260	56583	21
9260	56936	37
9260	56954	17
9260	57001	10
9260	57325	30
9260	57374	1
9260	57382	12
9260	57587	18
9260	57593	7
9260	57742	2
9260	57822	7
9260	57825	34
9260	57878	5
9260	58401	19
9260	58477	16
9260	59087	22
9260	59418	3
9260	59667	17
9260	60025	6
9260	60096	5
9260	60326	6
9260	60894	7
9260	60976	5
9260	61013	40
9260	61279	1
9260	61585	1
9260	62521	94
9260	62563	13
9260	62582	8
9260	62596	6
9260	62605	17
9260	62619	40
9260	62650	56
9260	62696	22
9260	62762	12
9260	62791	7
9260	62799	40
9260	62828	35
9260	62860	27
9260	62898	65
9260	63525	1
9260	63932	2
9260	63933	46
9260	64294	26
9260	64532	10
9260	64552	250
9260	64569	6
9260	64610	1
9260	64726	8
9260	64744	10
9260	64805	23
9260	65135	13
9260	65150	3
9260	65157	8
9260	65180	60
9260	65190	14
9260	65399	4
9260	65477	39
9260	65505	6
9260	65524	3
9260	65568	109
9260	65588	15
9260	65594	161
9260	65605	5
9260	65623	9
9260	65679	193
9260	65730	5
9260	65757	1
9260	66003	7
9260	66040	6
9260	66266	7
9260	66433	7
9260	66472	11
9260	66504	5
9260	66804	7
9260	67129	3
9260	67147	29
9260	67165	35
9260	67189	33
9260	67209	11
9260	67215	9
9260	67249	19
9260	67260	6
9260	67268	3
9260	67277	5
9260	67285	20
9260	67308	38
9260	67336	47
9260	67371	23
9260	67422	22
9260	67474	1
9260	67482	5
9260	67494	16
9260	67653	7
9260	67670	4
9260	67733	120
9260	67768	54
9260	68095	10
9795	9858	1
9795	9868	15
9795	9890	14
9795	9911	2
9795	9970	23
9795	10024	57
9795	10042	19
9795	10073	29
9795	10198	5
9795	10745	1
9795	10748	1
9795	11531	5
9795	11809	2
9795	12520	3
9795	12757	1
9795	12867	2
9795	14548	2
9795	14797	1
9795	16286	70
9795	16544	1
9795	16832	1
9795	17657	245
9795	18232	1
9795	19357	71
9795	19665	4
9795	19949	10
9795	20042	4
9795	20102	4
9795	20162	4
9795	21122	27
9795	21780	46
9795	21885	2
9795	22237	1
9795	22407	40
9795	22711	4
9795	22825	1
9795	22908	2
9795	23675	1
9795	23699	7
9795	23744	30
9795	24592	50
9795	24735	1
9795	25040	6
9795	25505	1
9795	26465	59
9795	26485	54
9795	26961	3
9795	27162	14
9795	27319	1
9795	27887	5
9795	28137	19
9795	29121	3
9795	29520	2
9795	29704	1
9795	29835	3
9795	29961	1
9795	30042	9
9795	30204	20
9795	30477	1
9795	30712	1
9795	31086	1
9795	31279	1
9795	31302	1
9795	31388	4
9795	31439	2
9795	31714	3
9795	32012	377
9795	33156	2
9795	33200	2
9795	33223	2
9795	33248	1
9795	33261	71
9795	33271	12
9795	33278	5
9795	33310	1
9795	33340	14
9795	33357	5
9795	33385	2
9795	33419	14
9795	33622	5
9795	34077	27
9795	34090	42
9795	34118	1
9795	34135	14
9795	34141	56
9795	34166	3
9795	34186	1
9795	34247	1
9795	34270	1
9795	34322	3
9795	34647	8
9795	34894	15
9795	34898	10
9795	34998	41
9795	35067	4
9795	35291	1
9795	35434	1
9795	35713	4
9795	36558	2
9795	36565	64
9795	36698	1
9795	36948	267
9795	37103	1
9795	37626	1
9795	38329	7
9795	38431	3
9795	38724	25
9795	38890	3
9795	39451	1
9795	40704	10
9795	40722	1
9795	40754	2
9795	40976	3
9795	42236	1
9795	43056	23
9795	43194	59
9795	43939	11
9795	44138	14
9795	44143	2
9795	44479	1
9795	44571	13
9795	44598	7
9795	44945	3
9795	45039	69
9795	45201	1
9795	45625	2
9795	46608	3
9795	47077	2
9795	47249	5
9795	48276	9
9795	49095	2
9795	49810	25
9795	49979	1
9795	50157	1
9795	50163	289
9795	51999	4
9795	52125	80
9795	52182	4
9795	52196	1
9795	52294	4
9795	52414	36
9795	53953	71
9795	54239	1
9795	54248	1
9795	54368	1
9795	54857	19
9795	54884	2
9795	55157	2
9795	55288	1
9795	55378	1
9795	55415	1
9795	55470	81
9795	55762	4
9795	56088	1
9795	56117	2
9795	56223	2
9795	56304	4
9795	56540	6
9795	56554	39
9795	56936	4
9795	56954	1
9795	57325	14
9795	57374	47
9795	57382	2
9795	57631	3
9795	57822	6
9795	57957	1
9795	58401	1
9795	59087	8
9795	59418	1
9795	59667	4
9795	60326	109
9795	60894	2
9795	60976	39
9795	61242	3
9795	61697	1
9795	62521	6
9795	62563	9
9795	62596	1
9795	62605	15
9795	62650	23
9795	62696	2
9795	62762	16
9795	62799	2
9795	62828	1
9795	62860	10
9795	62898	14
9795	63932	1
9795	63933	1
9795	64532	14
9795	64552	13
9795	64569	1
9795	64675	10
9795	65135	2
9795	65399	3
9795	65505	20
9795	65524	2
9795	65568	13
9795	65588	1
9795	65594	1
9795	65605	15
9795	65679	21
9795	65730	267
9795	66003	12
9795	66237	3
9795	66266	5
9795	66472	1
9795	66504	16
9795	66804	8
9795	67147	1
9795	67165	17
9795	67189	1
9795	67215	2
9795	67277	14
9795	67285	15
9795	67308	141
9795	67336	2
9795	67422	29
9795	67482	14
9795	68095	23
9858	9868	3
9858	9890	5
9858	9911	6
9858	10002	1
9858	10024	6
9858	10042	8
9858	10073	5
9858	10198	1
9858	10453	1
9858	10459	2
9858	10498	1
9858	10745	6
9858	10748	5
9858	11531	1
9858	11780	7
9858	11809	4
9858	12520	2
9858	12691	2
9858	12757	2
9858	12867	3
9858	13248	2
9858	13571	3
9858	14548	7
9858	14797	4
9858	14918	1
9858	15844	1
9858	16286	3
9858	16544	1
9858	17297	1
9858	17657	30
9858	18232	2
9858	19357	4
9858	19665	3
9858	19679	7
9858	19949	4
9858	20042	4
9858	20102	1
9858	20162	10
9858	20454	2
9858	20945	13
9858	21122	4
9858	21560	1
9858	21780	32
9858	21885	1
9858	22237	3
9858	22252	2
9858	22388	2
9858	22407	3
9858	22558	5
9858	22711	1
9858	22825	3
9858	22886	1
9858	22908	4
9858	23437	1
9858	23675	1
9858	23699	1
9858	23744	12
9858	24199	3
9858	24592	2
9858	24703	6
9858	24735	2
9858	24752	5
9858	24777	1
9858	25040	1
9858	25153	1
9858	25163	1
9858	25505	3
9858	25799	3
9858	26330	1
9858	26465	4
9858	26485	91
9858	26961	4
9858	27162	2
9858	27319	1
9858	27887	2
9858	28137	2
9858	28668	3
9858	29520	5
9858	29647	2
9858	29704	3
9858	29835	1
9858	30042	3
9858	30204	2
9858	30712	2
9858	31114	3
9858	31302	5
9858	31388	22
9858	31714	11
9858	31955	2
9858	32012	12
9858	32502	7
9858	32511	1
9858	32522	1
9858	32579	1
9858	32688	3
9858	33156	4
9858	33181	2
9858	33200	14
9858	33223	4
9858	33248	8
9858	33261	3
9858	33271	2
9858	33278	4
9858	33288	3
9858	33310	4
9858	33340	6
9858	33357	10
9858	33385	21
9858	33419	2
9858	34077	7
9858	34090	1
9858	34118	7
9858	34135	3
9858	34141	2
9858	34159	2
9858	34166	9
9858	34186	7
9858	34208	3
9858	34247	7
9858	34270	10
9858	34296	8
9858	34647	8
9858	34894	5
9858	34898	5
9858	34998	7
9858	35067	8
9858	35434	14
9858	35713	3
9858	36126	1
9858	36558	1
9858	36565	20
9858	36698	3
9858	36948	18
9858	37103	1
9858	37626	2
9858	38329	15
9858	38795	1
9858	38890	1
9858	39051	3
9858	39451	2
9858	40704	8
9858	40722	4
9858	40976	6
9858	43056	2
9858	43194	41
9858	43763	1
9858	43939	2
9858	44138	9
9858	44143	2
9858	44479	2
9858	44571	5
9858	44598	11
9858	44945	16
9858	45039	1
9858	45201	4
9858	45766	2
9858	46606	1
9858	46608	4
9858	47249	4
9858	47310	1
9858	48276	7
9858	48605	1
9858	49095	1
9858	49810	1
9858	50157	2
9858	50163	12
9858	51999	9
9858	52125	3
9858	52182	14
9858	52196	3
9858	52294	3
9858	52414	1
9858	52616	5
9858	53674	1
9858	53696	8
9858	53953	2
9858	54239	3
9858	54248	8
9858	54368	1
9858	54857	5
9858	54884	2
9858	55157	2
9858	55288	7
9858	55378	3
9858	55415	2
9858	55470	4
9858	55762	12
9858	56117	4
9858	56223	3
9858	56540	21
9858	56554	9
9858	56583	2
9858	56936	7
9858	56954	4
9858	57001	6
9858	57208	1
9858	57325	5
9858	57593	1
9858	57631	1
9858	57645	1
9858	57822	7
9858	57825	1
9858	57832	3
9858	57878	2
9858	58401	2
9858	58477	1
9858	59087	13
9858	59418	1
9858	59667	3
9858	59727	1
9858	60096	2
9858	60326	15
9858	60894	8
9858	60976	5
9858	61242	2
9858	61279	2
9858	62521	1
9858	62563	10
9858	62582	11
9858	62596	1
9858	62605	3
9858	62619	8
9858	62650	16
9858	62696	10
9858	62762	7
9858	62791	2
9858	62799	8
9858	62828	16
9858	62860	16
9858	62898	4
9858	63525	3
9858	63933	3
9858	64294	1
9858	64552	2
9858	64569	1
9858	64610	2
9858	64675	5
9858	64744	2
9858	64805	1
9858	65135	1
9858	65150	2
9858	65180	2
9858	65190	3
9858	65477	1
9858	65505	6
9858	65524	2
9858	65568	4
9858	65588	3
9858	65594	2
9858	65605	2
9858	65679	3
9858	65757	4
9858	66003	10
9858	66237	3
9858	66266	2
9858	66351	6
9858	66433	3
9858	66472	3
9858	66504	4
9858	67058	2
9858	67129	3
9858	67147	2
9858	67165	4
9858	67189	7
9858	67209	1
9858	67249	4
9858	67260	3
9858	67268	3
9858	67277	3
9858	67285	17
9858	67308	14
9858	67336	15
9858	67371	10
9858	67422	3
9858	67474	1
9858	67482	8
9858	67494	1
9858	67653	2
9858	67670	8
9858	67768	7
9858	67977	2
9858	67980	1
9858	68095	1
9868	9890	9
9868	9911	12
9868	9970	1
9868	10002	10
9868	10024	26
9868	10042	9
9868	10073	6
9868	10453	1
9868	10459	1
9868	10498	4
9868	10745	14
9868	10748	7
9868	11531	4
9868	11780	3
9868	11809	2
9868	12520	3
9868	12691	4
9868	12757	8
9868	13571	10
9868	14971	11
9868	15844	3
9868	15929	3
9868	16286	4
9868	16832	5
9868	17297	2
9868	17657	45
9868	18232	2
9868	18901	1
9868	19049	17
9868	19357	4
9868	19949	9
9868	20042	8
9868	20162	2
9868	20454	1
9868	21122	18
9868	21560	8
9868	21780	38
9868	21885	1
9868	22237	5
9868	22252	15
9868	22388	2
9868	22407	11
9868	22558	1
9868	22711	3
9868	22908	2
9868	23437	5
9868	23699	13
9868	23744	26
9868	23774	17
9868	24199	1
9868	24592	18
9868	24703	24
9868	24735	18
9868	24752	28
9868	24777	2
9868	25040	3
9868	25153	24
9868	25163	2
9868	25505	10
9868	25799	4
9868	26330	2
9868	26465	2
9868	26485	112
9868	26961	13
9868	27162	12
9868	27319	5
9868	27887	1
9868	28137	1
9868	28668	2
9868	29121	4
9868	29520	8
9868	29621	4
9868	29647	12
9868	29704	40
9868	29835	6
9868	29961	1
9868	30042	7
9868	30204	1
9868	30477	1
9868	30712	2
9868	31086	2
9868	31114	5
9868	31279	1
9868	32012	28
9868	32502	6
9868	32511	8
9868	32522	2
9868	32579	7
9868	32688	1
9868	33156	7
9868	33181	5
9868	33200	16
9868	33223	17
9868	33248	8
9868	33261	13
9868	33271	2
9868	33278	2
9868	33288	7
9868	33310	4
9868	33340	17
9868	33357	14
9868	33385	35
9868	33419	8
9868	33622	1
9868	34077	2
9868	34090	10
9868	34118	9
9868	34135	11
9868	34141	13
9868	34159	3
9868	34166	9
9868	34175	16
9868	34186	9
9868	34208	2
9868	34247	17
9868	34270	25
9868	34296	8
9868	34322	1
9868	34543	24
9868	34647	2
9868	34894	5
9868	34898	66
9868	34992	2
9868	34998	6
9868	35067	11
9868	35434	9
9868	36126	1
9868	36565	28
9868	36698	1
9868	36948	25
9868	37103	4
9868	37626	2
9868	38329	5
9868	38890	1
9868	39051	2
9868	39451	1
9868	40704	8
9868	40976	2
9868	42236	1
9868	42528	2
9868	43056	16
9868	43194	13
9868	43763	6
9868	43939	2
9868	44138	2
9868	44143	1
9868	44479	9
9868	44598	24
9868	45039	7
9868	45201	4
9868	46138	3
9868	46608	6
9868	47077	15
9868	47310	8
9868	48605	8
9868	49095	12
9868	49810	2
9868	49979	2
9868	50157	7
9868	50163	12
9868	50245	1
9868	50644	1
9868	51999	16
9868	52125	4
9868	52182	9
9868	52294	1
9868	52414	6
9868	52616	1
9868	53674	2
9868	53696	2
9868	53953	5
9868	54239	5
9868	54248	12
9868	54368	1
9868	54857	1
9868	55157	2
9868	55378	8
9868	55415	1
9868	55470	4
9868	56117	2
9868	56223	3
9868	56304	2
9868	56540	1
9868	56554	17
9868	56583	11
9868	56936	27
9868	56954	7
9868	57001	11
9868	57374	3
9868	57382	4
9868	57587	2
9868	57593	1
9868	57631	1
9868	57822	4
9868	57878	6
9868	58401	7
9868	58477	2
9868	59087	31
9868	59667	2
9868	60096	1
9868	60326	12
9868	60894	2
9868	60976	4
9868	61013	11
9868	61242	1
9868	61279	1
9868	61585	1
9868	61697	2
9868	62521	13
9868	62563	6
9868	62582	5
9868	62596	8
9868	62605	9
9868	62619	8
9868	62650	29
9868	62696	24
9868	62762	10
9868	62791	7
9868	62799	14
9868	62828	16
9868	62860	17
9868	62898	24
9868	63525	1
9868	63932	4
9868	63933	11
9868	64294	3
9868	64532	2
9868	64552	56
9868	64569	6
9868	64610	1
9868	64675	6
9868	64744	1
9868	64805	5
9868	65135	5
9868	65150	7
9868	65157	6
9868	65180	25
9868	65190	10
9868	65399	1
9868	65477	10
9868	65505	6
9868	65524	2
9868	65568	20
9868	65588	10
9868	65594	29
9868	65605	6
9868	65623	2
9868	65679	44
9868	65730	18
9868	65757	104
9868	66003	6
9868	66351	7
9868	66433	5
9868	66472	10
9868	66504	1
9868	67058	23
9868	67129	8
9868	67147	8
9868	67165	21
9868	67189	10
9868	67209	7
9868	67215	7
9868	67249	2
9868	67260	4
9868	67268	1
9868	67277	9
9868	67285	15
9868	67308	30
9868	67336	12
9868	67371	10
9868	67422	4
9868	67474	2
9868	67482	6
9868	67494	6
9868	67653	1
9868	67670	1
9868	67733	10
9868	67768	14
9868	67977	5
9868	68095	3
9890	9911	13
9890	9970	7
9890	10002	14
9890	10024	23
9890	10042	20
9890	10073	12
9890	10198	1
9890	10459	13
9890	10498	6
9890	10745	13
9890	10748	13
9890	11780	4
9890	11809	4
9890	12691	2
9890	12757	17
9890	13248	7
9890	14050	6
9890	14548	1
9890	14971	4
9890	15844	10
9890	15929	2
9890	16286	4
9890	16544	6
9890	17657	57
9890	18232	2
9890	18901	2
9890	19049	14
9890	19357	7
9890	19679	2
9890	19949	1
9890	20042	13
9890	20102	1
9890	20162	4
9890	20454	1
9890	20945	2
9890	21122	27
9890	21560	13
9890	21780	30
9890	21885	4
9890	22237	4
9890	22252	31
9890	22407	14
9890	22558	2
9890	22711	2
9890	22825	1
9890	22886	5
9890	22908	12
9890	23437	15
9890	23699	17
9890	23744	39
9890	23774	21
9890	24199	4
9890	24451	10
9890	24592	11
9890	24703	6
9890	24735	21
9890	24752	17
9890	24777	8
9890	25040	1
9890	25153	47
9890	25163	28
9890	25505	11
9890	25799	4
9890	26330	3
9890	26465	5
9890	26485	119
9890	26961	5
9890	26974	51
9890	27162	7
9890	27319	3
9890	27887	1
9890	28137	1
9890	29520	7
9890	29621	10
9890	29647	11
9890	29704	77
9890	29835	8
9890	29961	2
9890	30042	5
9890	30204	2
9890	30477	17
9890	30712	6
9890	31086	3
9890	31114	3
9890	31279	5
9890	31388	2
9890	31439	1
9890	31714	2
9890	31955	2
9890	32012	22
9890	32502	4
9890	32511	21
9890	32522	4
9890	32579	12
9890	32688	1
9890	33156	7
9890	33181	5
9890	33200	18
9890	33223	12
9890	33248	11
9890	33261	12
9890	33271	7
9890	33278	4
9890	33288	8
9890	33310	16
9890	33340	12
9890	33357	35
9890	33385	36
9890	33419	7
9890	33622	1
9890	34077	6
9890	34090	10
9890	34118	14
9890	34135	10
9890	34141	13
9890	34159	13
9890	34166	9
9890	34175	40
9890	34186	21
9890	34208	7
9890	34247	9
9890	34270	31
9890	34296	15
9890	34322	1
9890	34372	2
9890	34543	20
9890	34647	1
9890	34894	20
9890	34898	90
9890	34992	3
9890	34998	1
9890	35067	11
9890	35291	4
9890	35434	14
9890	36126	4
9890	36558	1
9890	36565	31
9890	36698	2
9890	36948	25
9890	37103	6
9890	37626	2
9890	38329	13
9890	38431	32
9890	38446	1
9890	38724	1
9890	38890	3
9890	39051	8
9890	39451	4
9890	40704	22
9890	40722	3
9890	40754	6
9890	40976	4
9890	42236	4
9890	42528	5
9890	43056	14
9890	43194	17
9890	43763	3
9890	43939	3
9890	44138	3
9890	44143	7
9890	44479	7
9890	44571	3
9890	44598	8
9890	44945	1
9890	45039	4
9890	45201	7
9890	45766	2
9890	46606	2
9890	46608	7
9890	47077	3
9890	47249	1
9890	47310	7
9890	48276	2
9890	48605	8
9890	49095	15
9890	49810	1
9890	49871	2
9890	49979	7
9890	50157	4
9890	50163	14
9890	50644	1
9890	51999	18
9890	52125	5
9890	52182	9
9890	52414	3
9890	52616	3
9890	53674	10
9890	53696	4
9890	53953	3
9890	54239	2
9890	54248	10
9890	54857	3
9890	54884	6
9890	55157	4
9890	55288	1
9890	55378	3
9890	55415	2
9890	55470	11
9890	55693	2
9890	55762	6
9890	56088	1
9890	56117	2
9890	56223	13
9890	56304	5
9890	56540	1
9890	56554	17
9890	56583	17
9890	56936	19
9890	56954	1
9890	57001	8
9890	57208	1
9890	57325	13
9890	57374	2
9890	57382	47
9890	57587	92
9890	57593	1
9890	57645	1
9890	57742	2
9890	57822	12
9890	57825	10
9890	57878	6
9890	57957	5
9890	58401	7
9890	58477	3
9890	59087	13
9890	59418	4
9890	59667	9
9890	59727	1
9890	60025	4
9890	60326	13
9890	60894	10
9890	60976	7
9890	61013	8
9890	61279	4
9890	61585	2
9890	61697	1
9890	62162	1
9890	62521	31
9890	62563	10
9890	62582	8
9890	62596	6
9890	62605	17
9890	62619	11
9890	62650	31
9890	62696	17
9890	62762	11
9890	62791	7
9890	62799	17
9890	62828	16
9890	62860	31
9890	62898	25
9890	63525	3
9890	63932	1
9890	63933	12
9890	64294	15
9890	64532	10
9890	64552	70
9890	64569	10
9890	64610	2
9890	64675	4
9890	64726	1
9890	64744	3
9890	64805	18
9890	65135	6
9890	65157	8
9890	65180	15
9890	65190	5
9890	65399	4
9890	65477	20
9890	65505	1
9890	65524	6
9890	65568	21
9890	65588	4
9890	65594	54
9890	65605	6
9890	65623	2
9890	65679	48
9890	65730	19
9890	65757	4
9890	66003	7
9890	66237	1
9890	66266	4
9890	66351	1
9890	66433	14
9890	66472	19
9890	66504	4
9890	66804	8
9890	67058	19
9890	67129	10
9890	67147	5
9890	67165	15
9890	67189	21
9890	67209	10
9890	67215	5
9890	67249	11
9890	67260	3
9890	67268	12
9890	67277	5
9890	67285	12
9890	67308	30
9890	67336	26
9890	67371	28
9890	67422	8
9890	67474	4
9890	67482	8
9890	67494	7
9890	67653	8
9890	67670	1
9890	67733	12
9890	67768	21
9890	67977	26
9890	67980	2
9890	68095	12
9911	9970	6
9911	10002	10
9911	10024	9
9911	10042	7
9911	10073	3
9911	10198	1
9911	10453	1
9911	10459	8
9911	10498	5
9911	10745	13
9911	10748	2
9911	11780	7
9911	11809	5
9911	12520	2
9911	12691	3
9911	12757	5
9911	12867	8
9911	13571	2
9911	14548	1
9911	14797	2
9911	14971	19
9911	15844	3
9911	15929	2
9911	16544	3
9911	16832	2
9911	17297	1
9911	17657	36
9911	18232	5
9911	18901	1
9911	19049	1
9911	19357	17
9911	19665	2
9911	19679	1
9911	19949	8
9911	20042	10
9911	20102	7
9911	20162	10
9911	20454	4
9911	20945	17
9911	21122	8
9911	21560	8
9911	21780	60
9911	22237	9
9911	22252	17
9911	22388	15
9911	22407	12
9911	22558	3
9911	22711	8
9911	22825	3
9911	22886	3
9911	22908	3
9911	23437	7
9911	23675	3
9911	23699	9
9911	23744	36
9911	24199	3
9911	24451	10
9911	24592	12
9911	24703	26
9911	24735	19
9911	24752	24
9911	24777	4
9911	25040	2
9911	25153	27
9911	25163	10
9911	25505	10
9911	25799	3
9911	26330	1
9911	26465	7
9911	26485	160
9911	26961	13
9911	26974	45
9911	27162	6
9911	27319	3
9911	27887	3
9911	28137	2
9911	29520	13
9911	29621	6
9911	29647	11
9911	29704	119
9911	29835	7
9911	29961	3
9911	30042	5
9911	30204	4
9911	30712	25
9911	31086	1
9911	31114	5
9911	31279	3
9911	31302	4
9911	31388	21
9911	31439	6
9911	31714	53
9911	31955	1
9911	32012	10
9911	32502	2
9911	32511	9
9911	32579	13
9911	33156	6
9911	33181	6
9911	33200	8
9911	33223	4
9911	33248	10
9911	33261	6
9911	33271	2
9911	33278	7
9911	33288	3
9911	33310	18
9911	33340	13
9911	33357	23
9911	33385	34
9911	33419	6
9911	34077	3
9911	34090	1
9911	34118	7
9911	34135	8
9911	34141	5
9911	34159	2
9911	34166	13
9911	34175	20
9911	34186	28
9911	34208	9
9911	34247	10
9911	34270	38
9911	34296	13
9911	34322	2
9911	34543	18
9911	34647	12
9911	34894	8
9911	34898	45
9911	34998	27
9911	35067	17
9911	35291	1
9911	35434	20
9911	35713	9
9911	36126	2
9911	36558	2
9911	36565	57
9911	36698	8
9911	36948	21
9911	37103	2
9911	38329	20
9911	38431	20
9911	38724	2
9911	38795	1
9911	38890	1
9911	39051	3
9911	39451	3
9911	40704	28
9911	40722	6
9911	40754	3
9911	40976	8
9911	42236	1
9911	42528	1
9911	43056	10
9911	43194	99
9911	43763	6
9911	43939	3
9911	44138	16
9911	44143	1
9911	44479	3
9911	44571	3
9911	44598	33
9911	45039	3
9911	45201	15
9911	46138	6
9911	46606	2
9911	46608	4
9911	47077	2
9911	47249	6
9911	47310	13
9911	48276	7
9911	48605	7
9911	49095	15
9911	49810	1
9911	49979	2
9911	50157	7
9911	50163	1
9911	50245	3
9911	50644	2
9911	51999	32
9911	52125	1
9911	52182	28
9911	52196	4
9911	52414	3
9911	52616	7
9911	53674	7
9911	53696	4
9911	54239	19
9911	54248	17
9911	54368	2
9911	54857	14
9911	54884	2
9911	55157	4
9911	55288	3
9911	55378	12
9911	55470	6
9911	55762	5
9911	56088	1
9911	56117	5
9911	56223	3
9911	56540	1
9911	56554	31
9911	56583	4
9911	56936	12
9911	56954	7
9911	57001	9
9911	57208	1
9911	57325	4
9911	57382	2
9911	57587	3
9911	57593	7
9911	57631	1
9911	57645	25
9911	57742	2
9911	57822	35
9911	57825	5
9911	57832	2
9911	57878	6
9911	57957	1
9911	58477	4
9911	59087	11
9911	59418	3
9911	59667	3
9911	60025	4
9911	60096	4
9911	60326	18
9911	60894	7
9911	60976	6
9911	61013	9
9911	61242	2
9911	61279	2
9911	61697	2
9911	62162	4
9911	62521	19
9911	62563	11
9911	62582	12
9911	62596	15
9911	62605	9
9911	62619	18
9911	62650	41
9911	62696	21
9911	62762	12
9911	62791	1
9911	62799	18
9911	62828	23
9911	62860	10
9911	62898	16
9911	63525	6
9911	63932	4
9911	63933	9
9911	64294	6
9911	64532	7
9911	64552	52
9911	64569	2
9911	64610	6
9911	64675	1
9911	64726	4
9911	64744	6
9911	64805	6
9911	65135	7
9911	65157	7
9911	65180	14
9911	65190	8
9911	65399	4
9911	65477	20
9911	65505	7
9911	65524	3
9911	65568	22
9911	65588	10
9911	65594	22
9911	65605	4
9911	65623	2
9911	65679	34
9911	65730	1
9911	65757	4
9911	66003	14
9911	66040	1
9911	66237	1
9911	66266	8
9911	66351	2
9911	66433	4
9911	66472	5
9911	66504	6
9911	66804	1
9911	67058	1
9911	67129	10
9911	67147	15
9911	67165	13
9911	67189	19
9911	67209	7
9911	67215	6
9911	67249	7
9911	67260	8
9911	67268	2
9911	67277	4
9911	67285	17
9911	67308	17
9911	67336	21
9911	67371	11
9911	67422	8
9911	67474	1
9911	67482	4
9911	67494	6
9911	67653	1
9911	67670	2
9911	67733	10
9911	67768	16
9911	67977	1
9911	68095	7
9970	10002	2
9970	10024	6
9970	10042	4
9970	10073	6
9970	10498	3
9970	10745	2
9970	10748	2
9970	11531	1
9970	11780	3
9970	11809	2
9970	12520	7
9970	12691	1
9970	13571	2
9970	14918	3
9970	14971	1
9970	15844	2
9970	16286	5
9970	16832	3
9970	17297	1
9970	17657	37
9970	19357	5
9970	19665	1
9970	19679	1
9970	19949	2
9970	20102	1
9970	20162	2
9970	20454	1
9970	21122	4
9970	21560	5
9970	21780	26
9970	21885	3
9970	22237	5
9970	22252	7
9970	22407	10
9970	22558	3
9970	22711	2
9970	22825	1
9970	22886	4
9970	22908	4
9970	23699	2
9970	23744	9
9970	24592	13
9970	24703	1
9970	24735	2
9970	24752	6
9970	24777	4
9970	25040	1
9970	25153	2
9970	25163	2
9970	25505	1
9970	26330	3
9970	26465	6
9970	26485	54
9970	26961	12
9970	27162	2
9970	27319	2
9970	28137	1
9970	29121	1
9970	29520	2
9970	29621	1
9970	29647	3
9970	29704	14
9970	29835	3
9970	30042	3
9970	30204	2
9970	30477	16
9970	30712	2
9970	31114	1
9970	31388	4
9970	31714	6
9970	31955	3
9970	32012	33
9970	32502	4
9970	32511	1
9970	32522	1
9970	32579	3
9970	33156	3
9970	33181	8
9970	33200	7
9970	33223	5
9970	33248	6
9970	33261	11
9970	33271	4
9970	33278	2
9970	33288	3
9970	33310	8
9970	33340	7
9970	33357	8
9970	33385	16
9970	33419	4
9970	33622	2
9970	34077	4
9970	34090	6
9970	34118	7
9970	34135	8
9970	34141	5
9970	34159	3
9970	34166	9
9970	34175	4
9970	34186	8
9970	34208	6
9970	34247	6
9970	34270	9
9970	34296	4
9970	34322	1
9970	34543	4
9970	34647	1
9970	34894	2
9970	34898	15
9970	34998	4
9970	35067	5
9970	35291	1
9970	35434	4
9970	35713	1
9970	36558	1
9970	36565	23
9970	36948	40
9970	37103	2
9970	37626	1
9970	38329	6
9970	38446	1
9970	38724	3
9970	39051	1
9970	39451	3
9970	40704	4
9970	40722	2
9970	42236	4
9970	43056	2
9970	43194	9
9970	43763	1
9970	43939	1
9970	44138	1
9970	44479	38
9970	44571	2
9970	44598	4
9970	45039	7
9970	45201	4
9970	45766	2
9970	46138	2
9970	46606	1
9970	46608	6
9970	47077	11
9970	49095	2
9970	49810	7
9970	49871	1
9970	50157	1
9970	50163	25
9970	50644	4
9970	51999	14
9970	52125	6
9970	52182	4
9970	52294	4
9970	52414	3
9970	52616	5
9970	53674	4
9970	53696	2
9970	53953	5
9970	54239	3
9970	54248	6
9970	54368	1
9970	54857	1
9970	55157	2
9970	55378	3
9970	55470	9
9970	56117	2
9970	56223	4
9970	56554	10
9970	56936	10
9970	56954	1
9970	57001	1
9970	57325	1
9970	57374	16
9970	57382	56
9970	57587	1
9970	57645	1
9970	57822	2
9970	57825	2
9970	58477	3
9970	59087	4
9970	59418	2
9970	59667	4
9970	60326	10
9970	60894	1
9970	60976	6
9970	61013	1
9970	61242	2
9970	61279	3
9970	61697	4
9970	62162	4
9970	62521	3
9970	62563	13
9970	62582	3
9970	62596	4
9970	62605	4
9970	62619	6
9970	62650	15
9970	62696	8
9970	62762	7
9970	62791	5
9970	62799	9
9970	62828	10
9970	62860	11
9970	62898	5
9970	63525	1
9970	63932	1
9970	63933	5
9970	64532	3
9970	64552	9
9970	64569	2
9970	64610	1
9970	64675	3
9970	64805	1
9970	65135	2
9970	65150	2
9970	65157	3
9970	65180	4
9970	65190	2
9970	65399	2
9970	65477	4
9970	65505	1
9970	65524	3
9970	65588	2
9970	65594	6
9970	65605	5
9970	65679	12
9970	65730	19
9970	65757	5
9970	66003	6
9970	66237	1
9970	66266	4
9970	66433	4
9970	66472	1
9970	66504	4
9970	66804	4
9970	67129	3
9970	67147	1
9970	67165	9
9970	67189	9
9970	67215	7
9970	67249	3
9970	67260	3
9970	67268	5
9970	67277	5
9970	67285	3
9970	67308	24
9970	67336	15
9970	67371	7
9970	67422	5
9970	67474	1
9970	67482	2
9970	67494	4
9970	67653	2
9970	67733	1
9970	67768	7
9970	67980	2
9970	68095	3
10002	10024	18
10002	10042	10
10002	10073	6
10002	10198	1
10002	10459	6
10002	10498	1
10002	10745	6
10002	10748	2
10002	11780	3
10002	11809	2
10002	12520	2
10002	12691	2
10002	12757	5
10002	14050	1
10002	14548	1
10002	14797	2
10002	14918	2
10002	14971	3
10002	15844	10
10002	15929	1
10002	16544	1
10002	16832	2
10002	17297	1
10002	17657	6
10002	18901	2
10002	19049	48
10002	19665	1
10002	19679	1
10002	19949	2
10002	20042	3
10002	20162	3
10002	21122	3
10002	21560	3
10002	21780	14
10002	22237	6
10002	22252	22
10002	22407	2
10002	22558	2
10002	22711	1
10002	22908	3
10002	23437	6
10002	23699	6
10002	23744	9
10002	23774	69
10002	24199	2
10002	24592	6
10002	24703	12
10002	24735	4
10002	24752	10
10002	24777	9
10002	25040	1
10002	25153	8
10002	25163	11
10002	25505	6
10002	25799	1
10002	26330	2
10002	26485	55
10002	26961	1
10002	26974	5
10002	27162	4
10002	27319	1
10002	29520	1
10002	29621	2
10002	29647	4
10002	29704	22
10002	29835	1
10002	30042	2
10002	30477	1
10002	30712	2
10002	31086	1
10002	31114	4
10002	31279	1
10002	32012	13
10002	32502	4
10002	32511	7
10002	32579	13
10002	33156	5
10002	33181	1
10002	33200	6
10002	33223	9
10002	33248	3
10002	33261	7
10002	33271	1
10002	33278	2
10002	33288	7
10002	33310	7
10002	33340	7
10002	33357	8
10002	33385	18
10002	33419	9
10002	34077	3
10002	34090	5
10002	34118	6
10002	34135	19
10002	34141	5
10002	34159	2
10002	34166	1
10002	34175	13
10002	34186	12
10002	34208	5
10002	34247	4
10002	34270	14
10002	34296	30
10002	34322	4
10002	34543	3
10002	34894	7
10002	34898	28
10002	34998	2
10002	35067	7
10002	35434	3
10002	36565	7
10002	36698	1
10002	36948	3
10002	37103	1
10002	37626	2
10002	38329	8
10002	38431	5
10002	39451	1
10002	40704	2
10002	40722	1
10002	40754	3
10002	40976	1
10002	43194	2
10002	43763	4
10002	44138	4
10002	44479	1
10002	44598	7
10002	45039	2
10002	45201	1
10002	46138	2
10002	46608	1
10002	47077	2
10002	47310	4
10002	48605	5
10002	49095	6
10002	49810	1
10002	49871	6
10002	50157	2
10002	51999	6
10002	52182	13
10002	52616	1
10002	53674	2
10002	53696	6
10002	54248	2
10002	54857	2
10002	54884	2
10002	55157	1
10002	55288	1
10002	55378	5
10002	55470	1
10002	55762	2
10002	56117	3
10002	56223	1
10002	56304	1
10002	56554	3
10002	56936	3
10002	56954	2
10002	57001	3
10002	57374	2
10002	57382	1
10002	57587	3
10002	57593	2
10002	57631	1
10002	57645	1
10002	57742	1
10002	57822	2
10002	57825	2
10002	57878	5
10002	58401	1
10002	58477	2
10002	59087	6
10002	60025	1
10002	60894	3
10002	60976	1
10002	61013	4
10002	61697	2
10002	62521	6
10002	62563	8
10002	62582	5
10002	62596	6
10002	62605	2
10002	62619	16
10002	62650	22
10002	62696	10
10002	62762	7
10002	62791	9
10002	62799	14
10002	62828	9
10002	62860	11
10002	62898	11
10002	63525	2
10002	63932	1
10002	63933	8
10002	64294	5
10002	64532	1
10002	64552	25
10002	64569	7
10002	64610	2
10002	64675	3
10002	64744	1
10002	64805	2
10002	65135	3
10002	65150	2
10002	65157	2
10002	65180	3
10002	65190	9
10002	65477	12
10002	65505	1
10002	65524	7
10002	65568	13
10002	65588	5
10002	65594	17
10002	65605	1
10002	65623	2
10002	65679	21
10002	65730	2
10002	65757	1
10002	66003	4
10002	66266	1
10002	66351	2
10002	66433	4
10002	66472	6
10002	66504	3
10002	67058	44
10002	67129	11
10002	67147	3
10002	67165	16
10002	67189	7
10002	67209	3
10002	67215	8
10002	67249	7
10002	67260	4
10002	67277	4
10002	67285	5
10002	67308	14
10002	67336	14
10002	67371	11
10002	67482	1
10002	67494	11
10002	67653	1
10002	67670	1
10002	67733	21
10002	67768	8
10002	67977	6
10002	68095	2
10024	10042	41
10024	10073	12
10024	10198	1
10024	10459	41
10024	10498	15
10024	10745	13
10024	10748	8
10024	11531	1
10024	11780	13
10024	11809	9
10024	12520	2
10024	12691	10
10024	12757	12
10024	12867	2
10024	13248	7
10024	13571	2
10024	14050	1
10024	14548	9
10024	14797	1
10024	14918	5
10024	14971	11
10024	15844	16
10024	15929	4
10024	16286	16
10024	16544	20
10024	16832	1
10024	17297	3
10024	17657	83
10024	18232	1
10024	18901	2
10024	19049	2
10024	19357	10
10024	19679	1
10024	19949	2
10024	20042	24
10024	20102	1
10024	20162	10
10024	21122	28
10024	21560	27
10024	21780	25
10024	21885	3
10024	22237	7
10024	22252	164
10024	22388	3
10024	22407	24
10024	22558	4
10024	22711	1
10024	22825	4
10024	22886	1
10024	22908	4
10024	23437	41
10024	23675	3
10024	23699	22
10024	23744	42
10024	23774	5
10024	24199	4
10024	24451	1
10024	24592	25
10024	24703	42
10024	24735	29
10024	24752	49
10024	24777	3
10024	25153	60
10024	25163	91
10024	25505	44
10024	25799	13
10024	26330	1
10024	26465	13
10024	26485	149
10024	26961	19
10024	26974	5
10024	27162	8
10024	27319	3
10024	28137	4
10024	28668	2
10024	29121	2
10024	29520	6
10024	29621	3
10024	29647	20
10024	29704	68
10024	29835	6
10024	29961	1
10024	30042	17
10024	30204	7
10024	30477	9
10024	30712	7
10024	31086	4
10024	31114	16
10024	31279	14
10024	31388	1
10024	31584	1
10024	32012	80
10024	32502	8
10024	32511	42
10024	32522	2
10024	32579	13
10024	32688	2
10024	33156	35
10024	33181	3
10024	33200	29
10024	33223	14
10024	33248	14
10024	33261	25
10024	33271	3
10024	33278	11
10024	33288	18
10024	33310	7
10024	33340	37
10024	33357	20
10024	33385	38
10024	33419	15
10024	33622	4
10024	34077	14
10024	34090	18
10024	34118	16
10024	34135	30
10024	34141	32
10024	34159	9
10024	34166	21
10024	34175	77
10024	34186	28
10024	34208	17
10024	34247	14
10024	34270	55
10024	34296	17
10024	34543	24
10024	34647	2
10024	34894	52
10024	34898	149
10024	34992	6
10024	34998	2
10024	35067	8
10024	35291	1
10024	35434	15
10024	35713	2
10024	36126	2
10024	36558	3
10024	36565	55
10024	36698	4
10024	36948	48
10024	37103	19
10024	37626	17
10024	38329	23
10024	38431	18
10024	38446	4
10024	38795	2
10024	38890	1
10024	39051	11
10024	39451	7
10024	40704	17
10024	40722	1
10024	40754	19
10024	40976	3
10024	42236	1
10024	42528	13
10024	43056	9
10024	43194	14
10024	43763	9
10024	43939	7
10024	44138	2
10024	44143	3
10024	44479	1
10024	44571	2
10024	44598	36
10024	44895	20
10024	45039	16
10024	45201	8
10024	45625	2
10024	46606	4
10024	46608	5
10024	47077	7
10024	47310	23
10024	48605	22
10024	49095	27
10024	49810	3
10024	49871	12
10024	49979	9
10024	50157	7
10024	50163	50
10024	50644	1
10024	51999	27
10024	52125	16
10024	52182	23
10024	52196	4
10024	52414	1
10024	52616	3
10024	53674	19
10024	53696	8
10024	53953	12
10024	54248	9
10024	54368	2
10024	54857	2
10024	54884	1
10024	55157	6
10024	55288	4
10024	55378	3
10024	55415	2
10024	55470	8
10024	55693	1
10024	55762	5
10024	56117	9
10024	56223	9
10024	56304	13
10024	56540	1
10024	56554	36
10024	56583	8
10024	56936	15
10024	56954	9
10024	57001	5
10024	57325	5
10024	57374	8
10024	57382	30
10024	57587	17
10024	57593	3
10024	57645	3
10024	57742	2
10024	57822	24
10024	57825	19
10024	57832	1
10024	57878	5
10024	58401	13
10024	58477	14
10024	59087	28
10024	59418	9
10024	59667	1
10024	59727	1
10024	60025	1
10024	60326	17
10024	60894	6
10024	60976	5
10024	61013	16
10024	61242	4
10024	61279	1
10024	62162	2
10024	62521	80
10024	62563	14
10024	62582	6
10024	62596	9
10024	62605	17
10024	62619	23
10024	62650	48
10024	62696	24
10024	62762	30
10024	62791	10
10024	62799	33
10024	62828	23
10024	62860	34
10024	62898	29
10024	63525	1
10024	63932	1
10024	63933	53
10024	64294	28
10024	64532	17
10024	64552	129
10024	64569	11
10024	64610	3
10024	64675	6
10024	64744	9
10024	64805	19
10024	65135	14
10024	65150	5
10024	65157	8
10024	65180	37
10024	65190	15
10024	65399	4
10024	65477	37
10024	65505	4
10024	65524	9
10024	65568	56
10024	65588	16
10024	65594	128
10024	65605	6
10024	65623	13
10024	65679	84
10024	65730	82
10024	65757	10
10024	66003	20
10024	66266	10
10024	66433	4
10024	66472	5
10024	66504	14
10024	66804	3
10024	67058	3
10024	67129	7
10024	67147	12
10024	67165	38
10024	67189	12
10024	67209	10
10024	67215	7
10024	67249	22
10024	67260	4
10024	67268	6
10024	67277	11
10024	67285	29
10024	67308	66
10024	67336	59
10024	67371	16
10024	67422	10
10024	67474	3
10024	67482	13
10024	67494	13
10024	67653	5
10024	67670	2
10024	67733	33
10024	67768	43
10024	67977	1
10024	67980	1
10024	68095	6
10042	10073	8
10042	10198	1
10042	10453	7
10042	10459	18
10042	10498	7
10042	10745	10
10042	10748	16
10042	11531	2
10042	11780	10
10042	11809	5
10042	12520	14
10042	12691	6
10042	12757	8
10042	12867	1
10042	13248	21
10042	13571	6
10042	14050	5
10042	14548	11
10042	14797	4
10042	14918	7
10042	14971	3
10042	15844	15
10042	15929	1
10042	16286	6
10042	16544	11
10042	16832	5
10042	17297	3
10042	17657	77
10042	18232	8
10042	18901	5
10042	19357	8
10042	19665	2
10042	19679	3
10042	19949	4
10042	20042	21
10042	20102	2
10042	20162	16
10042	20454	2
10042	20945	5
10042	21122	25
10042	21560	12
10042	21780	52
10042	21885	5
10042	22237	16
10042	22252	61
10042	22388	2
10042	22407	14
10042	22558	12
10042	22711	4
10042	22825	4
10042	22886	3
10042	22908	7
10042	23437	31
10042	23675	2
10042	23699	28
10042	23744	52
10042	23774	2
10042	24199	12
10042	24592	7
10042	24703	9
10042	24735	23
10042	24752	23
10042	24777	9
10042	25040	3
10042	25153	21
10042	25163	33
10042	25505	30
10042	25799	19
10042	26330	9
10042	26465	9
10042	26485	178
10042	26961	10
10042	27162	13
10042	27319	1
10042	27887	1
10042	28137	2
10042	28668	4
10042	29121	3
10042	29520	14
10042	29621	4
10042	29647	9
10042	29704	62
10042	29835	2
10042	29961	3
10042	30042	7
10042	30204	2
10042	30477	4
10042	30712	5
10042	31086	4
10042	31114	33
10042	31279	13
10042	31302	4
10042	31388	6
10042	31439	7
10042	31584	3
10042	31714	5
10042	31955	2
10042	32012	51
10042	32502	7
10042	32511	18
10042	32522	9
10042	32579	8
10042	32688	5
10042	33156	17
10042	33181	1
10042	33200	25
10042	33223	18
10042	33248	15
10042	33261	10
10042	33271	13
10042	33278	37
10042	33288	8
10042	33310	19
10042	33340	18
10042	33357	27
10042	33385	24
10042	33419	22
10042	33622	2
10042	34077	10
10042	34090	14
10042	34118	19
10042	34135	20
10042	34141	11
10042	34159	15
10042	34166	23
10042	34175	39
10042	34186	30
10042	34208	13
10042	34247	15
10042	34270	32
10042	34296	16
10042	34322	1
10042	34543	12
10042	34647	6
10042	34894	33
10042	34898	98
10042	34992	2
10042	34998	23
10042	35067	21
10042	35291	4
10042	35434	44
10042	35713	2
10042	36126	3
10042	36558	2
10042	36565	65
10042	36698	7
10042	36948	80
10042	37103	9
10042	37626	12
10042	38329	57
10042	38431	10
10042	38724	14
10042	38795	1
10042	38890	4
10042	39051	11
10042	39451	3
10042	40704	18
10042	40722	3
10042	40754	7
10042	40976	8
10042	42236	1
10042	42528	5
10042	43056	9
10042	43194	13
10042	43763	11
10042	43939	12
10042	44138	2
10042	44143	3
10042	44479	3
10042	44571	1
10042	44598	27
10042	44895	9
10042	45039	15
10042	45201	21
10042	45625	2
10042	45766	3
10042	46606	2
10042	46608	7
10042	47077	8
10042	47249	7
10042	47310	22
10042	48276	5
10042	48605	6
10042	49095	18
10042	49810	12
10042	49871	15
10042	49979	18
10042	50157	11
10042	50163	17
10042	50644	5
10042	51999	22
10042	52125	5
10042	52182	38
10042	52294	1
10042	52414	8
10042	52616	5
10042	53674	10
10042	53696	8
10042	53953	4
10042	54239	3
10042	54248	15
10042	54368	3
10042	54857	3
10042	54884	4
10042	55157	8
10042	55288	5
10042	55378	7
10042	55415	5
10042	55470	29
10042	55693	16
10042	56088	4
10042	56117	12
10042	56223	5
10042	56304	6
10042	56540	5
10042	56554	49
10042	56583	15
10042	56936	23
10042	56954	3
10042	57001	6
10042	57208	5
10042	57325	17
10042	57374	13
10042	57382	3
10042	57587	4
10042	57593	1
10042	57631	1
10042	57645	3
10042	57742	6
10042	57822	32
10042	57825	17
10042	57832	1
10042	57878	13
10042	57957	2
10042	58401	7
10042	58477	45
10042	59087	31
10042	59418	6
10042	59667	11
10042	59727	1
10042	60025	9
10042	60096	6
10042	60326	35
10042	60894	16
10042	60976	17
10042	61013	9
10042	61242	9
10042	61279	5
10042	61585	1
10042	61697	3
10042	62162	1
10042	62521	67
10042	62563	18
10042	62582	10
10042	62596	10
10042	62605	8
10042	62619	23
10042	62650	36
10042	62696	29
10042	62762	16
10042	62791	11
10042	62799	20
10042	62828	23
10042	62860	48
10042	62898	15
10042	63525	10
10042	63932	9
10042	63933	38
10042	64231	5
10042	64294	16
10042	64532	6
10042	64552	76
10042	64569	7
10042	64610	4
10042	64675	7
10042	64726	4
10042	64744	17
10042	64805	20
10042	65135	7
10042	65150	4
10042	65157	2
10042	65180	23
10042	65190	7
10042	65399	3
10042	65477	22
10042	65505	7
10042	65524	4
10042	65568	22
10042	65588	8
10042	65594	55
10042	65605	3
10042	65623	6
10042	65679	40
10042	65730	25
10042	65757	10
10042	66003	47
10042	66040	4
10042	66266	6
10042	66351	3
10042	66433	9
10042	66472	21
10042	66504	8
10042	66804	7
10042	67058	1
10042	67129	10
10042	67147	6
10042	67165	25
10042	67189	16
10042	67209	7
10042	67215	13
10042	67249	14
10042	67260	47
10042	67268	8
10042	67277	11
10042	67285	14
10042	67308	40
10042	67336	45
10042	67371	16
10042	67422	12
10042	67474	1
10042	67482	4
10042	67494	9
10042	67653	5
10042	67670	3
10042	67733	19
10042	67768	30
10042	67980	7
10042	68095	6
10073	10453	1
10073	10459	5
10073	10498	3
10073	10745	3
10073	11531	5
10073	11780	2
10073	11809	2
10073	12520	6
10073	12691	4
10073	12757	17
10073	12867	1
10073	13248	9
10073	13571	1
10073	14548	2
10073	14918	10
10073	14971	1
10073	15844	5
10073	15929	1
10073	16286	12
10073	16544	7
10073	16832	3
10073	17297	2
10073	17657	36
10073	18232	1
10073	18901	3
10073	19049	17
10073	19357	7
10073	19679	1
10073	19949	6
10073	20102	1
10073	20162	1
10073	21122	11
10073	21560	2
10073	21780	24
10073	21885	1
10073	22237	4
10073	22252	5
10073	22388	2
10073	22407	1
10073	22711	2
10073	22825	1
10073	22908	2
10073	23437	4
10073	23699	5
10073	23744	17
10073	23774	4
10073	24199	2
10073	24592	7
10073	24703	2
10073	24735	4
10073	24752	3
10073	24777	3
10073	25040	3
10073	25153	1
10073	25163	2
10073	25505	6
10073	25799	2
10073	26330	3
10073	26465	6
10073	26485	58
10073	26961	3
10073	26974	1
10073	27162	8
10073	27887	2
10073	28137	3
10073	29121	1
10073	29520	3
10073	29621	2
10073	29647	11
10073	29704	9
10073	29961	3
10073	30042	2
10073	30204	4
10073	30477	3
10073	30712	3
10073	31086	2
10073	31114	2
10073	31388	6
10073	31439	1
10073	31714	3
10073	32012	42
10073	32502	3
10073	32511	3
10073	32522	1
10073	32579	3
10073	33156	10
10073	33181	1
10073	33200	11
10073	33223	5
10073	33248	6
10073	33261	15
10073	33271	4
10073	33278	1
10073	33288	3
10073	33310	7
10073	33340	9
10073	33357	4
10073	33385	14
10073	33419	6
10073	33622	2
10073	34077	5
10073	34090	8
10073	34118	19
10073	34135	9
10073	34141	9
10073	34159	16
10073	34166	3
10073	34175	2
10073	34186	4
10073	34208	6
10073	34247	5
10073	34270	11
10073	34296	10
10073	34322	1
10073	34372	1
10073	34647	3
10073	34894	11
10073	34898	23
10073	34998	14
10073	35067	13
10073	35291	1
10073	35434	4
10073	36558	4
10073	36565	20
10073	36698	1
10073	36948	31
10073	37626	2
10073	38329	8
10073	38431	4
10073	38446	7
10073	38724	1
10073	38795	1
10073	38890	1
10073	39051	1
10073	39451	9
10073	40704	24
10073	40976	2
10073	42236	1
10073	43056	15
10073	43194	18
10073	43763	3
10073	43939	4
10073	44138	2
10073	44143	2
10073	44479	2
10073	44571	1
10073	44598	10
10073	45039	8
10073	45201	4
10073	46138	1
10073	46606	2
10073	47310	4
10073	48276	2
10073	48605	1
10073	49095	2
10073	49810	5
10073	49871	2
10073	49979	1
10073	50157	7
10073	50163	25
10073	51999	10
10073	52125	10
10073	52182	6
10073	52196	2
10073	52294	2
10073	52414	4
10073	52616	2
10073	53674	2
10073	53696	3
10073	53953	7
10073	54239	4
10073	54248	3
10073	54368	1
10073	54857	3
10073	54884	2
10073	55378	3
10073	55415	1
10073	55470	13
10073	55762	3
10073	56088	1
10073	56117	1
10073	56223	3
10073	56304	3
10073	56540	2
10073	56554	7
10073	56583	5
10073	56936	5
10073	56954	6
10073	57001	3
10073	57325	5
10073	57374	6
10073	57587	29
10073	57593	2
10073	57631	1
10073	57645	1
10073	57742	4
10073	57822	17
10073	57825	3
10073	57878	2
10073	57957	1
10073	58401	1
10073	58477	4
10073	59087	8
10073	59418	6
10073	59667	3
10073	60025	3
10073	60096	1
10073	60326	8
10073	60894	1
10073	60976	4
10073	61013	2
10073	61242	4
10073	61279	1
10073	61697	2
10073	62521	9
10073	62563	8
10073	62582	5
10073	62596	2
10073	62605	9
10073	62619	7
10073	62650	15
10073	62696	9
10073	62762	16
10073	62791	4
10073	62799	5
10073	62828	8
10073	62860	21
10073	62898	15
10073	63525	2
10073	63932	1
10073	63933	4
10073	64294	4
10073	64532	2
10073	64552	11
10073	64569	1
10073	64675	1
10073	64744	1
10073	64805	3
10073	65135	2
10073	65150	1
10073	65157	5
10073	65180	3
10073	65190	4
10073	65399	4
10073	65477	7
10073	65505	8
10073	65524	1
10073	65568	8
10073	65588	5
10073	65594	7
10073	65605	7
10073	65679	11
10073	65730	37
10073	65757	1
10073	66003	5
10073	66266	3
10073	66351	3
10073	66433	6
10073	66472	5
10073	66504	2
10073	66804	7
10073	67058	18
10073	67129	4
10073	67147	4
10073	67165	12
10073	67189	4
10073	67209	2
10073	67215	4
10073	67249	8
10073	67260	2
10073	67268	6
10073	67277	6
10073	67285	9
10073	67308	43
10073	67336	12
10073	67371	15
10073	67422	6
10073	67474	1
10073	67482	4
10073	67494	4
10073	67653	15
10073	67670	2
10073	67733	7
10073	67768	1
10073	67977	7
10073	67980	1
10073	68095	5
10198	10459	1
10198	10498	1
10198	10745	2
10198	10748	1
10198	11780	3
10198	11809	1
10198	12520	5
10198	12757	1
10198	12867	4
10198	13571	2
10198	14050	1
10198	14548	5
10198	14797	2
10198	14918	1
10198	15929	1
10198	17657	17
10198	18232	1
10198	18901	4
10198	19357	26
10198	19665	1
10198	19679	6
10198	19949	2
10198	20042	5
10198	20102	3
10198	20162	13
10198	20945	1
10198	21122	8
10198	21560	2
10198	21780	16
10198	21885	1
10198	22237	7
10198	22252	2
10198	22407	3
10198	22558	1
10198	22711	1
10198	23675	4
10198	23699	1
10198	23744	8
10198	24199	1
10198	24451	7
10198	24735	1
10198	24752	3
10198	24777	3
10198	25040	1
10198	25153	5
10198	25163	3
10198	25505	1
10198	26330	2
10198	26465	1
10198	26485	78
10198	26961	19
10198	26974	4
10198	27319	1
10198	27887	4
10198	28137	1
10198	29121	3
10198	29520	20
10198	29621	1
10198	29704	9
10198	29835	4
10198	29961	1
10198	30042	5
10198	30477	3
10198	30712	6
10198	31114	2
10198	31279	10
10198	31302	1
10198	31388	4
10198	31439	7
10198	31714	8
10198	31955	2
10198	32012	3
10198	32688	2
10198	33156	3
10198	33181	3
10198	33200	13
10198	33223	3
10198	33261	1
10198	33271	5
10198	33278	1
10198	33288	2
10198	33310	1
10198	33340	2
10198	33357	6
10198	33622	3
10198	34090	1
10198	34135	1
10198	34175	2
10198	34186	5
10198	34208	1
10198	34247	2
10198	34270	6
10198	34322	1
10198	34647	18
10198	34894	3
10198	34898	14
10198	34998	25
10198	35067	18
10198	35434	15
10198	35713	24
10198	36565	17
10198	36948	20
10198	37103	4
10198	38329	15
10198	38431	2
10198	38446	1
10198	38795	6
10198	40704	8
10198	40754	3
10198	40976	2
10198	42236	4
10198	43056	9
10198	43194	70
10198	44138	42
10198	44143	1
10198	44571	8
10198	44598	11
10198	45039	4
10198	45201	6
10198	45625	1
10198	46606	2
10198	46608	1
10198	47249	1
10198	48276	25
10198	48605	1
10198	49095	6
10198	49810	1
10198	50163	2
10198	50644	2
10198	51999	13
10198	52182	9
10198	52196	2
10198	52294	2
10198	52616	4
10198	53696	1
10198	54239	2
10198	54248	13
10198	54368	1
10198	54857	8
10198	55157	2
10198	55288	7
10198	55378	4
10198	55415	3
10198	55470	11
10198	56088	2
10198	56117	3
10198	56223	2
10198	56540	2
10198	56554	14
10198	56936	10
10198	56954	1
10198	57208	1
10198	57325	3
10198	57382	1
10198	57587	1
10198	57593	1
10198	57631	5
10198	57822	10
10198	57832	2
10198	57957	1
10198	58401	23
10198	58477	1
10198	59087	9
10198	59418	1
10198	59727	1
10198	60326	7
10198	60894	3
10198	60976	2
10198	61279	1
10198	61585	1
10198	61697	1
10198	62563	1
10198	62582	3
10198	62596	1
10198	62605	2
10198	62650	5
10198	62696	5
10198	62762	1
10198	62799	9
10198	62828	3
10198	62860	7
10198	62898	4
10198	63525	2
10198	63932	3
10198	63933	3
10198	64552	8
10198	64610	1
10198	64675	1
10198	65135	1
10198	65150	1
10198	65157	1
10198	65180	1
10198	65399	2
10198	65477	2
10198	65505	5
10198	65524	2
10198	65568	5
10198	65594	4
10198	65605	1
10198	65623	1
10198	65679	1
10198	66237	3
10198	66433	2
10198	66504	3
10198	66804	4
10198	67189	1
10198	67268	2
10198	67285	1
10198	67336	7
10198	67371	1
10198	67422	1
10198	67482	1
10198	67494	1
10198	67733	1
10198	67768	2
10198	67980	5
10453	10745	5
10453	12520	6
10453	12867	1
10453	13571	2
10453	14548	10
10453	14797	2
10453	14918	2
10453	14971	1
10453	15844	2
10453	16286	2
10453	16544	9
10453	17297	1
10453	17657	38
10453	18232	1
10453	18901	1
10453	19357	6
10453	19679	13
10453	19949	2
10453	20042	4
10453	20102	1
10453	20162	6
10453	20454	2
10453	21122	7
10453	21780	11
10453	21885	4
10453	22252	1
10453	22388	5
10453	22407	3
10453	22558	4
10453	22711	2
10453	22825	2
10453	22886	1
10453	22908	1
10453	23675	2
10453	23699	3
10453	23744	17
10453	23774	1
10453	24199	6
10453	24703	1
10453	24735	1
10453	24752	1
10453	24777	1
10453	25153	2
10453	25505	1
10453	25799	9
10453	26330	9
10453	26465	2
10453	26485	77
10453	26961	2
10453	27162	2
10453	27319	11
10453	28137	2
10453	28668	16
10453	29121	1
10453	29520	2
10453	29621	1
10453	29704	5
10453	29961	1
10453	30477	4
10453	30712	2
10453	31086	1
10453	31114	27
10453	31279	2
10453	31302	4
10453	31714	1
10453	31955	1
10453	32012	9
10453	32522	3
10453	32688	4
10453	33156	7
10453	33200	4
10453	33248	1
10453	33271	5
10453	33278	92
10453	33310	3
10453	33340	2
10453	33357	12
10453	33385	2
10453	33419	1
10453	33622	2
10453	34077	5
10453	34118	1
10453	34135	1
10453	34159	1
10453	34166	12
10453	34175	1
10453	34186	1
10453	34208	1
10453	34247	5
10453	34296	1
10453	34543	1
10453	34894	6
10453	34898	10
10453	34992	1
10453	34998	1
10453	35067	5
10453	35291	12
10453	35434	71
10453	36126	1
10453	36558	1
10453	36565	83
10453	36698	4
10453	36948	37
10453	37626	4
10453	38329	5
10453	38446	1
10453	38724	3
10453	38795	2
10453	38890	2
10453	39051	2
10453	39451	2
10453	40704	11
10453	40722	6
10453	40754	1
10453	40976	8
10453	42236	1
10453	43056	4
10453	43194	4
10453	43763	6
10453	43939	3
10453	44138	1
10453	44143	1
10453	44571	1
10453	44598	5
10453	44895	2
10453	44945	1
10453	45039	5
10453	45201	13
10453	45766	3
10453	46138	1
10453	46606	3
10453	46608	1
10453	47077	1
10453	49095	1
10453	49871	6
10453	49979	16
10453	50157	24
10453	51999	16
10453	52125	3
10453	52182	15
10453	52414	3
10453	52616	4
10453	53674	1
10453	53696	1
10453	54239	3
10453	54248	1
10453	54857	1
10453	55157	1
10453	55288	2
10453	55378	8
10453	55415	5
10453	55470	8
10453	55693	1
10453	55762	1
10453	56088	5
10453	56117	8
10453	56304	1
10453	56540	4
10453	56554	27
10453	56583	1
10453	56936	5
10453	56954	1
10453	57208	2
10453	57325	5
10453	57374	3
10453	57382	2
10453	57593	1
10453	57631	2
10453	57742	1
10453	57822	16
10453	57832	2
10453	57957	2
10453	58477	20
10453	59087	10
10453	59418	3
10453	59667	2
10453	59727	8
10453	60025	2
10453	60096	3
10453	60326	8
10453	60894	66
10453	60976	4
10453	61013	1
10453	61242	3
10453	61279	1
10453	61585	28
10453	61697	1
10453	62521	1
10453	62563	1
10453	62582	1
10453	62596	2
10453	62619	2
10453	62650	2
10453	62696	4
10453	62799	1
10453	62828	1
10453	62860	2
10453	62898	2
10453	63525	2
10453	63932	4
10453	63933	6
10453	64231	3
10453	64552	4
10453	64569	1
10453	64610	3
10453	64675	1
10453	64726	5
10453	64744	8
10453	64805	1
10453	65135	2
10453	65150	2
10453	65157	1
10453	65180	11
10453	65477	3
10453	65505	1
10453	65568	4
10453	65588	5
10453	65594	3
10453	65679	2
10453	65730	1
10453	65757	7
10453	66003	45
10453	66040	4
10453	66266	2
10453	66351	1
10453	66472	5
10453	66804	2
10453	67058	1
10453	67165	5
10453	67268	1
10453	67336	5
10453	67371	1
10453	67653	2
10453	67768	5
10453	67980	3
10459	10498	13
10459	10748	13
10459	11809	7
10459	12757	2
10459	14050	6
10459	14548	5
10459	14918	1
10459	14971	3
10459	15844	21
10459	16544	5
10459	17657	19
10459	18901	1
10459	19357	1
10459	20042	15
10459	20162	5
10459	21122	19
10459	21560	34
10459	21780	2
10459	22252	122
10459	22407	18
10459	23437	25
10459	23699	10
10459	23744	33
10459	24199	1
10459	24592	10
10459	24703	7
10459	24735	38
10459	24752	26
10459	25153	78
10459	25163	98
10459	25505	38
10459	25799	1
10459	26485	24
10459	26961	1
10459	26974	30
10459	27162	1
10459	29520	1
10459	29621	8
10459	29647	14
10459	29704	301
10459	29835	2
10459	30042	8
10459	30477	5
10459	30712	2
10459	31086	2
10459	31114	10
10459	31279	5
10459	32012	5
10459	32502	1
10459	32511	28
10459	32579	15
10459	33181	2
10459	33200	14
10459	33223	9
10459	33248	1
10459	33261	2
10459	33278	2
10459	33288	11
10459	33310	3
10459	33340	19
10459	33357	15
10459	33385	10
10459	33419	1
10459	34077	3
10459	34090	1
10459	34118	6
10459	34135	6
10459	34141	21
10459	34159	4
10459	34166	5
10459	34175	64
10459	34186	31
10459	34208	2
10459	34247	5
10459	34270	33
10459	34296	8
10459	34543	7
10459	34894	50
10459	34898	109
10459	34998	3
10459	35434	1
10459	36565	8
10459	36948	9
10459	37103	8
10459	38329	5
10459	38431	31
10459	39451	2
10459	40704	4
10459	40754	15
10459	42528	2
10459	43194	6
10459	43763	2
10459	43939	1
10459	44143	1
10459	44479	1
10459	44598	7
10459	45039	5
10459	45201	5
10459	47077	5
10459	47310	17
10459	48605	10
10459	49095	17
10459	49871	11
10459	50157	4
10459	51999	5
10459	52182	11
10459	53674	11
10459	53696	8
10459	54884	2
10459	55157	5
10459	56088	1
10459	56117	5
10459	56223	6
10459	56304	10
10459	56554	12
10459	56583	19
10459	56936	9
10459	56954	2
10459	57325	2
10459	57382	3
10459	57587	5
10459	57825	11
10459	57878	1
10459	58401	10
10459	58477	11
10459	59087	6
10459	60976	1
10459	61013	8
10459	62521	18
10459	62563	5
10459	62582	2
10459	62596	2
10459	62605	15
10459	62619	14
10459	62650	10
10459	62696	14
10459	62762	5
10459	62791	6
10459	62799	5
10459	62828	11
10459	62860	13
10459	62898	12
10459	63525	3
10459	63933	43
10459	64294	27
10459	64532	12
10459	64552	78
10459	64569	1
10459	64744	8
10459	64805	18
10459	65135	5
10459	65150	1
10459	65157	4
10459	65180	10
10459	65190	3
10459	65477	29
10459	65568	18
10459	65588	2
10459	65594	64
10459	65679	32
10459	65730	6
10459	65757	1
10459	66003	5
10459	66266	6
10459	66433	1
10459	66472	3
10459	67165	15
10459	67189	5
10459	67209	8
10459	67249	15
10459	67268	1
10459	67277	3
10459	67285	5
10459	67308	19
10459	67336	15
10459	67371	6
10459	67422	1
10459	67474	3
10459	67494	11
10459	67653	2
10459	67733	21
10459	67768	45
10459	68095	1
10498	10745	10
10498	10748	2
10498	11531	1
10498	11780	1
10498	11809	1
10498	12520	2
10498	12691	2
10498	12757	6
10498	13248	1
10498	14548	1
10498	14918	8
10498	14971	2
10498	15844	7
10498	16544	1
10498	16832	1
10498	17297	1
10498	17657	16
10498	18901	1
10498	19049	1
10498	19949	1
10498	20042	11
10498	20102	2
10498	20162	1
10498	21122	9
10498	21560	17
10498	21780	8
10498	21885	2
10498	22252	34
10498	22407	6
10498	22558	1
10498	22825	1
10498	22886	1
10498	23437	9
10498	23699	7
10498	23744	25
10498	24199	3
10498	24592	4
10498	24703	2
10498	24735	17
10498	24752	8
10498	25153	55
10498	25163	31
10498	25505	32
10498	25799	1
10498	26485	33
10498	26961	2
10498	26974	10
10498	27162	3
10498	27319	2
10498	29520	2
10498	29621	4
10498	29647	12
10498	29704	96
10498	29835	4
10498	29961	2
10498	30042	4
10498	30477	3
10498	30712	1
10498	31086	2
10498	31114	4
10498	31279	3
10498	31714	1
10498	32012	1
10498	32502	3
10498	32511	8
10498	32522	1
10498	32579	2
10498	33156	6
10498	33200	5
10498	33223	3
10498	33248	5
10498	33261	1
10498	33278	1
10498	33288	4
10498	33310	2
10498	33340	4
10498	33357	9
10498	33385	11
10498	33419	1
10498	34077	1
10498	34090	1
10498	34118	1
10498	34135	3
10498	34141	6
10498	34159	7
10498	34166	3
10498	34175	30
10498	34186	15
10498	34208	2
10498	34270	19
10498	34296	6
10498	34372	5
10498	34543	12
10498	34647	3
10498	34894	28
10498	34898	87
10498	34998	1
10498	35067	4
10498	35291	1
10498	35434	8
10498	36565	12
10498	36698	1
10498	36948	6
10498	37103	5
10498	37626	4
10498	38329	9
10498	38431	15
10498	38446	6
10498	38724	3
10498	38890	1
10498	39051	3
10498	39451	7
10498	40704	11
10498	40754	4
10498	42528	1
10498	43056	1
10498	43194	5
10498	43763	3
10498	43939	1
10498	44598	6
10498	45039	1
10498	45201	2
10498	46138	2
10498	46606	1
10498	46608	1
10498	47077	1
10498	47310	9
10498	48276	1
10498	48605	6
10498	49095	15
10498	49871	3
10498	49979	1
10498	50157	5
10498	51999	5
10498	52182	4
10498	52616	1
10498	53674	4
10498	53696	4
10498	54368	1
10498	55157	3
10498	55288	1
10498	55378	2
10498	55470	4
10498	55762	1
10498	56088	1
10498	56117	1
10498	56223	2
10498	56304	2
10498	56554	6
10498	56583	6
10498	56936	8
10498	56954	4
10498	57325	2
10498	57374	1
10498	57382	12
10498	57587	5
10498	57593	1
10498	57822	10
10498	57825	5
10498	57878	2
10498	58401	2
10498	58477	11
10498	59087	4
10498	59418	2
10498	59667	3
10498	60025	2
10498	60096	2
10498	60894	2
10498	60976	1
10498	61013	6
10498	61242	2
10498	61697	1
10498	62521	26
10498	62563	2
10498	62582	1
10498	62596	3
10498	62605	23
10498	62619	5
10498	62650	3
10498	62696	3
10498	62762	4
10498	62791	3
10498	62799	11
10498	62828	4
10498	62860	6
10498	62898	13
10498	63933	26
10498	64294	12
10498	64532	4
10498	64552	76
10498	64569	1
10498	64726	1
10498	64744	1
10498	64805	6
10498	65135	1
10498	65150	2
10498	65157	2
10498	65180	12
10498	65190	2
10498	65399	1
10498	65477	18
10498	65568	10
10498	65588	10
10498	65594	63
10498	65679	34
10498	65730	1
10498	65757	3
10498	66003	7
10498	66040	1
10498	66266	1
10498	66433	1
10498	66472	7
10498	66504	2
10498	66804	4
10498	67129	2
10498	67147	3
10498	67165	3
10498	67189	1
10498	67209	2
10498	67215	1
10498	67249	5
10498	67260	1
10498	67268	2
10498	67277	1
10498	67285	4
10498	67308	3
10498	67336	11
10498	67371	4
10498	67422	2
10498	67482	2
10498	67494	3
10498	67653	13
10498	67733	8
10498	67768	13
10745	10748	78
10745	11531	1
10745	11780	5
10745	11809	5
10745	12520	14
10745	12691	5
10745	12757	64
10745	12867	9
10745	13571	3
10745	14050	26
10745	14548	10
10745	14797	7
10745	14918	11
10745	14971	4
10745	15844	16
10745	15929	2
10745	16286	1
10745	16544	8
10745	16832	2
10745	17297	1
10745	17657	127
10745	18232	3
10745	18901	1
10745	19357	27
10745	19679	2
10745	19949	11
10745	20042	48
10745	20102	3
10745	20162	11
10745	20454	1
10745	21122	79
10745	21560	5
10745	21780	84
10745	21885	6
10745	22237	2
10745	22252	5
10745	22388	1
10745	22407	1
10745	22558	6
10745	22711	5
10745	22825	11
10745	22886	5
10745	23437	18
10745	23699	23
10745	23744	62
10745	24199	22
10745	24592	4
10745	24703	5
10745	24735	127
10745	24752	3
10745	24777	5
10745	25040	1
10745	25153	30
10745	25163	6
10745	25505	29
10745	25799	18
10745	26330	11
10745	26465	17
10745	26485	245
10745	26961	1
10745	27162	3
10745	27319	1
10745	27887	4
10745	28137	1
10745	28668	1
10745	29121	2
10745	29520	21
10745	29621	22
10745	29647	3
10745	29704	46
10745	29835	6
10745	29961	14
10745	30042	9
10745	30477	30
10745	30712	9
10745	31086	5
10745	31114	20
10745	31279	20
10745	31302	2
10745	31439	2
10745	31714	7
10745	31955	7
10745	32012	17
10745	32502	4
10745	32511	23
10745	32522	1
10745	32579	6
10745	32688	7
10745	33156	8
10745	33181	2
10745	33200	10
10745	33223	5
10745	33248	5
10745	33278	15
10745	33288	3
10745	33310	20
10745	33340	5
10745	33357	18
10745	33385	27
10745	33419	4
10745	33622	5
10745	34077	4
10745	34118	3
10745	34135	9
10745	34159	2
10745	34166	15
10745	34175	8
10745	34186	8
10745	34208	3
10745	34247	11
10745	34270	12
10745	34296	4
10745	34322	3
10745	34372	7
10745	34543	6
10745	34647	13
10745	34894	84
10745	34898	189
10745	34998	5
10745	35067	23
10745	35291	3
10745	35434	87
10745	35713	9
10745	36126	2
10745	36558	6
10745	36565	141
10745	36698	6
10745	36948	100
10745	37103	5
10745	37626	22
10745	38329	6
10745	38431	1
10745	38446	5
10745	38724	6
10745	38890	3
10745	39051	8
10745	39451	10
10745	40704	61
10745	40722	3
10745	40754	15
10745	40976	30
10745	42236	1
10745	42528	11
10745	43056	171
10745	43194	82
10745	43763	6
10745	43939	8
10745	44138	11
10745	44143	12
10745	44571	5
10745	44598	19
10745	44895	1
10745	44945	1
10745	45039	12
10745	45201	40
10745	45625	1
10745	45766	11
10745	46606	5
10745	46608	7
10745	47077	2
10745	47249	3
10745	47310	19
10745	48276	9
10745	48605	9
10745	49095	25
10745	49810	3
10745	49871	17
10745	49979	9
10745	50157	4
10745	50163	6
10745	50245	1
10745	51999	18
10745	52182	61
10745	52196	4
10745	52294	3
10745	52414	1
10745	52616	3
10745	53674	6
10745	53696	2
10745	53953	1
10745	54239	9
10745	54248	10
10745	54857	7
10745	54884	2
10745	55157	16
10745	55288	16
10745	55378	2
10745	55415	20
10745	55470	30
10745	55762	7
10745	56088	11
10745	56117	7
10745	56223	15
10745	56304	21
10745	56540	19
10745	56554	71
10745	56583	59
10745	56936	13
10745	56954	3
10745	57001	17
10745	57208	5
10745	57325	17
10745	57374	6
10745	57382	80
10745	57587	4
10745	57593	7
10745	57631	4
10745	57645	10
10745	57742	1
10745	57822	37
10745	57825	4
10745	57832	5
10745	57878	7
10745	57957	1
10745	58401	6
10745	58477	62
10745	59087	36
10745	59418	12
10745	59667	8
10745	59727	6
10745	60025	5
10745	60096	13
10745	60326	11
10745	60894	29
10745	60976	19
10745	61013	3
10745	61242	10
10745	61279	4
10745	61697	4
10745	62521	41
10745	62563	5
10745	62582	6
10745	62596	5
10745	62605	11
10745	62619	10
10745	62650	5
10745	62696	16
10745	62762	7
10745	62799	5
10745	62828	10
10745	62860	16
10745	62898	17
10745	63525	7
10745	63932	2
10745	63933	126
10745	64231	5
10745	64294	6
10745	64532	2
10745	64552	81
10745	64569	1
10745	64610	2
10745	64675	5
10745	64726	6
10745	64744	7
10745	64805	52
10745	65135	24
10745	65150	6
10745	65157	1
10745	65180	7
10745	65190	8
10745	65399	19
10745	65477	15
10745	65505	3
10745	65568	3
10745	65588	8
10745	65594	138
10745	65605	5
10745	65679	36
10745	65730	3
10745	65757	8
10745	66003	24
10745	66040	5
10745	66237	13
10745	66266	13
10745	66351	12
10745	66433	2
10745	66472	19
10745	66504	1
10745	66804	28
10745	67129	9
10745	67147	2
10745	67165	7
10745	67189	4
10745	67249	4
10745	67260	1
10745	67268	2
10745	67277	2
10745	67285	7
10745	67308	7
10745	67336	11
10745	67371	2
10745	67422	1
10745	67474	10
10745	67482	2
10745	67494	3
10745	67653	9
10745	67670	3
10745	67733	2
10745	67768	6
10745	67980	7
10745	68095	1
10748	11780	1
10748	11809	8
10748	12520	3
10748	12691	1
10748	12757	21
10748	12867	5
10748	14050	27
10748	14548	4
10748	14797	3
10748	14918	12
10748	14971	1
10748	15844	11
10748	15929	1
10748	16544	8
10748	16832	2
10748	17297	2
10748	17657	49
10748	19357	20
10748	19679	2
10748	19949	2
10748	20042	38
10748	20102	1
10748	20162	6
10748	20454	3
10748	20945	20
10748	21122	49
10748	21560	3
10748	21780	31
10748	21885	2
10748	22237	3
10748	22252	24
10748	22388	1
10748	22407	2
10748	22558	2
10748	22711	4
10748	22886	5
10748	22908	2
10748	23437	21
10748	23699	12
10748	23744	31
10748	24199	9
10748	24592	2
10748	24703	1
10748	24735	67
10748	24752	13
10748	24777	1
10748	25153	52
10748	25163	20
10748	25505	26
10748	25799	6
10748	26330	9
10748	26465	5
10748	26485	108
10748	26961	1
10748	26974	8
10748	27887	4
10748	29121	2
10748	29520	6
10748	29621	15
10748	29647	1
10748	29704	72
10748	29835	2
10748	29961	2
10748	30042	5
10748	30477	35
10748	30712	5
10748	31086	5
10748	31114	9
10748	31279	10
10748	31302	1
10748	31388	6
10748	31439	3
10748	31714	7
10748	31955	6
10748	32012	8
10748	32502	1
10748	32511	19
10748	32579	4
10748	32688	4
10748	33156	7
10748	33181	2
10748	33200	7
10748	33223	4
10748	33248	3
10748	33278	7
10748	33288	2
10748	33310	13
10748	33340	6
10748	33357	8
10748	33385	10
10748	33419	5
10748	33622	5
10748	34077	2
10748	34118	2
10748	34135	4
10748	34141	5
10748	34159	3
10748	34166	5
10748	34175	22
10748	34186	17
10748	34208	7
10748	34247	2
10748	34270	29
10748	34296	5
10748	34372	4
10748	34543	3
10748	34647	15
10748	34894	55
10748	34898	139
10748	34998	11
10748	35067	8
10748	35434	55
10748	36558	2
10748	36565	70
10748	36698	8
10748	36948	28
10748	37103	6
10748	37626	9
10748	38329	2
10748	38431	11
10748	38446	2
10748	38724	3
10748	38890	1
10748	39051	11
10748	39451	6
10748	40704	16
10748	40754	7
10748	40976	10
10748	42236	3
10748	42528	16
10748	43056	9
10748	43194	38
10748	43763	5
10748	43939	2
10748	44138	9
10748	44143	13
10748	44571	2
10748	44598	8
10748	44945	16
10748	45039	7
10748	45201	7
10748	45625	8
10748	45766	2
10748	46606	4
10748	46608	3
10748	47077	1
10748	47249	1
10748	47310	18
10748	48276	4
10748	48605	7
10748	49095	21
10748	49810	1
10748	49871	11
10748	49979	5
10748	50157	17
10748	50163	5
10748	50644	1
10748	51999	5
10748	52182	24
10748	52196	2
10748	52414	2
10748	52616	4
10748	53674	7
10748	53696	1
10748	54239	1
10748	54248	7
10748	54368	1
10748	54857	6
10748	54884	2
10748	55157	11
10748	55288	5
10748	55378	4
10748	55415	9
10748	55470	19
10748	55762	7
10748	56088	3
10748	56117	8
10748	56223	15
10748	56304	12
10748	56540	13
10748	56554	32
10748	56583	37
10748	56936	14
10748	56954	2
10748	57001	9
10748	57208	1
10748	57325	9
10748	57382	54
10748	57587	4
10748	57593	1
10748	57631	3
10748	57645	1
10748	57822	10
10748	57825	4
10748	57832	3
10748	57878	5
10748	58401	4
10748	58477	29
10748	59087	11
10748	59418	5
10748	59667	5
10748	59727	7
10748	60025	1
10748	60096	6
10748	60326	4
10748	60894	10
10748	60976	7
10748	61013	3
10748	61242	4
10748	61279	1
10748	61585	2
10748	61697	1
10748	62521	12
10748	62563	6
10748	62596	4
10748	62605	6
10748	62619	9
10748	62650	6
10748	62696	7
10748	62762	3
10748	62791	2
10748	62799	4
10748	62828	15
10748	62860	11
10748	62898	14
10748	63525	7
10748	63932	2
10748	63933	92
10748	64231	5
10748	64294	10
10748	64532	1
10748	64552	56
10748	64569	2
10748	64726	1
10748	64744	3
10748	64805	33
10748	65135	7
10748	65150	1
10748	65180	4
10748	65190	1
10748	65399	3
10748	65477	12
10748	65505	2
10748	65568	8
10748	65588	6
10748	65594	93
10748	65605	3
10748	65623	1
10748	65679	19
10748	65730	1
10748	65757	3
10748	66003	20
10748	66040	1
10748	66237	4
10748	66266	6
10748	66351	4
10748	66433	1
10748	66472	14
10748	66804	2
10748	67129	1
10748	67165	9
10748	67189	12
10748	67209	2
10748	67215	2
10748	67249	4
10748	67268	2
10748	67285	5
10748	67308	4
10748	67336	19
10748	67371	2
10748	67422	3
10748	67474	18
10748	67494	10
10748	67653	7
10748	67670	1
10748	67733	11
10748	67768	11
10748	67980	4
11531	11809	4
11531	12520	9
11531	12757	1
11531	14548	1
11531	14918	4
11531	15929	1
11531	16544	1
11531	16832	25
11531	17657	54
11531	19357	7
11531	19949	87
11531	20102	1
11531	20162	8
11531	21122	29
11531	21560	1
11531	21780	38
11531	21885	4
11531	22407	4
11531	22711	11
11531	22825	2
11531	22886	2
11531	22908	5
11531	23699	17
11531	23744	33
11531	24199	2
11531	24752	1
11531	24777	1
11531	25040	3
11531	25505	1
11531	25799	1
11531	26465	3
11531	26485	53
11531	26974	1
11531	27887	1
11531	28137	4
11531	29647	7
11531	29835	3
11531	29961	11
11531	30042	7
11531	30477	4
11531	30712	6
11531	31086	5
11531	31388	2
11531	31439	1
11531	31714	1
11531	32012	31
11531	32502	1
11531	33200	2
11531	33223	1
11531	33248	2
11531	33261	5
11531	33278	1
11531	33310	3
11531	33357	5
11531	33385	8
11531	33419	1
11531	33622	15
11531	34077	1
11531	34135	3
11531	34159	5
11531	34166	1
11531	34186	6
11531	34208	1
11531	34247	2
11531	34270	1
11531	34296	4
11531	34322	1
11531	34372	12
11531	34647	4
11531	34894	3
11531	34898	4
11531	34998	24
11531	35067	15
11531	35434	18
11531	35713	8
11531	36558	7
11531	36565	45
11531	36698	1
11531	36948	50
11531	37103	1
11531	37626	2
11531	38329	10
11531	38446	4
11531	38795	4
11531	38890	5
11531	39051	2
11531	39451	6
11531	40704	45
11531	40976	14
11531	43056	8
11531	43194	32
11531	43763	8
11531	43939	5
11531	44138	2
11531	44143	3
11531	44479	23
11531	44598	11
11531	44945	20
11531	45039	8
11531	45201	11
11531	45625	1
11531	47077	22
11531	48276	6
11531	49095	1
11531	49810	16
11531	50157	4
11531	50163	1
11531	51999	6
11531	52182	6
11531	52294	1
11531	52414	6
11531	52616	1
11531	54239	11
11531	54857	2
11531	54884	1
11531	55157	8
11531	55288	5
11531	55378	5
11531	55415	3
11531	55470	18
11531	55762	2
11531	56223	1
11531	56554	9
11531	56936	3
11531	56954	2
11531	57325	9
11531	57374	8
11531	57593	3
11531	57631	9
11531	57822	13
11531	57825	2
11531	58401	1
11531	58477	4
11531	59087	9
11531	59418	8
11531	59667	12
11531	60025	2
11531	60326	26
11531	60894	2
11531	60976	23
11531	61242	10
11531	61697	6
11531	62605	3
11531	62650	3
11531	62696	2
11531	62762	2
11531	62791	1
11531	62799	1
11531	62828	3
11531	62860	2
11531	62898	5
11531	63932	1
11531	63933	4
11531	64294	3
11531	64552	4
11531	64569	2
11531	64726	2
11531	64744	1
11531	65157	1
11531	65190	13
11531	65399	16
11531	65505	8
11531	65524	5
11531	65568	1
11531	65588	1
11531	65605	3
11531	65679	5
11531	66003	4
11531	66237	1
11531	66266	4
11531	66433	3
11531	66472	3
11531	66504	1
11531	66804	27
11531	67165	3
11531	67260	1
11531	67277	2
11531	67285	1
11531	67308	8
11531	67336	7
11531	67371	3
11531	67653	6
11531	67733	2
11531	68095	1
11780	11809	5
11780	12520	6
11780	12691	1
11780	12757	1
11780	12867	7
11780	13571	15
11780	14548	41
11780	14797	6
11780	14918	2
11780	15929	23
11780	16544	1
11780	16832	2
11780	17297	7
11780	17657	20
11780	18232	10
11780	18901	4
11780	19049	5
11780	19357	5
11780	19665	3
11780	19679	2
11780	19949	1
11780	20042	8
11780	20102	1
11780	20162	17
11780	20454	12
11780	21122	1
11780	21780	105
11780	21885	2
11780	22237	59
11780	22388	12
11780	22558	60
11780	22825	15
11780	22886	27
11780	22908	28
11780	23675	10
11780	23699	28
11780	23744	54
11780	23774	1
11780	24199	11
11780	24451	1
11780	24592	1
11780	24703	2
11780	24735	1
11780	24752	2
11780	24777	1
11780	25799	1
11780	26330	1
11780	26465	3
11780	26485	385
11780	26961	19
11780	27319	15
11780	27887	1
11780	28668	1
11780	29121	7
11780	29520	25
11780	29621	1
11780	29647	1
11780	29704	1
11780	29835	5
11780	29961	1
11780	30042	3
11780	30477	2
11780	30712	7
11780	31086	3
11780	31114	21
11780	31388	3
11780	31439	1
11780	31584	11
11780	31714	7
11780	31955	2
11780	32012	7
11780	32502	2
11780	32511	1
11780	32522	22
11780	32579	2
11780	32688	9
11780	33156	25
11780	33181	10
11780	33200	22
11780	33223	7
11780	33248	10
11780	33261	4
11780	33278	4
11780	33288	8
11780	33310	11
11780	33340	27
11780	33357	5
11780	33385	34
11780	33419	5
11780	34090	15
11780	34118	8
11780	34135	9
11780	34159	5
11780	34166	13
11780	34175	3
11780	34186	4
11780	34208	11
11780	34247	5
11780	34270	17
11780	34296	3
11780	34322	6
11780	34647	18
11780	34894	2
11780	34898	12
11780	34992	17
11780	34998	6
11780	35067	55
11780	35291	3
11780	35434	48
11780	35713	5
11780	36126	8
11780	36558	1
11780	36565	71
11780	36698	15
11780	36948	27
11780	37103	2
11780	37626	4
11780	38329	102
11780	38446	1
11780	38724	3
11780	38795	6
11780	38890	1
11780	39051	1
11780	39451	1
11780	40704	8
11780	40722	1
11780	40976	7
11780	42236	17
11780	42528	1
11780	43056	19
11780	43194	33
11780	43763	1
11780	43939	2
11780	44138	6
11780	44143	12
11780	44571	1
11780	44598	108
11780	44895	8
11780	45039	3
11780	45201	19
11780	45766	10
11780	46138	7
11780	46606	13
11780	46608	27
11780	48276	2
11780	49810	5
11780	49871	7
11780	49979	4
11780	50157	2
11780	50245	13
11780	50644	11
11780	51999	61
11780	52182	61
11780	52196	1
11780	52294	1
11780	52616	5
11780	53696	2
11780	54239	10
11780	54248	61
11780	54368	7
11780	55157	7
11780	55288	16
11780	55378	38
11780	55415	6
11780	55470	6
11780	55693	1
11780	55762	12
11780	56088	12
11780	56117	23
11780	56223	5
11780	56540	5
11780	56554	73
11780	56936	7
11780	56954	1
11780	57001	1
11780	57208	2
11780	57325	2
11780	57587	1
11780	57593	1
11780	57631	4
11780	57645	5
11780	57742	4
11780	57822	43
11780	57825	1
11780	57832	2
11780	57878	3
11780	57957	1
11780	58401	2
11780	58477	11
11780	59087	64
11780	59418	3
11780	59667	7
11780	59727	6
11780	60096	1
11780	60326	2
11780	60894	18
11780	60976	1
11780	61242	4
11780	61279	8
11780	61585	1
11780	61697	6
11780	62162	9
11780	62563	4
11780	62582	20
11780	62596	10
11780	62605	2
11780	62619	6
11780	62650	54
11780	62696	39
11780	62762	2
11780	62791	1
11780	62799	19
11780	62828	9
11780	62860	18
11780	62898	15
11780	63525	13
11780	63932	11
11780	63933	6
11780	64231	1
11780	64532	4
11780	64552	4
11780	64569	6
11780	64610	41
11780	64675	7
11780	64726	1
11780	64744	3
11780	64805	2
11780	65135	2
11780	65150	2
11780	65157	9
11780	65180	4
11780	65190	10
11780	65477	16
11780	65505	3
11780	65524	7
11780	65568	1
11780	65588	2
11780	65594	2
11780	65605	1
11780	65623	4
11780	65679	7
11780	65757	14
11780	66003	11
11780	66266	6
11780	66351	10
11780	66433	2
11780	66472	2
11780	66504	10
11780	67058	4
11780	67129	3
11780	67147	1
11780	67165	25
11780	67189	7
11780	67209	7
11780	67215	6
11780	67249	5
11780	67260	4
11780	67268	5
11780	67277	8
11780	67285	3
11780	67308	12
11780	67336	33
11780	67371	6
11780	67422	2
11780	67474	2
11780	67482	2
11780	67494	3
11780	67653	1
11780	67670	1
11780	67977	2
11780	67980	4
11780	68095	1
11809	12520	5
11809	12691	1
11809	12757	4
11809	12867	5
11809	13248	9
11809	13571	2
11809	14050	3
11809	14548	4
11809	14797	4
11809	15844	1
11809	15929	3
11809	16544	5
11809	16832	5
11809	17297	4
11809	17657	54
11809	18232	11
11809	18901	7
11809	19049	1
11809	19357	15
11809	19665	3
11809	19949	4
11809	20042	8
11809	20102	2
11809	20162	8
11809	20454	2
11809	20945	2
11809	21122	17
11809	21560	2
11809	21780	64
11809	21885	6
11809	22237	2
11809	22252	21
11809	22388	1
11809	22407	3
11809	22558	1
11809	22711	4
11809	22825	3
11809	22886	1
11809	22908	9
11809	23437	9
11809	23675	4
11809	23699	43
11809	23744	18
11809	23774	1
11809	24199	2
11809	24592	3
11809	24703	2
11809	24735	3
11809	24752	5
11809	25040	2
11809	25153	6
11809	25163	11
11809	25505	4
11809	25799	1
11809	26330	1
11809	26465	12
11809	26485	219
11809	26961	10
11809	27162	3
11809	27319	3
11809	27887	1
11809	28137	4
11809	29121	1
11809	29520	12
11809	29621	1
11809	29647	3
11809	29704	3
11809	29961	5
11809	30042	4
11809	30204	1
11809	30477	1
11809	30712	49
11809	31086	7
11809	31114	5
11809	31279	5
11809	31388	8
11809	31439	11
11809	31584	3
11809	31714	20
11809	31955	3
11809	32012	4
11809	32502	1
11809	32511	4
11809	32579	1
11809	32688	2
11809	33156	2
11809	33181	1
11809	33200	13
11809	33223	5
11809	33248	2
11809	33278	4
11809	33288	5
11809	33310	3
11809	33340	8
11809	33357	9
11809	33385	9
11809	33419	5
11809	33622	2
11809	34077	4
11809	34118	5
11809	34135	6
11809	34141	1
11809	34159	2
11809	34166	8
11809	34175	10
11809	34186	7
11809	34208	1
11809	34247	4
11809	34270	14
11809	34296	3
11809	34322	5
11809	34372	7
11809	34543	1
11809	34647	25
11809	34894	6
11809	34898	17
11809	34992	3
11809	34998	4
11809	35067	45
11809	35291	1
11809	35434	23
11809	35713	69
11809	36126	2
11809	36565	64
11809	36698	5
11809	36948	32
11809	37103	1
11809	37626	1
11809	38329	47
11809	38431	3
11809	38724	1
11809	38795	1
11809	38890	2
11809	39051	2
11809	39451	1
11809	40704	14
11809	40722	6
11809	40754	6
11809	40976	7
11809	42236	1
11809	42528	5
11809	43056	20
11809	43194	113
11809	43763	4
11809	44138	9
11809	44143	2
11809	44598	32
11809	45039	7
11809	45201	5
11809	45625	1
11809	45766	2
11809	46606	5
11809	46608	10
11809	47077	14
11809	47249	2
11809	47310	1
11809	48276	12
11809	49095	2
11809	49810	2
11809	49871	5
11809	49979	2
11809	50157	9
11809	50163	5
11809	50644	2
11809	51999	86
11809	52125	2
11809	52182	36
11809	52196	10
11809	52294	48
11809	52414	4
11809	52616	3
11809	53674	5
11809	53696	1
11809	53953	1
11809	54239	6
11809	54248	18
11809	54368	9
11809	54857	5
11809	54884	1
11809	55157	9
11809	55288	6
11809	55378	4
11809	55415	5
11809	55470	7
11809	55693	11
11809	55762	1
11809	56088	5
11809	56117	10
11809	56223	8
11809	56304	8
11809	56540	7
11809	56554	36
11809	56583	2
11809	56936	14
11809	56954	2
11809	57001	4
11809	57208	8
11809	57325	2
11809	57374	1
11809	57593	1
11809	57631	4
11809	57645	8
11809	57822	9
11809	57825	3
11809	57878	1
11809	57957	3
11809	58401	1
11809	58477	8
11809	59087	19
11809	59667	3
11809	59727	2
11809	60025	1
11809	60326	13
11809	60894	9
11809	60976	16
11809	61013	1
11809	61242	2
11809	61279	3
11809	61585	4
11809	61697	2
11809	62162	7
11809	62521	1
11809	62563	10
11809	62582	7
11809	62605	3
11809	62619	13
11809	62650	9
11809	62696	8
11809	62762	5
11809	62791	2
11809	62799	5
11809	62828	8
11809	62860	7
11809	62898	13
11809	63525	12
11809	63932	9
11809	63933	10
11809	64231	6
11809	64294	2
11809	64532	1
11809	64552	10
11809	64569	2
11809	64610	5
11809	64675	4
11809	64744	3
11809	64805	3
11809	65135	3
11809	65157	1
11809	65180	1
11809	65190	2
11809	65399	3
11809	65477	8
11809	65505	3
11809	65524	2
11809	65568	7
11809	65588	3
11809	65594	12
11809	65605	6
11809	65623	3
11809	65679	5
11809	65730	2
11809	65757	3
11809	66003	33
11809	66040	7
11809	66237	19
11809	66266	9
11809	66351	4
11809	66472	1
11809	66504	5
11809	66804	3
11809	67129	6
11809	67147	1
11809	67165	12
11809	67189	6
11809	67209	2
11809	67215	3
11809	67249	6
11809	67260	5
11809	67268	3
11809	67277	2
11809	67285	5
11809	67308	12
11809	67336	9
11809	67371	4
11809	67422	3
11809	67474	4
11809	67482	2
11809	67494	2
11809	67653	1
11809	67670	2
11809	67733	5
11809	67768	9
11809	67977	4
11809	67980	4
12520	12867	2
12520	13571	4
12520	14548	28
12520	14797	14
12520	14918	4
12520	15929	2
12520	16286	12
12520	16544	10
12520	16832	20
12520	17297	1
12520	17657	263
12520	18232	2
12520	18901	11
12520	19049	2
12520	19357	21
12520	19665	6
12520	19679	6
12520	19949	26
12520	20042	14
12520	20102	3
12520	20162	11
12520	20454	2
12520	20945	1
12520	21122	18
12520	21780	95
12520	21885	2
12520	22237	4
12520	22388	12
12520	22407	24
12520	22558	2
12520	22711	18
12520	22825	18
12520	22908	5
12520	23675	9
12520	23699	44
12520	23744	32
12520	23774	3
12520	24199	13
12520	24592	3
12520	24703	1
12520	24735	1
12520	24777	4
12520	25040	10
12520	25799	2
12520	26330	3
12520	26465	26
12520	26485	209
12520	26961	4
12520	26974	1
12520	27162	1
12520	27319	5
12520	27887	4
12520	28668	1
12520	29121	4
12520	29520	9
12520	29621	3
12520	29647	5
12520	29704	4
12520	29961	7
12520	30042	3
12520	30204	2
12520	30477	2
12520	30712	3
12520	31114	24
12520	31302	14
12520	31388	5
12520	31439	2
12520	31584	1
12520	31714	1
12520	31955	2
12520	32012	65
12520	32502	1
12520	32579	4
12520	32688	10
12520	33156	5
12520	33181	1
12520	33200	4
12520	33223	4
12520	33248	3
12520	33261	3
12520	33271	12
12520	33278	32
12520	33288	1
12520	33310	6
12520	33340	5
12520	33357	16
12520	33385	7
12520	33419	5
12520	33622	5
12520	34077	9
12520	34090	3
12520	34118	1
12520	34135	3
12520	34159	4
12520	34166	8
12520	34175	3
12520	34186	2
12520	34208	1
12520	34247	5
12520	34270	3
12520	34296	1
12520	34322	1
12520	34543	1
12520	34647	9
12520	34894	3
12520	34898	16
12520	34992	4
12520	34998	41
12520	35067	20
12520	35291	8
12520	35434	101
12520	35713	2
12520	36126	7
12520	36558	2
12520	36565	128
12520	36698	13
12520	36948	205
12520	37103	1
12520	38329	26
12520	38446	2
12520	38724	22
12520	38795	12
12520	38890	1
12520	39051	2
12520	39451	2
12520	40704	47
12520	40722	2
12520	40976	15
12520	42236	2
12520	43056	15
12520	43194	38
12520	43763	1
12520	43939	11
12520	44138	12
12520	44143	18
12520	44479	34
12520	44571	3
12520	44598	42
12520	44945	1
12520	45039	57
12520	45201	56
12520	45625	6
12520	45766	1
12520	46138	2
12520	46606	6
12520	46608	6
12520	47077	42
12520	47310	1
12520	48276	10
12520	49810	29
12520	49871	1
12520	49979	20
12520	50157	3
12520	50163	10
12520	51999	30
12520	52125	1
12520	52182	84
12520	52196	1
12520	52414	21
12520	52616	9
12520	53674	3
12520	53696	1
12520	53953	6
12520	54239	7
12520	54248	13
12520	54368	3
12520	54857	6
12520	54884	24
12520	55157	13
12520	55288	8
12520	55378	3
12520	55415	13
12520	55470	66
12520	55693	2
12520	55762	20
12520	56088	7
12520	56117	15
12520	56304	1
12520	56540	4
12520	56554	80
12520	56936	14
12520	56954	1
12520	57208	8
12520	57325	15
12520	57374	55
12520	57593	7
12520	57631	15
12520	57742	1
12520	57822	42
12520	57832	7
12520	57957	1
12520	58477	52
12520	59087	23
12520	59418	6
12520	59667	9
12520	59727	6
12520	60025	2
12520	60096	6
12520	60326	76
12520	60894	42
12520	60976	68
12520	61242	38
12520	61279	1
12520	61585	1
12520	61697	26
12520	62563	12
12520	62582	9
12520	62596	4
12520	62605	2
12520	62619	3
12520	62650	3
12520	62696	8
12520	62762	1
12520	62799	2
12520	62828	7
12520	62860	6
12520	62898	9
12520	63525	13
12520	63932	10
12520	63933	12
12520	64231	10
12520	64552	7
12520	64569	2
12520	64610	9
12520	64675	14
12520	64726	21
12520	64744	5
12520	64805	1
12520	65135	2
12520	65150	5
12520	65157	2
12520	65180	1
12520	65190	3
12520	65399	4
12520	65477	2
12520	65505	19
12520	65524	2
12520	65568	3
12520	65588	3
12520	65679	2
12520	65730	4
12520	65757	1
12520	66003	37
12520	66040	11
12520	66237	6
12520	66266	20
12520	66351	1
12520	66433	1
12520	66504	4
12520	66804	4
12520	67058	1
12520	67147	1
12520	67165	12
12520	67189	14
12520	67209	2
12520	67215	5
12520	67249	1
12520	67277	2
12520	67285	2
12520	67308	6
12520	67336	9
12520	67371	3
12520	67422	5
12520	67482	1
12520	67494	5
12520	67653	3
12520	67980	9
12520	68095	2
12691	12757	1
12691	12867	20
12691	13248	1
12691	14918	5
12691	14971	6
12691	15844	3
12691	16544	5
12691	16832	2
12691	17657	10
12691	18232	1
12691	19049	1
12691	19357	6
12691	19679	1
12691	19949	1
12691	20102	2
12691	20945	1
12691	21122	4
12691	21560	4
12691	21780	23
12691	21885	2
12691	22252	11
12691	22407	1
12691	22886	1
12691	22908	2
12691	23437	19
12691	23675	1
12691	23699	13
12691	23744	13
12691	24199	2
12691	24592	8
12691	24703	12
12691	24735	12
12691	24752	12
12691	24777	2
12691	25040	1
12691	25153	2
12691	25163	7
12691	25505	22
12691	25799	8
12691	26330	1
12691	26485	33
12691	26961	1
12691	27162	5
12691	27319	1
12691	29621	2
12691	29647	3
12691	29704	15
12691	29835	1
12691	30042	1
12691	30712	1
12691	31086	1
12691	31279	1
12691	31388	2
12691	31955	1
12691	32012	4
12691	32502	4
12691	32511	5
12691	32522	2
12691	32579	2
12691	32688	1
12691	33156	2
12691	33181	2
12691	33200	9
12691	33223	3
12691	33248	5
12691	33261	3
12691	33278	1
12691	33288	4
12691	33310	1
12691	33340	11
12691	33357	4
12691	33385	11
12691	33419	2
12691	34077	5
12691	34090	1
12691	34118	2
12691	34135	5
12691	34141	5
12691	34159	6
12691	34166	1
12691	34175	9
12691	34186	11
12691	34208	2
12691	34247	3
12691	34270	11
12691	34296	6
12691	34322	1
12691	34543	8
12691	34647	3
12691	34894	13
12691	34898	33
12691	34992	1
12691	34998	1
12691	35067	1
12691	35291	1
12691	35434	7
12691	36558	2
12691	36565	13
12691	36948	8
12691	37103	1
12691	37626	2
12691	38329	5
12691	38446	1
12691	38890	1
12691	39051	4
12691	39451	6
12691	40704	3
12691	40976	1
12691	42236	1
12691	42528	1
12691	43056	14
12691	43194	22
12691	43763	3
12691	43939	1
12691	44138	1
12691	44143	2
12691	44598	2
12691	44895	1
12691	44945	1
12691	45039	2
12691	45201	1
12691	45625	1
12691	46608	1
12691	47077	1
12691	47249	2
12691	47310	10
12691	48605	3
12691	49095	4
12691	49871	2
12691	49979	1
12691	50163	1
12691	51999	3
12691	52182	4
12691	52196	1
12691	52616	1
12691	53674	5
12691	53696	1
12691	54239	1
12691	54248	2
12691	55378	3
12691	55470	4
12691	56223	1
12691	56304	1
12691	56540	3
12691	56554	3
12691	56583	1
12691	56936	4
12691	56954	7
12691	57001	2
12691	57325	1
12691	57587	3
12691	57645	1
12691	57822	7
12691	57878	1
12691	58401	3
12691	58477	3
12691	59087	3
12691	59418	3
12691	59667	1
12691	60025	1
12691	60326	4
12691	60894	1
12691	60976	2
12691	61013	3
12691	61242	4
12691	62521	23
12691	62563	7
12691	62582	6
12691	62596	1
12691	62605	4
12691	62619	5
12691	62650	13
12691	62696	3
12691	62762	13
12691	62791	1
12691	62799	7
12691	62828	4
12691	62860	11
12691	62898	16
12691	63525	2
12691	63933	7
12691	64231	3
12691	64294	6
12691	64532	1
12691	64552	32
12691	64569	2
12691	64744	1
12691	64805	4
12691	65150	1
12691	65157	2
12691	65180	8
12691	65190	1
12691	65477	7
12691	65505	1
12691	65568	25
12691	65588	4
12691	65594	21
12691	65605	3
12691	65679	22
12691	66003	7
12691	66237	5
12691	66266	2
12691	66433	2
12691	66472	5
12691	67129	2
12691	67147	8
12691	67165	14
12691	67189	1
12691	67209	3
12691	67215	1
12691	67249	3
12691	67268	2
12691	67277	2
12691	67285	4
12691	67308	11
12691	67336	4
12691	67371	13
12691	67422	3
12691	67482	2
12691	67653	6
12691	67670	2
12691	67733	18
12691	67768	8
12691	67977	2
12691	68095	1
12757	14050	9
12757	14548	10
12757	14918	5
12757	14971	3
12757	15844	19
12757	16544	30
12757	16832	3
12757	17297	1
12757	17657	38
12757	19949	1
12757	20042	8
12757	20162	11
12757	21122	124
12757	21560	5
12757	21780	31
12757	22237	1
12757	22252	4
12757	22407	5
12757	22711	4
12757	22908	14
12757	23437	15
12757	23699	17
12757	23744	67
12757	24199	10
12757	24592	3
12757	24703	1
12757	24735	98
12757	24752	6
12757	24777	1
12757	25040	2
12757	25153	21
12757	25163	15
12757	25505	14
12757	25799	11
12757	26330	8
12757	26465	4
12757	26485	100
12757	26961	5
12757	26974	7
12757	27162	1
12757	28137	1
12757	29121	1
12757	29520	2
12757	29621	8
12757	29647	10
12757	29704	56
12757	29835	2
12757	29961	1
12757	30042	3
12757	30712	3
12757	31086	11
12757	31114	10
12757	31279	8
12757	31388	17
12757	31955	4
12757	32012	6
12757	32502	1
12757	32511	6
12757	32579	3
12757	33181	1
12757	33200	4
12757	33223	2
12757	33248	3
12757	33261	3
12757	33278	1
12757	33357	10
12757	33385	1
12757	33419	1
12757	34077	2
12757	34135	6
12757	34141	12
12757	34159	4
12757	34166	4
12757	34175	18
12757	34186	17
12757	34247	8
12757	34270	7
12757	34296	9
12757	34543	5
12757	34894	38
12757	34898	118
12757	34992	2
12757	34998	3
12757	35067	14
12757	35291	2
12757	35434	22
12757	36558	11
12757	36565	49
12757	36698	15
12757	36948	17
12757	37103	4
12757	37626	15
12757	38329	4
12757	38431	23
12757	38890	9
12757	39051	8
12757	39451	2
12757	40704	24
12757	40722	2
12757	40754	4
12757	40976	11
12757	42528	28
12757	43056	3
12757	43194	4
12757	43763	9
12757	44143	3
12757	44479	3
12757	44598	4
12757	45201	3
12757	46138	1
12757	46606	1
12757	47077	3
12757	47249	2
12757	47310	12
12757	48276	1
12757	48605	6
12757	49095	18
12757	49871	6
12757	49979	16
12757	50157	104
12757	50163	4
12757	51999	3
12757	52182	3
12757	52196	2
12757	53674	1
12757	53696	4
12757	53953	2
12757	54248	6
12757	54368	1
12757	54857	1
12757	55157	4
12757	55415	2
12757	55470	11
12757	55762	1
12757	56304	61
12757	56540	8
12757	56554	22
12757	56583	36
12757	56936	6
12757	57001	6
12757	57208	20
12757	57325	9
12757	57382	27
12757	57587	119
12757	57593	5
12757	57631	2
12757	57645	1
12757	57742	2
12757	57822	12
12757	57825	1
12757	57832	5
12757	57957	5
12757	58401	2
12757	58477	13
12757	59087	11
12757	59418	5
12757	60025	3
12757	60096	3
12757	60326	2
12757	60894	8
12757	60976	6
12757	61013	7
12757	61242	1
12757	62521	29
12757	62563	3
12757	62605	3
12757	62619	6
12757	62650	5
12757	62696	3
12757	62762	1
12757	62791	1
12757	62799	8
12757	62828	6
12757	62898	15
12757	63933	63
12757	64294	4
12757	64532	1
12757	64552	49
12757	64744	2
12757	64805	18
12757	65135	14
12757	65180	3
12757	65190	3
12757	65477	1
12757	65505	1
12757	65568	14
12757	65588	3
12757	65594	98
12757	65679	40
12757	65730	1
12757	66003	7
12757	66266	4
12757	66433	4
12757	66472	14
12757	66504	1
12757	67147	2
12757	67165	1
12757	67189	1
12757	67209	1
12757	67215	2
12757	67260	3
12757	67277	3
12757	67285	2
12757	67308	13
12757	67336	7
12757	67371	1
12757	67474	23
12757	67482	1
12757	67670	2
12757	67733	5
12757	67768	12
12757	68095	4
12867	13571	2
12867	14548	6
12867	14797	3
12867	14918	1
12867	15929	2
12867	16286	1
12867	17297	1
12867	17657	28
12867	18232	2
12867	18901	2
12867	19049	1
12867	19357	30
12867	19949	2
12867	20102	2
12867	20162	3
12867	20454	5
12867	20945	5
12867	21780	48
12867	21885	1
12867	22237	10
12867	22252	1
12867	22388	4
12867	22711	2
12867	22825	1
12867	22886	5
12867	22908	4
12867	23675	1
12867	23699	9
12867	23744	19
12867	24199	1
12867	24703	1
12867	26465	6
12867	26485	113
12867	26961	14
12867	27319	1
12867	27887	19
12867	28137	1
12867	28668	1
12867	29121	1
12867	29520	13
12867	29961	1
12867	30042	1
12867	30477	4
12867	30712	20
12867	31086	1
12867	31302	13
12867	31388	11
12867	31439	5
12867	31714	37
12867	31955	5
12867	32012	8
12867	33156	8
12867	33181	2
12867	33200	5
12867	33248	1
12867	33271	1
12867	33288	1
12867	33310	2
12867	33340	2
12867	33357	2
12867	33385	1
12867	33419	1
12867	33622	1
12867	34077	1
12867	34090	1
12867	34159	2
12867	34166	3
12867	34175	1
12867	34208	2
12867	34247	2
12867	34270	2
12867	34322	7
12867	34647	25
12867	34898	1
12867	34992	4
12867	34998	10
12867	35067	19
12867	35434	11
12867	35713	20
12867	36565	40
12867	36698	5
12867	36948	25
12867	37103	2
12867	38329	14
12867	38795	1
12867	38890	1
12867	39451	3
12867	40704	20
12867	40722	4
12867	40754	1
12867	40976	2
12867	42236	2
12867	43056	85
12867	43194	126
12867	43939	2
12867	44138	34
12867	44143	2
12867	44571	9
12867	44598	11
12867	45039	4
12867	45201	5
12867	46606	1
12867	47249	6
12867	47310	1
12867	48276	25
12867	49095	2
12867	49810	1
12867	50163	4
12867	50245	10
12867	50644	1
12867	51999	16
12867	52125	5
12867	52182	15
12867	52196	7
12867	52294	2
12867	53696	1
12867	54239	6
12867	54248	11
12867	54857	19
12867	55157	1
12867	55288	6
12867	55378	1
12867	55415	2
12867	55470	10
12867	55762	1
12867	56088	1
12867	56117	7
12867	56223	1
12867	56540	6
12867	56554	23
12867	56936	2
12867	56954	2
12867	57001	1
12867	57325	9
12867	57382	10
12867	57631	5
12867	57645	14
12867	57822	10
12867	57825	1
12867	57832	2
12867	57878	1
12867	59087	24
12867	59418	1
12867	60326	5
12867	60894	3
12867	60976	2
12867	61242	4
12867	61279	1
12867	62563	1
12867	62582	2
12867	62596	2
12867	62605	1
12867	62650	5
12867	62696	2
12867	62762	7
12867	62799	1
12867	62828	6
12867	62860	3
12867	64532	1
12867	64552	2
12867	64610	2
12867	64744	2
12867	65135	1
12867	65477	1
12867	65505	3
12867	65524	1
12867	65568	7
12867	65588	3
12867	65679	2
12867	65730	5
12867	65757	2
12867	66003	7
12867	66237	10
12867	66266	4
12867	66351	4
12867	66504	1
12867	66804	2
12867	67165	2
12867	67189	1
12867	67209	3
12867	67215	1
12867	67260	1
12867	67268	1
12867	67308	3
12867	67336	1
12867	67653	1
12867	67670	3
12867	67980	2
13248	13571	8
13248	14050	1
13248	14548	1
13248	14797	1
13248	17297	10
13248	18232	3
13248	19049	1
13248	20945	9
13248	21780	32
13248	22237	5
13248	22252	1
13248	22388	4
13248	22407	1
13248	22558	1
13248	22886	1
13248	23675	2
13248	23699	9
13248	23744	2
13248	25153	1
13248	25163	7
13248	25505	4
13248	26465	1
13248	26485	88
13248	26961	1
13248	27319	5
13248	29121	1
13248	29520	2
13248	29647	2
13248	29704	5
13248	31279	1
13248	31584	1
13248	32522	1
13248	33156	5
13248	33200	4
13248	33223	3
13248	33248	4
13248	33261	2
13248	33278	1
13248	33310	8
13248	33340	15
13248	33357	5
13248	33385	11
13248	34077	1
13248	34090	1
13248	34118	18
13248	34135	1
13248	34159	1
13248	34166	5
13248	34175	4
13248	34186	4
13248	34270	10
13248	34894	2
13248	34898	1
13248	34992	1
13248	35067	47
13248	35434	22
13248	36565	11
13248	36948	1
13248	38329	20
13248	43056	1
13248	43194	3
13248	43763	1
13248	44138	1
13248	44143	3
13248	44598	12
13248	45039	2
13248	46608	1
13248	50157	2
13248	50644	1
13248	51999	20
13248	52182	6
13248	53696	1
13248	53953	1
13248	54239	1
13248	54248	8
13248	55288	4
13248	55378	3
13248	55470	1
13248	56117	1
13248	56554	7
13248	56936	3
13248	56954	1
13248	57822	6
13248	57878	1
13248	59087	21
13248	60894	9
13248	61242	1
13248	62521	3
13248	62563	18
13248	62582	1
13248	62650	28
13248	62696	9
13248	62762	10
13248	62799	1
13248	62828	9
13248	62860	9
13248	62898	11
13248	63525	8
13248	63932	8
13248	63933	2
13248	64532	1
13248	64552	11
13248	64569	1
13248	64610	2
13248	64675	2
13248	64744	1
13248	64805	1
13248	65135	3
13248	65150	2
13248	65157	8
13248	65190	1
13248	65477	3
13248	65524	4
13248	65568	1
13248	65594	4
13248	65605	8
13248	65623	11
13248	65679	2
13248	65757	1
13248	66003	18
13248	66351	1
13248	66433	1
13248	66472	3
13248	67147	3
13248	67165	7
13248	67189	9
13248	67215	5
13248	67249	2
13248	67260	116
13248	67268	6
13248	67285	9
13248	67308	5
13248	67336	15
13248	67371	2
13248	67474	9
13248	67482	3
13248	67494	1
13248	67653	2
13248	67768	6
13571	14548	4
13571	14797	6
13571	14918	1
13571	15929	4
13571	16286	1
13571	16544	1
13571	17297	5
13571	17657	16
13571	18232	4
13571	18901	2
13571	19357	4
13571	19665	2
13571	19949	2
13571	20042	1
13571	20162	3
13571	20454	6
13571	21780	87
13571	21885	2
13571	22237	74
13571	22388	7
13571	22558	15
13571	22711	1
13571	22825	13
13571	22886	3
13571	22908	15
13571	23699	19
13571	23744	5
13571	24199	2
13571	24451	1
13571	24703	2
13571	24752	4
13571	26465	1
13571	26485	217
13571	26961	14
13571	27162	1
13571	27319	15
13571	28137	1
13571	28668	5
13571	29121	9
13571	29520	15
13571	29621	1
13571	31114	10
13571	31302	1
13571	31388	1
13571	31584	8
13571	31714	9
13571	32012	5
13571	32502	3
13571	32522	11
13571	32579	1
13571	32688	3
13571	33156	2
13571	33181	2
13571	33200	3
13571	33223	3
13571	33248	3
13571	33271	1
13571	33278	8
13571	33288	1
13571	33340	26
13571	33357	6
13571	33385	11
13571	33419	1
13571	34077	2
13571	34090	8
13571	34118	5
13571	34135	8
13571	34159	1
13571	34166	4
13571	34175	3
13571	34186	2
13571	34208	10
13571	34247	5
13571	34270	13
13571	34296	8
13571	34647	3
13571	34992	3
13571	35067	21
13571	35291	1
13571	35434	15
13571	35713	1
13571	36126	31
13571	36565	37
13571	36698	7
13571	36948	15
13571	38329	38
13571	38724	2
13571	39451	1
13571	40704	1
13571	40722	7
13571	40976	2
13571	42236	12
13571	43056	3
13571	43194	5
13571	43939	1
13571	44138	1
13571	44143	15
13571	44598	21
13571	45039	2
13571	45201	6
13571	45625	1
13571	46138	6
13571	46606	13
13571	46608	62
13571	47077	1
13571	49979	2
13571	50157	3
13571	50245	1
13571	50644	8
13571	51999	25
13571	52182	67
13571	52196	6
13571	52616	1
13571	53696	3
13571	54239	2
13571	54248	21
13571	54368	1
13571	55157	2
13571	55288	1
13571	55378	10
13571	55415	8
13571	55470	6
13571	55693	2
13571	55762	1
13571	56088	1
13571	56117	21
13571	56540	2
13571	56554	34
13571	56936	6
13571	56954	2
13571	57001	3
13571	57208	1
13571	57325	3
13571	57374	2
13571	57631	1
13571	57645	14
13571	57822	12
13571	57832	1
13571	57878	1
13571	58477	6
13571	59087	57
13571	59418	1
13571	59667	1
13571	59727	3
13571	60096	1
13571	60326	2
13571	60894	10
13571	60976	4
13571	61242	1
13571	61279	5
13571	61585	1
13571	61697	2
13571	62162	8
13571	62582	10
13571	62596	3
13571	62619	2
13571	62650	51
13571	62696	25
13571	62762	5
13571	62791	3
13571	62799	6
13571	62828	11
13571	62860	27
13571	62898	11
13571	63525	13
13571	63932	12
13571	63933	2
13571	64231	2
13571	64532	2
13571	64569	6
13571	64610	12
13571	64675	1
13571	64726	2
13571	64744	1
13571	65135	4
13571	65150	1
13571	65157	17
13571	65180	2
13571	65190	4
13571	65477	13
13571	65524	9
13571	65568	1
13571	65588	1
13571	65679	1
13571	65730	1
13571	65757	15
13571	66003	9
13571	66040	2
13571	66237	1
13571	66266	1
13571	66351	12
13571	66433	2
13571	66472	3
13571	66504	7
13571	67058	10
13571	67129	2
13571	67147	3
13571	67165	18
13571	67189	8
13571	67215	3
13571	67249	4
13571	67260	7
13571	67277	3
13571	67285	3
13571	67308	7
13571	67336	32
13571	67371	4
13571	67422	4
13571	67482	2
13571	67494	5
13571	67653	1
13571	67670	1
13571	67768	2
13571	67977	7
13571	67980	21
14050	14918	7
14050	15844	4
14050	16544	6
14050	17297	1
14050	17657	22
14050	18901	1
14050	19949	3
14050	20042	28
14050	20162	1
14050	21122	28
14050	21560	5
14050	21780	14
14050	21885	2
14050	22252	2
14050	22407	1
14050	22558	1
14050	22711	1
14050	22886	1
14050	22908	1
14050	23437	10
14050	23699	1
14050	23744	16
14050	24199	2
14050	24703	1
14050	24735	23
14050	24752	4
14050	24777	1
14050	25153	20
14050	25163	3
14050	25505	13
14050	25799	3
14050	26465	1
14050	26485	60
14050	26974	4
14050	29520	4
14050	29621	3
14050	29704	17
14050	29835	1
14050	29961	3
14050	30042	2
14050	30477	10
14050	30712	3
14050	31086	3
14050	31114	1
14050	31279	12
14050	31584	1
14050	31955	9
14050	32012	2
14050	32511	5
14050	32579	2
14050	32688	8
14050	33200	4
14050	33248	1
14050	33278	1
14050	33288	3
14050	33310	4
14050	33357	6
14050	33385	2
14050	33419	1
14050	33622	3
14050	34077	1
14050	34118	1
14050	34135	1
14050	34141	3
14050	34166	3
14050	34175	11
14050	34186	7
14050	34247	2
14050	34270	3
14050	34296	1
14050	34543	1
14050	34894	39
14050	34898	49
14050	34998	3
14050	35067	3
14050	35291	1
14050	35434	11
14050	36558	3
14050	36565	33
14050	36698	1
14050	36948	20
14050	37103	1
14050	37626	13
14050	38329	1
14050	38431	4
14050	38446	4
14050	38795	1
14050	39051	2
14050	39451	5
14050	40704	7
14050	40754	11
14050	40976	7
14050	42528	7
14050	43056	2
14050	43194	4
14050	43763	4
14050	44143	2
14050	44598	3
14050	45625	1
14050	45766	7
14050	46606	1
14050	47310	7
14050	48605	2
14050	49095	13
14050	49871	3
14050	50157	5
14050	50163	2
14050	50644	1
14050	51999	2
14050	52182	11
14050	52616	1
14050	53674	1
14050	54248	2
14050	54368	1
14050	54857	1
14050	55157	8
14050	55288	2
14050	55470	3
14050	55762	4
14050	56117	1
14050	56223	3
14050	56304	7
14050	56540	2
14050	56554	13
14050	56583	24
14050	56936	2
14050	56954	1
14050	57208	6
14050	57325	1
14050	57382	28
14050	57631	1
14050	57742	1
14050	57822	11
14050	57825	6
14050	57832	5
14050	57878	2
14050	57957	1
14050	58401	1
14050	58477	20
14050	59087	4
14050	59418	3
14050	59667	1
14050	59727	6
14050	60025	3
14050	60096	1
14050	60894	3
14050	61242	7
14050	61697	1
14050	62605	2
14050	62619	3
14050	62650	2
14050	62696	3
14050	62828	7
14050	62898	5
14050	63525	4
14050	63933	57
14050	64294	2
14050	64552	18
14050	64744	2
14050	64805	10
14050	65477	5
14050	65568	1
14050	65588	1
14050	65594	25
14050	65679	5
14050	65757	1
14050	66003	11
14050	66266	3
14050	67165	2
14050	67189	2
14050	67249	1
14050	67285	1
14050	67308	2
14050	67336	9
14050	67474	3
14050	67494	6
14050	67653	1
14050	67733	5
14050	67768	4
14548	14797	30
14548	14918	3
14548	15844	3
14548	15929	29
14548	16544	15
14548	17297	4
14548	17657	89
14548	18232	19
14548	18901	7
14548	19357	20
14548	19679	30
14548	19949	3
14548	20042	26
14548	20102	6
14548	20162	10
14548	20454	6
14548	21122	27
14548	21560	2
14548	21780	117
14548	21885	2
14548	22237	11
14548	22252	21
14548	22388	6
14548	22407	2
14548	22558	17
14548	22711	7
14548	22825	13
14548	22886	4
14548	22908	21
14548	23437	4
14548	23675	27
14548	23699	26
14548	23744	40
14548	23774	5
14548	24199	31
14548	24592	1
14548	24703	3
14548	24735	5
14548	24752	4
14548	25153	4
14548	25163	10
14548	25505	2
14548	25799	1
14548	26330	5
14548	26465	6
14548	26485	463
14548	26961	11
14548	27319	4
14548	27887	5
14548	28668	1
14548	29121	5
14548	29520	36
14548	29621	2
14548	29647	1
14548	29704	2
14548	29961	6
14548	30042	10
14548	30477	9
14548	30712	5
14548	31086	2
14548	31114	32
14548	31279	16
14548	31302	32
14548	31388	13
14548	31439	2
14548	31714	14
14548	31955	6
14548	32012	29
14548	32511	4
14548	32688	29
14548	33156	16
14548	33200	9
14548	33223	3
14548	33248	2
14548	33271	5
14548	33278	38
14548	33288	2
14548	33310	10
14548	33340	8
14548	33357	8
14548	33385	5
14548	33622	14
14548	34077	5
14548	34090	2
14548	34118	6
14548	34135	2
14548	34141	1
14548	34159	3
14548	34166	22
14548	34175	9
14548	34186	3
14548	34247	4
14548	34270	10
14548	34322	1
14548	34543	1
14548	34647	8
14548	34894	5
14548	34898	20
14548	34992	14
14548	34998	11
14548	35067	68
14548	35291	4
14548	35434	216
14548	35713	1
14548	36126	7
14548	36558	1
14548	36565	164
14548	36698	18
14548	36948	88
14548	37103	1
14548	37626	1
14548	38329	39
14548	38431	3
14548	38446	3
14548	38724	8
14548	38795	12
14548	38890	5
14548	39051	2
14548	39451	1
14548	40704	49
14548	40722	6
14548	40754	8
14548	40976	33
14548	42236	5
14548	43056	13
14548	43194	36
14548	43939	2
14548	44138	17
14548	44143	15
14548	44479	2
14548	44571	9
14548	44598	37
14548	45039	18
14548	45201	58
14548	45625	1
14548	45766	13
14548	46138	10
14548	46606	15
14548	46608	35
14548	47077	5
14548	47249	1
14548	48276	6
14548	49095	9
14548	49810	4
14548	49871	2
14548	49979	30
14548	50157	8
14548	50163	1
14548	50644	5
14548	51999	55
14548	52125	1
14548	52182	136
14548	52196	3
14548	52414	1
14548	52616	26
14548	53674	2
14548	53696	1
14548	54239	8
14548	54248	44
14548	54857	11
14548	54884	1
14548	55157	20
14548	55288	44
14548	55378	17
14548	55415	29
14548	55470	25
14548	55693	6
14548	55762	34
14548	56088	18
14548	56117	84
14548	56223	5
14548	56304	3
14548	56540	18
14548	56554	118
14548	56936	21
14548	56954	1
14548	57208	9
14548	57325	13
14548	57374	13
14548	57593	24
14548	57631	4
14548	57645	3
14548	57742	5
14548	57822	58
14548	57825	5
14548	57832	23
14548	57957	1
14548	58401	1
14548	58477	71
14548	59087	12
14548	59418	2
14548	59667	14
14548	59727	30
14548	60025	6
14548	60096	9
14548	60326	13
14548	60894	56
14548	60976	5
14548	61013	1
14548	61242	5
14548	61279	11
14548	61585	8
14548	61697	11
14548	62162	1
14548	62521	1
14548	62563	1
14548	62582	4
14548	62596	6
14548	62605	1
14548	62650	6
14548	62696	12
14548	62762	2
14548	62791	1
14548	62799	4
14548	62828	10
14548	62860	9
14548	62898	7
14548	63525	25
14548	63932	11
14548	63933	15
14548	64231	14
14548	64294	3
14548	64532	1
14548	64552	8
14548	64569	1
14548	64610	6
14548	64675	5
14548	64726	9
14548	64744	12
14548	64805	1
14548	65135	1
14548	65150	4
14548	65180	6
14548	65399	1
14548	65477	10
14548	65505	5
14548	65524	1
14548	65568	8
14548	65588	2
14548	65594	6
14548	65679	3
14548	65730	1
14548	66003	73
14548	66040	18
14548	66237	4
14548	66266	10
14548	66351	10
14548	66433	2
14548	66504	6
14548	66804	12
14548	67058	5
14548	67165	3
14548	67189	4
14548	67209	1
14548	67215	1
14548	67249	3
14548	67268	1
14548	67285	2
14548	67308	2
14548	67336	11
14548	67371	1
14548	67474	1
14548	67482	3
14548	67494	1
14548	67653	1
14548	67670	4
14548	67733	2
14548	67768	6
14548	67980	16
14797	15929	8
14797	16544	2
14797	17297	1
14797	17657	36
14797	18232	19
14797	18901	3
14797	19049	2
14797	19357	4
14797	19665	1
14797	19679	15
14797	19949	2
14797	20042	5
14797	20162	4
14797	20454	3
14797	21122	1
14797	21780	47
14797	21885	1
14797	22237	9
14797	22388	2
14797	22558	7
14797	22711	2
14797	22825	3
14797	22886	4
14797	22908	17
14797	23675	4
14797	23699	8
14797	23744	9
14797	23774	5
14797	24199	11
14797	24703	1
14797	24735	1
14797	25799	2
14797	26330	3
14797	26465	3
14797	26485	201
14797	26961	4
14797	26974	3
14797	27319	1
14797	28668	2
14797	29121	1
14797	29520	13
14797	30042	2
14797	30712	5
14797	31114	14
14797	31302	9
14797	31388	3
14797	31439	3
14797	31584	3
14797	31714	6
14797	31955	4
14797	32012	11
14797	32502	1
14797	32511	1
14797	32522	2
14797	32688	10
14797	33156	1
14797	33181	1
14797	33200	1
14797	33223	1
14797	33248	1
14797	33261	1
14797	33278	12
14797	33310	4
14797	33340	8
14797	33357	2
14797	33385	6
14797	33419	1
14797	34077	2
14797	34090	2
14797	34118	2
14797	34135	2
14797	34159	2
14797	34166	5
14797	34175	3
14797	34186	3
14797	34208	1
14797	34247	3
14797	34270	5
14797	34296	1
14797	34322	4
14797	34647	5
14797	34898	3
14797	34992	6
14797	34998	4
14797	35067	27
14797	35291	2
14797	35434	65
14797	35713	1
14797	36126	4
14797	36565	66
14797	36698	3
14797	36948	29
14797	38329	24
14797	38431	1
14797	38724	4
14797	38795	3
14797	40704	23
14797	40722	9
14797	40976	13
14797	42236	1
14797	43056	29
14797	43194	31
14797	43939	1
14797	44138	3
14797	44143	11
14797	44479	1
14797	44598	15
14797	45039	5
14797	45201	15
14797	46138	7
14797	46606	5
14797	46608	19
14797	47077	2
14797	47249	1
14797	48276	2
14797	48605	3
14797	49871	1
14797	49979	5
14797	50163	6
14797	50245	8
14797	50644	2
14797	51999	35
14797	52125	3
14797	52182	47
14797	52196	3
14797	52294	5
14797	52616	15
14797	53953	1
14797	54239	4
14797	54248	21
14797	54368	1
14797	54857	1
14797	55157	9
14797	55288	20
14797	55378	4
14797	55415	25
14797	55470	4
14797	55762	1
14797	56088	4
14797	56117	38
14797	56223	1
14797	56540	5
14797	56554	51
14797	56936	3
14797	56954	1
14797	57208	2
14797	57325	3
14797	57374	4
14797	57587	1
14797	57593	4
14797	57631	2
14797	57645	2
14797	57822	19
14797	57832	24
14797	57878	1
14797	58477	18
14797	59087	18
14797	59667	3
14797	59727	13
14797	60096	2
14797	60326	8
14797	60894	20
14797	60976	4
14797	61242	1
14797	61279	5
14797	61585	1
14797	61697	4
14797	62582	2
14797	62596	1
14797	62650	9
14797	62696	4
14797	62799	2
14797	62828	4
14797	62860	8
14797	62898	5
14797	63525	13
14797	63932	6
14797	63933	4
14797	64231	13
14797	64552	2
14797	64610	3
14797	64675	2
14797	64726	5
14797	64744	2
14797	65135	3
14797	65150	2
14797	65157	1
14797	65190	2
14797	65477	2
14797	65524	2
14797	65568	1
14797	65594	2
14797	65605	1
14797	65730	1
14797	66003	11
14797	66040	22
14797	66237	10
14797	66266	5
14797	66351	7
14797	66433	1
14797	66504	3
14797	66804	1
14797	67058	4
14797	67165	1
14797	67189	3
14797	67209	1
14797	67249	1
14797	67268	1
14797	67277	2
14797	67285	3
14797	67308	3
14797	67336	5
14797	67371	2
14797	67422	1
14797	67482	3
14797	67768	1
14797	67980	9
14918	15844	9
14918	15929	2
14918	16286	7
14918	16544	11
14918	16832	4
14918	17657	27
14918	18901	4
14918	19049	1
14918	19357	5
14918	19665	2
14918	19679	1
14918	19949	6
14918	20042	1
14918	20102	1
14918	20162	6
14918	20454	1
14918	21122	10
14918	21560	3
14918	21780	25
14918	21885	1
14918	22252	1
14918	22407	2
14918	22558	1
14918	22711	7
14918	22825	4
14918	23437	1
14918	23675	1
14918	23699	13
14918	23744	13
14918	24199	10
14918	24703	1
14918	24735	3
14918	24752	1
14918	24777	1
14918	25040	4
14918	25153	3
14918	25505	6
14918	25799	1
14918	26330	2
14918	26485	78
14918	26961	2
14918	26974	2
14918	28137	1
14918	28668	1
14918	29520	3
14918	29647	6
14918	29704	9
14918	29835	1
14918	29961	6
14918	30042	4
14918	30204	1
14918	30477	7
14918	30712	1
14918	31114	8
14918	31279	1
14918	31302	1
14918	31388	2
14918	32012	26
14918	32502	3
14918	32511	1
14918	32522	1
14918	32688	1
14918	33156	7
14918	33181	1
14918	33200	3
14918	33223	7
14918	33248	3
14918	33261	1
14918	33271	4
14918	33278	10
14918	33288	3
14918	33310	8
14918	33340	4
14918	33357	8
14918	33385	13
14918	33419	2
14918	33622	3
14918	34077	6
14918	34118	1
14918	34135	5
14918	34159	18
14918	34166	4
14918	34175	5
14918	34186	4
14918	34208	8
14918	34247	4
14918	34270	4
14918	34296	9
14918	34372	1
14918	34647	1
14918	34894	8
14918	34898	31
14918	34998	2
14918	35067	6
14918	35291	2
14918	35434	19
14918	36558	7
14918	36565	31
14918	36698	3
14918	36948	25
14918	37626	4
14918	38329	3
14918	38446	23
14918	38724	2
14918	38795	11
14918	39451	38
14918	40704	38
14918	40722	1
14918	40976	8
14918	42528	2
14918	43056	1
14918	43194	11
14918	43763	4
14918	43939	20
14918	44143	4
14918	44598	8
14918	44945	4
14918	45039	2
14918	45201	15
14918	45625	1
14918	45766	1
14918	46606	1
14918	47077	1
14918	47310	1
14918	48605	3
14918	49095	4
14918	49810	6
14918	49871	3
14918	49979	4
14918	50157	4
14918	50163	2
14918	51999	10
14918	52182	9
14918	52196	2
14918	52414	6
14918	52616	3
14918	53674	1
14918	53696	6
14918	53953	7
14918	54239	2
14918	54248	1
14918	54368	2
14918	55157	5
14918	55378	1
14918	55470	28
14918	55762	16
14918	56088	2
14918	56117	1
14918	56223	4
14918	56304	4
14918	56540	3
14918	56554	17
14918	56583	5
14918	56936	5
14918	56954	13
14918	57001	4
14918	57208	2
14918	57325	10
14918	57374	1
14918	57587	2
14918	57593	1
14918	57631	1
14918	57645	2
14918	57742	1
14918	57822	53
14918	57825	3
14918	57832	3
14918	57878	7
14918	57957	1
14918	58401	6
14918	58477	18
14918	59087	9
14918	59418	31
14918	59667	3
14918	60025	11
14918	60096	6
14918	60326	16
14918	60894	9
14918	60976	10
14918	61013	3
14918	61242	30
14918	61585	2
14918	61697	2
14918	62563	4
14918	62582	2
14918	62605	4
14918	62619	3
14918	62696	5
14918	62762	13
14918	62791	4
14918	62799	7
14918	62828	6
14918	62860	6
14918	62898	27
14918	63525	6
14918	63932	2
14918	63933	16
14918	64231	3
14918	64294	7
14918	64552	4
14918	64569	1
14918	64675	1
14918	64726	1
14918	64744	1
14918	65135	2
14918	65150	4
14918	65157	1
14918	65180	1
14918	65190	2
14918	65399	2
14918	65477	1
14918	65505	5
14918	65588	6
14918	65594	7
14918	65605	4
14918	65623	2
14918	65679	12
14918	65757	2
14918	66003	21
14918	66266	6
14918	66351	1
14918	66433	5
14918	66472	9
14918	66804	2
14918	67147	1
14918	67165	7
14918	67189	4
14918	67215	1
14918	67249	2
14918	67268	3
14918	67277	2
14918	67285	4
14918	67308	8
14918	67336	6
14918	67371	14
14918	67482	1
14918	67494	4
14918	67653	45
14918	67768	1
14971	15844	8
14971	16832	2
14971	17657	13
14971	18232	1
14971	19049	5
14971	19357	1
14971	19679	1
14971	19949	2
14971	20042	8
14971	21122	7
14971	21560	8
14971	21780	1
14971	21885	2
14971	22252	13
14971	22407	11
14971	22711	1
14971	22825	1
14971	23437	2
14971	23699	1
14971	23744	17
14971	24199	2
14971	24592	13
14971	24703	27
14971	24735	19
14971	24752	28
14971	25040	1
14971	25153	19
14971	25163	13
14971	25505	11
14971	25799	2
14971	26330	1
14971	26485	12
14971	26974	30
14971	27162	3
14971	28137	1
14971	29621	1
14971	29647	8
14971	29704	62
14971	29835	5
14971	29961	1
14971	30042	3
14971	30712	3
14971	31086	3
14971	31279	4
14971	31439	1
14971	31955	1
14971	32502	4
14971	32511	5
14971	32579	6
14971	33200	6
14971	33248	2
14971	33261	2
14971	33278	1
14971	33288	1
14971	33310	1
14971	33340	4
14971	33357	6
14971	33385	13
14971	33419	1
14971	34077	1
14971	34090	1
14971	34118	1
14971	34135	9
14971	34141	13
14971	34166	1
14971	34175	19
14971	34186	15
14971	34208	1
14971	34247	6
14971	34270	13
14971	34296	8
14971	34322	1
14971	34543	19
14971	34647	2
14971	34894	7
14971	34898	65
14971	34998	3
14971	35067	2
14971	35434	2
14971	35713	13
14971	36558	2
14971	36565	6
14971	36948	5
14971	37103	2
14971	37626	2
14971	38329	1
14971	38431	13
14971	38890	1
14971	39051	6
14971	40704	11
14971	40754	4
14971	42528	1
14971	43056	1
14971	43194	3
14971	43763	4
14971	44138	2
14971	44143	2
14971	44598	1
14971	45201	2
14971	46138	2
14971	46608	1
14971	47249	1
14971	47310	13
14971	48605	7
14971	49095	15
14971	49979	2
14971	51999	2
14971	52294	2
14971	52616	1
14971	53674	4
14971	53696	3
14971	54248	1
14971	55157	1
14971	55470	2
14971	56223	1
14971	56304	1
14971	56554	5
14971	56583	9
14971	56936	7
14971	56954	3
14971	57001	5
14971	57325	2
14971	57587	5
14971	57593	2
14971	57825	5
14971	57957	1
14971	58401	16
14971	59087	1
14971	59667	3
14971	60025	1
14971	60096	1
14971	61013	12
14971	62521	49
14971	62582	2
14971	62596	2
14971	62605	2
14971	62619	8
14971	62650	15
14971	62696	1
14971	62762	3
14971	62799	9
14971	62828	3
14971	62898	6
14971	63525	1
14971	63933	8
14971	64294	12
14971	64532	2
14971	64552	65
14971	64569	3
14971	64726	1
14971	64744	2
14971	64805	7
14971	65135	1
14971	65150	2
14971	65180	27
14971	65190	3
14971	65399	3
14971	65477	10
14971	65524	4
14971	65568	22
14971	65588	6
14971	65594	37
14971	65623	1
14971	65679	47
14971	65730	4
14971	66040	1
14971	66237	2
14971	66266	1
14971	66472	1
14971	66804	5
14971	67147	5
14971	67165	5
14971	67189	7
14971	67209	4
14971	67249	3
14971	67260	1
14971	67308	7
14971	67336	6
14971	67371	5
14971	67422	2
14971	67482	1
14971	67670	1
14971	67733	13
14971	67768	11
14971	68095	1
15844	16544	4
15844	16832	1
15844	17657	34
15844	18232	1
15844	18901	3
15844	19679	2
15844	20042	16
15844	20162	3
15844	20454	2
15844	20945	1
15844	21122	31
15844	21560	11
15844	21780	12
15844	21885	6
15844	22252	40
15844	22407	9
15844	22825	1
15844	23437	16
15844	23675	3
15844	23699	25
15844	23744	38
15844	24199	12
15844	24592	2
15844	24703	6
15844	24735	29
15844	24752	11
15844	24777	1
15844	25040	1
15844	25153	26
15844	25163	43
15844	25505	31
15844	25799	15
15844	26330	11
15844	26465	4
15844	26485	54
15844	26974	7
15844	27162	6
15844	27887	1
15844	28137	1
15844	29520	1
15844	29621	4
15844	29647	6
15844	29704	67
15844	29835	3
15844	29961	2
15844	30042	7
15844	30477	3
15844	30712	1
15844	31086	3
15844	31114	10
15844	31279	5
15844	31388	7
15844	32012	6
15844	32502	3
15844	32511	9
15844	32579	11
15844	32688	2
15844	33156	10
15844	33181	2
15844	33200	9
15844	33223	5
15844	33248	2
15844	33261	2
15844	33278	2
15844	33288	3
15844	33310	4
15844	33340	10
15844	33357	16
15844	33385	7
15844	33419	8
15844	33622	4
15844	34077	3
15844	34118	1
15844	34135	6
15844	34141	3
15844	34159	9
15844	34166	5
15844	34175	28
15844	34186	14
15844	34208	3
15844	34247	3
15844	34270	15
15844	34296	24
15844	34372	1
15844	34543	8
15844	34894	37
15844	34898	146
15844	34998	1
15844	35067	3
15844	35291	3
15844	35434	13
15844	36558	1
15844	36565	29
15844	36698	1
15844	36948	9
15844	37103	4
15844	37626	8
15844	38329	9
15844	38431	7
15844	38446	4
15844	38724	1
15844	38795	2
15844	38890	3
15844	39051	9
15844	39451	12
15844	40704	15
15844	40722	1
15844	40754	4
15844	40976	6
15844	42528	7
15844	43056	5
15844	43194	7
15844	43763	12
15844	44143	8
15844	44571	2
15844	44598	5
15844	45039	1
15844	45201	5
15844	45766	6
15844	46138	1
15844	46608	2
15844	47077	2
15844	47310	21
15844	48605	18
15844	49095	16
15844	49810	2
15844	49871	5
15844	49979	1
15844	50157	15
15844	50163	1
15844	51999	7
15844	52125	2
15844	52182	5
15844	52616	4
15844	53674	3
15844	53696	4
15844	54248	1
15844	54857	1
15844	55157	3
15844	55415	1
15844	55470	8
15844	55693	1
15844	55762	11
15844	56088	6
15844	56117	1
15844	56223	2
15844	56304	5
15844	56540	6
15844	56554	16
15844	56583	23
15844	56936	10
15844	57001	2
15844	57208	3
15844	57325	2
15844	57382	9
15844	57587	24
15844	57593	1
15844	57742	1
15844	57822	10
15844	57825	10
15844	57878	14
15844	57957	4
15844	58401	2
15844	58477	8
15844	59087	2
15844	59418	5
15844	59667	3
15844	59727	1
15844	60025	5
15844	60096	1
15844	60326	4
15844	60894	5
15844	60976	2
15844	61013	6
15844	61242	1
15844	61585	2
15844	62521	18
15844	62563	2
15844	62596	2
15844	62605	7
15844	62619	7
15844	62650	6
15844	62696	8
15844	62762	11
15844	62791	2
15844	62799	8
15844	62828	6
15844	62860	9
15844	62898	15
15844	63525	2
15844	63932	4
15844	63933	34
15844	64294	21
15844	64532	1
15844	64552	73
15844	64569	3
15844	64726	1
15844	64744	6
15844	64805	13
15844	65135	3
15844	65150	3
15844	65157	4
15844	65180	4
15844	65190	5
15844	65399	2
15844	65477	11
15844	65505	4
15844	65524	1
15844	65568	14
15844	65588	2
15844	65594	85
15844	65605	1
15844	65679	30
15844	65730	6
15844	65757	1
15844	66003	5
15844	66040	2
15844	66266	1
15844	66433	2
15844	66472	16
15844	66804	3
15844	67129	2
15844	67147	3
15844	67165	11
15844	67189	4
15844	67209	2
15844	67215	2
15844	67249	6
15844	67268	1
15844	67277	2
15844	67285	7
15844	67308	11
15844	67336	12
15844	67371	6
15844	67422	5
15844	67474	4
15844	67494	5
15844	67653	11
15844	67670	3
15844	67733	25
15844	67768	17
15929	17297	1
15929	17657	8
15929	18232	15
15929	18901	2
15929	19049	2
15929	19357	5
15929	19665	2
15929	19679	2
15929	19949	1
15929	20042	2
15929	20102	2
15929	20162	9
15929	20454	2
15929	21122	1
15929	21780	47
15929	21885	2
15929	22237	9
15929	22558	6
15929	22886	5
15929	22908	17
15929	23675	4
15929	23699	12
15929	23744	18
15929	23774	2
15929	24199	8
15929	24451	1
15929	24703	2
15929	26330	4
15929	26465	2
15929	26485	185
15929	26961	6
15929	27319	2
15929	29121	3
15929	29520	7
15929	29621	5
15929	29647	1
15929	29704	3
15929	29835	3
15929	29961	2
15929	30477	2
15929	30712	9
15929	31114	4
15929	31279	1
15929	31388	6
15929	31439	1
15929	31584	3
15929	31714	3
15929	31955	4
15929	32012	3
15929	32522	1
15929	32579	4
15929	32688	5
15929	33156	2
15929	33200	3
15929	33223	1
15929	33248	2
15929	33271	2
15929	33278	2
15929	33288	1
15929	33310	1
15929	33340	2
15929	33385	10
15929	33419	1
15929	33622	2
15929	34090	3
15929	34118	5
15929	34135	4
15929	34159	1
15929	34166	1
15929	34175	1
15929	34186	1
15929	34208	4
15929	34247	2
15929	34270	7
15929	34296	5
15929	34322	3
15929	34647	5
15929	34898	6
15929	34992	6
15929	35067	15
15929	35434	21
15929	35713	2
15929	36126	18
15929	36565	52
15929	36698	3
15929	36948	12
15929	37103	1
15929	38329	31
15929	38446	1
15929	38795	12
15929	39051	1
15929	40704	3
15929	40976	11
15929	42236	5
15929	43056	9
15929	43194	18
15929	44138	2
15929	44143	7
15929	44571	2
15929	44598	17
15929	44895	20
15929	45039	3
15929	45201	2
15929	45766	15
15929	46138	2
15929	46606	6
15929	46608	13
15929	48276	1
15929	49979	3
15929	50163	1
15929	50245	9
15929	50644	4
15929	51999	50
15929	52182	25
15929	52196	2
15929	52616	5
15929	53674	1
15929	54239	2
15929	54248	16
15929	54857	2
15929	55288	11
15929	55415	9
15929	55470	8
15929	55693	2
15929	55762	18
15929	56117	13
15929	56540	6
15929	56554	25
15929	56936	1
15929	57593	1
15929	57631	1
15929	57645	4
15929	57822	19
15929	57825	4
15929	57878	2
15929	58477	3
15929	59087	14
15929	59418	1
15929	59727	2
15929	60894	6
15929	60976	1
15929	61013	1
15929	61242	5
15929	61279	4
15929	61585	1
15929	62162	3
15929	62521	1
15929	62563	1
15929	62582	2
15929	62596	1
15929	62605	1
15929	62619	2
15929	62650	36
15929	62696	5
15929	62762	1
15929	62799	4
15929	62828	5
15929	62860	11
15929	62898	4
15929	63525	16
15929	63932	8
15929	63933	1
15929	64532	1
15929	64552	2
15929	64569	2
15929	64610	4
15929	65135	1
15929	65180	2
15929	65190	3
15929	65399	1
15929	65477	7
15929	65568	1
15929	65588	1
15929	65605	3
15929	65623	6
15929	65757	2
15929	66003	2
15929	66237	3
15929	66266	2
15929	66351	5
15929	66433	1
15929	66472	1
15929	66504	3
15929	66804	4
15929	67058	1
15929	67129	4
15929	67165	5
15929	67189	3
15929	67215	2
15929	67260	1
15929	67268	1
15929	67308	1
15929	67336	7
15929	67422	3
15929	67494	3
15929	67977	2
15929	67980	11
16286	16832	2
16286	17297	1
16286	17657	241
16286	18232	1
16286	19357	25
16286	19665	12
16286	19949	4
16286	20042	1
16286	20102	1
16286	20162	8
16286	21122	4
16286	21560	6
16286	21780	48
16286	22407	46
16286	22711	4
16286	22908	2
16286	23699	9
16286	23744	8
16286	24592	13
16286	24752	2
16286	24777	3
16286	25040	27
16286	26330	1
16286	26465	21
16286	26485	79
16286	26961	1
16286	27162	5
16286	27887	5
16286	28137	5
16286	29121	2
16286	29835	1
16286	29961	1
16286	30042	1
16286	30204	22
16286	31388	4
16286	32012	159
16286	32502	2
16286	32579	1
16286	33223	1
16286	33261	20
16286	33271	27
16286	33278	7
16286	33340	4
16286	33357	7
16286	33419	4
16286	34077	7
16286	34090	13
16286	34135	4
16286	34141	20
16286	34166	2
16286	34208	1
16286	34247	3
16286	34647	8
16286	34894	4
16286	34898	7
16286	34998	119
16286	35067	1
16286	35291	3
16286	35434	16
16286	36558	3
16286	36565	56
16286	36698	9
16286	36948	178
16286	38329	1
16286	38724	27
16286	39451	1
16286	40704	1
16286	40722	1
16286	40976	1
16286	43056	12
16286	43194	22
16286	43939	11
16286	44138	6
16286	44143	7
16286	44479	8
16286	44571	1
16286	44598	7
16286	45039	39
16286	45201	1
16286	45625	5
16286	46606	1
16286	47077	8
16286	48276	8
16286	49810	21
16286	50157	1
16286	50163	88
16286	51999	1
16286	52125	52
16286	52182	21
16286	52414	66
16286	52616	2
16286	53953	37
16286	54248	3
16286	54368	1
16286	54857	1
16286	54884	9
16286	55157	9
16286	55415	5
16286	55470	51
16286	55762	2
16286	56117	7
16286	56223	2
16286	56540	2
16286	56554	62
16286	56936	3
16286	56954	1
16286	57325	5
16286	57374	24
16286	57382	5
16286	57631	2
16286	57822	11
16286	57832	1
16286	58477	2
16286	59087	20
16286	59418	5
16286	59727	1
16286	60326	107
16286	60894	12
16286	60976	92
16286	61242	18
16286	62162	2
16286	62563	10
16286	62605	4
16286	62619	1
16286	62650	5
16286	62696	5
16286	62762	8
16286	62828	1
16286	62860	9
16286	62898	4
16286	63525	1
16286	64532	4
16286	64552	6
16286	64569	2
16286	64675	16
16286	65135	1
16286	65180	1
16286	65505	37
16286	65524	1
16286	65568	1
16286	65588	3
16286	65605	7
16286	65679	6
16286	65730	78
16286	66003	11
16286	66266	3
16286	66351	1
16286	66472	4
16286	66504	4
16286	67129	1
16286	67165	6
16286	67189	2
16286	67215	1
16286	67249	1
16286	67277	4
16286	67285	4
16286	67308	43
16286	67336	7
16286	67422	9
16286	67482	4
16286	67653	3
16286	68095	5
16544	17657	115
16544	18232	1
16544	18901	4
16544	19357	8
16544	19949	2
16544	20042	21
16544	20102	3
16544	20162	9
16544	20454	2
16544	21122	165
16544	21560	1
16544	21780	51
16544	22237	4
16544	22252	25
16544	22388	3
16544	22407	2
16544	22558	5
16544	22711	10
16544	22825	5
16544	22908	1
16544	23437	6
16544	23675	6
16544	23699	7
16544	23744	200
16544	23774	2
16544	24199	7
16544	24592	1
16544	24703	4
16544	24735	7
16544	24752	4
16544	24777	2
16544	25153	4
16544	25163	12
16544	25505	5
16544	25799	8
16544	26330	3
16544	26465	7
16544	26485	158
16544	26961	1
16544	27162	4
16544	27319	2
16544	28137	84
16544	29121	3
16544	29520	8
16544	29647	4
16544	29704	1
16544	29961	10
16544	30042	7
16544	30477	10
16544	30712	7
16544	31086	88
16544	31114	12
16544	31279	6
16544	31302	13
16544	31388	1
16544	31714	2
16544	31955	2
16544	32012	21
16544	32502	1
16544	32511	4
16544	32522	2
16544	32688	4
16544	33156	7
16544	33200	4
16544	33223	2
16544	33271	2
16544	33278	11
16544	33288	2
16544	33310	11
16544	33340	3
16544	33357	8
16544	33385	4
16544	33622	7
16544	34077	1
16544	34118	3
16544	34135	3
16544	34141	1
16544	34159	21
16544	34166	9
16544	34175	14
16544	34186	3
16544	34247	5
16544	34270	3
16544	34296	4
16544	34372	2
16544	34543	2
16544	34647	1
16544	34894	11
16544	34898	40
16544	34992	4
16544	34998	11
16544	35067	16
16544	35291	6
16544	35434	55
16544	36126	1
16544	36558	23
16544	36565	66
16544	36698	5
16544	36948	114
16544	37103	3
16544	37626	2
16544	38329	12
16544	38431	3
16544	38446	3
16544	38724	3
16544	38795	1
16544	38890	43
16544	39051	6
16544	39451	6
16544	40704	107
16544	40722	1
16544	40754	8
16544	40976	31
16544	42528	47
16544	43056	24
16544	43194	23
16544	43763	12
16544	43939	9
16544	44138	3
16544	44143	6
16544	44571	3
16544	44598	12
16544	44895	1
16544	44945	10
16544	45039	6
16544	45201	53
16544	45625	1
16544	46606	2
16544	46608	2
16544	47077	5
16544	47310	4
16544	48276	2
16544	48605	2
16544	49095	13
16544	49810	2
16544	49871	2
16544	49979	18
16544	50157	13
16544	51999	9
16544	52182	43
16544	52196	1
16544	52414	1
16544	53674	2
16544	53696	1
16544	54239	1
16544	54248	11
16544	54857	2
16544	55157	27
16544	55288	6
16544	55378	5
16544	55415	3
16544	55470	28
16544	55693	2
16544	55762	2
16544	56088	4
16544	56117	7
16544	56223	12
16544	56304	40
16544	56540	4
16544	56554	49
16544	56583	2
16544	56936	6
16544	56954	2
16544	57001	15
16544	57208	62
16544	57325	31
16544	57374	4
16544	57382	2
16544	57587	3
16544	57593	6
16544	57645	2
16544	57742	4
16544	57822	77
16544	57825	4
16544	57832	1
16544	57878	4
16544	57957	27
16544	58401	10
16544	58477	40
16544	59087	10
16544	59418	41
16544	59667	31
16544	59727	1
16544	60025	28
16544	60096	31
16544	60326	21
16544	60894	30
16544	60976	15
16544	61013	27
16544	61242	7
16544	61279	3
16544	61585	2
16544	61697	1
16544	62521	1
16544	62563	7
16544	62582	3
16544	62596	3
16544	62619	5
16544	62650	1
16544	62696	6
16544	62762	1
16544	62791	1
16544	62799	3
16544	62828	21
16544	62860	8
16544	62898	12
16544	63525	5
16544	63933	19
16544	64231	8
16544	64294	4
16544	64532	1
16544	64552	24
16544	64610	1
16544	64675	3
16544	64726	5
16544	64744	8
16544	64805	1
16544	65135	1
16544	65150	5
16544	65180	7
16544	65190	4
16544	65399	4
16544	65477	5
16544	65505	1
16544	65568	24
16544	65588	1
16544	65594	35
16544	65623	3
16544	65679	13
16544	65730	1
16544	66003	33
16544	66040	6
16544	66266	24
16544	66433	2
16544	66804	15
16544	67058	2
16544	67165	2
16544	67209	1
16544	67249	3
16544	67268	9
16544	67285	5
16544	67308	15
16544	67336	6
16544	67371	2
16544	67474	59
16544	67494	3
16544	67653	10
16544	67733	4
16544	67768	24
16544	67980	6
16544	68095	1
16832	17657	46
16832	18901	1
16832	19357	2
16832	19665	1
16832	19679	2
16832	19949	24
16832	20042	3
16832	20162	4
16832	21122	16
16832	21560	2
16832	21780	25
16832	22237	3
16832	22252	4
16832	22407	6
16832	22558	2
16832	22711	16
16832	22886	1
16832	22908	2
16832	23699	25
16832	23744	17
16832	24592	2
16832	24703	2
16832	24752	4
16832	24777	1
16832	25040	6
16832	25163	2
16832	25505	4
16832	25799	1
16832	26330	2
16832	26465	3
16832	26485	35
16832	28137	2
16832	28668	1
16832	29647	1
16832	29704	10
16832	29835	1
16832	29961	2
16832	30042	2
16832	30204	1
16832	30712	2
16832	31086	2
16832	31114	1
16832	31279	1
16832	31388	2
16832	32012	27
16832	32502	3
16832	32511	1
16832	32579	2
16832	32688	1
16832	33156	1
16832	33181	1
16832	33200	5
16832	33223	1
16832	33248	2
16832	33261	2
16832	33271	1
16832	33310	2
16832	33340	1
16832	33357	7
16832	33385	6
16832	33419	2
16832	33622	3
16832	34090	1
16832	34118	1
16832	34135	7
16832	34166	2
16832	34175	3
16832	34186	1
16832	34247	1
16832	34270	5
16832	34372	4
16832	34543	4
16832	34647	5
16832	34894	4
16832	34898	12
16832	34992	2
16832	34998	4
16832	35067	3
16832	35434	8
16832	35713	9
16832	36558	2
16832	36565	32
16832	36698	2
16832	36948	47
16832	37626	1
16832	38446	2
16832	38724	3
16832	38890	1
16832	39051	5
16832	39451	3
16832	40704	23
16832	40976	5
16832	42236	1
16832	43056	1
16832	43194	18
16832	43763	3
16832	43939	4
16832	44138	1
16832	44143	1
16832	44479	19
16832	44598	7
16832	45039	7
16832	45201	4
16832	47077	50
16832	47310	2
16832	48276	3
16832	49095	2
16832	49810	14
16832	50157	3
16832	50163	1
16832	50644	1
16832	51999	4
16832	52182	10
16832	52414	2
16832	52616	2
16832	53674	6
16832	53696	2
16832	54239	4
16832	54248	1
16832	54857	1
16832	54884	1
16832	55157	4
16832	55288	4
16832	55378	4
16832	55415	2
16832	55470	15
16832	55762	1
16832	56223	4
16832	56554	9
16832	56583	2
16832	56954	2
16832	57325	5
16832	57374	13
16832	57593	10
16832	57631	4
16832	57645	1
16832	57822	13
16832	58477	6
16832	59087	1
16832	59418	9
16832	59667	2
16832	60025	1
16832	60326	20
16832	60894	4
16832	60976	13
16832	61242	7
16832	61279	2
16832	61697	5
16832	62521	14
16832	62563	1
16832	62596	1
16832	62605	3
16832	62619	1
16832	62650	3
16832	62696	7
16832	62762	1
16832	62791	3
16832	62799	1
16832	62828	6
16832	62860	3
16832	62898	6
16832	63932	5
16832	63933	2
16832	64231	2
16832	64552	6
16832	64569	1
16832	64675	2
16832	64744	2
16832	64805	1
16832	65157	3
16832	65190	6
16832	65477	1
16832	65505	1
16832	65568	3
16832	65588	2
16832	65594	6
16832	65679	7
16832	65757	1
16832	66003	1
16832	66237	1
16832	66266	2
16832	66433	2
16832	66472	1
16832	66504	1
16832	66804	1
16832	67058	1
16832	67165	8
16832	67189	2
16832	67209	1
16832	67215	1
16832	67249	3
16832	67260	1
16832	67285	1
16832	67308	10
16832	67336	3
16832	67371	2
16832	67422	3
16832	67474	1
16832	67653	2
16832	67768	3
16832	67977	1
16832	68095	2
17297	17657	5
17297	18232	1
17297	19357	6
17297	19679	1
17297	20042	6
17297	20162	6
17297	20454	2
17297	21122	1
17297	21780	38
17297	21885	1
17297	22237	23
17297	22388	3
17297	22558	18
17297	22825	10
17297	22886	1
17297	22908	27
17297	23675	1
17297	23699	1
17297	23744	1
17297	24199	2
17297	24703	1
17297	26465	1
17297	26485	154
17297	26961	3
17297	27319	11
17297	28668	1
17297	29121	1
17297	29520	4
17297	29647	1
17297	30712	6
17297	31114	1
17297	31439	2
17297	31584	4
17297	31714	1
17297	32012	3
17297	32502	1
17297	32522	5
17297	32579	2
17297	32688	5
17297	33156	4
17297	33181	3
17297	33200	2
17297	33223	3
17297	33248	9
17297	33261	1
17297	33288	2
17297	33310	3
17297	33340	12
17297	33357	3
17297	33385	7
17297	33419	2
17297	34077	2
17297	34090	8
17297	34118	3
17297	34135	4
17297	34159	3
17297	34166	5
17297	34186	1
17297	34208	1
17297	34247	6
17297	34270	14
17297	34296	2
17297	34322	1
17297	34647	2
17297	34898	4
17297	34992	7
17297	34998	1
17297	35067	22
17297	35434	11
17297	35713	2
17297	36126	5
17297	36565	12
17297	36698	1
17297	36948	5
17297	37103	1
17297	37626	1
17297	38329	15
17297	40722	1
17297	40976	4
17297	42236	3
17297	43056	1
17297	43194	7
17297	44138	1
17297	44143	5
17297	44571	1
17297	44598	3
17297	45201	2
17297	46138	9
17297	46606	8
17297	46608	17
17297	48276	2
17297	49095	2
17297	49810	1
17297	49979	1
17297	50245	2
17297	50644	6
17297	51999	7
17297	52182	23
17297	52196	1
17297	52616	1
17297	53696	2
17297	54239	2
17297	54248	20
17297	54368	1
17297	55157	1
17297	55288	6
17297	55378	5
17297	55415	2
17297	55470	2
17297	55693	1
17297	56088	3
17297	56117	22
17297	56540	5
17297	56554	26
17297	56583	1
17297	56936	4
17297	56954	1
17297	57001	3
17297	57645	3
17297	57822	4
17297	58477	4
17297	59087	23
17297	59667	3
17297	59727	3
17297	60894	10
17297	61279	1
17297	61697	3
17297	62162	7
17297	62563	1
17297	62582	2
17297	62596	2
17297	62619	1
17297	62650	24
17297	62696	12
17297	62762	3
17297	62791	1
17297	62799	6
17297	62828	13
17297	62860	16
17297	62898	7
17297	63525	2
17297	63932	1
17297	63933	2
17297	64532	1
17297	64552	5
17297	64569	2
17297	64610	4
17297	64675	3
17297	64726	2
17297	64744	1
17297	65135	3
17297	65150	1
17297	65157	7
17297	65477	7
17297	65505	1
17297	65524	1
17297	65568	1
17297	65588	1
17297	65594	1
17297	65605	1
17297	65679	2
17297	65757	2
17297	66003	3
17297	66266	2
17297	66351	6
17297	66433	1
17297	66504	4
17297	67147	1
17297	67165	9
17297	67189	4
17297	67209	3
17297	67215	1
17297	67260	2
17297	67268	2
17297	67277	1
17297	67285	4
17297	67308	4
17297	67336	31
17297	67422	2
17297	67482	2
17297	67494	1
17297	67670	1
17297	67768	1
17657	18232	38
17657	18901	39
17657	19049	2
17657	19357	277
17657	19665	166
17657	19679	7
17657	19949	231
17657	20042	193
17657	20102	41
17657	20162	163
17657	20454	11
17657	20945	17
17657	21122	385
17657	21560	37
17657	21780	1093
17657	21885	48
17657	22237	25
17657	22252	78
17657	22388	15
17657	22407	405
17657	22558	22
17657	22711	142
17657	22825	45
17657	22886	13
17657	22908	38
17657	23437	19
17657	23675	23
17657	23699	257
17657	23744	780
17657	23774	17
17657	24199	51
17657	24451	39
17657	24592	162
17657	24703	32
17657	24735	50
17657	24752	46
17657	24777	62
17657	25040	112
17657	25153	73
17657	25163	50
17657	25505	25
17657	25799	32
17657	26330	42
17657	26465	436
17657	26485	2251
17657	26961	37
17657	26974	4
17657	27162	14
17657	27319	24
17657	27887	95
17657	28137	52
17657	28668	19
17657	29121	42
17657	29520	80
17657	29621	12
17657	29647	12
17657	29704	89
17657	29835	59
17657	29961	93
17657	30042	70
17657	30204	232
17657	30477	60
17657	30712	71
17657	31086	143
17657	31114	87
17657	31279	36
17657	31302	76
17657	31388	121
17657	31439	26
17657	31584	6
17657	31714	173
17657	31955	27
17657	32012	1059
17657	32502	39
17657	32511	15
17657	32522	2
17657	32579	20
17657	32688	56
17657	33156	32
17657	33181	7
17657	33200	43
17657	33223	20
17657	33248	23
17657	33261	48
17657	33271	153
17657	33278	168
17657	33288	8
17657	33310	54
17657	33340	42
17657	33357	85
17657	33385	52
17657	33419	21
17657	33622	57
17657	34077	97
17657	34090	29
17657	34118	27
17657	34135	27
17657	34141	70
17657	34159	22
17657	34166	70
17657	34175	64
17657	34186	36
17657	34208	20
17657	34247	22
17657	34270	50
17657	34296	24
17657	34322	16
17657	34372	37
17657	34543	26
17657	34647	84
17657	34894	71
17657	34898	433
17657	34992	25
17657	34998	572
17657	35067	174
17657	35291	56
17657	35434	524
17657	35713	28
17657	36126	13
17657	36558	43
17657	36565	1270
17657	36698	127
17657	36948	3685
17657	37103	46
17657	37626	28
17657	38329	121
17657	38431	20
17657	38446	8
17657	38724	370
17657	38795	13
17657	38890	70
17657	39051	25
17657	39451	27
17657	40704	679
17657	40722	36
17657	40754	33
17657	40976	144
17657	42236	12
17657	42528	44
17657	43056	288
17657	43194	746
17657	43763	13
17657	43939	166
17657	44138	171
17657	44143	124
17657	44479	101
17657	44571	68
17657	44598	201
17657	44895	1
17657	44945	183
17657	45039	552
17657	45201	473
17657	45625	125
17657	45766	5
17657	46138	18
17657	46606	32
17657	46608	32
17657	47077	210
17657	47249	79
17657	47310	30
17657	48276	58
17657	48605	23
17657	49095	91
17657	49810	277
17657	49871	7
17657	49979	127
17657	50157	20
17657	50163	539
17657	50245	3
17657	50644	6
17657	51999	180
17657	52125	166
17657	52182	569
17657	52196	39
17657	52294	10
17657	52414	453
17657	52616	30
17657	53674	10
17657	53696	14
17657	53953	146
17657	54239	45
17657	54248	100
17657	54368	14
17657	54857	121
17657	54884	96
17657	55157	217
17657	55288	89
17657	55378	52
17657	55415	72
17657	55470	659
17657	55693	13
17657	55762	39
17657	56088	67
17657	56117	125
17657	56223	87
17657	56304	46
17657	56540	60
17657	56554	797
17657	56583	30
17657	56936	93
17657	56954	12
17657	57001	15
17657	57208	70
17657	57325	278
17657	57374	327
17657	57382	104
17657	57587	92
17657	57593	24
17657	57631	24
17657	57645	42
17657	57742	17
17657	57822	284
17657	57825	53
17657	57832	37
17657	57878	8
17657	57957	59
17657	58401	173
17657	58477	219
17657	59087	392
17657	59418	87
17657	59667	149
17657	59727	50
17657	60025	58
17657	60096	68
17657	60326	1724
17657	60894	347
17657	60976	1100
17657	61013	15
17657	61242	190
17657	61279	15
17657	61585	14
17657	61697	41
17657	62162	44
17657	62521	72
17657	62563	204
17657	62582	22
17657	62596	19
17657	62605	33
17657	62619	21
17657	62650	60
17657	62696	103
17657	62762	39
17657	62791	11
17657	62799	34
17657	62828	66
17657	62860	136
17657	62898	55
17657	63525	78
17657	63932	57
17657	63933	106
17657	64231	36
17657	64294	15
17657	64532	11
17657	64552	285
17657	64569	32
17657	64610	11
17657	64675	149
17657	64726	55
17657	64744	53
17657	64805	22
17657	65135	14
17657	65150	32
17657	65157	5
17657	65180	28
17657	65190	24
17657	65399	87
17657	65477	29
17657	65505	289
17657	65524	6
17657	65568	83
17657	65588	32
17657	65594	183
17657	65605	42
17657	65623	13
17657	65679	122
17657	65730	136
17657	65757	16
17657	66003	236
17657	66040	48
17657	66237	48
17657	66266	196
17657	66351	15
17657	66433	23
17657	66472	30
17657	66504	18
17657	66804	186
17657	67058	14
17657	67129	9
17657	67147	8
17657	67165	49
17657	67189	82
17657	67209	10
17657	67215	41
17657	67249	41
17657	67260	7
17657	67268	13
17657	67277	13
17657	67285	22
17657	67308	160
17657	67336	60
17657	67371	32
17657	67422	28
17657	67474	12
17657	67482	20
17657	67494	16
17657	67653	25
17657	67670	39
17657	67733	28
17657	67768	35
17657	67977	2
17657	67980	37
17657	68095	51
18232	18901	1
18232	19049	2
18232	19357	5
18232	19665	1
18232	19679	9
18232	19949	1
18232	20042	6
18232	20102	3
18232	20162	7
18232	20454	9
18232	20945	9
18232	21122	2
18232	21780	70
18232	21885	3
18232	22237	13
18232	22252	3
18232	22388	6
18232	22407	2
18232	22558	13
18232	22711	1
18232	22825	6
18232	22886	5
18232	22908	22
18232	23437	4
18232	23675	3
18232	23699	31
18232	23744	11
18232	24199	9
18232	24703	4
18232	24735	3
18232	24752	3
18232	24777	1
18232	25040	1
18232	25163	1
18232	25505	3
18232	25799	1
18232	26330	2
18232	26465	6
18232	26485	310
18232	26961	9
18232	27162	4
18232	27319	10
18232	27887	6
18232	29121	1
18232	29520	22
18232	29621	2
18232	29647	2
18232	29704	1
18232	29961	2
18232	30042	2
18232	30712	11
18232	31086	2
18232	31114	1
18232	31302	2
18232	31388	5
18232	31439	7
18232	31584	8
18232	31714	3
18232	31955	8
18232	32012	1
18232	32502	2
18232	32511	2
18232	32522	3
18232	32688	7
18232	33156	4
18232	33181	3
18232	33200	8
18232	33223	5
18232	33248	3
18232	33261	1
18232	33278	4
18232	33288	1
18232	33310	3
18232	33340	11
18232	33357	4
18232	33385	12
18232	33419	3
18232	33622	1
18232	34090	5
18232	34118	2
18232	34135	3
18232	34141	1
18232	34159	1
18232	34166	5
18232	34175	2
18232	34186	4
18232	34208	2
18232	34247	4
18232	34270	9
18232	34296	8
18232	34322	3
18232	34372	1
18232	34543	1
18232	34647	5
18232	34894	3
18232	34898	10
18232	34992	7
18232	34998	4
18232	35067	48
18232	35291	2
18232	35434	62
18232	35713	7
18232	36126	9
18232	36558	1
18232	36565	79
18232	36698	14
18232	36948	33
18232	37626	1
18232	38329	38
18232	38724	1
18232	38795	1
18232	38890	1
18232	40704	8
18232	40722	13
18232	40976	16
18232	42236	4
18232	43056	17
18232	43194	35
18232	43763	1
18232	43939	2
18232	44138	5
18232	44143	9
18232	44598	31
18232	45039	3
18232	45201	19
18232	45766	2
18232	46138	5
18232	46606	7
18232	46608	16
18232	47249	4
18232	47310	3
18232	48276	2
18232	48605	2
18232	49095	1
18232	49810	2
18232	49871	1
18232	49979	5
18232	50245	15
18232	50644	3
18232	51999	97
18232	52182	52
18232	52196	2
18232	52414	3
18232	52616	7
18232	53696	1
18232	53953	1
18232	54239	4
18232	54248	35
18232	54368	1
18232	54857	1
18232	54884	4
18232	55157	11
18232	55288	20
18232	55378	2
18232	55415	19
18232	55470	6
18232	55693	11
18232	55762	1
18232	56088	2
18232	56117	34
18232	56223	3
18232	56540	4
18232	56554	71
18232	56583	1
18232	56936	7
18232	57208	2
18232	57325	5
18232	57374	2
18232	57593	3
18232	57631	1
18232	57645	4
18232	57822	9
18232	57825	1
18232	57832	2
18232	57878	1
18232	57957	1
18232	58477	4
18232	59087	36
18232	59418	3
18232	59667	3
18232	59727	11
18232	60025	1
18232	60326	12
18232	60894	17
18232	60976	4
18232	61013	1
18232	61242	4
18232	61279	14
18232	61585	6
18232	61697	2
18232	62162	1
18232	62521	6
18232	62563	1
18232	62582	2
18232	62596	3
18232	62619	9
18232	62650	26
18232	62696	8
18232	62762	1
18232	62799	12
18232	62828	6
18232	62860	13
18232	62898	3
18232	63525	29
18232	63932	12
18232	63933	1
18232	64231	11
18232	64552	5
18232	64610	6
18232	64675	3
18232	64726	3
18232	64744	2
18232	64805	2
18232	65150	1
18232	65157	6
18232	65180	3
18232	65190	2
18232	65477	11
18232	65524	2
18232	65568	5
18232	65588	2
18232	65594	4
18232	65605	2
18232	65679	2
18232	65730	1
18232	65757	4
18232	66003	7
18232	66040	21
18232	66237	3
18232	66266	8
18232	66351	8
18232	66433	1
18232	66472	4
18232	66504	7
18232	67129	3
18232	67147	2
18232	67165	6
18232	67189	2
18232	67209	2
18232	67215	1
18232	67260	1
18232	67268	1
18232	67277	3
18232	67285	1
18232	67308	5
18232	67336	11
18232	67371	2
18232	67482	1
18232	67494	2
18232	67670	2
18232	67733	5
18232	67768	1
18232	67977	1
18232	67980	21
18901	19357	5
18901	19949	5
18901	20042	1
18901	20102	2
18901	20162	6
18901	20454	1
18901	21122	11
18901	21560	1
18901	21780	60
18901	21885	4
18901	22237	4
18901	22252	2
18901	22388	4
18901	22558	3
18901	22711	1
18901	22825	4
18901	22908	11
18901	23437	1
18901	23675	18
18901	23699	21
18901	23744	23
18901	23774	2
18901	24199	1
18901	24752	1
18901	25505	2
18901	25799	4
18901	26330	3
18901	26465	4
18901	26485	212
18901	26961	17
18901	26974	1
18901	27319	4
18901	27887	3
18901	28668	1
18901	29121	3
18901	29520	24
18901	29704	3
18901	29961	2
18901	30042	1
18901	30477	1
18901	30712	1
18901	31086	1
18901	31114	8
18901	31279	2
18901	31302	6
18901	31439	2
18901	31584	11
18901	31714	2
18901	31955	3
18901	32012	7
18901	32688	6
18901	33156	7
18901	33181	1
18901	33200	1
18901	33223	8
18901	33248	2
18901	33271	1
18901	33278	3
18901	33288	3
18901	33310	7
18901	33340	5
18901	33357	12
18901	33385	5
18901	33419	3
18901	33622	2
18901	34118	1
18901	34135	1
18901	34159	5
18901	34166	3
18901	34175	1
18901	34186	1
18901	34247	2
18901	34270	4
18901	34322	11
18901	34543	2
18901	34647	5
18901	34894	2
18901	34898	14
18901	34992	2
18901	34998	8
18901	35067	25
18901	35291	3
18901	35434	32
18901	35713	5
18901	36558	1
18901	36565	38
18901	36698	21
18901	36948	34
18901	37103	1
18901	37626	1
18901	38329	178
18901	38446	6
18901	38795	4
18901	38890	2
18901	39051	1
18901	39451	3
18901	40704	35
18901	40976	16
18901	43056	29
18901	43194	31
18901	43763	1
18901	43939	4
18901	44138	3
18901	44143	8
18901	44479	1
18901	44571	2
18901	44598	88
18901	44945	14
18901	45039	6
18901	45201	12
18901	45766	5
18901	46138	1
18901	46606	3
18901	46608	4
18901	47077	1
18901	47249	1
18901	47310	3
18901	48276	8
18901	49095	16
18901	49810	6
18901	49979	8
18901	50245	2
18901	50644	3
18901	51999	25
18901	52182	48
18901	52196	2
18901	52616	2
18901	53674	1
18901	54239	1
18901	54248	38
18901	54368	20
18901	54857	3
18901	55157	1
18901	55288	23
18901	55378	3
18901	55415	2
18901	55470	10
18901	55693	14
18901	55762	2
18901	56088	6
18901	56117	6
18901	56223	2
18901	56540	2
18901	56554	51
18901	56583	2
18901	56936	14
18901	56954	3
18901	57001	1
18901	57208	1
18901	57325	7
18901	57374	1
18901	57593	6
18901	57645	2
18901	57742	10
18901	57822	25
18901	57825	3
18901	57832	1
18901	57878	3
18901	57957	6
18901	58477	14
18901	59087	77
18901	59418	1
18901	59667	2
18901	59727	4
18901	60025	4
18901	60096	2
18901	60326	4
18901	60894	12
18901	61242	4
18901	61585	1
18901	61697	4
18901	62162	1
18901	62521	1
18901	62563	2
18901	62582	7
18901	62596	3
18901	62605	2
18901	62650	1
18901	62696	2
18901	62762	3
18901	62791	1
18901	62799	3
18901	62828	4
18901	62860	7
18901	62898	7
18901	63525	2
18901	63932	2
18901	64231	3
18901	64294	1
18901	64552	6
18901	64569	1
18901	64610	3
18901	64675	2
18901	64726	1
18901	64744	2
18901	65135	1
18901	65180	1
18901	65190	2
18901	65477	5
18901	65505	1
18901	65524	2
18901	65568	4
18901	65594	1
18901	65605	1
18901	65679	3
18901	65757	2
18901	66003	14
18901	66040	2
18901	66266	12
18901	66351	3
18901	66433	1
18901	66472	1
18901	66504	1
18901	66804	4
18901	67058	1
18901	67189	5
18901	67215	1
18901	67260	1
18901	67268	2
18901	67277	1
18901	67285	3
18901	67308	3
18901	67336	4
18901	67371	1
18901	67422	2
18901	67474	2
18901	67494	2
18901	67653	4
18901	67670	2
18901	67768	4
18901	67977	2
18901	67980	2
18901	68095	2
19049	20162	1
19049	21780	7
19049	22237	2
19049	22407	2
19049	22558	2
19049	22711	1
19049	22886	2
19049	22908	2
19049	23675	4
19049	23699	5
19049	23744	1
19049	23774	175
19049	24777	5
19049	25153	1
19049	25505	1
19049	26465	1
19049	26485	55
19049	27162	2
19049	27319	3
19049	29520	1
19049	29621	2
19049	31114	6
19049	31714	1
19049	32012	58
19049	32522	5
19049	32579	2
19049	33156	2
19049	33181	3
19049	33200	3
19049	33223	2
19049	33248	1
19049	33261	5
19049	33288	9
19049	33310	6
19049	33340	3
19049	33357	12
19049	33385	23
19049	33419	3
19049	34077	2
19049	34090	2
19049	34118	8
19049	34135	24
19049	34159	1
19049	34175	3
19049	34208	3
19049	34270	1
19049	34296	9
19049	34543	1
19049	34647	1
19049	34894	1
19049	34898	4
19049	35067	24
19049	35434	1
19049	36126	1
19049	36565	6
19049	38329	6
19049	39451	1
19049	43056	1
19049	43194	3
19049	43939	1
19049	44138	7
19049	44479	1
19049	44571	1
19049	44598	6
19049	46608	2
19049	47310	1
19049	50644	1
19049	51999	5
19049	52182	4
19049	52414	1
19049	54248	8
19049	54884	2
19049	56117	4
19049	56554	1
19049	56583	1
19049	56936	1
19049	57001	1
19049	57374	1
19049	57645	1
19049	57822	2
19049	57878	1
19049	59087	1
19049	59727	1
19049	60326	3
19049	60976	1
19049	61013	1
19049	61697	1
19049	62162	2
19049	62521	1
19049	62563	7
19049	62582	2
19049	62596	11
19049	62619	7
19049	62650	17
19049	62696	4
19049	62791	7
19049	62799	11
19049	62828	4
19049	62860	14
19049	62898	8
19049	64294	2
19049	64552	1
19049	64569	2
19049	64610	3
19049	64675	1
19049	65135	5
19049	65150	1
19049	65157	3
19049	65180	2
19049	65190	9
19049	65477	7
19049	65505	1
19049	65524	2
19049	65568	3
19049	65588	10
19049	65594	2
19049	65605	5
19049	65679	9
19049	65730	1
19049	66266	1
19049	66433	2
19049	66472	4
19049	66504	1
19049	67058	232
19049	67129	20
19049	67165	12
19049	67189	10
19049	67209	7
19049	67215	4
19049	67260	16
19049	67268	1
19049	67277	3
19049	67285	1
19049	67308	9
19049	67371	6
19049	67422	2
19049	67474	4
19049	67494	2
19049	67733	2
19049	67977	21
19357	19665	7
19357	19949	27
19357	20042	8
19357	20102	34
19357	20162	34
19357	20454	2
19357	20945	24
19357	21122	21
19357	21780	162
19357	21885	5
19357	22237	9
19357	22252	1
19357	22388	1
19357	22407	20
19357	22558	2
19357	22711	9
19357	22825	6
19357	22886	7
19357	22908	12
19357	23675	6
19357	23699	19
19357	23744	74
19357	23774	1
19357	24199	4
19357	24451	37
19357	24592	11
19357	24703	1
19357	24735	2
19357	24752	4
19357	24777	8
19357	25040	5
19357	25153	7
19357	25163	1
19357	25505	1
19357	26330	3
19357	26465	55
19357	26485	293
19357	26961	20
19357	27162	3
19357	27319	2
19357	27887	33
19357	28137	9
19357	29121	11
19357	29520	25
19357	29704	22
19357	29961	6
19357	30042	12
19357	30204	6
19357	30477	10
19357	30712	57
19357	31086	2
19357	31114	10
19357	31279	1
19357	31302	10
19357	31388	35
19357	31439	17
19357	31584	3
19357	31714	225
19357	31955	7
19357	32012	141
19357	32502	1
19357	32579	1
19357	32688	16
19357	33156	7
19357	33181	1
19357	33200	11
19357	33223	5
19357	33248	6
19357	33261	12
19357	33271	15
19357	33278	22
19357	33310	9
19357	33340	19
19357	33357	23
19357	33385	6
19357	33419	9
19357	33622	11
19357	34077	11
19357	34090	8
19357	34118	7
19357	34135	9
19357	34141	11
19357	34166	15
19357	34175	1
19357	34186	1
19357	34208	3
19357	34247	7
19357	34270	13
19357	34322	7
19357	34372	5
19357	34543	1
19357	34647	84
19357	34894	3
19357	34898	19
19357	34992	2
19357	34998	106
19357	35067	46
19357	35291	2
19357	35434	55
19357	35713	29
19357	36126	1
19357	36558	9
19357	36565	186
19357	36698	33
19357	36948	239
19357	37103	1
19357	38329	25
19357	38446	1
19357	38724	19
19357	38795	1
19357	38890	2
19357	39051	8
19357	39451	4
19357	40704	43
19357	40722	7
19357	40754	1
19357	40976	15
19357	42236	15
19357	42528	1
19357	43056	67
19357	43194	438
19357	43763	1
19357	43939	16
19357	44138	107
19357	44143	13
19357	44479	3
19357	44571	45
19357	44598	43
19357	44945	25
19357	45039	46
19357	45201	24
19357	45625	6
19357	46138	2
19357	46606	7
19357	46608	8
19357	47077	5
19357	47249	33
19357	47310	1
19357	48276	88
19357	48605	1
19357	49095	1
19357	49810	35
19357	49871	3
19357	49979	30
19357	50157	2
19357	50163	93
19357	50245	5
19357	50644	1
19357	51999	44
19357	52125	50
19357	52182	90
19357	52196	16
19357	52294	4
19357	52414	18
19357	52616	7
19357	53674	1
19357	53696	5
19357	53953	17
19357	54239	3
19357	54248	20
19357	54857	39
19357	54884	7
19357	55157	14
19357	55288	15
19357	55378	4
19357	55415	6
19357	55470	81
19357	55693	2
19357	55762	12
19357	56088	6
19357	56117	14
19357	56223	10
19357	56540	23
19357	56554	75
19357	56583	1
19357	56936	14
19357	56954	3
19357	57001	2
19357	57208	2
19357	57325	32
19357	57374	24
19357	57382	11
19357	57593	4
19357	57631	14
19357	57645	12
19357	57742	11
19357	57822	39
19357	57832	3
19357	57878	1
19357	57957	1
19357	58401	3
19357	58477	31
19357	59087	56
19357	59418	12
19357	59667	18
19357	59727	3
19357	60025	3
19357	60096	9
19357	60326	70
19357	60894	37
19357	60976	56
19357	61013	1
19357	61242	19
19357	61279	6
19357	61585	2
19357	61697	6
19357	62162	4
19357	62521	2
19357	62563	4
19357	62582	8
19357	62596	4
19357	62605	3
19357	62619	2
19357	62650	14
19357	62696	15
19357	62762	3
19357	62799	6
19357	62828	27
19357	62860	22
19357	62898	8
19357	63525	12
19357	63932	8
19357	63933	5
19357	64231	3
19357	64294	1
19357	64532	4
19357	64552	14
19357	64610	5
19357	64675	4
19357	64726	8
19357	64744	4
19357	64805	1
19357	65135	6
19357	65150	3
19357	65157	4
19357	65180	2
19357	65190	4
19357	65399	7
19357	65477	3
19357	65505	30
19357	65524	4
19357	65568	10
19357	65588	3
19357	65594	2
19357	65605	8
19357	65623	4
19357	65679	10
19357	65730	40
19357	65757	2
19357	66003	47
19357	66040	4
19357	66237	65
19357	66266	19
19357	66351	5
19357	66433	2
19357	66472	3
19357	66504	9
19357	66804	19
19357	67058	1
19357	67129	8
19357	67147	1
19357	67165	10
19357	67189	12
19357	67209	3
19357	67215	5
19357	67249	1
19357	67260	10
19357	67268	5
19357	67277	3
19357	67285	14
19357	67308	24
19357	67336	11
19357	67371	2
19357	67422	5
19357	67482	9
19357	67494	1
19357	67653	5
19357	67670	6
19357	67733	1
19357	67768	3
19357	67977	1
19357	67980	5
19357	68095	5
19665	19949	3
19665	20102	1
19665	20162	10
19665	21122	1
19665	21560	4
19665	21780	45
19665	22237	3
19665	22407	17
19665	22558	1
19665	22711	5
19665	22825	1
19665	22886	1
19665	22908	6
19665	23699	7
19665	23744	6
19665	24592	1
19665	24777	3
19665	25040	8
19665	25799	1
19665	26465	10
19665	26485	62
19665	27319	1
19665	27887	2
19665	28668	2
19665	29121	2
19665	29520	1
19665	29647	1
19665	29961	2
19665	30204	20
19665	30712	1
19665	31114	3
19665	31388	1
19665	31584	2
19665	31714	4
19665	31955	1
19665	32012	42
19665	32502	5
19665	32688	2
19665	33200	3
19665	33223	1
19665	33261	1
19665	33271	11
19665	33278	6
19665	33340	1
19665	33357	3
19665	33385	1
19665	33622	3
19665	34077	3
19665	34118	1
19665	34141	5
19665	34159	1
19665	34247	1
19665	34270	2
19665	34322	1
19665	34372	1
19665	34647	5
19665	34898	5
19665	34998	11
19665	35067	4
19665	35291	2
19665	35434	6
19665	36558	3
19665	36565	39
19665	36698	5
19665	36948	112
19665	38329	7
19665	38724	32
19665	39451	3
19665	40704	5
19665	40722	1
19665	42236	1
19665	43056	3
19665	43194	12
19665	43939	11
19665	44138	2
19665	44143	3
19665	44571	1
19665	44598	10
19665	44945	1
19665	45039	27
19665	45625	3
19665	46138	2
19665	46606	2
19665	46608	6
19665	47077	6
19665	49810	7
19665	49979	13
19665	50163	13
19665	51999	4
19665	52125	4
19665	52182	21
19665	52414	28
19665	53953	20
19665	54239	1
19665	54248	2
19665	54368	1
19665	54857	1
19665	54884	12
19665	55157	1
19665	55378	4
19665	55470	30
19665	56088	1
19665	56117	5
19665	56223	2
19665	56304	1
19665	56540	2
19665	56554	35
19665	56936	3
19665	57325	3
19665	57374	16
19665	57382	1
19665	57631	1
19665	57645	1
19665	57742	1
19665	57822	20
19665	58477	3
19665	59087	19
19665	59418	5
19665	60326	104
19665	60894	14
19665	60976	76
19665	61242	14
19665	61279	2
19665	61697	3
19665	62162	6
19665	62563	12
19665	62582	1
19665	62650	3
19665	62696	1
19665	62762	1
19665	62791	1
19665	62828	1
19665	62860	9
19665	62898	2
19665	63525	2
19665	63932	4
19665	64231	1
19665	64552	3
19665	64610	1
19665	64675	9
19665	64726	1
19665	64744	1
19665	65190	2
19665	65399	1
19665	65505	9
19665	65605	2
19665	65679	3
19665	65730	2
19665	66003	5
19665	66040	2
19665	66266	8
19665	66351	3
19665	66433	2
19665	66804	1
19665	67058	3
19665	67165	1
19665	67189	3
19665	67215	4
19665	67249	1
19665	67308	3
19665	67336	4
19665	67653	1
19665	67733	1
19665	67977	1
19665	67980	1
19679	19949	7
19679	20162	3
19679	20454	1
19679	21122	2
19679	21780	32
19679	21885	1
19679	22237	3
19679	22252	1
19679	22388	1
19679	22558	4
19679	22908	2
19679	23675	3
19679	23699	9
19679	23744	6
19679	24199	17
19679	24592	1
19679	24703	3
19679	24752	1
19679	25040	1
19679	25505	2
19679	25799	12
19679	26330	36
19679	26465	1
19679	26485	124
19679	26961	3
19679	27319	18
19679	28668	27
19679	29121	1
19679	29520	8
19679	29621	1
19679	29704	3
19679	30042	6
19679	31114	6
19679	31302	7
19679	31388	1
19679	31439	1
19679	31955	9
19679	32012	2
19679	32522	1
19679	32579	1
19679	32688	26
19679	33156	3
19679	33181	2
19679	33200	4
19679	33223	2
19679	33261	1
19679	33271	1
19679	33278	35
19679	33310	1
19679	33357	9
19679	33385	2
19679	33419	2
19679	34077	2
19679	34135	3
19679	34159	3
19679	34166	2
19679	34175	1
19679	34186	8
19679	34208	2
19679	34247	7
19679	34270	3
19679	34647	2
19679	34894	2
19679	34898	1
19679	35067	5
19679	35291	5
19679	35434	185
19679	36558	1
19679	36565	130
19679	36698	3
19679	36948	4
19679	37103	1
19679	37626	1
19679	38329	9
19679	38446	1
19679	38795	8
19679	39051	2
19679	39451	1
19679	40704	14
19679	40722	2
19679	40976	17
19679	42236	2
19679	43194	25
19679	43763	12
19679	43939	3
19679	44143	9
19679	44571	2
19679	44598	8
19679	45201	15
19679	45625	2
19679	45766	16
19679	46138	7
19679	46606	9
19679	46608	18
19679	47249	1
19679	47310	1
19679	48605	1
19679	49810	1
19679	49871	3
19679	50157	14
19679	51999	17
19679	52182	44
19679	52196	1
19679	52616	50
19679	53674	4
19679	53696	2
19679	54248	14
19679	54857	2
19679	55157	7
19679	55288	79
19679	55415	15
19679	55470	1
19679	55762	2
19679	56117	34
19679	56540	11
19679	56554	78
19679	56583	1
19679	56936	8
19679	56954	1
19679	57382	2
19679	57593	21
19679	57631	7
19679	57645	1
19679	57822	13
19679	57825	1
19679	57832	25
19679	57878	1
19679	58477	2
19679	59087	2
19679	59727	37
19679	60326	6
19679	60894	51
19679	61013	1
19679	61279	2
19679	61585	26
19679	61697	1
19679	62521	2
19679	62619	2
19679	62650	2
19679	62696	2
19679	62791	1
19679	62799	1
19679	62828	6
19679	62860	10
19679	62898	7
19679	63525	15
19679	63932	10
19679	63933	2
19679	64231	1
19679	64532	1
19679	64552	4
19679	64569	1
19679	64726	1
19679	64744	1
19679	64805	1
19679	65135	1
19679	65150	1
19679	65180	2
19679	65588	8
19679	65679	2
19679	65757	6
19679	66003	8
19679	66237	13
19679	66266	1
19679	66351	2
19679	66472	3
19679	66504	6
19679	67209	1
19679	67249	3
19679	67285	1
19679	67308	6
19679	67336	3
19679	67422	1
19679	67482	6
19679	67653	2
19679	67670	3
19679	67768	2
19679	67980	4
19679	68095	1
19949	20042	2
19949	20102	7
19949	20162	20
19949	21122	50
19949	21560	5
19949	21780	84
19949	21885	16
19949	22252	2
19949	22407	20
19949	22711	18
19949	22886	2
19949	22908	10
19949	23437	1
19949	23675	1
19949	23699	27
19949	23744	76
19949	24199	1
19949	24592	9
19949	24703	2
19949	24735	1
19949	24752	11
19949	24777	9
19949	25040	11
19949	25153	2
19949	25505	5
19949	25799	1
19949	26330	1
19949	26465	32
19949	26485	142
19949	26961	6
19949	27162	1
19949	27319	1
19949	27887	2
19949	28137	4
19949	28668	1
19949	29520	2
19949	29621	1
19949	29647	3
19949	29704	7
19949	29835	4
19949	29961	12
19949	30042	14
19949	30204	1
19949	30477	2
19949	30712	12
19949	31086	5
19949	31302	2
19949	31388	4
19949	31714	15
19949	31955	2
19949	32012	77
19949	32502	1
19949	32579	1
19949	32688	3
19949	33156	3
19949	33181	1
19949	33200	4
19949	33223	2
19949	33248	1
19949	33261	9
19949	33271	13
19949	33278	9
19949	33310	3
19949	33340	1
19949	33357	13
19949	33385	10
19949	33419	1
19949	33622	15
19949	34077	3
19949	34090	1
19949	34118	1
19949	34135	6
19949	34141	1
19949	34159	1
19949	34166	7
19949	34186	8
19949	34247	12
19949	34270	8
19949	34296	32
19949	34322	2
19949	34372	7
19949	34543	1
19949	34647	8
19949	34894	8
19949	34898	13
19949	34992	2
19949	34998	34
19949	35067	16
19949	35434	33
19949	35713	6
19949	36558	11
19949	36565	88
19949	36698	11
19949	36948	237
19949	37103	12
19949	38329	23
19949	38446	2
19949	38724	6
19949	38795	6
19949	38890	4
19949	39051	2
19949	39451	5
19949	40704	65
19949	40976	21
19949	42528	1
19949	43056	22
19949	43194	92
19949	43763	10
19949	43939	13
19949	44138	6
19949	44143	4
19949	44479	13
19949	44571	1
19949	44598	28
19949	44945	22
19949	45039	21
19949	45201	25
19949	46606	1
19949	46608	1
19949	47077	39
19949	47310	2
19949	48276	5
19949	49095	3
19949	49810	69
19949	50157	6
19949	50163	5
19949	51999	14
19949	52125	1
19949	52182	24
19949	52196	2
19949	52414	22
19949	52616	6
19949	53674	2
19949	53696	5
19949	53953	1
19949	54239	7
19949	54248	3
19949	54857	8
19949	54884	1
19949	55157	13
19949	55288	13
19949	55378	5
19949	55415	6
19949	55470	70
19949	55762	3
19949	56117	6
19949	56223	4
19949	56304	1
19949	56540	1
19949	56554	47
19949	56583	1
19949	56936	12
19949	56954	6
19949	57001	1
19949	57325	23
19949	57374	32
19949	57587	1
19949	57593	1
19949	57631	14
19949	57645	2
19949	57822	28
19949	57825	4
19949	57832	1
19949	57878	1
19949	57957	1
19949	58477	5
19949	59087	20
19949	59418	11
19949	59667	21
19949	60025	4
19949	60096	3
19949	60326	115
19949	60894	22
19949	60976	36
19949	61013	3
19949	61242	17
19949	61697	11
19949	62521	2
19949	62563	13
19949	62596	2
19949	62605	3
19949	62619	1
19949	62650	15
19949	62696	6
19949	62762	4
19949	62791	4
19949	62799	12
19949	62828	8
19949	62860	14
19949	62898	2
19949	63525	7
19949	63932	4
19949	63933	7
19949	64294	1
19949	64552	25
19949	64569	2
19949	64610	1
19949	64675	4
19949	64726	4
19949	64744	5
19949	65135	2
19949	65157	1
19949	65190	67
19949	65399	17
19949	65477	2
19949	65505	20
19949	65524	50
19949	65568	9
19949	65588	2
19949	65594	5
19949	65605	10
19949	65679	9
19949	65730	3
19949	66003	24
19949	66237	2
19949	66266	7
19949	66351	2
19949	66472	5
19949	66504	13
19949	66804	32
19949	67129	7
19949	67147	2
19949	67189	6
19949	67215	5
19949	67249	1
19949	67277	3
19949	67285	11
19949	67308	17
19949	67336	32
19949	67371	4
19949	67422	1
19949	67474	1
19949	67482	1
19949	67494	3
19949	67653	3
19949	67670	1
19949	67733	22
19949	67980	2
19949	68095	5
20042	20102	1
20042	20162	6
20042	20454	2
20042	20945	1
20042	21122	74
20042	21560	11
20042	21780	90
20042	21885	8
20042	22237	3
20042	22252	74
20042	22388	1
20042	22407	8
20042	22558	9
20042	22711	4
20042	22825	12
20042	22886	3
20042	22908	1
20042	23437	21
20042	23675	2
20042	23699	30
20042	23744	142
20042	23774	1
20042	24199	21
20042	24592	3
20042	24703	4
20042	24735	13
20042	24752	18
20042	25040	2
20042	25153	25
20042	25163	52
20042	25505	28
20042	25799	15
20042	26330	2
20042	26465	17
20042	26485	273
20042	26961	1
20042	26974	2
20042	27162	1
20042	27319	6
20042	27887	2
20042	28137	2
20042	28668	2
20042	29121	3
20042	29520	16
20042	29621	2
20042	29647	6
20042	29704	36
20042	29835	18
20042	29961	15
20042	30042	9
20042	30477	16
20042	30712	9
20042	31086	41
20042	31114	29
20042	31279	171
20042	31302	5
20042	31388	1
20042	31439	3
20042	31714	1
20042	31955	8
20042	32012	16
20042	32511	18
20042	32579	3
20042	32688	18
20042	33156	5
20042	33200	13
20042	33223	7
20042	33248	1
20042	33271	1
20042	33278	24
20042	33288	7
20042	33310	10
20042	33340	16
20042	33357	8
20042	33385	3
20042	33622	6
20042	34077	3
20042	34135	11
20042	34141	12
20042	34159	4
20042	34166	14
20042	34175	45
20042	34186	11
20042	34208	1
20042	34270	20
20042	34296	2
20042	34372	3
20042	34543	18
20042	34647	8
20042	34894	78
20042	34898	191
20042	34992	5
20042	34998	9
20042	35067	30
20042	35291	3
20042	35434	118
20042	36126	1
20042	36558	3
20042	36565	140
20042	36698	11
20042	36948	157
20042	37103	39
20042	37626	24
20042	38329	14
20042	38431	20
20042	38446	21
20042	38724	7
20042	38795	4
20042	38890	13
20042	39051	12
20042	39451	1
20042	40704	106
20042	40722	3
20042	40754	143
20042	40976	32
20042	42236	4
20042	43056	11
20042	43194	22
20042	43763	1
20042	44138	1
20042	44143	31
20042	44571	3
20042	44598	21
20042	45039	14
20042	45201	120
20042	45625	2
20042	45766	43
20042	46138	7
20042	46606	3
20042	46608	19
20042	47077	6
20042	47310	5
20042	48605	6
20042	49095	221
20042	49810	2
20042	49871	8
20042	49979	23
20042	50157	3
20042	50163	4
20042	51999	24
20042	52182	100
20042	52196	2
20042	52414	1
20042	53674	7
20042	53696	7
20042	54239	5
20042	54248	10
20042	54857	2
20042	55157	46
20042	55288	32
20042	55378	5
20042	55415	10
20042	55470	25
20042	55693	5
20042	55762	38
20042	56088	22
20042	56117	21
20042	56223	37
20042	56304	5
20042	56540	28
20042	56554	90
20042	56583	23
20042	56936	15
20042	57001	2
20042	57208	17
20042	57325	29
20042	57374	10
20042	57382	19
20042	57587	11
20042	57593	12
20042	57631	3
20042	57742	4
20042	57822	31
20042	57825	143
20042	57832	6
20042	57878	3
20042	57957	7
20042	58401	124
20042	58477	117
20042	59087	26
20042	59418	7
20042	59667	62
20042	59727	6
20042	60025	13
20042	60096	32
20042	60326	32
20042	60894	47
20042	60976	11
20042	61013	5
20042	61242	3
20042	61585	7
20042	61697	8
20042	62162	4
20042	62521	12
20042	62563	3
20042	62582	2
20042	62596	1
20042	62605	4
20042	62619	7
20042	62696	12
20042	62762	2
20042	62791	6
20042	62799	5
20042	62828	16
20042	62860	9
20042	62898	14
20042	63525	10
20042	63932	1
20042	63933	88
20042	64231	8
20042	64294	12
20042	64532	3
20042	64552	114
20042	64569	2
20042	64610	1
20042	64675	2
20042	64726	12
20042	64744	15
20042	64805	21
20042	65135	3
20042	65150	6
20042	65180	8
20042	65190	2
20042	65477	15
20042	65505	1
20042	65568	23
20042	65594	141
20042	65679	46
20042	65730	4
20042	66003	22
20042	66040	18
20042	66266	28
20042	66433	2
20042	66472	5
20042	66804	10
20042	67058	1
20042	67165	6
20042	67189	3
20042	67209	3
20042	67215	1
20042	67249	10
20042	67277	3
20042	67285	7
20042	67308	8
20042	67336	22
20042	67422	8
20042	67474	5
20042	67494	3
20042	67670	5
20042	67733	11
20042	67768	23
20042	67980	10
20042	68095	3
20102	20162	4
20102	20454	1
20102	20945	2
20102	21122	4
20102	21560	1
20102	21780	38
20102	21885	1
20102	22237	1
20102	22388	2
20102	22407	1
20102	22711	2
20102	22825	2
20102	22886	2
20102	22908	2
20102	23675	3
20102	23699	2
20102	23744	13
20102	23774	1
20102	24199	2
20102	25040	1
20102	25799	1
20102	26330	2
20102	26465	4
20102	26485	84
20102	26961	7
20102	27319	1
20102	27887	5
20102	29121	1
20102	29520	5
20102	29961	1
20102	30042	5
20102	30204	1
20102	30477	6
20102	30712	19
20102	31114	1
20102	31302	3
20102	31388	39
20102	31439	14
20102	31584	1
20102	31714	96
20102	32012	8
20102	32502	1
20102	32688	2
20102	33156	6
20102	33200	5
20102	33248	5
20102	33271	4
20102	33278	7
20102	33310	3
20102	33340	1
20102	33357	5
20102	33385	7
20102	33419	1
20102	33622	3
20102	34090	2
20102	34118	1
20102	34166	1
20102	34270	3
20102	34296	1
20102	34322	4
20102	34647	8
20102	34894	1
20102	34898	1
20102	34992	2
20102	34998	12
20102	35067	12
20102	35434	14
20102	35713	11
20102	36565	41
20102	36698	4
20102	36948	18
20102	38329	10
20102	38724	6
20102	38890	1
20102	40704	10
20102	40976	3
20102	42236	2
20102	43056	28
20102	43194	177
20102	43939	1
20102	44138	25
20102	44143	2
20102	44571	7
20102	44598	7
20102	44945	13
20102	45039	4
20102	45201	8
20102	45625	2
20102	46606	3
20102	46608	5
20102	47249	8
20102	47310	1
20102	48276	17
20102	49810	4
20102	49979	4
20102	50157	2
20102	50163	5
20102	51999	8
20102	52125	2
20102	52182	14
20102	52196	4
20102	52414	5
20102	54239	1
20102	54248	2
20102	54857	22
20102	54884	11
20102	55288	1
20102	55378	4
20102	55470	6
20102	55693	1
20102	55762	3
20102	56088	2
20102	56117	2
20102	56223	4
20102	56540	7
20102	56554	18
20102	56936	5
20102	56954	1
20102	57001	1
20102	57208	1
20102	57325	5
20102	57374	1
20102	57587	1
20102	57593	1
20102	57631	2
20102	57645	3
20102	57742	1
20102	57822	12
20102	57878	1
20102	58477	7
20102	59087	11
20102	59667	1
20102	59727	2
20102	60025	2
20102	60096	2
20102	60326	8
20102	60894	9
20102	60976	3
20102	61585	3
20102	61697	2
20102	62563	4
20102	62582	2
20102	62596	1
20102	62605	1
20102	62619	4
20102	62650	1
20102	62696	4
20102	62762	5
20102	62799	3
20102	62828	23
20102	62898	1
20102	63525	5
20102	63932	2
20102	64231	1
20102	64552	2
20102	64569	1
20102	64726	1
20102	64744	2
20102	65135	3
20102	65180	3
20102	65399	1
20102	65477	2
20102	65505	2
20102	65524	1
20102	65568	4
20102	65588	2
20102	65594	1
20102	65605	4
20102	65623	1
20102	65679	1
20102	65730	1
20102	66003	8
20102	66040	2
20102	66237	9
20102	66266	7
20102	66351	2
20102	66504	1
20102	66804	3
20102	67058	1
20102	67129	4
20102	67165	2
20102	67189	1
20102	67268	1
20102	67285	1
20102	67308	1
20102	67336	9
20102	67422	2
20102	67494	1
20102	67653	1
20102	67670	4
20102	67768	1
20102	67980	3
20162	20454	7
20162	20945	5
20162	21122	16
20162	21560	3
20162	21780	130
20162	21885	5
20162	22237	18
20162	22252	22
20162	22388	5
20162	22407	5
20162	22558	15
20162	22711	5
20162	22825	7
20162	22886	8
20162	22908	27
20162	23437	5
20162	23675	12
20162	23699	19
20162	23744	52
20162	23774	2
20162	24199	9
20162	24451	4
20162	24592	3
20162	24703	2
20162	24735	3
20162	24752	5
20162	24777	5
20162	25040	2
20162	25153	27
20162	25163	10
20162	25505	4
20162	25799	3
20162	26330	3
20162	26465	19
20162	26485	385
20162	26961	12
20162	27162	1
20162	27319	10
20162	27887	9
20162	28137	2
20162	28668	3
20162	29121	7
20162	29520	23
20162	29621	1
20162	29647	3
20162	29704	5
20162	29835	2
20162	29961	2
20162	30042	10
20162	30204	2
20162	30477	3
20162	30712	10
20162	31086	5
20162	31114	23
20162	31279	1
20162	31302	1
20162	31388	19
20162	31439	12
20162	31584	4
20162	31714	29
20162	31955	4
20162	32012	32
20162	32502	4
20162	32511	4
20162	32522	2
20162	32688	9
20162	33156	8
20162	33181	2
20162	33200	17
20162	33223	11
20162	33248	6
20162	33261	2
20162	33271	3
20162	33278	12
20162	33288	5
20162	33310	3
20162	33340	9
20162	33357	5
20162	33385	12
20162	33622	3
20162	34077	5
20162	34090	2
20162	34118	4
20162	34135	15
20162	34141	1
20162	34159	2
20162	34166	15
20162	34175	15
20162	34186	2
20162	34208	7
20162	34247	7
20162	34270	19
20162	34296	5
20162	34322	4
20162	34372	4
20162	34543	2
20162	34647	39
20162	34894	11
20162	34898	43
20162	34992	2
20162	34998	59
20162	35067	45
20162	35291	1
20162	35434	40
20162	35713	10
20162	36126	8
20162	36558	3
20162	36565	124
20162	36698	11
20162	36948	162
20162	37103	4
20162	37626	5
20162	38329	63
20162	38431	3
20162	38446	7
20162	38724	15
20162	38795	7
20162	38890	4
20162	39051	2
20162	39451	4
20162	40704	48
20162	40722	8
20162	40754	4
20162	40976	13
20162	42236	10
20162	42528	1
20162	43056	43
20162	43194	106
20162	43939	10
20162	44138	18
20162	44143	33
20162	44479	4
20162	44571	7
20162	44598	57
20162	44895	42
20162	44945	7
20162	45039	17
20162	45201	12
20162	45625	6
20162	45766	1
20162	46138	6
20162	46606	3
20162	46608	25
20162	47077	5
20162	47249	12
20162	47310	2
20162	48276	6
20162	48605	2
20162	49095	16
20162	49810	15
20162	49871	5
20162	49979	26
20162	50157	8
20162	50163	29
20162	50245	2
20162	50644	2
20162	51999	63
20162	52125	9
20162	52182	72
20162	52196	12
20162	52294	2
20162	52414	4
20162	52616	5
20162	53674	3
20162	53696	6
20162	53953	2
20162	54239	13
20162	54248	31
20162	54368	9
20162	54857	16
20162	54884	18
20162	55157	14
20162	55288	18
20162	55378	16
20162	55415	9
20162	55470	46
20162	55693	3
20162	55762	18
20162	56088	11
20162	56117	19
20162	56223	14
20162	56304	5
20162	56540	13
20162	56554	102
20162	56936	10
20162	56954	2
20162	57001	2
20162	57208	1
20162	57325	16
20162	57374	8
20162	57382	2
20162	57593	3
20162	57645	8
20162	57742	1
20162	57822	42
20162	57825	5
20162	57832	5
20162	57878	6
20162	57957	2
20162	58401	11
20162	58477	21
20162	59087	68
20162	59418	8
20162	59667	19
20162	59727	5
20162	60025	2
20162	60096	4
20162	60326	37
20162	60894	20
20162	60976	30
20162	61013	1
20162	61242	5
20162	61279	10
20162	61585	2
20162	61697	6
20162	62162	2
20162	62521	3
20162	62563	7
20162	62582	11
20162	62596	4
20162	62605	3
20162	62619	5
20162	62650	58
20162	62696	7
20162	62762	5
20162	62791	1
20162	62799	10
20162	62828	23
20162	62860	17
20162	62898	16
20162	63525	13
20162	63932	11
20162	63933	15
20162	64231	5
20162	64294	3
20162	64532	5
20162	64552	35
20162	64569	2
20162	64610	7
20162	64675	2
20162	64744	5
20162	64805	6
20162	65135	3
20162	65150	2
20162	65157	7
20162	65180	1
20162	65190	6
20162	65399	10
20162	65477	24
20162	65505	24
20162	65524	1
20162	65568	5
20162	65588	2
20162	65594	16
20162	65605	6
20162	65623	13
20162	65679	10
20162	65730	2
20162	65757	11
20162	66003	65
20162	66040	4
20162	66237	1
20162	66266	19
20162	66351	13
20162	66433	3
20162	66472	8
20162	66504	5
20162	66804	11
20162	67129	4
20162	67147	1
20162	67165	12
20162	67189	4
20162	67209	1
20162	67215	6
20162	67249	3
20162	67260	5
20162	67268	1
20162	67277	1
20162	67285	6
20162	67308	8
20162	67336	30
20162	67371	1
20162	67474	2
20162	67494	4
20162	67653	4
20162	67670	6
20162	67733	2
20162	67768	6
20162	67980	6
20162	68095	7
20454	21122	6
20454	21560	1
20454	21780	43
20454	22237	12
20454	22388	5
20454	22558	10
20454	22711	2
20454	22825	14
20454	22886	10
20454	22908	27
20454	23675	3
20454	23699	7
20454	23744	9
20454	23774	1
20454	24199	4
20454	24735	3
20454	24777	1
20454	26485	171
20454	26961	1
20454	27319	2
20454	29121	2
20454	29520	5
20454	29647	2
20454	29704	1
20454	29961	1
20454	30042	1
20454	30477	1
20454	30712	2
20454	31114	1
20454	31302	3
20454	31388	1
20454	31584	1
20454	31714	2
20454	31955	1
20454	32012	2
20454	32522	1
20454	32688	2
20454	33156	12
20454	33181	2
20454	33200	9
20454	33248	3
20454	33261	1
20454	33271	2
20454	33278	6
20454	33310	1
20454	33340	2
20454	33357	3
20454	33385	2
20454	33622	2
20454	34077	1
20454	34118	1
20454	34135	2
20454	34166	3
20454	34175	1
20454	34247	1
20454	34270	1
20454	34322	1
20454	34647	2
20454	34898	7
20454	34992	12
20454	34998	1
20454	35067	29
20454	35291	1
20454	35434	27
20454	35713	2
20454	36126	3
20454	36565	48
20454	36698	5
20454	36948	11
20454	38329	30
20454	38890	1
20454	39451	2
20454	40704	4
20454	40722	4
20454	40976	7
20454	42236	13
20454	43056	7
20454	43194	5
20454	43763	1
20454	44138	1
20454	44143	13
20454	44571	1
20454	44598	15
20454	45039	1
20454	45201	3
20454	45766	6
20454	46138	1
20454	46606	8
20454	46608	11
20454	48276	1
20454	49979	6
20454	50245	36
20454	51999	55
20454	52182	18
20454	53696	1
20454	54239	5
20454	54248	34
20454	54368	1
20454	54857	3
20454	55157	3
20454	55288	5
20454	55378	4
20454	55415	12
20454	55470	1
20454	55693	3
20454	56088	1
20454	56117	50
20454	56540	3
20454	56554	73
20454	56936	2
20454	57001	1
20454	57208	1
20454	57325	1
20454	57374	1
20454	57593	6
20454	57631	1
20454	57645	3
20454	57742	1
20454	57822	12
20454	58401	1
20454	58477	10
20454	59087	47
20454	59418	1
20454	59667	2
20454	59727	11
20454	60025	1
20454	60096	1
20454	60894	14
20454	61279	7
20454	61585	1
20454	62162	2
20454	62521	1
20454	62563	1
20454	62582	3
20454	62596	5
20454	62619	2
20454	62650	5
20454	62696	3
20454	62762	3
20454	62799	4
20454	62860	5
20454	62898	1
20454	63525	8
20454	63932	4
20454	64231	2
20454	64552	4
20454	64569	1
20454	64610	2
20454	64744	1
20454	65157	2
20454	65180	1
20454	65190	3
20454	65477	3
20454	65505	1
20454	65524	1
20454	65568	2
20454	65588	1
20454	65679	1
20454	65757	9
20454	66003	12
20454	66040	4
20454	66266	2
20454	66351	3
20454	66433	3
20454	66804	2
20454	67058	1
20454	67165	1
20454	67189	3
20454	67260	1
20454	67285	1
20454	67308	2
20454	67336	10
20454	67422	1
20454	67653	1
20454	67670	1
20454	67768	1
20454	67980	4
20945	21780	45
20945	22711	1
20945	22886	1
20945	23437	1
20945	23699	12
20945	23744	13
20945	24451	29
20945	24592	1
20945	25505	1
20945	25799	1
20945	26465	21
20945	26485	138
20945	27162	3
20945	29520	1
20945	30042	1
20945	30712	9
20945	31279	2
20945	31302	3
20945	31388	50
20945	31439	8
20945	31714	208
20945	32012	4
20945	33200	1
20945	33223	13
20945	33248	10
20945	33340	11
20945	33357	5
20945	33385	7
20945	33419	2
20945	34090	1
20945	34118	4
20945	34135	1
20945	34186	1
20945	34270	5
20945	34296	2
20945	34647	16
20945	34894	4
20945	34898	3
20945	34998	1
20945	35067	6
20945	35434	2
20945	35713	1
20945	36565	44
20945	36948	13
20945	37103	2
20945	38329	1
20945	38890	1
20945	39051	2
20945	40704	1
20945	40722	2
20945	40976	2
20945	43056	1
20945	43194	237
20945	44138	58
20945	44571	3
20945	45039	1
20945	45201	2
20945	47249	11
20945	48276	5
20945	49095	1
20945	50157	1
20945	50163	1
20945	51999	16
20945	52125	23
20945	52182	3
20945	52196	6
20945	52294	1
20945	52616	4
20945	53696	3
20945	53953	9
20945	54857	22
20945	55157	1
20945	55288	2
20945	55378	1
20945	55470	10
20945	55762	15
20945	56540	8
20945	56554	8
20945	56936	10
20945	57001	3
20945	57325	1
20945	57631	2
20945	57645	10
20945	57822	4
20945	57825	5
20945	59667	2
20945	60894	4
20945	60976	1
20945	61279	2
20945	62563	1
20945	62596	1
20945	62605	1
20945	62619	1
20945	62650	5
20945	62696	3
20945	62762	2
20945	62799	1
20945	62828	22
20945	62860	1
20945	63525	1
20945	63933	1
20945	64532	2
20945	64552	3
20945	64569	1
20945	64805	2
20945	65180	2
20945	65568	7
20945	65588	6
20945	65730	1
20945	65757	2
20945	66003	18
20945	66237	10
20945	66504	2
20945	66804	1
20945	67129	3
20945	67165	2
20945	67189	3
20945	67215	4
20945	67268	2
20945	67336	2
20945	67482	6
20945	67670	3
20945	68095	1
21122	21560	17
21122	21780	164
21122	21885	16
21122	22237	1
21122	22252	46
21122	22388	4
21122	22407	22
21122	22558	1
21122	22711	29
21122	22825	8
21122	22886	3
21122	22908	7
21122	23437	25
21122	23675	10
21122	23699	70
21122	23744	311
21122	23774	4
21122	24199	16
21122	24592	12
21122	24703	14
21122	24735	113
21122	24752	24
21122	24777	4
21122	25040	8
21122	25153	40
21122	25163	40
21122	25505	43
21122	25799	13
21122	26330	13
21122	26465	40
21122	26485	336
21122	26961	6
21122	26974	11
21122	27162	3
21122	27319	1
21122	27887	3
21122	28137	53
21122	29121	6
21122	29520	13
21122	29621	9
21122	29647	12
21122	29704	141
21122	29835	25
21122	29961	54
21122	30042	29
21122	30204	1
21122	30477	20
21122	30712	17
21122	31086	155
21122	31114	12
21122	31279	42
21122	31302	27
21122	31388	15
21122	31439	2
21122	31584	1
21122	31714	9
21122	31955	1
21122	32012	86
21122	32502	1
21122	32511	14
21122	32579	9
21122	33156	18
21122	33200	13
21122	33223	6
21122	33248	3
21122	33261	6
21122	33271	5
21122	33278	16
21122	33288	4
21122	33310	20
21122	33340	5
21122	33357	38
21122	33385	13
21122	33622	39
21122	34077	5
21122	34090	1
21122	34118	7
21122	34135	9
21122	34141	21
21122	34159	20
21122	34166	18
21122	34175	51
21122	34186	33
21122	34208	2
21122	34247	12
21122	34270	24
21122	34296	15
21122	34322	1
21122	34372	35
21122	34543	17
21122	34647	7
21122	34894	62
21122	34898	273
21122	34992	9
21122	34998	30
21122	35067	43
21122	35291	9
21122	35434	101
21122	35713	8
21122	36558	26
21122	36565	175
21122	36698	19
21122	36948	286
21122	37103	21
21122	37626	18
21122	38329	25
21122	38431	17
21122	38446	18
21122	38724	8
21122	38795	7
21122	38890	74
21122	39051	21
21122	39451	13
21122	40704	307
21122	40722	1
21122	40754	22
21122	40976	56
21122	42236	2
21122	42528	113
21122	43056	45
21122	43194	68
21122	43763	23
21122	43939	10
21122	44138	8
21122	44143	26
21122	44479	6
21122	44571	6
21122	44598	21
21122	44895	1
21122	44945	7
21122	45039	20
21122	45201	123
21122	45625	3
21122	45766	15
21122	46606	2
21122	46608	1
21122	47077	19
21122	47249	5
21122	47310	25
21122	48276	3
21122	48605	12
21122	49095	79
21122	49810	27
21122	49871	7
21122	49979	32
21122	50157	71
21122	50163	30
21122	51999	23
21122	52125	7
21122	52182	45
21122	52196	3
21122	52294	19
21122	52414	12
21122	52616	1
21122	53674	6
21122	53696	6
21122	53953	6
21122	54239	4
21122	54248	14
21122	54368	2
21122	54857	8
21122	54884	3
21122	55157	31
21122	55288	4
21122	55378	9
21122	55415	9
21122	55470	70
21122	55693	4
21122	55762	23
21122	56088	10
21122	56117	10
21122	56223	15
21122	56304	113
21122	56540	19
21122	56554	122
21122	56583	67
21122	56936	21
21122	56954	3
21122	57001	20
21122	57208	126
21122	57325	57
21122	57374	15
21122	57382	33
21122	57587	21
21122	57593	18
21122	57631	11
21122	57645	2
21122	57742	12
21122	57822	98
21122	57825	12
21122	57832	1
21122	57878	5
21122	57957	72
21122	58401	112
21122	58477	49
21122	59087	25
21122	59418	30
21122	59667	36
21122	59727	3
21122	60025	23
21122	60096	23
21122	60326	90
21122	60894	35
21122	60976	48
21122	61013	29
21122	61242	6
21122	61279	2
21122	61585	6
21122	61697	2
21122	62162	2
21122	62521	45
21122	62563	5
21122	62582	3
21122	62596	7
21122	62605	12
21122	62619	19
21122	62650	12
21122	62696	14
21122	62762	6
21122	62791	10
21122	62799	9
21122	62828	18
21122	62860	23
21122	62898	28
21122	63525	12
21122	63932	6
21122	63933	103
21122	64231	7
21122	64294	15
21122	64532	2
21122	64552	143
21122	64569	1
21122	64610	1
21122	64675	5
21122	64726	7
21122	64744	11
21122	64805	27
21122	65135	13
21122	65150	5
21122	65157	3
21122	65180	17
21122	65190	8
21122	65399	56
21122	65477	15
21122	65505	10
21122	65524	2
21122	65568	53
21122	65588	6
21122	65594	168
21122	65605	4
21122	65623	2
21122	65679	69
21122	65730	7
21122	66003	44
21122	66040	8
21122	66237	2
21122	66266	22
21122	66433	5
21122	66472	14
21122	66504	2
21122	66804	148
21122	67058	4
21122	67129	2
21122	67147	3
21122	67165	2
21122	67189	4
21122	67209	2
21122	67215	1
21122	67249	5
21122	67268	6
21122	67277	7
21122	67285	15
21122	67308	22
21122	67336	30
21122	67371	14
21122	67422	3
21122	67474	99
21122	67482	3
21122	67494	13
21122	67653	11
21122	67670	2
21122	67733	12
21122	67768	26
21122	67980	10
21122	68095	12
21560	21780	15
21560	21885	1
21560	22237	2
21560	22252	37
21560	22407	23
21560	22711	4
21560	22825	2
21560	23437	7
21560	23699	10
21560	23744	28
21560	24592	10
21560	24703	7
21560	24735	29
21560	24752	12
21560	24777	4
21560	25040	8
21560	25153	63
21560	25163	73
21560	25505	24
21560	25799	4
21560	26465	1
21560	26485	41
21560	26961	1
21560	26974	21
21560	29520	1
21560	29621	10
21560	29647	12
21560	29704	213
21560	29835	4
21560	29961	1
21560	30042	7
21560	30204	1
21560	30477	9
21560	31086	2
21560	31114	6
21560	31279	3
21560	31955	2
21560	32012	7
21560	32502	2
21560	32511	9
21560	32579	16
21560	32688	2
21560	33156	3
21560	33181	3
21560	33200	10
21560	33223	4
21560	33248	13
21560	33261	1
21560	33271	6
21560	33278	5
21560	33288	2
21560	33310	4
21560	33340	14
21560	33357	20
21560	33385	19
21560	33419	3
21560	33622	3
21560	34077	5
21560	34118	1
21560	34135	3
21560	34141	13
21560	34159	5
21560	34166	2
21560	34175	33
21560	34186	34
21560	34208	2
21560	34247	2
21560	34270	24
21560	34296	16
21560	34543	22
21560	34647	3
21560	34894	25
21560	34898	89
21560	34998	7
21560	35067	1
21560	35434	4
21560	36558	1
21560	36565	13
21560	36698	2
21560	36948	23
21560	37103	4
21560	37626	3
21560	38329	5
21560	38431	11
21560	38446	2
21560	38724	3
21560	38795	1
21560	38890	1
21560	39051	3
21560	39451	4
21560	40704	11
21560	40722	1
21560	40754	3
21560	40976	1
21560	42528	2
21560	43056	3
21560	43194	3
21560	43763	8
21560	43939	6
21560	44143	2
21560	44479	1
21560	44598	2
21560	45039	5
21560	45201	6
21560	46606	1
21560	47077	1
21560	47310	19
21560	48605	7
21560	49095	17
21560	49810	2
21560	49871	4
21560	49979	1
21560	50157	2
21560	50163	1
21560	51999	2
21560	52182	10
21560	52414	14
21560	52616	1
21560	53674	4
21560	53696	4
21560	53953	1
21560	54248	2
21560	54884	6
21560	55157	4
21560	55378	1
21560	55415	1
21560	55470	10
21560	56117	2
21560	56223	3
21560	56304	3
21560	56554	17
21560	56583	5
21560	56936	14
21560	56954	5
21560	57001	4
21560	57325	7
21560	57382	30
21560	57587	4
21560	57631	1
21560	57742	1
21560	57822	8
21560	57825	6
21560	57832	1
21560	57878	4
21560	58401	4
21560	58477	9
21560	59087	5
21560	59418	2
21560	59667	5
21560	59727	1
21560	60096	1
21560	60326	12
21560	60894	5
21560	60976	19
21560	61013	4
21560	61242	5
21560	61697	1
21560	62162	1
21560	62521	28
21560	62563	7
21560	62582	4
21560	62596	3
21560	62605	29
21560	62619	10
21560	62650	12
21560	62696	5
21560	62762	9
21560	62791	3
21560	62799	7
21560	62828	5
21560	62860	10
21560	62898	13
21560	63932	1
21560	63933	34
21560	64294	19
21560	64532	4
21560	64552	79
21560	64675	4
21560	64744	4
21560	64805	11
21560	65135	4
21560	65150	4
21560	65157	2
21560	65180	11
21560	65190	6
21560	65399	3
21560	65477	15
21560	65505	2
21560	65568	18
21560	65588	3
21560	65594	65
21560	65605	5
21560	65623	1
21560	65679	37
21560	65730	5
21560	65757	2
21560	66003	3
21560	66266	3
21560	66433	4
21560	66472	3
21560	66504	3
21560	66804	3
21560	67129	3
21560	67147	5
21560	67165	6
21560	67189	4
21560	67209	4
21560	67215	2
21560	67249	7
21560	67260	3
21560	67268	2
21560	67277	3
21560	67285	4
21560	67308	24
21560	67336	16
21560	67371	3
21560	67422	2
21560	67474	2
21560	67482	4
21560	67494	7
21560	67653	5
21560	67670	2
21560	67733	16
21560	67768	23
21560	68095	7
21780	21885	19
21780	22237	254
21780	22252	13
21780	22388	32
21780	22407	75
21780	22558	147
21780	22711	45
21780	22825	63
21780	22886	41
21780	22908	168
21780	23437	6
21780	23675	31
21780	23699	183
21780	23744	331
21780	23774	11
21780	24199	45
21780	24451	18
21780	24592	25
21780	24703	12
21780	24735	22
21780	24752	15
21780	24777	21
21780	25040	22
21780	25153	32
21780	25163	11
21780	25505	14
21780	25799	19
21780	26330	23
21780	26465	126
21780	26485	2493
21780	26961	76
21780	26974	4
21780	27162	18
21780	27319	48
21780	27887	40
21780	28137	27
21780	28668	6
21780	29121	35
21780	29520	152
21780	29621	16
21780	29647	13
21780	29704	43
21780	29835	23
21780	29961	54
21780	30042	34
21780	30204	36
21780	30477	37
21780	30712	119
21780	31086	72
21780	31114	31
21780	31279	13
21780	31302	28
21780	31388	106
21780	31439	53
21780	31584	49
21780	31714	265
21780	31955	33
21780	32012	278
21780	32502	37
21780	32511	7
21780	32522	54
21780	32579	14
21780	32688	70
21780	33156	54
21780	33181	20
21780	33200	62
21780	33223	31
21780	33248	48
21780	33261	25
21780	33271	36
21780	33278	62
21780	33288	13
21780	33310	57
21780	33340	106
21780	33357	87
21780	33385	102
21780	33419	22
21780	33622	33
21780	34077	28
21780	34090	45
21780	34118	56
21780	34135	49
21780	34141	17
21780	34159	24
21780	34166	74
21780	34175	44
21780	34186	27
21780	34208	42
21780	34247	32
21780	34270	84
21780	34296	39
21780	34322	33
21780	34372	31
21780	34543	6
21780	34647	111
21780	34894	36
21780	34898	170
21780	34992	37
21780	34998	105
21780	35067	299
21780	35291	32
21780	35434	456
21780	35713	153
21780	36126	61
21780	36558	26
21780	36565	902
21780	36698	82
21780	36948	925
21780	37103	22
21780	37626	13
21780	38329	442
21780	38431	4
21780	38446	8
21780	38724	81
21780	38795	8
21780	38890	40
21780	39051	6
21780	39451	19
21780	40704	342
21780	40722	27
21780	40754	9
21780	40976	125
21780	42236	71
21780	42528	16
21780	43056	330
21780	43194	837
21780	43763	11
21780	43939	71
21780	44138	167
21780	44143	93
21780	44479	21
21780	44571	36
21780	44598	264
21780	44895	53
21780	44945	80
21780	45039	127
21780	45201	250
21780	45625	23
21780	45766	26
21780	46138	22
21780	46606	68
21780	46608	175
21780	47077	44
21780	47249	40
21780	47310	16
21780	48276	81
21780	48605	10
21780	49095	37
21780	49810	88
21780	49871	7
21780	49979	48
21780	50157	16
21780	50163	108
21780	50245	26
21780	50644	41
21780	51999	302
21780	52125	38
21780	52182	483
21780	52196	51
21780	52294	64
21780	52414	102
21780	52616	49
21780	53674	3
21780	53696	13
21780	53953	34
21780	54239	59
21780	54248	294
21780	54368	33
21780	54857	100
21780	54884	45
21780	55157	76
21780	55288	140
21780	55378	90
21780	55415	80
21780	55470	195
21780	55693	70
21780	55762	38
21780	56088	36
21780	56117	191
21780	56223	25
21780	56304	22
21780	56540	64
21780	56554	684
21780	56583	14
21780	56936	65
21780	56954	13
21780	57001	20
21780	57208	48
21780	57325	85
21780	57374	76
21780	57382	50
21780	57587	12
21780	57593	29
21780	57631	27
21780	57645	75
21780	57742	4
21780	57822	207
21780	57825	33
21780	57832	37
21780	57878	12
21780	57957	34
21780	58401	72
21780	58477	87
21780	59087	420
21780	59418	55
21780	59667	47
21780	59727	61
21780	60025	43
21780	60096	28
21780	60326	334
21780	60894	213
21780	60976	230
21780	61013	11
21780	61242	77
21780	61279	37
21780	61585	13
21780	61697	47
21780	62162	33
21780	62521	35
21780	62563	74
21780	62582	62
21780	62596	27
21780	62605	21
21780	62619	46
21780	62650	277
21780	62696	98
21780	62762	63
21780	62791	15
21780	62799	65
21780	62828	100
21780	62860	120
21780	62898	70
21780	63525	76
21780	63932	54
21780	63933	42
21780	64231	16
21780	64294	9
21780	64532	10
21780	64552	97
21780	64569	29
21780	64610	38
21780	64675	33
21780	64726	20
21780	64744	26
21780	64805	11
21780	65135	14
21780	65150	9
21780	65157	53
21780	65180	22
21780	65190	29
21780	65399	60
21780	65477	82
21780	65505	64
21780	65524	35
21780	65568	54
21780	65588	30
21780	65594	62
21780	65605	24
21780	65623	31
21780	65679	51
21780	65730	25
21780	65757	45
21780	66003	118
21780	66040	12
21780	66237	57
21780	66266	94
21780	66351	73
21780	66433	24
21780	66472	17
21780	66504	35
21780	66804	109
21780	67058	16
21780	67129	15
21780	67147	18
21780	67165	111
21780	67189	56
21780	67209	18
21780	67215	36
21780	67249	13
21780	67260	32
21780	67268	16
21780	67277	22
21780	67285	32
21780	67308	89
21780	67336	129
21780	67371	29
21780	67422	22
21780	67474	18
21780	67482	25
21780	67494	16
21780	67653	19
21780	67670	24
21780	67733	11
21780	67768	18
21780	67977	12
21780	67980	45
21780	68095	10
21885	22237	4
21885	22388	1
21885	22407	8
21885	22558	3
21885	22711	2
21885	22825	1
21885	22886	1
21885	22908	5
21885	23699	33
21885	23744	27
21885	24199	5
21885	24592	2
21885	24703	6
21885	24735	6
21885	24752	5
21885	24777	1
21885	25153	6
21885	25163	4
21885	25505	3
21885	25799	8
21885	26330	8
21885	26465	7
21885	26485	101
21885	26961	6
21885	27162	1
21885	27319	8
21885	28137	1
21885	28668	5
21885	29520	3
21885	29704	10
21885	29835	8
21885	30042	5
21885	30204	1
21885	30712	9
21885	31086	3
21885	31114	3
21885	31279	10
21885	31439	1
21885	31584	1
21885	32012	14
21885	32511	1
21885	32522	1
21885	32579	2
21885	33156	4
21885	33200	4
21885	33223	2
21885	33248	1
21885	33261	2
21885	33271	3
21885	33278	13
21885	33288	4
21885	33310	3
21885	33340	3
21885	33357	7
21885	33385	13
21885	33419	1
21885	33622	2
21885	34077	3
21885	34090	3
21885	34118	1
21885	34135	1
21885	34141	2
21885	34159	3
21885	34166	1
21885	34175	8
21885	34186	3
21885	34208	3
21885	34247	3
21885	34270	11
21885	34296	3
21885	34322	2
21885	34372	2
21885	34543	2
21885	34647	2
21885	34894	8
21885	34898	30
21885	34992	3
21885	34998	3
21885	35067	11
21885	35291	7
21885	35434	25
21885	35713	10
21885	36126	1
21885	36558	2
21885	36565	55
21885	36698	13
21885	36948	37
21885	37103	4
21885	37626	1
21885	38329	14
21885	38724	4
21885	38795	1
21885	38890	2
21885	39051	8
21885	39451	2
21885	40704	12
21885	40722	2
21885	40754	6
21885	40976	2
21885	42236	1
21885	42528	1
21885	43056	9
21885	43194	15
21885	43763	2
21885	43939	3
21885	44138	1
21885	44143	6
21885	44479	4
21885	44598	8
21885	44895	3
21885	45039	3
21885	45201	6
21885	45766	3
21885	46606	2
21885	47077	5
21885	47249	1
21885	47310	4
21885	48605	1
21885	49095	7
21885	49810	15
21885	49871	1
21885	49979	9
21885	50157	18
21885	50163	3
21885	50644	3
21885	51999	37
21885	52125	1
21885	52182	10
21885	52196	2
21885	52414	4
21885	52616	2
21885	53674	4
21885	53696	3
21885	53953	1
21885	54239	10
21885	54248	4
21885	54368	1
21885	54857	1
21885	55157	4
21885	55288	3
21885	55378	5
21885	55415	3
21885	55470	10
21885	55762	1
21885	56088	4
21885	56117	2
21885	56223	1
21885	56304	1
21885	56540	1
21885	56554	25
21885	56583	6
21885	56936	10
21885	57001	5
21885	57325	3
21885	57374	2
21885	57382	15
21885	57587	5
21885	57631	1
21885	57645	1
21885	57742	12
21885	57822	9
21885	57825	2
21885	57832	2
21885	57878	1
21885	57957	1
21885	58401	18
21885	58477	7
21885	59087	14
21885	59418	2
21885	59667	5
21885	59727	5
21885	60025	1
21885	60326	18
21885	60894	10
21885	60976	4
21885	61242	4
21885	61279	9
21885	61585	9
21885	61697	3
21885	62521	13
21885	62582	2
21885	62596	1
21885	62619	4
21885	62650	7
21885	62696	7
21885	62762	1
21885	62791	1
21885	62799	5
21885	62828	5
21885	62860	6
21885	62898	4
21885	63525	8
21885	63932	14
21885	63933	5
21885	64231	5
21885	64294	2
21885	64532	2
21885	64552	25
21885	64569	2
21885	64675	1
21885	64726	1
21885	64744	5
21885	64805	2
21885	65150	2
21885	65180	6
21885	65190	3
21885	65477	2
21885	65505	1
21885	65568	5
21885	65588	1
21885	65594	17
21885	65605	5
21885	65623	1
21885	65679	6
21885	65730	2
21885	66003	11
21885	66040	5
21885	66237	1
21885	66266	3
21885	66433	1
21885	66472	1
21885	67147	2
21885	67165	2
21885	67189	2
21885	67215	4
21885	67249	4
21885	67285	2
21885	67308	5
21885	67336	6
21885	67371	3
21885	67422	3
21885	67474	2
21885	67494	2
21885	67670	2
21885	67768	3
21885	67980	4
21885	68095	1
22237	22388	13
22237	22558	93
22237	22825	36
22237	22886	15
22237	22908	60
22237	23675	2
22237	23699	15
22237	23744	15
22237	23774	3
22237	24199	8
22237	24451	2
22237	24592	1
22237	24703	3
22237	24752	3
22237	24777	3
22237	26330	1
22237	26465	5
22237	26485	593
22237	26961	32
22237	27162	3
22237	27319	12
22237	27887	7
22237	28668	1
22237	29121	3
22237	29520	38
22237	29621	2
22237	29647	1
22237	29704	7
22237	30042	1
22237	30204	2
22237	30477	1
22237	30712	14
22237	31086	1
22237	31114	4
22237	31388	9
22237	31439	4
22237	31584	10
22237	31714	4
22237	31955	1
22237	32012	10
22237	32502	4
22237	32522	45
22237	32688	10
22237	33156	36
22237	33181	14
22237	33200	22
22237	33223	13
22237	33248	19
22237	33261	8
22237	33271	3
22237	33278	2
22237	33288	7
22237	33310	37
22237	33340	57
22237	33357	19
22237	33385	43
22237	33419	9
22237	33622	1
22237	34077	5
22237	34090	16
22237	34118	20
22237	34135	24
22237	34159	7
22237	34166	18
22237	34175	18
22237	34186	9
22237	34208	16
22237	34247	14
22237	34270	24
22237	34296	10
22237	34322	10
22237	34543	1
22237	34647	25
22237	34894	2
22237	34898	8
22237	34992	8
22237	34998	14
22237	35067	73
22237	35291	1
22237	35434	27
22237	35713	26
22237	36126	20
22237	36565	62
22237	36698	7
22237	36948	37
22237	37103	2
22237	37626	1
22237	38329	51
22237	38724	2
22237	40704	2
22237	40722	5
22237	40976	11
22237	42236	49
22237	43056	17
22237	43194	49
22237	43939	4
22237	44138	17
22237	44143	15
22237	44571	2
22237	44598	64
22237	44945	2
22237	45039	3
22237	46138	5
22237	46606	10
22237	46608	88
22237	47249	2
22237	48276	10
22237	48605	3
22237	49095	4
22237	49810	3
22237	49871	1
22237	49979	1
22237	50157	1
22237	50163	4
22237	50245	2
22237	50644	19
22237	51999	40
22237	52182	86
22237	52196	4
22237	52414	1
22237	52616	8
22237	53696	12
22237	53953	1
22237	54239	9
22237	54248	84
22237	54368	3
22237	54857	8
22237	54884	1
22237	55157	3
22237	55288	16
22237	55378	42
22237	55415	13
22237	55470	11
22237	55693	2
22237	56088	7
22237	56117	57
22237	56540	4
22237	56554	78
22237	56936	12
22237	56954	8
22237	57001	8
22237	57208	1
22237	57593	1
22237	57631	3
22237	57645	29
22237	57822	20
22237	57825	1
22237	57832	5
22237	57878	5
22237	58477	3
22237	59087	98
22237	59418	1
22237	59667	1
22237	59727	12
22237	60326	6
22237	60894	28
22237	60976	9
22237	61242	1
22237	61279	8
22237	61585	1
22237	61697	8
22237	62162	13
22237	62521	18
22237	62563	11
22237	62582	45
22237	62596	15
22237	62605	6
22237	62619	14
22237	62650	120
22237	62696	73
22237	62762	22
22237	62791	6
22237	62799	50
22237	62828	40
22237	62860	49
22237	62898	29
22237	63525	9
22237	63932	14
22237	63933	1
22237	64231	3
22237	64532	2
22237	64552	10
22237	64569	6
22237	64610	27
22237	64675	16
22237	64744	1
22237	64805	3
22237	65135	4
22237	65150	2
22237	65157	47
22237	65180	3
22237	65190	12
22237	65477	48
22237	65505	3
22237	65524	24
22237	65568	7
22237	65588	5
22237	65594	1
22237	65605	7
22237	65623	2
22237	65679	6
22237	65757	22
22237	66003	12
22237	66040	1
22237	66237	1
22237	66266	10
22237	66351	27
22237	66433	7
22237	66472	4
22237	66504	12
22237	66804	1
22237	67058	8
22237	67129	2
22237	67147	2
22237	67165	48
22237	67189	14
22237	67209	6
22237	67215	15
22237	67249	3
22237	67260	4
22237	67268	2
22237	67277	2
22237	67285	24
22237	67308	38
22237	67336	73
22237	67371	8
22237	67422	5
22237	67474	6
22237	67482	7
22237	67494	2
22237	67653	2
22237	67670	6
22237	67768	6
22237	67977	15
22237	67980	9
22252	22407	50
22252	22711	6
22252	22825	1
22252	22886	1
22252	23437	100
22252	23699	30
22252	23744	83
22252	24199	1
22252	24592	34
22252	24703	48
22252	24735	46
22252	24752	125
22252	24777	1
22252	25040	1
22252	25153	122
22252	25163	249
22252	25505	86
22252	25799	4
22252	26330	1
22252	26465	1
22252	26485	87
22252	26961	2
22252	26974	6
22252	27162	12
22252	28137	2
22252	28668	1
22252	29520	1
22252	29621	1
22252	29647	40
22252	29704	129
22252	29835	12
22252	29961	2
22252	30042	27
22252	30477	42
22252	30712	2
22252	31086	5
22252	31114	46
22252	31279	36
22252	31302	1
22252	31955	2
22252	32012	22
22252	32502	2
22252	32511	99
22252	32579	6
22252	33156	5
22252	33181	9
22252	33200	70
22252	33223	26
22252	33248	4
22252	33261	2
22252	33278	2
22252	33288	44
22252	33310	5
22252	33340	51
22252	33357	19
22252	33385	20
22252	33419	9
22252	33622	2
22252	34077	1
22252	34090	1
22252	34118	3
22252	34135	28
22252	34141	44
22252	34159	4
22252	34166	25
22252	34175	163
22252	34186	48
22252	34208	6
22252	34247	10
22252	34270	88
22252	34296	17
22252	34543	48
22252	34894	80
22252	34898	307
22252	34998	4
22252	35067	2
22252	35434	6
22252	35713	1
22252	36558	1
22252	36565	43
22252	36698	2
22252	36948	38
22252	37103	29
22252	37626	3
22252	38329	25
22252	38431	65
22252	38795	3
22252	38890	2
22252	39051	5
22252	39451	1
22252	40704	16
22252	40754	67
22252	40976	3
22252	43056	1
22252	43194	30
22252	43763	7
22252	44143	1
22252	44479	2
22252	44598	23
22252	45039	22
22252	45201	30
22252	46138	2
22252	46606	1
22252	46608	3
22252	47077	22
22252	47310	22
22252	48605	28
22252	49095	47
22252	49871	44
22252	49979	1
22252	50157	3
22252	50163	3
22252	51999	28
22252	52182	48
22252	52414	1
22252	52616	3
22252	53674	48
22252	53696	23
22252	54884	2
22252	55157	24
22252	55288	1
22252	55378	1
22252	55415	3
22252	55470	7
22252	56088	1
22252	56117	21
22252	56223	28
22252	56304	21
22252	56554	34
22252	56583	11
22252	56936	32
22252	56954	1
22252	57001	4
22252	57208	1
22252	57325	6
22252	57374	1
22252	57382	69
22252	57587	3
22252	57593	2
22252	57742	1
22252	57822	5
22252	57825	55
22252	57878	2
22252	57957	1
22252	58401	31
22252	58477	52
22252	59087	23
22252	59667	7
22252	60025	3
22252	60096	1
22252	60326	3
22252	60894	1
22252	60976	4
22252	61013	34
22252	61585	1
22252	62521	58
22252	62563	26
22252	62582	2
22252	62596	5
22252	62605	16
22252	62619	22
22252	62650	11
22252	62696	48
22252	62762	7
22252	62791	24
22252	62799	39
22252	62828	28
22252	62860	29
22252	62898	55
22252	63932	2
22252	63933	93
22252	64294	39
22252	64532	23
22252	64552	202
22252	64569	1
22252	64726	1
22252	64744	28
22252	64805	36
22252	65135	23
22252	65150	1
22252	65157	2
22252	65180	48
22252	65190	6
22252	65399	2
22252	65477	85
22252	65505	1
22252	65568	74
22252	65588	13
22252	65594	230
22252	65679	128
22252	65730	26
22252	66003	25
22252	66040	2
22252	66266	23
22252	66433	3
22252	66472	19
22252	66504	2
22252	66804	5
22252	67129	6
22252	67147	10
22252	67165	53
22252	67189	8
22252	67209	25
22252	67249	74
22252	67260	1
22252	67268	6
22252	67277	5
22252	67285	28
22252	67308	43
22252	67336	39
22252	67371	9
22252	67422	5
22252	67474	3
22252	67494	23
22252	67653	1
22252	67670	2
22252	67733	89
22252	67768	136
22252	68095	6
22388	22558	3
22388	22711	1
22388	22825	1
22388	22886	3
22388	22908	4
22388	23675	5
22388	23699	8
22388	23744	8
22388	23774	1
22388	24199	2
22388	24703	2
22388	24777	1
22388	26330	1
22388	26465	2
22388	26485	92
22388	26961	6
22388	27162	1
22388	27319	62
22388	27887	3
22388	29121	2
22388	29520	9
22388	29621	1
22388	29961	1
22388	30477	1
22388	30712	7
22388	31114	8
22388	31302	3
22388	31439	2
22388	31584	2
22388	31714	5
22388	32012	2
22388	32502	1
22388	32522	4
22388	32579	1
22388	32688	1
22388	33156	31
22388	33181	8
22388	33200	10
22388	33223	3
22388	33248	4
22388	33271	1
22388	33278	6
22388	33310	4
22388	33340	21
22388	33357	4
22388	33385	9
22388	33622	2
22388	34077	1
22388	34090	7
22388	34118	5
22388	34159	1
22388	34166	6
22388	34186	2
22388	34247	2
22388	34270	9
22388	34322	3
22388	34647	1
22388	34898	5
22388	34992	1
22388	34998	5
22388	35067	14
22388	35434	17
22388	35713	5
22388	36126	3
22388	36565	15
22388	36698	2
22388	36948	9
22388	38329	34
22388	38795	1
22388	38890	1
22388	39451	1
22388	40704	8
22388	40722	3
22388	40976	1
22388	43056	5
22388	43194	13
22388	43763	2
22388	44138	8
22388	44143	4
22388	44571	1
22388	44598	32
22388	44945	6
22388	45039	3
22388	45201	6
22388	45625	1
22388	46138	15
22388	46606	2
22388	48276	2
22388	49979	6
22388	50157	2
22388	50245	3
22388	51999	13
22388	52182	9
22388	52616	2
22388	53696	3
22388	54239	2
22388	54248	21
22388	54857	3
22388	55288	1
22388	55378	7
22388	55470	8
22388	55693	1
22388	56088	1
22388	56117	7
22388	56304	1
22388	56540	3
22388	56554	31
22388	56936	3
22388	56954	2
22388	57001	1
22388	57208	1
22388	57325	2
22388	57374	1
22388	57593	2
22388	57631	1
22388	57645	1
22388	57742	2
22388	57822	24
22388	57878	2
22388	58477	9
22388	59087	25
22388	59667	3
22388	59727	13
22388	60025	1
22388	60096	1
22388	60894	6
22388	61585	1
22388	61697	3
22388	62563	8
22388	62582	5
22388	62596	3
22388	62619	7
22388	62650	17
22388	62696	17
22388	62762	1
22388	62799	12
22388	62828	16
22388	62860	7
22388	62898	18
22388	63525	2
22388	63932	2
22388	64231	1
22388	64532	2
22388	64552	1
22388	64610	12
22388	64675	3
22388	64744	7
22388	65135	3
22388	65157	6
22388	65180	3
22388	65190	3
22388	65477	9
22388	65524	9
22388	65568	4
22388	65588	3
22388	65623	3
22388	65679	2
22388	65757	14
22388	66003	16
22388	66040	2
22388	66266	6
22388	66351	5
22388	66433	2
22388	66504	5
22388	66804	2
22388	67058	1
22388	67129	2
22388	67165	16
22388	67189	8
22388	67209	2
22388	67249	2
22388	67277	1
22388	67285	7
22388	67308	15
22388	67336	12
22388	67422	3
22388	67670	1
22388	67977	1
22388	67980	1
22388	68095	2
22407	22711	11
22407	22825	1
22407	22886	1
22407	23437	8
22407	23699	33
22407	23744	52
22407	24199	1
22407	24592	34
22407	24703	6
22407	24735	14
22407	24752	19
22407	24777	8
22407	25040	52
22407	25153	25
22407	25163	44
22407	25505	14
22407	26330	1
22407	26465	42
22407	26485	104
22407	26974	1
22407	27162	4
22407	27319	1
22407	27887	5
22407	28137	2
22407	28668	1
22407	29121	5
22407	29647	10
22407	29704	57
22407	29835	10
22407	30042	12
22407	30204	38
22407	30477	3
22407	30712	1
22407	31114	4
22407	31279	4
22407	31388	1
22407	31955	1
22407	32012	103
22407	32502	2
22407	32511	9
22407	32579	5
22407	33200	13
22407	33223	3
22407	33248	3
22407	33261	2
22407	33271	92
22407	33278	42
22407	33288	7
22407	33310	8
22407	33340	7
22407	33357	17
22407	33385	6
22407	33419	1
22407	33622	2
22407	34077	11
22407	34090	3
22407	34118	2
22407	34135	3
22407	34141	18
22407	34159	2
22407	34166	9
22407	34175	27
22407	34186	11
22407	34208	5
22407	34247	8
22407	34270	27
22407	34296	7
22407	34543	9
22407	34647	5
22407	34894	13
22407	34898	59
22407	34998	88
22407	35067	5
22407	35291	3
22407	35434	9
22407	35713	1
22407	36558	6
22407	36565	100
22407	36698	8
22407	36948	296
22407	37103	4
22407	38329	5
22407	38431	9
22407	38724	35
22407	38890	1
22407	39451	2
22407	40704	12
22407	40722	1
22407	40754	7
22407	40976	4
22407	43056	8
22407	43194	37
22407	43763	1
22407	43939	15
22407	44138	5
22407	44143	4
22407	44479	52
22407	44571	4
22407	44598	18
22407	44945	1
22407	45039	69
22407	45201	6
22407	45625	2
22407	45766	1
22407	46138	1
22407	46606	2
22407	47077	21
22407	47249	2
22407	47310	7
22407	48276	2
22407	48605	5
22407	49095	12
22407	49810	62
22407	49871	4
22407	49979	1
22407	50157	5
22407	50163	30
22407	51999	4
22407	52125	14
22407	52182	32
22407	52196	2
22407	52294	1
22407	52414	148
22407	52616	1
22407	53674	6
22407	53696	3
22407	53953	69
22407	54248	1
22407	54857	4
22407	54884	7
22407	55157	10
22407	55288	1
22407	55378	1
22407	55415	3
22407	55470	92
22407	56088	2
22407	56117	6
22407	56223	2
22407	56304	4
22407	56540	2
22407	56554	80
22407	56583	4
22407	56936	20
22407	57001	2
22407	57325	9
22407	57374	20
22407	57382	5
22407	57587	9
22407	57593	1
22407	57631	9
22407	57822	12
22407	57825	6
22407	57957	1
22407	58401	10
22407	58477	8
22407	59087	10
22407	59418	6
22407	59667	2
22407	60096	1
22407	60326	319
22407	60894	13
22407	60976	218
22407	61013	7
22407	61242	17
22407	61697	7
22407	62521	17
22407	62563	58
22407	62582	6
22407	62596	4
22407	62605	7
22407	62619	9
22407	62650	11
22407	62696	16
22407	62762	9
22407	62791	4
22407	62799	12
22407	62828	10
22407	62860	50
22407	62898	9
22407	63932	2
22407	63933	16
22407	64294	4
22407	64532	2
22407	64552	72
22407	64569	3
22407	64675	33
22407	64744	3
22407	64805	9
22407	65135	7
22407	65180	4
22407	65190	4
22407	65399	1
22407	65477	16
22407	65505	34
22407	65524	1
22407	65568	21
22407	65588	9
22407	65594	43
22407	65605	9
22407	65623	6
22407	65679	27
22407	65730	12
22407	66003	14
22407	66237	1
22407	66266	6
22407	66472	5
22407	66504	5
22407	67129	5
22407	67147	4
22407	67165	12
22407	67189	25
22407	67209	3
22407	67215	9
22407	67249	19
22407	67260	6
22407	67268	1
22407	67277	5
22407	67285	5
22407	67308	28
22407	67336	17
22407	67371	5
22407	67422	4
22407	67474	1
22407	67482	1
22407	67494	2
22407	67733	9
22407	67768	21
22407	68095	7
22558	22711	1
22558	22825	31
22558	22886	5
22558	22908	73
22558	23675	2
22558	23699	14
22558	23744	16
22558	23774	2
22558	24199	9
22558	24451	2
22558	24703	1
22558	25799	6
22558	26330	1
22558	26465	1
22558	26485	526
22558	26961	21
22558	26974	3
22558	27162	2
22558	27319	20
22558	27887	1
22558	28668	3
22558	29121	3
22558	29520	27
22558	29647	1
22558	29704	7
22558	29961	1
22558	30477	4
22558	30712	3
22558	31086	4
22558	31114	4
22558	31302	1
22558	31388	15
22558	31439	3
22558	31584	16
22558	31714	4
22558	31955	2
22558	32012	5
22558	32502	3
22558	32522	40
22558	32579	2
22558	32688	14
22558	33156	7
22558	33181	3
22558	33200	8
22558	33223	4
22558	33248	12
22558	33261	3
22558	33278	14
22558	33310	2
22558	33340	22
22558	33357	10
22558	33385	10
22558	33419	5
22558	34077	3
22558	34090	18
22558	34118	5
22558	34135	5
22558	34159	1
22558	34166	10
22558	34175	3
22558	34186	1
22558	34208	25
22558	34247	2
22558	34270	14
22558	34296	1
22558	34322	2
22558	34543	2
22558	34647	8
22558	34894	5
22558	34898	6
22558	34992	3
22558	35067	57
22558	35291	4
22558	35434	67
22558	35713	3
22558	36126	25
22558	36558	1
22558	36565	87
22558	36698	16
22558	36948	17
22558	37626	2
22558	38329	37
22558	38795	6
22558	38890	1
22558	39051	2
22558	39451	1
22558	40704	7
22558	40722	4
22558	40976	11
22558	42236	22
22558	43056	12
22558	43194	40
22558	43939	1
22558	44138	8
22558	44143	22
22558	44598	21
22558	44945	2
22558	45039	4
22558	45201	10
22558	45625	2
22558	45766	5
22558	46138	11
22558	46606	13
22558	46608	56
22558	48276	2
22558	49095	2
22558	49871	6
22558	49979	5
22558	50157	4
22558	50163	1
22558	50245	3
22558	50644	21
22558	51999	48
22558	52125	2
22558	52182	57
22558	52196	1
22558	52294	1
22558	52616	7
22558	53696	5
22558	54239	11
22558	54248	68
22558	54368	2
22558	54857	5
22558	54884	1
22558	55157	7
22558	55288	12
22558	55378	47
22558	55415	9
22558	55470	6
22558	55693	3
22558	55762	13
22558	56088	9
22558	56117	64
22558	56223	2
22558	56540	8
22558	56554	93
22558	56936	5
22558	57001	4
22558	57208	2
22558	57325	1
22558	57374	2
22558	57382	6
22558	57593	1
22558	57631	2
22558	57645	3
22558	57822	15
22558	57832	5
22558	57878	1
22558	57957	1
22558	58477	5
22558	59087	69
22558	59418	2
22558	59667	2
22558	59727	13
22558	60326	4
22558	60894	38
22558	60976	2
22558	61242	3
22558	61279	6
22558	61585	1
22558	61697	6
22558	62162	10
22558	62521	18
22558	62563	3
22558	62582	12
22558	62596	5
22558	62619	4
22558	62650	76
22558	62696	32
22558	62762	4
22558	62791	1
22558	62799	20
22558	62828	15
22558	62860	23
22558	62898	11
22558	63525	19
22558	63932	7
22558	63933	8
22558	64532	3
22558	64552	6
22558	64569	4
22558	64610	10
22558	64726	2
22558	64805	2
22558	65135	2
22558	65150	2
22558	65157	19
22558	65190	6
22558	65399	1
22558	65477	37
22558	65524	4
22558	65568	10
22558	65588	1
22558	65594	2
22558	65605	2
22558	65623	1
22558	65679	1
22558	65757	25
22558	66003	18
22558	66266	6
22558	66351	18
22558	66433	6
22558	66504	18
22558	67058	2
22558	67129	2
22558	67147	1
22558	67165	13
22558	67189	5
22558	67215	6
22558	67249	4
22558	67268	2
22558	67277	2
22558	67285	1
22558	67308	4
22558	67336	48
22558	67371	3
22558	67422	3
22558	67482	2
22558	67653	1
22558	67670	1
22558	67768	1
22558	67980	12
22711	22825	2
22711	22886	1
22711	22908	1
22711	23437	2
22711	23675	3
22711	23699	29
22711	23744	50
22711	23774	1
22711	24199	1
22711	24592	4
22711	24703	3
22711	24735	3
22711	24752	6
22711	24777	1
22711	25040	6
22711	25153	1
22711	25163	1
22711	25799	3
22711	26330	1
22711	26465	19
22711	26485	90
22711	26961	3
22711	27162	1
22711	27887	1
22711	28137	7
22711	29121	2
22711	29520	3
22711	29621	1
22711	29647	2
22711	29704	9
22711	29835	4
22711	29961	5
22711	30042	7
22711	30204	5
22711	30477	14
22711	30712	2
22711	31086	11
22711	31114	1
22711	31279	6
22711	31302	5
22711	31439	2
22711	31714	8
22711	31955	2
22711	32012	40
22711	32502	3
22711	32688	1
22711	33156	5
22711	33181	3
22711	33200	5
22711	33223	1
22711	33248	1
22711	33261	2
22711	33271	9
22711	33278	9
22711	33310	5
22711	33340	3
22711	33357	11
22711	33385	4
22711	33419	1
22711	33622	9
22711	34077	3
22711	34118	1
22711	34135	1
22711	34159	3
22711	34166	4
22711	34175	3
22711	34186	3
22711	34208	2
22711	34247	4
22711	34270	4
22711	34296	1
22711	34372	3
22711	34543	4
22711	34647	3
22711	34898	30
22711	34992	2
22711	34998	44
22711	35067	8
22711	35291	1
22711	35434	24
22711	35713	2
22711	36558	5
22711	36565	60
22711	36698	7
22711	36948	128
22711	37103	2
22711	37626	1
22711	38329	7
22711	38446	4
22711	38724	2
22711	38795	1
22711	38890	2
22711	39451	4
22711	40704	70
22711	40976	9
22711	42528	2
22711	43056	18
22711	43194	31
22711	43939	12
22711	44138	3
22711	44143	7
22711	44479	24
22711	44571	2
22711	44598	16
22711	44895	1
22711	45039	19
22711	45201	22
22711	45625	3
22711	46138	1
22711	46606	2
22711	46608	1
22711	47077	21
22711	47249	2
22711	47310	4
22711	48276	6
22711	48605	2
22711	49095	9
22711	49810	20
22711	49979	6
22711	50157	1
22711	50163	11
22711	51999	8
22711	52125	1
22711	52182	17
22711	52196	2
22711	52414	20
22711	52616	1
22711	53696	3
22711	54239	5
22711	54857	2
22711	54884	12
22711	55157	8
22711	55288	2
22711	55378	3
22711	55470	36
22711	55693	2
22711	55762	1
22711	56088	4
22711	56117	2
22711	56223	5
22711	56304	3
22711	56540	2
22711	56554	24
22711	56583	1
22711	56936	9
22711	56954	2
22711	57001	2
22711	57208	3
22711	57325	11
22711	57374	15
22711	57382	36
22711	57587	2
22711	57593	11
22711	57631	3
22711	57742	3
22711	57822	49
22711	57825	4
22711	57832	1
22711	57878	2
22711	57957	3
22711	58401	21
22711	58477	15
22711	59087	19
22711	59418	10
22711	59667	8
22711	59727	1
22711	60025	10
22711	60096	5
22711	60326	90
22711	60894	10
22711	60976	47
22711	61013	3
22711	61242	20
22711	61279	1
22711	61585	1
22711	61697	3
22711	62162	1
22711	62521	3
22711	62563	18
22711	62582	1
22711	62596	2
22711	62650	4
22711	62696	3
22711	62762	6
22711	62791	6
22711	62799	5
22711	62828	5
22711	62860	3
22711	62898	8
22711	63525	2
22711	63932	5
22711	63933	5
22711	64231	1
22711	64294	2
22711	64552	18
22711	64569	4
22711	64675	1
22711	64726	1
22711	64744	2
22711	65135	3
22711	65150	1
22711	65180	2
22711	65190	12
22711	65399	10
22711	65477	2
22711	65505	15
22711	65568	8
22711	65588	3
22711	65594	6
22711	65605	1
22711	65679	11
22711	65730	5
22711	66003	19
22711	66040	2
22711	66237	1
22711	66266	17
22711	66351	1
22711	66433	4
22711	66504	1
22711	66804	21
22711	67058	1
22711	67129	1
22711	67147	2
22711	67165	5
22711	67189	7
22711	67209	3
22711	67215	5
22711	67249	2
22711	67260	1
22711	67268	3
22711	67277	1
22711	67285	3
22711	67308	13
22711	67336	5
22711	67371	2
22711	67494	2
22711	67653	7
22711	67733	2
22711	67768	5
22711	67980	1
22711	68095	3
22825	22886	2
22825	22908	33
22825	23437	1
22825	23675	2
22825	23699	13
22825	23744	20
22825	23774	4
22825	24199	3
22825	24703	4
22825	24735	1
22825	25153	1
22825	25505	1
22825	25799	2
22825	26465	2
22825	26485	243
22825	26961	1
22825	27319	8
22825	27887	1
22825	28137	1
22825	28668	1
22825	29121	4
22825	29520	16
22825	29647	1
22825	29704	2
22825	29835	2
22825	29961	6
22825	30042	4
22825	30477	1
22825	30712	1
22825	31086	3
22825	31114	6
22825	31302	16
22825	31388	2
22825	31439	1
22825	31584	1
22825	31714	4
22825	31955	1
22825	32012	8
22825	32502	1
22825	32522	12
22825	32688	8
22825	33156	6
22825	33200	4
22825	33223	2
22825	33248	6
22825	33271	1
22825	33278	10
22825	33310	23
22825	33340	10
22825	33357	6
22825	33385	3
22825	33419	4
22825	33622	4
22825	34077	2
22825	34090	5
22825	34118	2
22825	34141	1
22825	34159	2
22825	34166	7
22825	34175	2
22825	34186	3
22825	34208	3
22825	34247	1
22825	34270	7
22825	34296	1
22825	34322	1
22825	34372	1
22825	34543	2
22825	34647	3
22825	34898	11
22825	34992	2
22825	34998	3
22825	35067	30
22825	35291	3
22825	35434	81
22825	35713	4
22825	36126	7
22825	36558	3
22825	36565	47
22825	36698	13
22825	36948	41
22825	37103	2
22825	38329	26
22825	38431	1
22825	38446	1
22825	38724	4
22825	38795	5
22825	38890	3
22825	39451	2
22825	40704	88
22825	40722	3
22825	40754	1
22825	40976	14
22825	42236	8
22825	43056	9
22825	43194	12
22825	43939	2
22825	44138	3
22825	44143	18
22825	44571	1
22825	44598	29
22825	44945	3
22825	45039	4
22825	45201	133
22825	45625	1
22825	46138	5
22825	46606	10
22825	46608	32
22825	47077	1
22825	48276	2
22825	49095	4
22825	49871	1
22825	49979	8
22825	50157	1
22825	50163	1
22825	50245	2
22825	50644	3
22825	51999	35
22825	52182	59
22825	52294	2
22825	52616	2
22825	54239	2
22825	54248	45
22825	54368	7
22825	54857	3
22825	54884	5
22825	55157	15
22825	55288	8
22825	55378	6
22825	55415	16
22825	55470	10
22825	55693	7
22825	55762	9
22825	56088	5
22825	56117	21
22825	56223	9
22825	56304	1
22825	56540	5
22825	56554	57
22825	56936	6
22825	56954	1
22825	57001	2
22825	57208	5
22825	57325	16
22825	57374	3
22825	57593	7
22825	57645	1
22825	57742	1
22825	57822	20
22825	57825	5
22825	57832	2
22825	57957	3
22825	58401	1
22825	58477	13
22825	59087	39
22825	59418	2
22825	59667	14
22825	59727	3
22825	60025	2
22825	60096	4
22825	60326	5
22825	60894	25
22825	60976	2
22825	61242	4
22825	61279	2
22825	61585	1
22825	61697	2
22825	62162	3
22825	62582	2
22825	62596	1
22825	62605	1
22825	62619	3
22825	62650	20
22825	62696	8
22825	62762	3
22825	62799	10
22825	62828	4
22825	62860	14
22825	62898	2
22825	63525	6
22825	63932	4
22825	63933	3
22825	64231	3
22825	64294	1
22825	64532	1
22825	64552	7
22825	64569	2
22825	64610	5
22825	64675	1
22825	64726	11
22825	64744	2
22825	64805	1
22825	65135	2
22825	65150	2
22825	65157	5
22825	65180	1
22825	65399	2
22825	65477	8
22825	65505	2
22825	65524	5
22825	65568	7
22825	65588	1
22825	65594	3
22825	65623	1
22825	65679	4
22825	65757	3
22825	66003	21
22825	66040	5
22825	66237	1
22825	66266	9
22825	66351	7
22825	66433	7
22825	66504	6
22825	66804	4
22825	67058	3
22825	67129	1
22825	67147	1
22825	67165	5
22825	67189	3
22825	67209	1
22825	67215	1
22825	67249	1
22825	67268	1
22825	67277	4
22825	67285	1
22825	67308	6
22825	67336	27
22825	67371	1
22825	67422	3
22825	67494	1
22825	67653	1
22825	67670	1
22825	67733	1
22825	67768	3
22825	67980	4
22886	22908	17
22886	23675	1
22886	23699	10
22886	23744	19
22886	24199	3
22886	24703	1
22886	24735	1
22886	24752	1
22886	24777	1
22886	25153	1
22886	25163	7
22886	25505	5
22886	26465	2
22886	26485	181
22886	26961	6
22886	27319	4
22886	28668	1
22886	29121	5
22886	29520	6
22886	29647	2
22886	29704	7
22886	29961	7
22886	30042	2
22886	30477	10
22886	30712	7
22886	31114	8
22886	31279	3
22886	31388	4
22886	31439	3
22886	31584	2
22886	31714	7
22886	31955	1
22886	32012	7
22886	32502	2
22886	32522	3
22886	32688	6
22886	33156	11
22886	33181	2
22886	33200	11
22886	33223	1
22886	33248	2
22886	33261	3
22886	33310	4
22886	33340	7
22886	33357	2
22886	33385	15
22886	33419	1
22886	33622	6
22886	34090	3
22886	34118	4
22886	34159	3
22886	34166	5
22886	34175	3
22886	34186	3
22886	34247	1
22886	34270	6
22886	34322	3
22886	34372	4
22886	34647	10
22886	34894	3
22886	34898	14
22886	34992	12
22886	34998	1
22886	35067	33
22886	35434	17
22886	35713	2
22886	36126	1
22886	36558	1
22886	36565	32
22886	36698	5
22886	36948	19
22886	37103	2
22886	38329	58
22886	38431	1
22886	38724	6
22886	38890	1
22886	39051	1
22886	40704	13
22886	40722	6
22886	40976	1
22886	42236	5
22886	43056	9
22886	43194	24
22886	43939	4
22886	44138	2
22886	44143	6
22886	44571	2
22886	44598	41
22886	45039	1
22886	45201	4
22886	45625	1
22886	46606	4
22886	46608	11
22886	47310	1
22886	48276	2
22886	48605	1
22886	49095	1
22886	49810	3
22886	49871	1
22886	49979	4
22886	50157	3
22886	50163	2
22886	50245	34
22886	50644	3
22886	51999	28
22886	52182	47
22886	52196	2
22886	52616	2
22886	53696	3
22886	54239	7
22886	54248	24
22886	54368	2
22886	54857	3
22886	54884	1
22886	55157	3
22886	55288	3
22886	55378	3
22886	55415	5
22886	55470	6
22886	55693	1
22886	56088	1
22886	56117	13
22886	56223	6
22886	56540	4
22886	56554	63
22886	56936	3
22886	57001	1
22886	57374	3
22886	57382	15
22886	57587	1
22886	57631	1
22886	57645	2
22886	57822	8
22886	57825	5
22886	57832	2
22886	58477	10
22886	59087	27
22886	59418	2
22886	59667	9
22886	59727	5
22886	60326	2
22886	60894	19
22886	60976	4
22886	61242	4
22886	61279	4
22886	61697	8
22886	62162	7
22886	62521	3
22886	62563	1
22886	62582	15
22886	62596	7
22886	62619	1
22886	62650	14
22886	62696	6
22886	62762	1
22886	62799	5
22886	62828	5
22886	62860	6
22886	62898	1
22886	63525	1
22886	63932	1
22886	63933	2
22886	64231	3
22886	64294	1
22886	64552	9
22886	64610	16
22886	64805	3
22886	65157	1
22886	65180	1
22886	65190	2
22886	65399	5
22886	65477	6
22886	65588	1
22886	65594	7
22886	65605	2
22886	65679	2
22886	65730	1
22886	65757	6
22886	66003	6
22886	66040	1
22886	66266	7
22886	66433	1
22886	66472	2
22886	66504	1
22886	66804	7
22886	67147	1
22886	67165	7
22886	67189	2
22886	67209	1
22886	67215	1
22886	67249	1
22886	67260	2
22886	67268	2
22886	67285	2
22886	67308	5
22886	67336	8
22886	67494	1
22886	67768	1
22908	23675	3
22908	23699	22
22908	23744	46
22908	23774	2
22908	24199	10
22908	24451	1
22908	24592	1
22908	24703	3
22908	24735	1
22908	24777	2
22908	25799	2
22908	26330	8
22908	26465	5
22908	26485	743
22908	26961	16
22908	27162	1
22908	27319	12
22908	27887	1
22908	28137	1
22908	28668	5
22908	29121	2
22908	29520	36
22908	29621	2
22908	29647	4
22908	29704	3
22908	29835	1
22908	29961	2
22908	30042	5
22908	30204	1
22908	30712	6
22908	31086	3
22908	31114	3
22908	31302	2
22908	31388	8
22908	31584	19
22908	31714	2
22908	31955	6
22908	32012	13
22908	32502	3
22908	32522	11
22908	32579	1
22908	32688	17
22908	33156	6
22908	33181	5
22908	33200	9
22908	33223	5
22908	33248	12
22908	33261	7
22908	33278	10
22908	33310	3
22908	33340	26
22908	33357	7
22908	33385	19
22908	33419	5
22908	33622	1
22908	34077	1
22908	34090	15
22908	34118	5
22908	34135	6
22908	34159	3
22908	34166	7
22908	34175	9
22908	34186	3
22908	34208	5
22908	34247	20
22908	34270	19
22908	34296	3
22908	34322	4
22908	34372	2
22908	34647	12
22908	34894	1
22908	34898	3
22908	34992	15
22908	34998	4
22908	35067	71
22908	35291	3
22908	35434	84
22908	35713	3
22908	36126	17
22908	36558	1
22908	36565	151
22908	36698	15
22908	36948	43
22908	37626	1
22908	38329	111
22908	38724	2
22908	38795	3
22908	38890	3
22908	39051	1
22908	40704	16
22908	40722	13
22908	40976	16
22908	42236	20
22908	42528	1
22908	43056	22
22908	43194	27
22908	43763	1
22908	43939	3
22908	44138	4
22908	44143	42
22908	44479	8
22908	44571	1
22908	44598	71
22908	44895	16
22908	44945	3
22908	45039	5
22908	45201	6
22908	45625	2
22908	45766	1
22908	46138	26
22908	46606	80
22908	46608	94
22908	47077	3
22908	48276	1
22908	49810	3
22908	49871	1
22908	49979	3
22908	50157	6
22908	50163	2
22908	50245	18
22908	50644	9
22908	51999	62
22908	52182	79
22908	52196	5
22908	52414	1
22908	52616	13
22908	53674	1
22908	53696	7
22908	54239	40
22908	54248	79
22908	54368	15
22908	54857	5
22908	54884	8
22908	55157	12
22908	55288	28
22908	55378	14
22908	55415	16
22908	55470	10
22908	55693	8
22908	55762	11
22908	56088	5
22908	56117	76
22908	56223	7
22908	56304	1
22908	56540	19
22908	56554	150
22908	56583	1
22908	56936	4
22908	56954	1
22908	57001	1
22908	57208	1
22908	57325	5
22908	57374	4
22908	57593	1
22908	57631	4
22908	57645	8
22908	57822	29
22908	57832	11
22908	57878	1
22908	57957	1
22908	58477	9
22908	59087	152
22908	59418	2
22908	59667	17
22908	59727	18
22908	60025	1
22908	60096	4
22908	60326	2
22908	60894	31
22908	60976	10
22908	61013	1
22908	61242	6
22908	61279	12
22908	61585	6
22908	61697	6
22908	62162	56
22908	62563	3
22908	62582	16
22908	62596	10
22908	62605	1
22908	62619	2
22908	62650	73
22908	62696	10
22908	62762	7
22908	62791	1
22908	62799	22
22908	62828	12
22908	62860	37
22908	62898	7
22908	63525	25
22908	63932	15
22908	63933	2
22908	64231	5
22908	64532	1
22908	64552	4
22908	64569	2
22908	64610	16
22908	64675	3
22908	64726	3
22908	64744	3
22908	65135	2
22908	65150	5
22908	65157	7
22908	65180	1
22908	65190	6
22908	65399	3
22908	65477	19
22908	65505	1
22908	65524	9
22908	65568	1
22908	65588	5
22908	65605	5
22908	65623	7
22908	65679	2
22908	65757	11
22908	66003	11
22908	66040	3
22908	66266	9
22908	66351	25
22908	66433	3
22908	66472	4
22908	66504	9
22908	66804	5
22908	67058	8
22908	67129	3
22908	67165	10
22908	67189	7
22908	67209	3
22908	67215	5
22908	67249	3
22908	67260	7
22908	67268	2
22908	67277	2
22908	67285	5
22908	67308	11
22908	67336	56
22908	67371	7
22908	67482	3
22908	67494	2
22908	67670	1
22908	67733	1
22908	67768	3
22908	67977	2
22908	67980	23
23437	23699	15
23437	23744	33
23437	24199	2
23437	24592	5
23437	24703	7
23437	24735	53
23437	24752	26
23437	25153	34
23437	25163	52
23437	25505	47
23437	25799	7
23437	26330	1
23437	26485	23
23437	26961	1
23437	27162	12
23437	29121	1
23437	29520	2
23437	29621	1
23437	29647	16
23437	29704	66
23437	29835	1
23437	30042	6
23437	30477	4
23437	30712	1
23437	31086	1
23437	31114	9
23437	31279	15
23437	31388	5
23437	32012	5
23437	32502	2
23437	32511	28
23437	32579	9
23437	33200	16
23437	33223	10
23437	33248	6
23437	33261	1
23437	33278	3
23437	33288	8
23437	33310	10
23437	33340	13
23437	33357	4
23437	33385	9
23437	33419	4
23437	34077	1
23437	34135	15
23437	34141	6
23437	34159	12
23437	34166	5
23437	34175	43
23437	34186	24
23437	34208	2
23437	34247	6
23437	34270	18
23437	34296	20
23437	34543	12
23437	34894	37
23437	34898	132
23437	34998	3
23437	35434	18
23437	36565	13
23437	36948	5
23437	37103	8
23437	37626	7
23437	38329	9
23437	38431	15
23437	38446	2
23437	39051	18
23437	39451	2
23437	40704	9
23437	40754	18
23437	40976	3
23437	42528	5
23437	43056	2
23437	43194	5
23437	43763	14
23437	44479	1
23437	44571	2
23437	44598	5
23437	45039	4
23437	45201	4
23437	47077	9
23437	47310	24
23437	48276	1
23437	48605	16
23437	49095	36
23437	49871	12
23437	49979	2
23437	50157	2
23437	51999	9
23437	52125	1
23437	52182	9
23437	53674	16
23437	53696	6
23437	54248	1
23437	54368	1
23437	55157	4
23437	55470	4
23437	55693	1
23437	55762	7
23437	56117	4
23437	56223	4
23437	56304	10
23437	56540	2
23437	56554	12
23437	56583	17
23437	56936	12
23437	56954	4
23437	57001	2
23437	57382	5
23437	57587	4
23437	57742	1
23437	57822	1
23437	57825	11
23437	57878	1
23437	58401	5
23437	58477	12
23437	59087	7
23437	60976	1
23437	61013	12
23437	62521	65
23437	62563	10
23437	62605	13
23437	62619	12
23437	62650	10
23437	62696	9
23437	62762	4
23437	62791	4
23437	62799	8
23437	62828	8
23437	62860	6
23437	62898	13
23437	63525	2
23437	63933	57
23437	64294	20
23437	64532	4
23437	64552	94
23437	64569	3
23437	64744	4
23437	64805	29
23437	65135	7
23437	65157	2
23437	65180	23
23437	65477	35
23437	65505	1
23437	65568	25
23437	65588	9
23437	65594	105
23437	65679	48
23437	65730	4
23437	66003	12
23437	66266	4
23437	66472	13
23437	66504	1
23437	67129	4
23437	67147	5
23437	67165	27
23437	67189	2
23437	67209	8
23437	67249	13
23437	67260	1
23437	67277	11
23437	67285	11
23437	67308	23
23437	67336	15
23437	67371	5
23437	67474	7
23437	67482	2
23437	67494	8
23437	67653	2
23437	67670	8
23437	67733	47
23437	67768	27
23437	68095	2
23675	23699	17
23675	23744	16
23675	23774	6
23675	24199	9
23675	24451	3
23675	24703	1
23675	26330	8
23675	26465	1
23675	26485	143
23675	26961	20
23675	27319	2
23675	29121	3
23675	29520	6
23675	29961	5
23675	30042	3
23675	30477	2
23675	30712	4
23675	31114	7
23675	31279	1
23675	31302	6
23675	31388	1
23675	31439	3
23675	31584	1
23675	31714	5
23675	31955	2
23675	32012	11
23675	32579	3
23675	32688	6
23675	33156	8
23675	33181	2
23675	33200	7
23675	33223	2
23675	33248	1
23675	33271	3
23675	33278	7
23675	33310	5
23675	33340	5
23675	33357	11
23675	33385	4
23675	33419	4
23675	33622	4
23675	34077	1
23675	34090	1
23675	34118	4
23675	34135	3
23675	34159	1
23675	34166	10
23675	34175	1
23675	34186	1
23675	34247	2
23675	34270	3
23675	34322	2
23675	34372	3
23675	34647	6
23675	34894	1
23675	34898	3
23675	34992	3
23675	34998	7
23675	35067	33
23675	35291	2
23675	35434	24
23675	35713	3
23675	36126	2
23675	36558	2
23675	36565	24
23675	36698	15
23675	36948	21
23675	38329	44
23675	38724	9
23675	38795	6
23675	38890	2
23675	39451	1
23675	40704	20
23675	40722	1
23675	40976	5
23675	43056	9
23675	43194	22
23675	43939	2
23675	44138	5
23675	44143	4
23675	44479	1
23675	44571	4
23675	44598	40
23675	44945	1
23675	45039	5
23675	45201	7
23675	45766	1
23675	46606	2
23675	46608	7
23675	47077	2
23675	48276	5
23675	49810	7
23675	49979	11
23675	50245	1
23675	51999	24
23675	52182	32
23675	52196	3
23675	52294	2
23675	52616	3
23675	54239	4
23675	54248	18
23675	54857	3
23675	54884	1
23675	55288	3
23675	55378	4
23675	55415	1
23675	55470	7
23675	55693	3
23675	55762	9
23675	56088	2
23675	56117	6
23675	56540	4
23675	56554	33
23675	56936	10
23675	56954	1
23675	57208	3
23675	57325	3
23675	57374	2
23675	57593	4
23675	57742	3
23675	57822	26
23675	57957	6
23675	58401	1
23675	58477	15
23675	59087	11
23675	59418	2
23675	59667	4
23675	59727	6
23675	60025	2
23675	60096	2
23675	60326	1
23675	60894	9
23675	60976	1
23675	61013	3
23675	61242	4
23675	61279	1
23675	61585	2
23675	61697	4
23675	62582	9
23675	62596	5
23675	62605	1
23675	62650	5
23675	62696	3
23675	62762	2
23675	62791	3
23675	62799	8
23675	62828	6
23675	62860	3
23675	62898	6
23675	63525	3
23675	63932	1
23675	64231	2
23675	64552	1
23675	64610	1
23675	64675	2
23675	64744	4
23675	65157	1
23675	65180	2
23675	65190	4
23675	65399	4
23675	65477	2
23675	65505	2
23675	65524	1
23675	65568	2
23675	65588	1
23675	65623	1
23675	65679	1
23675	66003	31
23675	66040	4
23675	66237	1
23675	66266	3
23675	66504	1
23675	66804	11
23675	67058	5
23675	67147	1
23675	67165	4
23675	67189	1
23675	67260	1
23675	67277	2
23675	67308	3
23675	67336	4
23675	67371	4
23675	67494	3
23675	67768	1
23675	67977	1
23675	67980	2
23699	23744	87
23699	23774	3
23699	24199	24
23699	24451	10
23699	24592	10
23699	24703	4
23699	24735	22
23699	24752	14
23699	24777	5
23699	25040	9
23699	25153	22
23699	25163	20
23699	25505	14
23699	25799	23
23699	26330	16
23699	26465	33
23699	26485	562
23699	26961	27
23699	26974	5
23699	27162	6
23699	27319	13
23699	27887	2
23699	28137	1
23699	28668	7
23699	29121	9
23699	29520	25
23699	29621	5
23699	29647	10
23699	29704	42
23699	29835	17
23699	29961	10
23699	30042	10
23699	30204	7
23699	30477	4
23699	30712	23
23699	31086	7
23699	31114	20
23699	31279	10
23699	31302	4
23699	31388	18
23699	31439	11
23699	31584	9
23699	31714	8
23699	31955	4
23699	32012	90
23699	32502	10
23699	32511	10
23699	32522	8
23699	32579	8
23699	32688	10
23699	33156	13
23699	33181	3
23699	33200	18
23699	33223	12
23699	33248	5
23699	33261	12
23699	33271	12
23699	33278	26
23699	33288	4
23699	33310	5
23699	33340	27
23699	33357	33
23699	33385	32
23699	33419	11
23699	33622	8
23699	34077	11
23699	34090	2
23699	34118	9
23699	34135	18
23699	34141	7
23699	34159	13
23699	34166	31
23699	34175	24
23699	34186	10
23699	34208	9
23699	34247	11
23699	34270	23
23699	34296	12
23699	34322	10
23699	34372	7
23699	34543	6
23699	34647	11
23699	34894	17
23699	34898	109
23699	34992	11
23699	34998	15
23699	35067	47
23699	35291	16
23699	35434	111
23699	35713	6
23699	36126	7
23699	36558	6
23699	36565	192
23699	36698	66
23699	36948	251
23699	37103	11
23699	37626	12
23699	38329	149
23699	38431	11
23699	38446	4
23699	38724	14
23699	38795	6
23699	38890	5
23699	39051	11
23699	39451	14
23699	40704	72
23699	40722	15
23699	40754	10
23699	40976	32
23699	42236	1
23699	42528	2
23699	43056	48
23699	43194	109
23699	43763	12
23699	43939	27
23699	44138	19
23699	44143	9
23699	44479	19
23699	44571	5
23699	44598	121
23699	44895	4
23699	44945	1
23699	45039	27
23699	45201	38
23699	45625	3
23699	45766	3
23699	46138	11
23699	46606	9
23699	46608	19
23699	47077	51
23699	47249	4
23699	47310	12
23699	48276	1
23699	48605	9
23699	49095	15
23699	49810	35
23699	49871	6
23699	49979	12
23699	50157	33
23699	50163	9
23699	50245	1
23699	50644	7
23699	51999	199
23699	52125	10
23699	52182	112
23699	52196	6
23699	52294	21
23699	52414	14
23699	52616	20
23699	53674	12
23699	53696	6
23699	53953	21
23699	54239	13
23699	54248	55
23699	54368	22
23699	54857	6
23699	54884	16
23699	55157	22
23699	55288	37
23699	55378	10
23699	55415	12
23699	55470	51
23699	55693	23
23699	55762	18
23699	56088	7
23699	56117	21
23699	56223	2
23699	56304	6
23699	56540	13
23699	56554	136
23699	56583	17
23699	56936	36
23699	56954	4
23699	57001	3
23699	57208	2
23699	57325	22
23699	57374	18
23699	57382	5
23699	57587	42
23699	57593	9
23699	57631	7
23699	57645	5
23699	57742	8
23699	57822	45
23699	57825	18
23699	57832	4
23699	57878	9
23699	57957	2
23699	58401	75
23699	58477	30
23699	59087	87
23699	59418	31
23699	59667	1
23699	59727	11
23699	60025	7
23699	60096	6
23699	60326	68
23699	60894	52
23699	60976	51
23699	61013	3
23699	61242	27
23699	61279	18
23699	61585	11
23699	61697	8
23699	62162	2
23699	62521	17
23699	62563	18
23699	62582	23
23699	62596	3
23699	62605	8
23699	62619	8
23699	62650	36
23699	62696	19
23699	62762	13
23699	62791	4
23699	62799	17
23699	62828	16
23699	62860	33
23699	62898	23
23699	63525	22
23699	63932	29
23699	63933	23
23699	64231	6
23699	64294	6
23699	64532	7
23699	64552	61
23699	64569	5
23699	64610	17
23699	64675	16
23699	64726	6
23699	64744	11
23699	64805	9
23699	65135	3
23699	65150	6
23699	65157	6
23699	65180	6
23699	65190	11
23699	65399	10
23699	65477	21
23699	65505	10
23699	65524	3
23699	65568	21
23699	65588	8
23699	65594	42
23699	65605	5
23699	65623	3
23699	65679	34
23699	65730	4
23699	65757	26
23699	66003	74
23699	66040	11
23699	66237	4
23699	66266	23
23699	66351	14
23699	66433	6
23699	66472	15
23699	66504	12
23699	66804	15
23699	67058	5
23699	67129	9
23699	67147	3
23699	67165	22
23699	67189	12
23699	67209	6
23699	67215	12
23699	67249	8
23699	67260	8
23699	67268	8
23699	67277	5
23699	67285	9
23699	67308	27
23699	67336	33
23699	67371	8
23699	67422	10
23699	67474	6
23699	67482	6
23699	67494	6
23699	67653	5
23699	67670	4
23699	67733	17
23699	67768	15
23699	67977	17
23699	67980	19
23699	68095	5
23744	23774	7
23744	24199	29
23744	24451	16
23744	24592	22
23744	24703	35
23744	24735	59
23744	24752	46
23744	24777	16
23744	25040	7
23744	25153	107
23744	25163	85
23744	25505	48
23744	25799	33
23744	26330	21
23744	26465	95
23744	26485	1034
23744	26961	39
23744	26974	22
23744	27162	8
23744	27319	13
23744	27887	33
23744	28137	112
23744	28668	7
23744	29121	19
23744	29520	48
23744	29621	13
23744	29647	25
23744	29704	236
23744	29835	67
23744	29961	48
23744	30042	55
23744	30204	6
23744	30477	45
23744	30712	60
23744	31086	166
23744	31114	46
23744	31279	68
23744	31302	33
23744	31388	65
23744	31439	13
23744	31584	8
23744	31714	146
23744	31955	14
23744	32012	121
23744	32502	8
23744	32511	26
23744	32522	4
23744	32579	19
23744	32688	18
23744	33156	32
23744	33181	9
23744	33200	46
23744	33223	15
23744	33248	17
23744	33261	12
23744	33271	24
23744	33278	51
23744	33288	10
23744	33310	49
23744	33340	32
23744	33357	61
23744	33385	45
23744	33419	15
23744	33622	33
23744	34077	18
23744	34090	10
23744	34118	15
23744	34135	14
23744	34141	18
23744	34159	18
23744	34166	58
23744	34175	67
23744	34186	53
23744	34208	13
23744	34247	18
23744	34270	56
23744	34296	26
23744	34322	11
23744	34372	28
23744	34543	29
23744	34647	51
23744	34894	77
23744	34898	395
23744	34992	14
23744	34998	96
23744	35067	100
23744	35291	14
23744	35434	198
23744	35713	25
23744	36126	25
23744	36558	27
23744	36565	454
23744	36698	45
23744	36948	618
23744	37103	36
23744	37626	16
23744	38329	104
23744	38431	38
23744	38446	10
23744	38724	24
23744	38795	7
23744	38890	78
23744	39051	18
23744	39451	12
23744	40704	426
23744	40722	6
23744	40754	40
23744	40976	82
23744	42236	6
23744	42528	58
23744	43056	121
23744	43194	327
23744	43763	23
23744	43939	22
23744	44138	54
23744	44143	46
23744	44479	49
23744	44571	23
23744	44598	103
23744	44895	1
23744	44945	35
23744	45039	39
23744	45201	268
23744	45625	10
23744	45766	9
23744	46138	8
23744	46606	10
23744	46608	21
23744	47077	24
23744	47249	23
23744	47310	53
23744	48276	35
23744	48605	29
23744	49095	116
23744	49810	46
23744	49871	14
23744	49979	56
23744	50157	30
23744	50163	55
23744	50245	7
23744	50644	4
23744	51999	97
23744	52125	23
23744	52182	155
23744	52196	20
23744	52294	10
23744	52414	21
23744	52616	8
23744	53674	11
23744	53696	9
23744	53953	9
23744	54239	13
23744	54248	63
23744	54368	6
23744	54857	53
23744	54884	6
23744	55157	92
23744	55288	41
23744	55378	32
23744	55415	16
23744	55470	116
23744	55693	9
23744	55762	29
23744	56088	25
23744	56117	25
23744	56223	51
23744	56304	53
23744	56540	29
23744	56554	266
23744	56583	32
23744	56936	66
23744	56954	13
23744	57001	22
23744	57208	92
23744	57325	132
23744	57374	23
23744	57382	100
23744	57587	134
23744	57593	29
23744	57631	15
23744	57645	22
23744	57742	28
23744	57822	401
23744	57825	87
23744	57832	15
23744	57878	9
23744	57957	38
23744	58401	247
23744	58477	165
23744	59087	95
23744	59418	64
23744	59667	73
23744	59727	11
23744	60025	56
23744	60096	52
23744	60326	221
23744	60894	96
23744	60976	102
23744	61013	25
23744	61242	14
23744	61279	5
23744	61585	7
23744	61697	6
23744	62162	1
23744	62521	113
23744	62563	30
23744	62582	14
23744	62596	18
23744	62605	24
23744	62619	28
23744	62650	47
23744	62696	36
23744	62762	13
23744	62791	8
23744	62799	42
23744	62828	59
23744	62860	36
23744	62898	40
23744	63525	37
23744	63932	20
23744	63933	86
23744	64231	22
23744	64294	23
23744	64532	11
23744	64552	265
23744	64569	5
23744	64610	6
23744	64675	13
23744	64726	24
23744	64744	28
23744	64805	25
23744	65135	7
23744	65150	26
23744	65157	11
23744	65180	29
23744	65190	14
23744	65399	56
23744	65477	38
23744	65505	31
23744	65524	3
23744	65568	84
23744	65588	29
23744	65594	194
23744	65605	12
23744	65623	5
23744	65679	117
23744	65730	9
23744	65757	14
23744	66003	120
23744	66040	22
23744	66237	12
23744	66266	84
23744	66351	6
23744	66433	14
23744	66472	12
23744	66504	9
23744	66804	133
23744	67058	5
23744	67129	10
23744	67147	14
23744	67165	19
23744	67189	25
23744	67209	9
23744	67215	6
23744	67249	18
23744	67260	2
23744	67268	17
23744	67277	11
23744	67285	30
23744	67308	46
23744	67336	56
23744	67371	15
23744	67422	9
23744	67474	40
23744	67482	11
23744	67494	14
23744	67653	12
23744	67670	19
23744	67733	32
23744	67768	47
23744	67977	3
23744	67980	45
23744	68095	18
23774	24199	2
23774	24777	2
23774	26485	86
23774	26961	2
23774	27319	3
23774	29121	1
23774	29520	4
23774	29621	4
23774	29961	1
23774	30477	1
23774	30712	2
23774	31114	4
23774	31302	3
23774	31439	1
23774	31584	1
23774	31714	1
23774	32012	57
23774	32579	2
23774	33156	4
23774	33200	1
23774	33223	4
23774	33271	1
23774	33278	3
23774	33288	16
23774	33310	1
23774	33340	1
23774	33357	13
23774	33385	22
23774	33419	7
23774	33622	2
23774	34077	6
23774	34090	1
23774	34118	3
23774	34135	25
23774	34166	1
23774	34296	3
23774	34898	1
23774	34992	1
23774	35067	30
23774	35434	8
23774	36565	16
23774	36698	5
23774	36948	4
23774	38329	5
23774	38890	1
23774	40704	4
23774	40722	2
23774	40976	1
23774	42236	2
23774	43056	1
23774	43194	1
23774	44138	9
23774	44143	1
23774	44571	1
23774	44598	2
23774	45039	3
23774	45201	3
23774	46608	2
23774	49979	4
23774	50245	6
23774	51999	6
23774	52182	13
23774	52294	5
23774	54248	6
23774	54857	1
23774	55378	2
23774	55470	1
23774	55693	1
23774	56088	1
23774	56117	5
23774	56540	1
23774	56554	8
23774	56936	1
23774	57208	1
23774	57325	1
23774	57374	1
23774	57593	1
23774	57631	1
23774	57742	1
23774	57822	6
23774	57878	4
23774	58477	7
23774	59667	1
23774	60025	1
23774	60096	1
23774	60894	8
23774	61585	1
23774	61697	2
23774	62563	6
23774	62596	15
23774	62619	6
23774	62650	17
23774	62696	3
23774	62791	21
23774	62799	8
23774	62828	8
23774	62860	24
23774	62898	1
23774	63525	3
23774	64231	1
23774	64552	4
23774	64569	5
23774	64675	6
23774	64744	1
23774	65150	9
23774	65180	1
23774	65190	4
23774	65477	6
23774	65524	2
23774	65568	2
23774	65588	9
23774	65605	1
23774	65623	3
23774	65679	13
23774	65757	4
23774	66003	8
23774	66040	2
23774	66237	1
23774	66266	1
23774	66433	4
23774	66472	2
23774	66804	2
23774	67058	219
23774	67129	12
23774	67165	9
23774	67189	7
23774	67209	7
23774	67215	11
23774	67260	9
23774	67277	5
23774	67308	3
23774	67336	7
23774	67371	9
23774	67474	6
23774	67494	2
23774	67768	1
23774	67977	41
23774	67980	2
24199	24592	1
24199	24703	2
24199	24735	12
24199	24752	4
24199	25153	6
24199	25163	3
24199	25505	6
24199	25799	5
24199	26330	16
24199	26465	3
24199	26485	194
24199	26961	2
24199	26974	1
24199	27319	2
24199	27887	1
24199	28668	5
24199	29121	1
24199	29520	8
24199	29621	1
24199	29647	5
24199	29704	11
24199	29961	3
24199	30042	5
24199	30477	1
24199	30712	1
24199	31086	1
24199	31114	14
24199	31302	6
24199	31388	1
24199	31439	1
24199	31584	1
24199	31714	10
24199	31955	9
24199	32012	12
24199	32502	4
24199	32522	4
24199	32579	2
24199	32688	9
24199	33156	7
24199	33181	1
24199	33200	5
24199	33223	4
24199	33248	2
24199	33271	1
24199	33278	14
24199	33310	2
24199	33340	3
24199	33357	12
24199	33385	7
24199	33419	6
24199	33622	4
24199	34077	1
24199	34090	1
24199	34118	1
24199	34135	6
24199	34141	1
24199	34159	5
24199	34166	8
24199	34175	4
24199	34186	10
24199	34208	3
24199	34247	4
24199	34270	4
24199	34296	3
24199	34322	3
24199	34372	3
24199	34543	3
24199	34647	6
24199	34894	15
24199	34898	57
24199	34992	8
24199	34998	4
24199	35067	18
24199	35291	3
24199	35434	116
24199	36126	2
24199	36558	4
24199	36565	88
24199	36698	4
24199	36948	43
24199	37103	3
24199	37626	6
24199	38329	11
24199	38431	3
24199	38446	5
24199	38724	3
24199	38795	7
24199	38890	2
24199	39051	3
24199	39451	7
24199	40704	22
24199	40722	5
24199	40754	1
24199	40976	22
24199	42528	5
24199	43056	4
24199	43194	23
24199	43763	1
24199	43939	6
24199	44138	2
24199	44143	13
24199	44571	1
24199	44598	10
24199	45039	5
24199	45201	29
24199	45766	25
24199	46138	5
24199	46606	13
24199	46608	30
24199	47077	3
24199	47249	1
24199	47310	5
24199	48605	5
24199	49095	4
24199	49810	2
24199	49871	2
24199	49979	12
24199	50157	3
24199	50644	1
24199	51999	40
24199	52125	2
24199	52182	42
24199	52616	23
24199	53696	4
24199	54239	2
24199	54248	16
24199	54368	1
24199	54857	1
24199	55157	10
24199	55288	31
24199	55378	4
24199	55415	16
24199	55470	11
24199	55693	1
24199	55762	18
24199	56088	14
24199	56117	42
24199	56223	1
24199	56304	2
24199	56540	13
24199	56554	77
24199	56583	6
24199	56936	5
24199	56954	3
24199	57001	1
24199	57208	3
24199	57325	5
24199	57374	3
24199	57382	5
24199	57587	1
24199	57593	3
24199	57631	3
24199	57645	3
24199	57742	4
24199	57822	25
24199	57825	3
24199	57832	7
24199	57878	6
24199	58477	22
24199	59087	15
24199	59418	15
24199	59667	5
24199	59727	17
24199	60025	4
24199	60096	6
24199	60326	3
24199	60894	32
24199	60976	7
24199	61013	2
24199	61242	14
24199	61279	5
24199	61585	12
24199	61697	3
24199	62521	3
24199	62582	2
24199	62596	2
24199	62619	2
24199	62650	11
24199	62696	6
24199	62762	1
24199	62791	2
24199	62799	1
24199	62828	4
24199	62860	7
24199	62898	9
24199	63525	20
24199	63932	12
24199	63933	25
24199	64231	13
24199	64294	4
24199	64552	17
24199	64569	3
24199	64610	2
24199	64675	3
24199	64726	3
24199	64744	4
24199	64805	3
24199	65135	2
24199	65150	1
24199	65180	1
24199	65190	1
24199	65399	1
24199	65477	3
24199	65568	6
24199	65588	1
24199	65594	18
24199	65605	1
24199	65623	2
24199	65679	8
24199	65757	1
24199	66003	27
24199	66040	11
24199	66237	7
24199	66266	5
24199	66351	3
24199	66433	2
24199	66472	4
24199	66504	1
24199	66804	17
24199	67058	1
24199	67129	1
24199	67165	2
24199	67209	3
24199	67215	2
24199	67249	1
24199	67260	1
24199	67268	1
24199	67285	4
24199	67308	1
24199	67336	6
24199	67371	3
24199	67422	3
24199	67474	3
24199	67482	1
24199	67494	2
24199	67653	6
24199	67733	1
24199	67768	1
24199	67977	13
24199	67980	12
24451	26330	4
24451	26465	12
24451	26485	52
24451	26961	1
24451	27319	1
24451	27887	2
24451	29647	1
24451	29704	4
24451	30712	50
24451	31388	68
24451	31714	32
24451	33200	1
24451	33223	6
24451	33340	10
24451	33357	31
24451	33385	11
24451	33419	10
24451	34118	22
24451	34135	4
24451	34186	3
24451	34208	1
24451	34247	3
24451	34270	1
24451	34998	2
24451	35067	2
24451	35434	6
24451	36565	12
24451	36948	2
24451	38724	4
24451	40722	10
24451	42236	1
24451	43056	6
24451	43194	135
24451	44138	28
24451	44598	1
24451	44895	16
24451	45625	2
24451	46608	3
24451	47249	21
24451	50163	4
24451	51999	36
24451	52125	6
24451	52182	19
24451	52294	2
24451	52616	20
24451	53696	10
24451	54248	1
24451	54857	12
24451	55288	10
24451	55378	2
24451	55762	50
24451	56936	17
24451	57001	10
24451	57593	1
24451	57645	2
24451	57822	3
24451	59087	2
24451	60326	2
24451	61279	11
24451	62650	28
24451	62696	2
24451	62762	6
24451	62828	7
24451	62860	6
24451	63525	2
24451	64532	11
24451	65135	1
24451	65157	1
24451	65477	2
24451	65568	14
24451	65588	16
24451	65605	1
24451	65623	4
24451	65757	10
24451	66237	2
24451	66504	11
24451	67129	15
24451	67165	11
24451	67189	11
24451	67215	20
24451	67268	10
24451	67336	1
24451	67371	1
24451	67482	30
24451	67494	1
24451	67670	4
24592	24703	37
24592	24735	23
24592	24752	40
24592	24777	4
24592	25040	3
24592	25153	26
24592	25163	21
24592	25505	14
24592	26330	1
24592	26465	20
24592	26485	52
24592	26961	2
24592	26974	3
24592	27162	5
24592	27887	2
24592	28137	2
24592	29121	1
24592	29520	1
24592	29621	2
24592	29647	6
24592	29704	70
24592	29835	2
24592	29961	1
24592	30042	8
24592	30204	7
24592	30477	2
24592	31086	2
24592	31114	4
24592	31279	1
24592	31714	3
24592	32012	71
24592	32502	3
24592	32511	7
24592	32579	11
24592	32688	1
24592	33156	1
24592	33181	1
24592	33200	17
24592	33223	5
24592	33248	2
24592	33261	16
24592	33271	16
24592	33278	5
24592	33288	3
24592	33310	3
24592	33340	9
24592	33357	7
24592	33385	14
24592	33419	7
24592	34077	9
24592	34090	12
24592	34118	1
24592	34135	11
24592	34141	18
24592	34166	8
24592	34175	21
24592	34186	10
24592	34208	4
24592	34247	10
24592	34270	27
24592	34296	19
24592	34322	2
24592	34372	1
24592	34543	14
24592	34894	19
24592	34898	58
24592	34998	29
24592	35067	3
24592	35291	1
24592	35434	7
24592	36558	1
24592	36565	34
24592	36698	1
24592	36948	119
24592	37103	6
24592	37626	1
24592	38329	4
24592	38431	4
24592	38446	1
24592	38724	5
24592	39051	1
24592	40704	10
24592	40754	3
24592	40976	3
24592	42528	1
24592	43056	7
24592	43194	13
24592	43763	4
24592	43939	3
24592	44138	1
24592	44143	3
24592	44479	7
24592	44571	3
24592	44598	6
24592	44895	2
24592	44945	2
24592	45039	23
24592	45201	5
24592	45625	2
24592	46138	1
24592	46608	1
24592	47077	10
24592	47310	11
24592	48605	8
24592	49095	12
24592	49810	13
24592	49871	2
24592	50163	52
24592	51999	10
24592	52125	14
24592	52182	6
24592	52196	1
24592	52414	23
24592	52616	1
24592	53674	4
24592	53696	4
24592	53953	13
24592	54248	1
24592	54368	2
24592	54857	6
24592	54884	4
24592	55157	4
24592	55378	2
24592	55415	1
24592	55470	28
24592	56088	2
24592	56117	2
24592	56223	1
24592	56304	3
24592	56540	2
24592	56554	23
24592	56583	1
24592	56936	9
24592	56954	5
24592	57001	1
24592	57325	12
24592	57374	14
24592	57382	2
24592	57587	3
24592	57822	2
24592	57825	5
24592	57957	5
24592	58401	8
24592	58477	3
24592	59087	6
24592	59418	2
24592	60025	3
24592	60096	1
24592	60326	66
24592	60894	6
24592	60976	35
24592	61013	7
24592	61242	2
24592	61697	2
24592	62521	33
24592	62563	10
24592	62582	7
24592	62596	1
24592	62605	9
24592	62619	6
24592	62650	15
24592	62696	11
24592	62762	12
24592	62791	1
24592	62799	8
24592	62828	7
24592	62860	25
24592	62898	12
24592	63525	1
24592	63933	10
24592	64294	5
24592	64532	5
24592	64552	54
24592	64569	2
24592	64675	12
24592	64726	1
24592	64744	1
24592	64805	6
24592	65135	1
24592	65157	3
24592	65180	13
24592	65190	5
24592	65399	2
24592	65477	11
24592	65505	21
24592	65568	24
24592	65588	8
24592	65594	33
24592	65605	2
24592	65679	41
24592	65730	39
24592	66003	7
24592	66266	6
24592	66472	9
24592	66504	3
24592	66804	4
24592	67129	5
24592	67147	6
24592	67165	16
24592	67189	18
24592	67209	8
24592	67215	6
24592	67249	9
24592	67268	3
24592	67277	7
24592	67285	8
24592	67308	35
24592	67336	9
24592	67371	8
24592	67422	8
24592	67474	1
24592	67482	3
24592	67494	5
24592	67670	4
24592	67733	17
24592	67768	10
24592	68095	12
24703	24735	29
24703	24752	76
24703	24777	2
24703	25040	2
24703	25153	25
24703	25163	27
24703	25505	17
24703	25799	1
24703	26330	1
24703	26465	1
24703	26485	58
24703	26961	1
24703	26974	5
24703	27162	5
24703	27319	4
24703	28668	1
24703	29520	1
24703	29621	8
24703	29647	12
24703	29704	79
24703	29835	5
24703	29961	1
24703	30042	10
24703	30477	1
24703	30712	1
24703	31086	2
24703	31114	3
24703	31279	4
24703	31302	5
24703	31714	1
24703	31955	1
24703	32012	3
24703	32502	6
24703	32511	13
24703	32522	6
24703	32579	9
24703	32688	1
24703	33156	1
24703	33181	2
24703	33200	21
24703	33223	7
24703	33248	3
24703	33261	9
24703	33278	1
24703	33288	5
24703	33310	10
24703	33340	10
24703	33357	11
24703	33385	28
24703	33419	11
24703	34077	14
24703	34090	5
24703	34118	7
24703	34135	10
24703	34141	6
24703	34159	5
24703	34166	6
24703	34175	35
24703	34186	11
24703	34208	4
24703	34247	14
24703	34270	55
24703	34296	9
24703	34543	20
24703	34894	10
24703	34898	90
24703	34992	5
24703	34998	2
24703	35067	5
24703	35434	14
24703	36126	3
24703	36558	1
24703	36565	15
24703	36698	3
24703	36948	18
24703	37103	5
24703	38329	3
24703	38431	6
24703	38890	1
24703	39051	4
24703	39451	1
24703	40704	20
24703	40754	3
24703	42236	1
24703	42528	1
24703	43056	2
24703	43194	2
24703	43763	3
24703	44138	2
24703	44143	2
24703	44598	5
24703	44945	29
24703	45039	1
24703	45201	12
24703	45625	2
24703	46138	3
24703	46606	1
24703	46608	3
24703	47077	2
24703	47310	14
24703	48605	28
24703	49095	19
24703	49871	2
24703	50157	2
24703	50163	1
24703	50245	1
24703	50644	1
24703	51999	12
24703	52182	11
24703	52196	3
24703	52616	3
24703	53674	4
24703	53696	7
24703	54248	7
24703	55157	2
24703	55378	2
24703	55470	5
24703	56117	3
24703	56223	2
24703	56304	3
24703	56540	1
24703	56554	7
24703	56583	4
24703	56936	15
24703	56954	4
24703	57001	7
24703	57208	1
24703	57325	3
24703	57382	16
24703	57587	3
24703	57593	4
24703	57742	1
24703	57822	1
24703	57825	5
24703	57878	3
24703	57957	1
24703	58401	17
24703	58477	3
24703	59087	2
24703	59667	2
24703	59727	1
24703	60326	1
24703	60894	2
24703	60976	2
24703	61013	16
24703	61279	1
24703	61585	8
24703	61697	2
24703	62521	68
24703	62563	5
24703	62582	7
24703	62596	6
24703	62605	13
24703	62619	15
24703	62650	36
24703	62696	14
24703	62762	22
24703	62791	2
24703	62799	18
24703	62828	10
24703	62860	14
24703	62898	19
24703	63525	3
24703	63932	2
24703	63933	12
24703	64294	11
24703	64532	1
24703	64552	57
24703	64569	4
24703	64610	1
24703	64726	1
24703	64744	3
24703	64805	4
24703	65135	2
24703	65150	1
24703	65157	6
24703	65180	24
24703	65190	3
24703	65399	1
24703	65477	29
24703	65524	4
24703	65568	35
24703	65588	31
24703	65594	46
24703	65605	2
24703	65623	1
24703	65679	56
24703	65730	4
24703	65757	1
24703	66003	4
24703	66237	1
24703	66266	3
24703	66433	8
24703	66472	3
24703	66504	4
24703	67129	4
24703	67147	16
24703	67165	9
24703	67189	41
24703	67209	6
24703	67215	1
24703	67249	10
24703	67260	2
24703	67268	2
24703	67277	5
24703	67285	14
24703	67308	18
24703	67336	14
24703	67371	6
24703	67422	8
24703	67474	6
24703	67494	8
24703	67653	1
24703	67670	2
24703	67733	17
24703	67768	15
24703	67977	1
24703	68095	4
24735	24752	51
24735	24777	1
24735	25040	2
24735	25153	102
24735	25163	62
24735	25505	87
24735	25799	18
24735	26330	13
24735	26485	60
24735	26961	1
24735	26974	16
24735	27162	11
24735	28137	1
24735	29121	1
24735	29520	1
24735	29621	15
24735	29647	14
24735	29704	324
24735	29835	9
24735	29961	1
24735	30042	17
24735	30477	1
24735	30712	6
24735	31086	8
24735	31114	4
24735	31279	9
24735	31388	4
24735	31714	1
24735	31955	3
24735	32012	1
24735	32511	19
24735	32579	14
24735	33156	2
24735	33181	2
24735	33200	23
24735	33223	7
24735	33248	7
24735	33261	8
24735	33278	1
24735	33288	7
24735	33310	13
24735	33340	13
24735	33357	20
24735	33385	24
24735	33419	6
24735	34077	7
24735	34090	1
24735	34118	2
24735	34135	9
24735	34141	20
24735	34159	10
24735	34166	2
24735	34175	66
24735	34186	54
24735	34208	3
24735	34247	9
24735	34270	60
24735	34296	28
24735	34372	2
24735	34543	18
24735	34647	3
24735	34894	84
24735	34898	337
24735	34998	10
24735	35067	3
24735	35434	22
24735	36558	1
24735	36565	31
24735	36698	1
24735	36948	27
24735	37103	6
24735	37626	19
24735	38329	2
24735	38431	14
24735	38446	3
24735	38724	1
24735	38795	2
24735	38890	1
24735	39051	9
24735	39451	3
24735	40704	27
24735	40754	10
24735	40976	13
24735	42528	18
24735	43056	2
24735	43194	4
24735	43763	12
24735	44138	4
24735	44143	1
24735	44479	4
24735	44598	2
24735	45039	1
24735	45201	3
24735	45766	1
24735	46608	1
24735	47077	3
24735	47310	52
24735	48605	15
24735	49095	33
24735	49810	1
24735	49871	6
24735	49979	5
24735	50157	15
24735	50163	2
24735	51999	6
24735	52182	5
24735	52196	2
24735	53674	6
24735	53696	3
24735	54239	4
24735	54248	2
24735	54857	1
24735	54884	1
24735	55157	2
24735	55288	1
24735	55378	1
24735	55470	7
24735	55762	2
24735	56117	1
24735	56223	2
24735	56304	31
24735	56540	13
24735	56554	38
24735	56583	89
24735	56936	13
24735	56954	2
24735	57001	19
24735	57325	2
24735	57374	1
24735	57382	46
24735	57587	64
24735	57631	1
24735	57742	1
24735	57822	7
24735	57825	3
24735	57832	1
24735	57878	1
24735	57957	2
24735	58401	34
24735	58477	13
24735	59087	13
24735	59418	1
24735	60326	3
24735	60894	5
24735	60976	12
24735	61013	24
24735	61279	1
24735	61697	1
24735	62521	111
24735	62563	8
24735	62582	6
24735	62596	5
24735	62605	22
24735	62619	25
24735	62650	15
24735	62696	11
24735	62762	5
24735	62791	1
24735	62799	16
24735	62828	17
24735	62860	7
24735	62898	32
24735	63525	6
24735	63932	1
24735	63933	125
24735	64231	4
24735	64294	24
24735	64532	10
24735	64552	156
24735	64569	3
24735	64744	1
24735	64805	66
24735	65135	25
24735	65150	3
24735	65157	1
24735	65180	39
24735	65190	6
24735	65399	2
24735	65477	45
24735	65505	1
24735	65568	32
24735	65588	11
24735	65594	235
24735	65679	93
24735	65730	4
24735	65757	1
24735	66003	5
24735	66040	2
24735	66266	5
24735	66433	1
24735	66472	27
24735	66504	3
24735	66804	5
24735	67129	4
24735	67147	3
24735	67165	18
24735	67189	5
24735	67209	9
24735	67215	1
24735	67249	4
24735	67260	5
24735	67268	1
24735	67277	8
24735	67285	4
24735	67308	31
24735	67336	27
24735	67371	4
24735	67422	6
24735	67474	18
24735	67482	1
24735	67494	16
24735	67653	4
24735	67670	5
24735	67733	44
24735	67768	20
24735	68095	4
24752	24777	5
24752	25040	4
24752	25153	33
24752	25163	57
24752	25505	37
24752	25799	5
24752	26330	1
24752	26465	3
24752	26485	53
24752	26961	5
24752	27162	7
24752	28137	1
24752	29121	1
24752	29520	2
24752	29621	5
24752	29647	13
24752	29704	64
24752	29835	26
24752	30042	13
24752	30204	1
24752	30477	15
24752	30712	5
24752	31086	7
24752	31114	10
24752	31279	17
24752	31388	1
24752	31955	2
24752	32012	9
24752	32502	6
24752	32511	23
24752	32579	6
24752	32688	1
24752	33156	4
24752	33181	11
24752	33200	37
24752	33223	9
24752	33248	6
24752	33261	14
24752	33271	3
24752	33288	16
24752	33310	4
24752	33340	18
24752	33357	20
24752	33385	25
24752	33419	13
24752	33622	1
24752	34077	7
24752	34090	3
24752	34118	9
24752	34135	11
24752	34141	12
24752	34159	2
24752	34166	9
24752	34175	48
24752	34186	23
24752	34208	7
24752	34247	18
24752	34270	66
24752	34296	20
24752	34543	24
24752	34894	28
24752	34898	143
24752	34998	12
24752	35434	6
24752	36126	1
24752	36558	1
24752	36565	22
24752	36698	1
24752	36948	34
24752	37103	14
24752	37626	2
24752	38329	9
24752	38431	13
24752	38724	1
24752	38795	1
24752	38890	2
24752	39051	3
24752	39451	2
24752	40704	16
24752	40754	19
24752	40976	2
24752	42528	1
24752	43194	9
24752	43763	1
24752	44143	5
24752	44479	3
24752	44598	8
24752	45039	4
24752	45201	12
24752	46138	3
24752	46608	1
24752	47077	7
24752	47310	22
24752	48605	12
24752	49095	23
24752	49810	1
24752	49871	9
24752	49979	2
24752	50157	2
24752	50163	10
24752	50644	1
24752	51999	11
24752	52125	2
24752	52182	14
24752	52414	2
24752	52616	2
24752	53674	14
24752	53696	6
24752	54248	2
24752	54368	1
24752	54884	3
24752	55157	5
24752	55378	2
24752	55415	1
24752	55470	4
24752	55762	1
24752	56088	2
24752	56117	4
24752	56223	8
24752	56304	5
24752	56540	1
24752	56554	18
24752	56583	11
24752	56936	25
24752	56954	7
24752	57001	1
24752	57325	5
24752	57374	4
24752	57382	54
24752	57587	5
24752	57593	2
24752	57631	1
24752	57742	4
24752	57822	2
24752	57825	14
24752	57832	3
24752	57878	4
24752	57957	4
24752	58401	76
24752	58477	12
24752	59087	5
24752	59667	4
24752	59727	1
24752	60326	8
24752	60894	2
24752	60976	6
24752	61013	23
24752	62521	68
24752	62563	13
24752	62582	2
24752	62596	7
24752	62605	8
24752	62619	27
24752	62650	17
24752	62696	17
24752	62762	16
24752	62791	6
24752	62799	29
24752	62828	24
24752	62860	14
24752	62898	20
24752	63525	3
24752	63932	2
24752	63933	31
24752	64294	17
24752	64532	9
24752	64552	105
24752	64569	4
24752	64744	6
24752	64805	10
24752	65135	8
24752	65150	6
24752	65180	32
24752	65190	10
24752	65399	1
24752	65477	25
24752	65505	7
24752	65524	7
24752	65568	34
24752	65588	15
24752	65594	70
24752	65605	4
24752	65623	1
24752	65679	75
24752	65730	5
24752	66003	10
24752	66266	8
24752	66433	2
24752	66472	10
24752	66504	5
24752	66804	2
24752	67129	3
24752	67147	11
24752	67165	16
24752	67189	20
24752	67209	5
24752	67215	3
24752	67249	20
24752	67260	4
24752	67268	5
24752	67285	10
24752	67308	20
24752	67336	24
24752	67371	10
24752	67422	8
24752	67482	3
24752	67494	10
24752	67653	1
24752	67670	1
24752	67733	23
24752	67768	34
24752	67980	1
24752	68095	7
24777	25040	1
24777	25153	3
24777	25163	1
24777	26465	7
24777	26485	45
24777	26961	1
24777	26974	4
24777	27162	2
24777	27319	1
24777	29121	1
24777	29520	3
24777	29621	2
24777	29647	3
24777	29704	9
24777	29961	3
24777	30042	2
24777	30204	5
24777	31086	1
24777	31114	2
24777	31279	1
24777	31388	1
24777	31439	2
24777	32012	13
24777	32502	1
24777	32511	1
24777	32522	3
24777	32579	3
24777	32688	1
24777	33156	4
24777	33181	6
24777	33200	1
24777	33223	3
24777	33248	4
24777	33261	2
24777	33271	9
24777	33278	9
24777	33310	6
24777	33340	6
24777	33357	14
24777	33385	7
24777	33419	1
24777	33622	5
24777	34077	5
24777	34090	1
24777	34118	6
24777	34135	2
24777	34141	1
24777	34159	3
24777	34166	7
24777	34186	3
24777	34208	2
24777	34247	4
24777	34270	5
24777	34296	5
24777	34372	1
24777	34647	1
24777	34894	1
24777	34898	13
24777	34998	6
24777	35067	5
24777	35291	2
24777	35434	8
24777	35713	2
24777	36558	1
24777	36565	18
24777	36698	4
24777	36948	61
24777	38329	1
24777	38431	2
24777	38724	3
24777	40704	6
24777	40976	1
24777	42236	1
24777	43056	3
24777	43194	4
24777	43939	2
24777	44138	1
24777	44143	2
24777	44479	6
24777	44598	10
24777	45039	4
24777	45201	3
24777	45625	1
24777	47077	1
24777	47310	2
24777	48276	1
24777	48605	2
24777	49095	1
24777	49810	10
24777	49871	4
24777	49979	4
24777	50163	2
24777	50644	1
24777	51999	7
24777	52125	3
24777	52182	13
24777	52414	7
24777	53696	1
24777	53953	1
24777	54248	5
24777	54884	3
24777	55157	2
24777	55288	1
24777	55470	10
24777	55762	4
24777	56088	2
24777	56117	2
24777	56223	1
24777	56554	14
24777	56936	6
24777	56954	2
24777	57325	2
24777	57374	8
24777	57631	1
24777	57645	1
24777	57822	6
24777	57825	1
24777	57832	1
24777	57878	2
24777	58401	2
24777	58477	2
24777	59087	8
24777	59418	1
24777	59667	2
24777	60025	2
24777	60326	27
24777	60894	11
24777	60976	30
24777	61013	1
24777	61242	2
24777	61279	1
24777	61697	2
24777	62162	3
24777	62521	3
24777	62563	8
24777	62582	2
24777	62596	1
24777	62605	4
24777	62619	4
24777	62650	8
24777	62696	9
24777	62762	5
24777	62791	1
24777	62799	2
24777	62828	6
24777	62860	17
24777	62898	4
24777	63525	1
24777	63932	2
24777	63933	2
24777	64552	4
24777	64569	3
24777	64675	4
24777	64726	1
24777	64744	2
24777	65157	2
24777	65180	2
24777	65190	5
24777	65399	2
24777	65477	2
24777	65505	2
24777	65568	4
24777	65588	3
24777	65594	5
24777	65605	6
24777	65679	9
24777	65730	2
24777	65757	7
24777	66003	8
24777	66433	7
24777	66472	1
24777	66504	2
24777	66804	1
24777	67058	4
24777	67129	3
24777	67147	5
24777	67165	11
24777	67189	7
24777	67209	1
24777	67215	7
24777	67249	4
24777	67277	5
24777	67285	4
24777	67308	10
24777	67336	13
24777	67371	2
24777	67422	2
24777	67482	1
24777	67494	2
24777	67653	2
24777	67733	3
24777	67768	5
24777	67977	7
24777	68095	1
25040	25153	1
25040	25505	1
25040	26330	1
25040	26465	12
25040	26485	41
25040	27319	2
25040	27887	1
25040	29704	2
25040	30042	4
25040	30204	7
25040	30712	1
25040	31086	1
25040	31279	1
25040	31388	1
25040	31439	1
25040	32012	23
25040	32502	1
25040	32579	2
25040	32688	1
25040	33200	3
25040	33261	1
25040	33271	18
25040	33278	8
25040	33357	6
25040	33622	1
25040	34077	1
25040	34135	3
25040	34166	1
25040	34186	1
25040	34270	4
25040	34647	4
25040	34898	9
25040	34998	60
25040	35067	1
25040	35434	9
25040	35713	1
25040	36558	3
25040	36565	32
25040	36698	1
25040	36948	66
25040	37103	1
25040	37626	1
25040	38329	1
25040	38724	12
25040	39051	1
25040	40704	6
25040	40722	1
25040	40976	3
25040	43056	5
25040	43194	13
25040	43763	3
25040	43939	6
25040	44138	5
25040	44479	13
25040	44571	1
25040	44598	3
25040	45039	19
25040	45625	3
25040	46606	2
25040	47077	8
25040	48276	4
25040	49095	2
25040	49810	13
25040	49979	1
25040	50157	1
25040	50163	9
25040	52125	4
25040	52182	9
25040	52414	74
25040	52616	1
25040	53674	2
25040	53953	19
25040	54239	8
25040	54857	1
25040	54884	4
25040	55415	3
25040	55470	14
25040	55762	1
25040	56117	3
25040	56223	2
25040	56540	1
25040	56554	30
25040	56936	5
25040	56954	1
25040	57001	1
25040	57325	5
25040	57374	6
25040	57631	2
25040	57822	3
25040	58401	1
25040	58477	2
25040	59087	4
25040	59418	3
25040	59667	1
25040	59727	1
25040	60326	65
25040	60894	11
25040	60976	62
25040	61013	1
25040	61242	6
25040	62521	2
25040	62563	4
25040	62582	1
25040	62596	1
25040	62605	1
25040	62696	2
25040	62799	1
25040	62828	2
25040	62860	4
25040	64552	15
25040	64675	8
25040	64805	1
25040	65135	1
25040	65399	1
25040	65505	15
25040	65588	1
25040	65594	5
25040	65605	10
25040	65679	6
25040	65730	3
25040	66266	2
25040	67165	2
25040	67189	1
25040	67215	1
25040	67249	4
25040	67260	1
25040	67277	4
25040	67308	2
25040	67336	15
25040	67422	2
25040	67474	2
25040	67653	2
25040	67670	1
25040	68095	1
25153	25163	155
25153	25505	99
25153	25799	3
25153	26330	1
25153	26465	2
25153	26485	110
25153	26961	2
25153	26974	176
25153	27162	4
25153	28137	2
25153	29621	27
25153	29647	28
25153	29704	717
25153	29835	17
25153	29961	1
25153	30042	26
25153	30477	4
25153	30712	3
25153	31086	6
25153	31114	10
25153	31279	10
25153	31388	1
25153	31714	5
25153	31955	1
25153	32012	4
25153	32502	6
25153	32511	39
25153	32579	23
25153	33156	4
25153	33181	2
25153	33200	18
25153	33223	5
25153	33248	4
25153	33261	1
25153	33288	8
25153	33310	9
25153	33340	22
25153	33357	66
25153	33385	24
25153	33419	3
25153	34077	20
25153	34118	7
25153	34135	6
25153	34141	20
25153	34159	2
25153	34166	9
25153	34175	112
25153	34186	60
25153	34208	5
25153	34247	13
25153	34270	88
25153	34296	26
25153	34543	40
25153	34894	71
25153	34898	409
25153	34998	10
25153	35067	1
25153	35291	2
25153	35434	20
25153	36558	8
25153	36565	61
25153	36698	1
25153	36948	27
25153	37103	13
25153	37626	1
25153	38329	7
25153	38431	133
25153	38446	1
25153	38724	9
25153	38890	4
25153	39051	6
25153	39451	5
25153	40704	30
25153	40754	15
25153	42528	4
25153	43194	18
25153	43763	7
25153	44143	3
25153	44479	1
25153	44598	7
25153	45039	4
25153	45201	6
25153	46138	2
25153	46608	1
25153	47077	9
25153	47310	46
25153	48276	2
25153	48605	20
25153	49095	106
25153	49871	23
25153	49979	6
25153	50157	18
25153	50163	2
25153	51999	8
25153	52182	10
25153	53674	13
25153	53696	11
25153	54368	1
25153	55157	7
25153	55288	5
25153	55378	1
25153	55470	5
25153	55762	10
25153	56088	2
25153	56117	4
25153	56223	7
25153	56304	7
25153	56554	53
25153	56583	30
25153	56936	40
25153	57001	6
25153	57325	3
25153	57382	39
25153	57587	39
25153	57593	1
25153	57631	1
25153	57742	3
25153	57822	2
25153	57825	20
25153	57878	2
25153	57957	2
25153	58401	14
25153	58477	23
25153	59087	6
25153	59418	1
25153	59667	6
25153	59727	2
25153	60025	2
25153	60096	1
25153	60326	1
25153	60894	14
25153	60976	2
25153	61013	13
25153	61242	1
25153	62521	57
25153	62563	6
25153	62582	7
25153	62596	5
25153	62605	44
25153	62619	27
25153	62650	38
25153	62696	15
25153	62762	8
25153	62791	5
25153	62799	10
25153	62828	17
25153	62860	10
25153	62898	38
25153	63525	6
25153	63933	156
25153	64231	4
25153	64294	43
25153	64532	30
25153	64552	330
25153	64569	3
25153	64675	1
25153	64726	1
25153	64744	9
25153	64805	53
25153	65135	7
25153	65150	24
25153	65157	7
25153	65180	27
25153	65190	27
25153	65477	59
25153	65505	1
25153	65568	64
25153	65588	4
25153	65594	292
25153	65679	113
25153	65730	14
25153	66003	7
25153	66040	3
25153	66266	9
25153	66433	1
25153	66472	23
25153	66504	3
25153	66804	1
25153	67147	2
25153	67165	14
25153	67189	3
25153	67209	18
25153	67215	1
25153	67249	19
25153	67260	2
25153	67277	3
25153	67285	11
25153	67308	24
25153	67336	26
25153	67371	3
25153	67422	2
25153	67474	9
25153	67494	10
25153	67653	2
25153	67670	1
25153	67733	39
25153	67768	51
25153	68095	2
25163	25505	106
25163	25799	10
25163	26465	3
25163	26485	59
25163	26961	1
25163	26974	39
25163	27162	4
25163	29621	27
25163	29647	50
25163	29704	602
25163	29835	10
25163	30042	25
25163	30477	10
25163	31086	1
25163	31114	22
25163	31279	22
25163	32012	10
25163	32502	3
25163	32511	53
25163	32579	40
25163	32688	5
25163	33200	32
25163	33223	14
25163	33248	7
25163	33288	20
25163	33310	5
25163	33340	37
25163	33357	30
25163	33385	18
25163	33419	5
25163	34077	5
25163	34135	12
25163	34141	30
25163	34159	2
25163	34166	10
25163	34175	172
25163	34186	50
25163	34208	2
25163	34247	6
25163	34270	84
25163	34296	26
25163	34543	20
25163	34894	121
25163	34898	250
25163	34998	5
25163	35291	1
25163	35434	6
25163	36565	19
25163	36698	1
25163	36948	25
25163	37103	15
25163	37626	4
25163	38329	11
25163	38431	49
25163	39051	11
25163	39451	1
25163	40704	16
25163	40754	30
25163	40976	1
25163	42528	8
25163	43056	2
25163	43194	12
25163	43763	8
25163	44143	2
25163	44479	1
25163	44598	11
25163	45039	10
25163	45201	15
25163	45625	6
25163	45766	2
25163	47077	11
25163	47310	60
25163	48605	22
25163	49095	32
25163	49871	49
25163	50157	19
25163	51999	16
25163	52182	24
25163	53674	22
25163	53696	24
25163	55157	11
25163	55288	1
25163	55378	4
25163	55415	1
25163	55470	10
25163	55762	3
25163	56117	11
25163	56223	10
25163	56304	12
25163	56540	2
25163	56554	21
25163	56583	16
25163	56936	17
25163	56954	4
25163	57001	15
25163	57325	3
25163	57382	2
25163	57587	16
25163	57631	2
25163	57742	2
25163	57822	8
25163	57825	24
25163	57878	1
25163	57957	2
25163	58401	76
25163	58477	29
25163	59087	10
25163	59667	1
25163	60025	3
25163	60894	1
25163	60976	3
25163	61013	15
25163	62521	99
25163	62563	12
25163	62582	3
25163	62596	8
25163	62605	26
25163	62619	34
25163	62650	16
25163	62696	28
25163	62762	9
25163	62791	10
25163	62799	20
25163	62828	24
25163	62860	15
25163	62898	30
25163	63933	106
25163	64294	78
25163	64532	19
25163	64552	214
25163	64569	2
25163	64744	13
25163	64805	42
25163	65135	12
25163	65150	3
25163	65157	1
25163	65180	16
25163	65190	3
25163	65477	78
25163	65505	1
25163	65524	1
25163	65568	41
25163	65588	2
25163	65594	229
25163	65605	9
25163	65679	70
25163	65730	11
25163	65757	1
25163	66003	14
25163	66266	15
25163	66472	33
25163	66504	4
25163	67129	1
25163	67147	3
25163	67165	29
25163	67209	17
25163	67249	39
25163	67260	1
25163	67277	3
25163	67285	13
25163	67308	27
25163	67336	20
25163	67371	5
25163	67422	9
25163	67474	3
25163	67494	12
25163	67653	1
25163	67670	1
25163	67733	42
25163	67768	85
25163	67980	1
25163	68095	3
25505	25799	11
25505	26330	5
25505	26465	4
25505	26485	56
25505	26974	19
25505	27162	9
25505	27887	1
25505	28137	1
25505	29621	6
25505	29647	23
25505	29704	297
25505	29835	13
25505	30042	10
25505	30477	4
25505	30712	3
25505	31086	5
25505	31114	14
25505	31279	28
25505	31388	1
25505	31714	1
25505	31955	1
25505	32012	2
25505	32502	7
25505	32511	27
25505	32579	17
25505	33156	7
25505	33181	1
25505	33200	21
25505	33223	11
25505	33248	7
25505	33261	3
25505	33278	11
25505	33288	7
25505	33310	12
25505	33340	13
25505	33357	24
25505	33385	16
25505	33419	9
25505	34077	2
25505	34118	1
25505	34135	16
25505	34141	17
25505	34159	12
25505	34166	7
25505	34175	83
25505	34186	51
25505	34208	5
25505	34247	8
25505	34270	53
25505	34296	35
25505	34543	16
25505	34647	1
25505	34894	98
25505	34898	225
25505	34998	4
25505	35067	1
25505	35434	11
25505	35713	1
25505	36558	3
25505	36565	34
25505	36698	2
25505	36948	12
25505	37103	9
25505	37626	8
25505	38329	6
25505	38431	20
25505	38446	3
25505	38724	2
25505	38795	1
25505	38890	3
25505	39051	13
25505	39451	8
25505	40704	10
25505	40722	1
25505	40754	17
25505	40976	5
25505	42528	6
25505	43056	1
25505	43194	9
25505	43763	8
25505	43939	1
25505	44143	4
25505	44598	4
25505	44945	1
25505	45039	2
25505	45201	6
25505	45766	4
25505	47077	2
25505	47310	46
25505	48605	20
25505	49095	55
25505	49810	1
25505	49871	12
25505	49979	7
25505	50157	17
25505	51999	9
25505	52182	7
25505	52294	1
25505	52616	4
25505	53674	12
25505	53696	11
25505	54857	3
25505	55157	3
25505	55288	1
25505	55378	1
25505	55415	2
25505	55470	9
25505	55762	3
25505	56088	1
25505	56117	2
25505	56223	2
25505	56304	9
25505	56540	1
25505	56554	20
25505	56583	34
25505	56936	16
25505	56954	5
25505	57001	3
25505	57325	1
25505	57382	5
25505	57587	5
25505	57631	1
25505	57822	5
25505	57825	11
25505	57878	6
25505	58401	14
25505	58477	14
25505	59087	7
25505	59418	2
25505	59667	7
25505	60025	4
25505	60326	2
25505	60894	3
25505	60976	2
25505	61013	13
25505	61585	4
25505	62521	69
25505	62563	9
25505	62582	1
25505	62596	3
25505	62605	25
25505	62619	26
25505	62650	16
25505	62696	11
25505	62762	10
25505	62791	2
25505	62799	11
25505	62828	13
25505	62860	9
25505	62898	24
25505	63525	5
25505	63932	2
25505	63933	79
25505	64231	4
25505	64294	31
25505	64532	6
25505	64552	142
25505	64569	4
25505	64744	7
25505	64805	46
25505	65135	5
25505	65150	2
25505	65180	35
25505	65190	5
25505	65477	49
25505	65505	1
25505	65568	38
25505	65588	11
25505	65594	168
25505	65679	69
25505	65730	4
25505	66003	16
25505	66040	2
25505	66266	5
25505	66472	35
25505	66504	1
25505	67129	5
25505	67147	4
25505	67165	17
25505	67189	4
25505	67209	10
25505	67249	15
25505	67277	8
25505	67285	9
25505	67308	21
25505	67336	32
25505	67371	13
25505	67422	4
25505	67474	7
25505	67482	1
25505	67494	16
25505	67653	5
25505	67670	3
25505	67733	47
25505	67768	37
25505	68095	1
25799	26330	31
25799	26465	1
25799	26485	91
25799	26961	5
25799	27162	4
25799	27319	5
25799	28137	1
25799	28668	36
25799	29121	2
25799	29520	5
25799	29621	5
25799	29647	4
25799	29704	9
25799	29835	3
25799	30042	7
25799	30712	2
25799	31086	2
25799	31114	22
25799	31279	4
25799	31302	1
25799	31388	11
25799	31584	1
25799	31955	2
25799	32012	2
25799	32502	1
25799	32511	1
25799	32579	6
25799	32688	6
25799	33156	3
25799	33200	5
25799	33223	3
25799	33248	4
25799	33261	1
25799	33278	61
25799	33288	1
25799	33310	7
25799	33357	17
25799	33385	6
25799	33419	3
25799	34077	1
25799	34090	1
25799	34118	4
25799	34135	3
25799	34141	3
25799	34159	9
25799	34166	5
25799	34175	7
25799	34186	5
25799	34208	3
25799	34247	7
25799	34270	10
25799	34543	5
25799	34894	29
25799	34898	37
25799	34998	3
25799	35067	7
25799	35291	8
25799	35434	86
25799	35713	1
25799	36558	1
25799	36565	95
25799	36698	2
25799	36948	18
25799	37103	3
25799	37626	31
25799	38329	12
25799	38446	1
25799	38724	2
25799	38795	1
25799	39051	11
25799	39451	4
25799	40704	12
25799	40722	7
25799	40754	1
25799	40976	5
25799	42236	3
25799	42528	19
25799	43056	1
25799	43194	6
25799	43763	15
25799	44143	2
25799	44479	16
25799	44571	2
25799	44598	8
25799	44945	12
25799	45201	5
25799	45766	2
25799	46606	3
25799	46608	1
25799	47077	10
25799	47249	1
25799	47310	8
25799	48605	2
25799	49095	3
25799	49810	2
25799	49871	4
25799	49979	15
25799	50157	20
25799	50163	2
25799	51999	7
25799	52125	1
25799	52182	14
25799	52196	1
25799	52616	6
25799	53674	9
25799	53696	1
25799	53953	1
25799	54239	1
25799	54248	3
25799	54857	1
25799	54884	2
25799	55157	3
25799	55288	16
25799	55378	3
25799	55415	2
25799	55470	5
25799	55762	7
25799	56088	1
25799	56223	2
25799	56304	4
25799	56540	5
25799	56554	21
25799	56583	23
25799	56936	9
25799	56954	2
25799	57001	3
25799	57325	9
25799	57374	2
25799	57382	9
25799	57587	1
25799	57645	1
25799	57742	1
25799	57822	18
25799	57825	3
25799	57878	3
25799	58401	5
25799	58477	6
25799	59087	19
25799	59418	6
25799	59667	4
25799	59727	3
25799	60025	1
25799	60096	1
25799	60326	7
25799	60894	49
25799	60976	3
25799	61013	3
25799	61585	9
25799	61697	1
25799	62521	17
25799	62563	2
25799	62582	2
25799	62596	1
25799	62605	3
25799	62619	3
25799	62650	2
25799	62696	3
25799	62762	2
25799	62791	1
25799	62799	7
25799	62828	7
25799	62860	10
25799	62898	10
25799	63525	9
25799	63932	5
25799	63933	18
25799	64294	5
25799	64532	1
25799	64552	30
25799	64675	1
25799	64726	1
25799	64744	11
25799	64805	6
25799	65135	3
25799	65150	8
25799	65180	9
25799	65399	1
25799	65477	1
25799	65505	1
25799	65568	10
25799	65588	10
25799	65594	33
25799	65679	13
25799	65757	2
25799	66003	28
25799	66040	1
25799	66266	5
25799	66433	1
25799	66472	4
25799	66504	1
25799	67147	1
25799	67165	4
25799	67189	2
25799	67209	6
25799	67215	1
25799	67260	1
25799	67268	2
25799	67285	4
25799	67308	5
25799	67336	9
25799	67371	8
25799	67422	3
25799	67474	4
25799	67482	1
25799	67653	2
25799	67670	3
25799	67768	5
25799	67980	2
25799	68095	3
26330	26465	4
26330	26485	109
26330	26961	5
26330	27319	15
26330	28668	26
26330	29121	2
26330	29520	4
26330	29621	3
26330	29647	4
26330	29704	13
26330	29835	1
26330	29961	2
26330	30042	1
26330	30477	1
26330	30712	1
26330	31086	1
26330	31114	6
26330	31388	11
26330	31439	4
26330	31714	4
26330	31955	2
26330	32012	6
26330	32502	4
26330	32579	4
26330	32688	6
26330	33156	4
26330	33200	5
26330	33223	2
26330	33271	2
26330	33278	21
26330	33310	4
26330	33357	18
26330	33385	5
26330	33419	4
26330	34077	2
26330	34135	6
26330	34141	1
26330	34159	5
26330	34166	1
26330	34175	2
26330	34186	4
26330	34208	5
26330	34270	3
26330	34296	2
26330	34372	1
26330	34647	2
26330	34894	5
26330	34898	21
26330	34992	1
26330	35067	6
26330	35291	11
26330	35434	114
26330	35713	3
26330	36558	1
26330	36565	116
26330	36698	2
26330	36948	13
26330	37626	10
26330	38329	8
26330	38724	2
26330	38795	2
26330	39051	2
26330	39451	1
26330	40704	11
26330	40722	1
26330	40976	10
26330	42236	1
26330	42528	4
26330	43056	2
26330	43194	16
26330	43763	10
26330	43939	1
26330	44138	1
26330	44143	5
26330	44479	5
26330	44571	1
26330	44598	6
26330	44945	1
26330	45039	2
26330	45201	3
26330	45625	7
26330	45766	13
26330	46138	3
26330	46606	1
26330	46608	5
26330	47077	8
26330	47249	1
26330	47310	3
26330	48605	2
26330	49810	2
26330	49871	3
26330	49979	4
26330	50157	22
26330	50163	6
26330	51999	14
26330	52125	4
26330	52182	12
26330	52196	3
26330	52616	16
26330	53674	5
26330	53953	2
26330	54239	1
26330	54248	9
26330	54857	5
26330	55157	7
26330	55288	25
26330	55378	1
26330	55415	8
26330	55470	4
26330	55762	4
26330	56088	2
26330	56117	3
26330	56223	1
26330	56304	3
26330	56540	9
26330	56554	26
26330	56583	7
26330	56936	4
26330	56954	1
26330	57001	1
26330	57325	4
26330	57382	4
26330	57593	8
26330	57742	13
26330	57822	7
26330	57825	1
26330	57832	4
26330	57878	11
26330	57957	1
26330	58401	1
26330	58477	2
26330	59087	7
26330	59418	3
26330	59727	21
26330	60025	2
26330	60096	2
26330	60326	4
26330	60894	27
26330	60976	3
26330	61013	3
26330	61279	1
26330	61585	21
26330	61697	2
26330	62521	4
26330	62563	1
26330	62596	1
26330	62619	2
26330	62650	2
26330	62696	5
26330	62791	2
26330	62799	2
26330	62828	6
26330	62860	4
26330	62898	3
26330	63525	5
26330	63932	6
26330	63933	15
26330	64552	10
26330	64569	3
26330	64675	1
26330	64726	2
26330	64805	2
26330	65135	3
26330	65150	1
26330	65180	8
26330	65477	2
26330	65568	1
26330	65588	7
26330	65594	11
26330	65623	1
26330	65679	4
26330	65730	1
26330	65757	2
26330	66003	7
26330	66237	3
26330	66266	1
26330	66472	9
26330	67147	1
26330	67165	1
26330	67215	1
26330	67249	5
26330	67285	3
26330	67336	4
26330	67371	1
26330	67474	2
26330	67494	3
26330	67653	1
26330	67670	5
26330	67768	2
26330	67980	8
26330	68095	1
26465	26485	232
26465	26961	8
26465	27162	2
26465	27319	2
26465	27887	13
26465	28137	2
26465	28668	4
26465	29121	3
26465	29520	8
26465	29621	2
26465	29647	1
26465	29704	2
26465	29835	4
26465	29961	9
26465	30042	7
26465	30204	12
26465	30477	13
26465	30712	23
26465	31086	14
26465	31114	14
26465	31279	1
26465	31302	1
26465	31388	26
26465	31439	1
26465	31584	1
26465	31714	87
26465	31955	1
26465	32012	138
26465	32502	3
26465	32511	4
26465	32522	1
26465	32579	5
26465	32688	8
26465	33156	5
26465	33181	1
26465	33200	9
26465	33223	3
26465	33261	13
26465	33271	16
26465	33278	16
26465	33310	7
26465	33340	8
26465	33357	8
26465	33385	1
26465	33419	4
26465	33622	6
26465	34077	11
26465	34090	9
26465	34118	7
26465	34135	4
26465	34141	11
26465	34159	1
26465	34166	11
26465	34175	2
26465	34186	1
26465	34208	1
26465	34247	2
26465	34270	8
26465	34296	1
26465	34322	2
26465	34372	4
26465	34543	1
26465	34647	16
26465	34894	14
26465	34898	31
26465	34992	4
26465	34998	79
26465	35067	16
26465	35291	5
26465	35434	31
26465	35713	1
26465	36126	1
26465	36558	6
26465	36565	140
26465	36698	12
26465	36948	416
26465	37103	3
26465	37626	4
26465	38329	18
26465	38431	1
26465	38724	27
26465	38795	1
26465	38890	7
26465	39051	1
26465	39451	2
26465	40704	43
26465	40722	4
26465	40754	3
26465	40976	12
26465	42528	2
26465	43056	27
26465	43194	180
26465	43763	1
26465	43939	15
26465	44138	40
26465	44143	12
26465	44479	10
26465	44571	10
26465	44598	26
26465	44945	25
26465	45039	57
26465	45201	34
26465	45625	15
26465	46138	1
26465	46606	6
26465	46608	5
26465	47077	24
26465	47249	16
26465	47310	2
26465	48276	4
26465	48605	1
26465	49095	9
26465	49810	49
26465	49979	15
26465	50157	3
26465	50163	79
26465	51999	24
26465	52125	31
26465	52182	58
26465	52196	14
26465	52414	32
26465	52616	3
26465	53674	1
26465	53696	3
26465	53953	16
26465	54239	5
26465	54248	5
26465	54368	2
26465	54857	22
26465	54884	12
26465	55157	16
26465	55288	10
26465	55378	4
26465	55415	3
26465	55470	74
26465	55762	9
26465	56088	3
26465	56117	5
26465	56223	4
26465	56304	5
26465	56540	6
26465	56554	75
26465	56583	1
26465	56936	7
26465	57001	2
26465	57208	4
26465	57325	28
26465	57374	28
26465	57382	22
26465	57587	8
26465	57593	2
26465	57631	4
26465	57645	13
26465	57742	2
26465	57822	27
26465	57825	1
26465	57832	2
26465	57878	2
26465	57957	3
26465	58401	4
26465	58477	16
26465	59087	26
26465	59418	4
26465	59667	5
26465	59727	2
26465	60025	1
26465	60096	1
26465	60326	142
26465	60894	35
26465	60976	115
26465	61013	1
26465	61242	8
26465	61279	1
26465	61697	7
26465	62521	1
26465	62563	16
26465	62582	3
26465	62596	2
26465	62605	7
26465	62619	2
26465	62650	10
26465	62696	8
26465	62762	6
26465	62791	1
26465	62799	4
26465	62828	11
26465	62860	23
26465	62898	6
26465	63525	9
26465	63932	4
26465	63933	6
26465	64231	2
26465	64532	3
26465	64552	19
26465	64610	2
26465	64675	11
26465	64726	6
26465	64744	7
26465	64805	4
26465	65150	4
26465	65180	1
26465	65190	3
26465	65399	10
26465	65477	3
26465	65505	43
26465	65568	5
26465	65588	4
26465	65594	17
26465	65605	3
26465	65623	1
26465	65679	14
26465	65730	41
26465	65757	1
26465	66003	31
26465	66040	2
26465	66237	15
26465	66266	26
26465	66433	1
26465	66504	5
26465	66804	25
26465	67129	4
26465	67147	1
26465	67165	4
26465	67189	10
26465	67209	2
26465	67215	5
26465	67249	5
26465	67260	1
26465	67268	3
26465	67277	4
26465	67285	4
26465	67308	27
26465	67336	14
26465	67371	1
26465	67422	5
26465	67474	2
26465	67482	5
26465	67653	2
26465	67670	3
26465	67768	1
26465	67980	1
26465	68095	6
26485	26961	306
26485	26974	18
26485	27162	34
26485	27319	240
26485	27887	96
26485	28137	99
26485	28668	70
26485	29121	91
26485	29520	575
26485	29621	33
26485	29647	72
26485	29704	195
26485	29835	60
26485	29961	136
26485	30042	119
26485	30204	42
26485	30477	104
26485	30712	275
26485	31086	112
26485	31114	204
26485	31279	74
26485	31302	98
26485	31388	236
26485	31439	129
26485	31584	149
26485	31714	421
26485	31955	140
26485	32012	508
26485	32502	101
26485	32511	24
26485	32522	143
26485	32579	41
26485	32688	282
26485	33156	249
26485	33181	53
26485	33200	224
26485	33223	132
26485	33248	122
26485	33261	67
26485	33271	36
26485	33278	215
26485	33288	32
26485	33310	150
26485	33340	275
26485	33357	258
26485	33385	282
26485	33419	65
26485	33622	89
26485	34077	65
26485	34090	111
26485	34118	148
26485	34135	117
26485	34141	28
26485	34159	88
26485	34166	251
26485	34175	120
26485	34186	84
26485	34208	109
26485	34247	113
26485	34270	252
26485	34296	106
26485	34322	99
26485	34372	73
26485	34543	29
26485	34647	287
26485	34894	151
26485	34898	513
26485	34992	172
26485	34998	300
26485	35067	1191
26485	35291	88
26485	35434	1650
26485	35713	212
26485	36126	151
26485	36558	55
26485	36565	3026
26485	36698	327
26485	36948	1951
26485	37103	64
26485	37626	66
26485	38329	1279
26485	38431	25
26485	38446	55
26485	38724	110
26485	38795	101
26485	38890	89
26485	39051	34
26485	39451	83
26485	40704	931
26485	40722	164
26485	40754	50
26485	40976	417
26485	42236	201
26485	42528	35
26485	43056	808
26485	43194	1638
26485	43763	22
26485	43939	188
26485	44138	329
26485	44143	364
26485	44479	63
26485	44571	70
26485	44598	929
26485	44895	59
26485	44945	98
26485	45039	215
26485	45201	642
26485	45625	74
26485	45766	146
26485	46138	145
26485	46606	281
26485	46608	622
26485	47077	47
26485	47249	78
26485	47310	48
26485	48276	164
26485	48605	29
26485	49095	135
26485	49810	118
26485	49871	39
26485	49979	192
26485	50157	92
26485	50163	166
26485	50245	175
26485	50644	136
26485	51999	1102
26485	52125	57
26485	52182	1633
26485	52196	136
26485	52294	140
26485	52414	98
26485	52616	179
26485	53674	25
26485	53696	58
26485	53953	60
26485	54239	203
26485	54248	1039
26485	54368	126
26485	54857	205
26485	54884	80
26485	55157	303
26485	55288	534
26485	55378	252
26485	55415	272
26485	55470	483
26485	55693	157
26485	55762	239
26485	56088	167
26485	56117	850
26485	56223	141
26485	56304	62
26485	56540	208
26485	56554	2236
26485	56583	43
26485	56936	249
26485	56954	36
26485	57001	61
26485	57208	81
26485	57325	256
26485	57374	108
26485	57382	159
26485	57587	156
26485	57593	85
26485	57631	77
26485	57645	161
26485	57742	109
26485	57822	755
26485	57825	93
26485	57832	112
26485	57878	43
26485	57957	76
26485	58401	116
26485	58477	369
26485	59087	1415
26485	59418	152
26485	59667	218
26485	59727	274
26485	60025	74
26485	60096	108
26485	60326	452
26485	60894	751
26485	60976	309
26485	61013	32
26485	61242	206
26485	61279	146
26485	61585	114
26485	61697	136
26485	62162	139
26485	62521	66
26485	62563	87
26485	62582	186
26485	62596	77
26485	62605	40
26485	62619	131
26485	62650	613
26485	62696	268
26485	62762	117
26485	62791	39
26485	62799	244
26485	62828	242
26485	62860	392
26485	62898	208
26485	63525	370
26485	63932	203
26485	63933	165
26485	64231	120
26485	64294	42
26485	64532	28
26485	64552	306
26485	64569	71
26485	64610	134
26485	64675	83
26485	64726	66
26485	64744	89
26485	64805	36
26485	65135	36
26485	65150	83
26485	65157	123
26485	65180	55
26485	65190	63
26485	65399	148
26485	65477	194
26485	65505	131
26485	65524	74
26485	65568	126
26485	65588	64
26485	65594	167
26485	65605	75
26485	65623	49
26485	65679	138
26485	65730	20
26485	65757	254
26485	66003	636
26485	66040	137
26485	66237	141
26485	66266	277
26485	66351	272
26485	66433	96
26485	66472	35
26485	66504	107
26485	66804	251
26485	67058	119
26485	67129	46
26485	67147	36
26485	67165	254
26485	67189	175
26485	67209	56
26485	67215	103
26485	67249	52
26485	67260	67
26485	67268	51
26485	67277	51
26485	67285	94
26485	67308	181
26485	67336	489
26485	67371	86
26485	67422	65
26485	67474	50
26485	67482	48
26485	67494	38
26485	67653	73
26485	67670	64
26485	67733	24
26485	67768	108
26485	67977	200
26485	67980	229
26485	68095	29
26961	27162	4
26961	27319	7
26961	27887	11
26961	28137	1
26961	28668	3
26961	29121	1
26961	29520	33
26961	29621	2
26961	29647	4
26961	29704	19
26961	29835	5
26961	30042	7
26961	30477	7
26961	30712	18
26961	31086	1
26961	31114	17
26961	31279	1
26961	31302	1
26961	31388	19
26961	31439	5
26961	31584	11
26961	31714	24
26961	31955	4
26961	32012	9
26961	32502	8
26961	32511	3
26961	32522	8
26961	32579	3
26961	32688	7
26961	33156	11
26961	33181	4
26961	33200	18
26961	33223	10
26961	33248	5
26961	33261	11
26961	33271	4
26961	33278	1
26961	33288	4
26961	33310	11
26961	33340	30
26961	33357	14
26961	33385	27
26961	33419	1
26961	33622	3
26961	34077	7
26961	34090	8
26961	34118	13
26961	34135	7
26961	34159	7
26961	34166	16
26961	34175	4
26961	34186	3
26961	34208	14
26961	34247	9
26961	34270	20
26961	34296	5
26961	34322	18
26961	34372	1
26961	34543	1
26961	34647	15
26961	34894	1
26961	34898	10
26961	34992	7
26961	34998	20
26961	35067	46
26961	35291	1
26961	35434	33
26961	35713	11
26961	36126	2
26961	36558	1
26961	36565	68
26961	36698	8
26961	36948	22
26961	37103	1
26961	38329	133
26961	38724	7
26961	38795	1
26961	39451	1
26961	40704	9
26961	40722	2
26961	40754	2
26961	40976	11
26961	42236	9
26961	43056	32
26961	43194	84
26961	43939	2
26961	44138	32
26961	44143	3
26961	44479	3
26961	44571	6
26961	44598	76
26961	44895	30
26961	45039	3
26961	45201	3
26961	45766	8
26961	46138	13
26961	46606	7
26961	46608	20
26961	47077	1
26961	47249	4
26961	48276	17
26961	49810	5
26961	49979	4
26961	50163	2
26961	50245	2
26961	50644	44
26961	51999	76
26961	52125	4
26961	52182	53
26961	52196	16
26961	52294	7
26961	52414	2
26961	52616	6
26961	53674	3
26961	53696	2
26961	53953	1
26961	54239	3
26961	54248	36
26961	54368	8
26961	54857	16
26961	54884	2
26961	55157	1
26961	55288	15
26961	55378	8
26961	55415	4
26961	55470	10
26961	55693	11
26961	56088	3
26961	56117	12
26961	56223	3
26961	56540	5
26961	56554	44
26961	56583	2
26961	56936	22
26961	56954	6
26961	57001	8
26961	57325	5
26961	57382	3
26961	57587	1
26961	57593	3
26961	57631	3
26961	57645	16
26961	57742	9
26961	57822	40
26961	57825	4
26961	57878	4
26961	58401	3
26961	58477	1
26961	59087	84
26961	59418	2
26961	59667	3
26961	59727	4
26961	60096	1
26961	60326	5
26961	60894	13
26961	60976	3
26961	61013	1
26961	61242	3
26961	61279	3
26961	61585	2
26961	62162	5
26961	62521	1
26961	62563	3
26961	62582	34
26961	62596	8
26961	62605	4
26961	62619	10
26961	62650	69
26961	62696	10
26961	62762	12
26961	62791	4
26961	62799	22
26961	62828	14
26961	62860	32
26961	62898	13
26961	63525	7
26961	63932	3
26961	63933	2
26961	64231	1
26961	64294	1
26961	64532	9
26961	64552	13
26961	64569	5
26961	64610	10
26961	64675	2
26961	64726	1
26961	64744	10
26961	64805	1
26961	65135	3
26961	65150	3
26961	65157	12
26961	65180	1
26961	65190	9
26961	65477	12
26961	65505	6
26961	65524	7
26961	65568	2
26961	65588	2
26961	65594	2
26961	65605	1
26961	65623	8
26961	65679	8
26961	65757	47
26961	66003	30
26961	66040	2
26961	66237	1
26961	66266	7
26961	66351	4
26961	66433	2
26961	66504	26
26961	66804	10
26961	67058	8
26961	67129	1
26961	67147	1
26961	67165	19
26961	67189	9
26961	67209	1
26961	67215	6
26961	67249	3
26961	67260	4
26961	67268	2
26961	67277	5
26961	67285	8
26961	67308	12
26961	67336	20
26961	67371	8
26961	67422	5
26961	67474	1
26961	67482	1
26961	67494	7
26961	67653	1
26961	67670	3
26961	67768	2
26961	67977	1
26961	67980	7
26961	68095	4
26974	29621	12
26974	29647	25
26974	29704	416
26974	31086	1
26974	32502	7
26974	32511	23
26974	32579	3
26974	33181	5
26974	33200	1
26974	33223	1
26974	33310	3
26974	33340	3
26974	33357	81
26974	33385	9
26974	34077	2
26974	34118	7
26974	34141	9
26974	34159	1
26974	34175	19
26974	34186	20
26974	34208	4
26974	34247	4
26974	34270	9
26974	34296	14
26974	34543	1
26974	34898	59
26974	34998	1
26974	35434	1
26974	36565	1
26974	37103	4
26974	38431	180
26974	38446	2
26974	38890	1
26974	39051	4
26974	39451	2
26974	40704	2
26974	43194	9
26974	43763	6
26974	43939	1
26974	47310	11
26974	48605	12
26974	49095	11
26974	50157	5
26974	55157	1
26974	56554	4
26974	56583	12
26974	56936	5
26974	56954	2
26974	57001	3
26974	57587	17
26974	57825	3
26974	58401	1
26974	58477	1
26974	59087	1
26974	59418	1
26974	60326	3
26974	61013	16
26974	61242	1
26974	61697	1
26974	62521	18
26974	62582	6
26974	62596	1
26974	62605	4
26974	62650	20
26974	62696	1
26974	62828	2
26974	62860	5
26974	62898	2
26974	63933	2
26974	64294	4
26974	64532	50
26974	64552	50
26974	64569	3
26974	64744	10
26974	65135	1
26974	65157	4
26974	65180	2
26974	65477	21
26974	65568	7
26974	65594	33
26974	65679	23
26974	65730	3
26974	66433	1
26974	66472	22
26974	67189	2
26974	67209	7
26974	67249	6
26974	67268	1
26974	67285	3
26974	67308	2
26974	67371	1
26974	67653	3
26974	67733	8
26974	67768	28
27162	28137	2
27162	29520	4
27162	29621	2
27162	29647	7
27162	29704	12
27162	29835	5
27162	30042	2
27162	30204	1
27162	30477	1
27162	31114	1
27162	31279	2
27162	31388	2
27162	31584	1
27162	32012	16
27162	32502	2
27162	32511	6
27162	32579	1
27162	33156	5
27162	33181	1
27162	33200	7
27162	33223	8
27162	33248	8
27162	33261	7
27162	33271	7
27162	33278	1
27162	33288	2
27162	33310	4
27162	33340	8
27162	33357	13
27162	33385	11
27162	33419	5
27162	34077	4
27162	34090	4
27162	34118	3
27162	34135	6
27162	34141	5
27162	34159	6
27162	34166	2
27162	34175	4
27162	34186	12
27162	34208	3
27162	34247	4
27162	34270	12
27162	34296	10
27162	34543	3
27162	34894	11
27162	34898	35
27162	34998	3
27162	35067	3
27162	35434	7
27162	36558	2
27162	36565	13
27162	36948	11
27162	37103	2
27162	38329	3
27162	38724	1
27162	39451	1
27162	40704	5
27162	40754	1
27162	40976	3
27162	42236	1
27162	43194	3
27162	43763	4
27162	44143	1
27162	44479	1
27162	44598	3
27162	44945	3
27162	45039	2
27162	45201	1
27162	46138	1
27162	47249	1
27162	47310	7
27162	48605	5
27162	49095	2
27162	49871	3
27162	49979	1
27162	50163	12
27162	50644	1
27162	51999	5
27162	52125	4
27162	52182	8
27162	52414	3
27162	53674	1
27162	53696	3
27162	53953	4
27162	54248	1
27162	54368	1
27162	54884	4
27162	55157	1
27162	55378	3
27162	55470	7
27162	56117	1
27162	56223	2
27162	56554	12
27162	56583	5
27162	56936	8
27162	56954	3
27162	57001	2
27162	57325	3
27162	57374	2
27162	57631	1
27162	57645	2
27162	57822	5
27162	57825	2
27162	57878	7
27162	57957	1
27162	58401	1
27162	58477	5
27162	59087	3
27162	59418	1
27162	59667	1
27162	60025	2
27162	60326	6
27162	60894	1
27162	60976	7
27162	61013	5
27162	61585	1
27162	62521	23
27162	62563	6
27162	62582	2
27162	62596	1
27162	62605	3
27162	62619	7
27162	62650	18
27162	62696	1
27162	62762	6
27162	62791	2
27162	62799	5
27162	62828	4
27162	62860	10
27162	62898	5
27162	64231	1
27162	64294	1
27162	64532	1
27162	64552	17
27162	64569	1
27162	64610	1
27162	64744	2
27162	64805	10
27162	65135	1
27162	65150	1
27162	65157	1
27162	65180	9
27162	65190	2
27162	65399	1
27162	65477	14
27162	65505	1
27162	65524	2
27162	65568	10
27162	65588	2
27162	65594	17
27162	65605	5
27162	65679	21
27162	65730	19
27162	65757	8
27162	66003	2
27162	66040	5
27162	66266	2
27162	66433	2
27162	66472	6
27162	66504	1
27162	67129	6
27162	67147	1
27162	67165	16
27162	67189	1
27162	67209	3
27162	67215	2
27162	67249	5
27162	67268	2
27162	67277	9
27162	67285	9
27162	67308	27
27162	67336	12
27162	67371	11
27162	67422	9
27162	67482	1
27162	67494	1
27162	67653	2
27162	67670	3
27162	67733	21
27162	67768	2
27162	67977	1
27162	68095	2
27319	27887	4
27319	28668	13
27319	29121	2
27319	29520	13
27319	29621	1
27319	29647	2
27319	29961	1
27319	30204	1
27319	30477	3
27319	30712	10
27319	31086	3
27319	31114	17
27319	31302	1
27319	31584	4
27319	31955	2
27319	32012	1
27319	32522	11
27319	32579	2
27319	32688	13
27319	33156	39
27319	33181	1
27319	33200	7
27319	33223	4
27319	33248	6
27319	33261	2
27319	33278	12
27319	33310	4
27319	33340	26
27319	33357	16
27319	33385	19
27319	33419	5
27319	34090	13
27319	34118	6
27319	34135	6
27319	34159	1
27319	34166	10
27319	34175	3
27319	34186	1
27319	34208	3
27319	34247	2
27319	34270	8
27319	34296	4
27319	34322	1
27319	34647	3
27319	34894	2
27319	34898	6
27319	34992	6
27319	34998	3
27319	35067	22
27319	35291	5
27319	35434	64
27319	35713	5
27319	36126	12
27319	36558	2
27319	36565	75
27319	36948	18
27319	38329	20
27319	38724	2
27319	38795	2
27319	38890	2
27319	39051	1
27319	40704	12
27319	40722	2
27319	40976	11
27319	42236	4
27319	43056	2
27319	43194	19
27319	43763	6
27319	43939	1
27319	44138	5
27319	44143	7
27319	44571	1
27319	44598	32
27319	44895	24
27319	45039	3
27319	45201	11
27319	45625	2
27319	45766	5
27319	46138	23
27319	46606	10
27319	46608	10
27319	48276	1
27319	49810	2
27319	49979	2
27319	50157	28
27319	50163	1
27319	50644	4
27319	51999	25
27319	52182	33
27319	52414	1
27319	52616	4
27319	53674	3
27319	53696	3
27319	54248	38
27319	54368	2
27319	54857	1
27319	55157	2
27319	55288	8
27319	55378	8
27319	55415	1
27319	55470	13
27319	55693	4
27319	55762	1
27319	56088	3
27319	56117	26
27319	56223	5
27319	56304	1
27319	56540	8
27319	56554	52
27319	56936	5
27319	57001	1
27319	57208	2
27319	57325	2
27319	57374	2
27319	57593	2
27319	57645	2
27319	57822	7
27319	57832	2
27319	57878	1
27319	57957	1
27319	58477	2
27319	59087	31
27319	59418	2
27319	59667	5
27319	59727	37
27319	60096	1
27319	60326	4
27319	60894	21
27319	60976	5
27319	61242	1
27319	61279	1
27319	61585	26
27319	61697	1
27319	62162	2
27319	62563	1
27319	62582	7
27319	62596	2
27319	62605	1
27319	62619	9
27319	62650	71
27319	62696	24
27319	62762	9
27319	62791	2
27319	62799	8
27319	62828	25
27319	62860	22
27319	62898	17
27319	63525	6
27319	63932	5
27319	64231	1
27319	64532	5
27319	64552	3
27319	64569	4
27319	64610	19
27319	64675	2
27319	64726	1
27319	64744	9
27319	65135	1
27319	65150	1
27319	65157	16
27319	65180	7
27319	65190	2
27319	65477	23
27319	65505	1
27319	65524	3
27319	65568	5
27319	65588	5
27319	65594	1
27319	65605	1
27319	65623	5
27319	65679	9
27319	65757	31
27319	66003	5
27319	66040	2
27319	66237	1
27319	66266	6
27319	66351	7
27319	66433	4
27319	66472	1
27319	66504	16
27319	67058	3
27319	67129	2
27319	67165	21
27319	67189	7
27319	67209	5
27319	67215	4
27319	67249	2
27319	67260	3
27319	67268	3
27319	67277	3
27319	67285	5
27319	67308	7
27319	67336	29
27319	67371	3
27319	67422	6
27319	67494	3
27319	67768	1
27319	67977	13
27887	28137	1
27887	29520	11
27887	29835	1
27887	30042	6
27887	30477	2
27887	30712	9
27887	31302	2
27887	31388	33
27887	31439	5
27887	31714	53
27887	31955	5
27887	32012	9
27887	33156	3
27887	33181	1
27887	33200	3
27887	33223	1
27887	33248	2
27887	33271	4
27887	33278	1
27887	33288	1
27887	33310	2
27887	33340	6
27887	33357	1
27887	33385	1
27887	33622	3
27887	34077	1
27887	34090	1
27887	34135	1
27887	34159	1
27887	34166	1
27887	34186	1
27887	34208	2
27887	34270	5
27887	34322	8
27887	34647	19
27887	34898	1
27887	34998	33
27887	35067	16
27887	35434	5
27887	35713	8
27887	36126	1
27887	36558	1
27887	36565	48
27887	36698	10
27887	36948	38
27887	37103	1
27887	38329	8
27887	38724	6
27887	38890	1
27887	40704	9
27887	40722	1
27887	40976	3
27887	42236	3
27887	43056	21
27887	43194	152
27887	43939	2
27887	44138	50
27887	44143	2
27887	44479	1
27887	44571	18
27887	44598	8
27887	44945	1
27887	45039	8
27887	45201	6
27887	45625	8
27887	46138	4
27887	46608	4
27887	47249	22
27887	48276	27
27887	49095	1
27887	49810	4
27887	49979	1
27887	50163	14
27887	51999	8
27887	52125	4
27887	52182	22
27887	52196	11
27887	52294	2
27887	52414	4
27887	52616	1
27887	53953	1
27887	54239	3
27887	54248	6
27887	54368	1
27887	54857	49
27887	55157	1
27887	55288	2
27887	55378	8
27887	55470	25
27887	55762	1
27887	56117	3
27887	56223	1
27887	56540	3
27887	56554	16
27887	57325	10
27887	57382	1
27887	57593	1
27887	57631	3
27887	57645	5
27887	57822	13
27887	57825	2
27887	57878	1
27887	58401	1
27887	58477	2
27887	59087	13
27887	59667	4
27887	59727	2
27887	60326	20
27887	60894	7
27887	60976	7
27887	61242	3
27887	61279	1
27887	62563	1
27887	62582	1
27887	62650	2
27887	62696	3
27887	62828	10
27887	62860	4
27887	63525	3
27887	63932	1
27887	64552	3
27887	64569	1
27887	64675	1
27887	64726	1
27887	65477	2
27887	65505	13
27887	65524	2
27887	65568	2
27887	65623	2
27887	66003	1
27887	66237	4
27887	66266	3
27887	66351	1
27887	66504	2
27887	66804	2
27887	67129	1
27887	67189	3
27887	67209	1
27887	67215	1
27887	67336	3
27887	67670	9
28137	29520	1
28137	29704	5
28137	29835	7
28137	29961	1
28137	30042	3
28137	30204	1
28137	31086	69
28137	31279	4
28137	31302	5
28137	32012	42
28137	33200	1
28137	33261	5
28137	33340	2
28137	33357	3
28137	33385	1
28137	33419	1
28137	34077	2
28137	34090	3
28137	34135	1
28137	34141	4
28137	34166	1
28137	34175	2
28137	34186	1
28137	34247	3
28137	34543	2
28137	34647	5
28137	34894	1
28137	34898	12
28137	34998	3
28137	35067	3
28137	35434	4
28137	35713	4
28137	36558	1
28137	36565	26
28137	36948	61
28137	38446	1
28137	38890	52
28137	39451	3
28137	40704	54
28137	40754	1
28137	40976	35
28137	42528	2
28137	43056	1
28137	43194	17
28137	43939	3
28137	44143	1
28137	44598	3
28137	44945	1
28137	45039	3
28137	45201	9
28137	47249	1
28137	49095	4
28137	49979	1
28137	50163	13
28137	52125	4
28137	52182	2
28137	52294	1
28137	53674	1
28137	53953	3
28137	54248	11
28137	54857	1
28137	55157	2
28137	55288	2
28137	55378	3
28137	55415	1
28137	55470	9
28137	55762	1
28137	56223	2
28137	56304	5
28137	56554	28
28137	56936	1
28137	56954	1
28137	57001	1
28137	57208	16
28137	57325	13
28137	57374	2
28137	57587	2
28137	57742	1
28137	57822	40
28137	57825	1
28137	57957	31
28137	58401	20
28137	59087	3
28137	59418	3
28137	59667	9
28137	60025	6
28137	60096	3
28137	60326	18
28137	60894	3
28137	60976	2
28137	61013	1
28137	61242	3
28137	62521	3
28137	62605	1
28137	62650	1
28137	62762	1
28137	62799	1
28137	62828	1
28137	62860	2
28137	62898	4
28137	63933	2
28137	64532	1
28137	64552	4
28137	64726	1
28137	64805	1
28137	65135	1
28137	65399	1
28137	65477	1
28137	65505	1
28137	65568	3
28137	65594	5
28137	65605	1
28137	65679	3
28137	65730	19
28137	66003	7
28137	66266	1
28137	66351	1
28137	66433	1
28137	66504	1
28137	66804	1
28137	67058	1
28137	67165	1
28137	67277	1
28137	67285	11
28137	67308	10
28137	67422	2
28137	67482	1
28137	67653	1
28137	67768	1
28137	68095	1
28668	29520	3
28668	29621	2
28668	29647	1
28668	29961	1
28668	30042	1
28668	30477	6
28668	30712	5
28668	31114	12
28668	31302	1
28668	31388	1
28668	31955	1
28668	32012	5
28668	32502	6
28668	32522	1
28668	32688	6
28668	33156	1
28668	33181	2
28668	33200	7
28668	33223	2
28668	33248	2
28668	33278	21
28668	33310	4
28668	33357	13
28668	33385	1
28668	34090	3
28668	34118	1
28668	34135	3
28668	34159	3
28668	34208	1
28668	34247	2
28668	34270	1
28668	34296	2
28668	34894	2
28668	34898	1
28668	34992	2
28668	35067	4
28668	35291	1
28668	35434	89
28668	36565	120
28668	36698	1
28668	36948	15
28668	37626	1
28668	38329	5
28668	38724	2
28668	38795	1
28668	38890	1
28668	39051	2
28668	39451	2
28668	40704	2
28668	40754	1
28668	40976	2
28668	42236	1
28668	43056	1
28668	43763	5
28668	43939	1
28668	44143	2
28668	44571	1
28668	44598	4
28668	44895	2
28668	45039	1
28668	45201	2
28668	46138	4
28668	46606	3
28668	46608	3
28668	47077	6
28668	49095	2
28668	49871	1
28668	49979	3
28668	50157	9
28668	51999	14
28668	52182	20
28668	52616	5
28668	53674	5
28668	53696	1
28668	54239	5
28668	54248	1
28668	55157	1
28668	55288	16
28668	55378	3
28668	55415	3
28668	55470	3
28668	56117	5
28668	56223	1
28668	56540	8
28668	56554	53
28668	56936	5
28668	57208	1
28668	57325	1
28668	57374	1
28668	57382	11
28668	57822	6
28668	57825	1
28668	57832	9
28668	57878	1
28668	58477	2
28668	59087	7
28668	59727	7
28668	60326	3
28668	60894	46
28668	60976	6
28668	61279	1
28668	61585	59
28668	61697	2
28668	62596	1
28668	62605	2
28668	62619	1
28668	62650	6
28668	62696	4
28668	62762	1
28668	62791	1
28668	62799	5
28668	62828	6
28668	62860	3
28668	62898	1
28668	63525	5
28668	63932	3
28668	64532	2
28668	64552	4
28668	64726	1
28668	65150	1
28668	65180	4
28668	65477	1
28668	65588	10
28668	65757	2
28668	66003	19
28668	66266	1
28668	66351	1
28668	66433	3
28668	66472	2
28668	66504	1
28668	67147	1
28668	67189	1
28668	67215	3
28668	67277	1
28668	67285	3
28668	67336	6
28668	67371	1
28668	67422	2
28668	67482	2
28668	67653	1
28668	67980	4
29121	29520	5
29121	29961	2
29121	30042	1
29121	30204	3
29121	30477	2
29121	30712	3
29121	31086	1
29121	31114	3
29121	31279	1
29121	31302	3
29121	31388	4
29121	31439	4
29121	31584	1
29121	31714	8
29121	31955	2
29121	32012	12
29121	32522	1
29121	32688	3
29121	33156	8
29121	33200	5
29121	33223	4
29121	33248	2
29121	33261	1
29121	33271	2
29121	33278	3
29121	33288	1
29121	33310	2
29121	33340	3
29121	33357	4
29121	33385	4
29121	33419	1
29121	33622	3
29121	34077	3
29121	34090	2
29121	34135	2
29121	34141	4
29121	34159	1
29121	34166	2
29121	34175	1
29121	34208	1
29121	34247	1
29121	34270	1
29121	34296	5
29121	34322	2
29121	34647	13
29121	34898	2
29121	34992	1
29121	34998	5
29121	35067	15
29121	35434	16
29121	35713	1
29121	36126	4
29121	36558	1
29121	36565	33
29121	36698	2
29121	36948	40
29121	37103	1
29121	37626	1
29121	38329	17
29121	38724	1
29121	38890	1
29121	39051	1
29121	39451	1
29121	40704	10
29121	40722	1
29121	40754	1
29121	40976	2
29121	42236	6
29121	43056	15
29121	43194	43
29121	43939	2
29121	44138	14
29121	44143	11
29121	44571	6
29121	44598	10
29121	45039	9
29121	45201	3
29121	45625	3
29121	46138	1
29121	46606	1
29121	46608	3
29121	48276	20
29121	49095	1
29121	49810	1
29121	49979	10
29121	50163	6
29121	50644	2
29121	51999	17
29121	52125	5
29121	52182	13
29121	52196	2
29121	52294	2
29121	52414	4
29121	52616	4
29121	53953	5
29121	54239	2
29121	54248	14
29121	54368	1
29121	54857	3
29121	54884	2
29121	55157	1
29121	55288	1
29121	55378	4
29121	55470	12
29121	55693	2
29121	55762	1
29121	56088	3
29121	56117	11
29121	56223	1
29121	56540	4
29121	56554	26
29121	56936	5
29121	57001	1
29121	57208	1
29121	57325	2
29121	57374	7
29121	57587	8
29121	57593	2
29121	57631	1
29121	57645	2
29121	57742	2
29121	57822	17
29121	57832	1
29121	57957	1
29121	58401	1
29121	58477	11
29121	59087	17
29121	59418	2
29121	59667	3
29121	59727	5
29121	60025	1
29121	60096	2
29121	60326	6
29121	60894	10
29121	60976	12
29121	61242	3
29121	61279	3
29121	61585	1
29121	61697	4
29121	62162	5
29121	62563	3
29121	62582	3
29121	62596	1
29121	62605	2
29121	62619	1
29121	62650	11
29121	62696	8
29121	62762	8
29121	62799	4
29121	62828	3
29121	62860	6
29121	62898	4
29121	63525	3
29121	63932	3
29121	64231	8
29121	64552	6
29121	64569	3
29121	64610	2
29121	64744	1
29121	64805	1
29121	65180	2
29121	65190	1
29121	65399	3
29121	65477	4
29121	65505	2
29121	65524	1
29121	65568	4
29121	65605	1
29121	65623	1
29121	65679	2
29121	65730	1
29121	65757	10
29121	66003	14
29121	66040	6
29121	66237	3
29121	66266	2
29121	66351	2
29121	66433	1
29121	66472	1
29121	66804	13
29121	67058	1
29121	67129	3
29121	67147	2
29121	67165	5
29121	67189	4
29121	67260	2
29121	67268	1
29121	67285	2
29121	67308	4
29121	67336	9
29121	67371	1
29121	67422	1
29121	67494	1
29121	67653	1
29121	67768	1
29121	67977	1
29121	67980	2
29121	68095	2
29520	29621	2
29520	29647	2
29520	29704	1
29520	29961	4
29520	30042	4
29520	30477	7
29520	30712	18
29520	31086	8
29520	31114	13
29520	31279	1
29520	31302	17
29520	31388	22
29520	31439	8
29520	31584	13
29520	31714	27
29520	31955	15
29520	32012	10
29520	32502	1
29520	32522	9
29520	32579	1
29520	32688	21
29520	33156	18
29520	33181	3
29520	33200	17
29520	33223	7
29520	33248	6
29520	33261	3
29520	33271	3
29520	33278	15
29520	33288	2
29520	33310	3
29520	33340	31
29520	33357	11
29520	33385	13
29520	33622	9
29520	34077	1
29520	34090	9
29520	34118	4
29520	34135	4
29520	34141	1
29520	34159	6
29520	34166	10
29520	34175	7
29520	34186	1
29520	34208	11
29520	34247	6
29520	34270	15
29520	34296	1
29520	34322	12
29520	34372	2
29520	34647	34
29520	34894	2
29520	34898	13
29520	34992	13
29520	34998	17
29520	35067	85
29520	35291	1
29520	35434	95
29520	35713	33
29520	36126	21
29520	36558	1
29520	36565	138
29520	36698	13
29520	36948	73
29520	37103	5
29520	37626	3
29520	38329	161
29520	38446	1
29520	38724	6
29520	38795	4
29520	38890	7
29520	39451	2
29520	40704	47
29520	40722	8
29520	40754	2
29520	40976	29
29520	42236	13
29520	43056	114
29520	43194	138
29520	43939	2
29520	44138	40
29520	44143	14
29520	44479	1
29520	44571	6
29520	44598	89
29520	44945	2
29520	45039	8
29520	45201	50
29520	45625	3
29520	45766	16
29520	46138	10
29520	46606	6
29520	46608	34
29520	47077	2
29520	47249	7
29520	47310	1
29520	48276	22
29520	48605	2
29520	49095	3
29520	49810	2
29520	49979	10
29520	50157	1
29520	50163	6
29520	50245	4
29520	50644	15
29520	51999	70
29520	52182	115
29520	52196	10
29520	52294	10
29520	52414	2
29520	52616	7
29520	53696	3
29520	53953	1
29520	54239	21
29520	54248	67
29520	54368	14
29520	54857	24
29520	54884	2
29520	55157	10
29520	55288	61
29520	55378	19
29520	55415	26
29520	55470	21
29520	55693	15
29520	55762	15
29520	56088	12
29520	56117	34
29520	56223	7
29520	56304	3
29520	56540	16
29520	56554	99
29520	56583	2
29520	56936	13
29520	56954	2
29520	57001	1
29520	57208	12
29520	57325	7
29520	57374	4
29520	57587	1
29520	57593	5
29520	57631	5
29520	57645	11
29520	57742	2
29520	57822	58
29520	57825	1
29520	57832	7
29520	57878	6
29520	57957	3
29520	58401	1
29520	58477	21
29520	59087	93
29520	59418	7
29520	59667	11
29520	59727	9
29520	60025	3
29520	60096	5
29520	60326	13
29520	60894	25
29520	60976	3
29520	61242	4
29520	61279	1
29520	61585	3
29520	61697	3
29520	62162	17
29520	62563	1
29520	62582	13
29520	62596	6
29520	62605	2
29520	62619	4
29520	62650	46
29520	62696	24
29520	62762	6
29520	62791	2
29520	62799	12
29520	62828	9
29520	62860	32
29520	62898	15
29520	63525	21
29520	63932	12
29520	63933	5
29520	64231	6
29520	64294	2
29520	64552	9
29520	64569	2
29520	64610	8
29520	64675	1
29520	64726	3
29520	64744	6
29520	64805	2
29520	65135	4
29520	65150	3
29520	65157	12
29520	65180	4
29520	65190	9
29520	65399	1
29520	65477	7
29520	65505	3
29520	65524	5
29520	65568	8
29520	65588	2
29520	65594	2
29520	65605	3
29520	65623	1
29520	65679	4
29520	65757	18
29520	66003	37
29520	66040	9
29520	66237	12
29520	66266	17
29520	66351	38
29520	66433	5
29520	66472	4
29520	66504	9
29520	66804	5
29520	67058	5
29520	67129	1
29520	67147	1
29520	67165	13
29520	67189	10
29520	67209	1
29520	67215	10
29520	67249	1
29520	67260	2
29520	67268	4
29520	67277	4
29520	67285	7
29520	67308	8
29520	67336	29
29520	67371	6
29520	67422	2
29520	67474	2
29520	67482	1
29520	67494	3
29520	67653	1
29520	67670	6
29520	67733	1
29520	67768	3
29520	67977	16
29520	67980	11
29520	68095	1
29621	29647	3
29621	29704	142
29621	30042	4
29621	30204	1
29621	30477	8
29621	31114	1
29621	31388	1
29621	32012	2
29621	32502	3
29621	32511	11
29621	32579	8
29621	32688	3
29621	33156	3
29621	33181	1
29621	33200	6
29621	33223	4
29621	33248	4
29621	33261	1
29621	33278	2
29621	33288	3
29621	33310	7
29621	33340	5
29621	33357	10
29621	33385	22
29621	33419	7
29621	34077	3
29621	34118	4
29621	34135	2
29621	34166	2
29621	34175	14
29621	34186	9
29621	34208	1
29621	34247	4
29621	34270	9
29621	34296	6
29621	34322	1
29621	34543	7
29621	34894	11
29621	34898	42
29621	34998	1
29621	35067	4
29621	35434	3
29621	36558	2
29621	36565	12
29621	36948	6
29621	37626	1
29621	38329	2
29621	38431	11
29621	39051	2
29621	40704	2
29621	40722	3
29621	40976	1
29621	42236	1
29621	42528	1
29621	43056	1
29621	43194	3
29621	43763	2
29621	43939	3
29621	44143	2
29621	44479	1
29621	44598	1
29621	45201	1
29621	46606	2
29621	47310	14
29621	48605	8
29621	49095	4
29621	49871	8
29621	50157	7
29621	50644	1
29621	51999	7
29621	52182	3
29621	52616	2
29621	53674	1
29621	53696	3
29621	54248	4
29621	54884	2
29621	55288	2
29621	55378	3
29621	55470	5
29621	56223	1
29621	56304	2
29621	56540	1
29621	56554	9
29621	56583	8
29621	56936	3
29621	56954	5
29621	57001	4
29621	57208	1
29621	57325	2
29621	57374	2
29621	57382	7
29621	57822	1
29621	57825	1
29621	57878	2
29621	58401	2
29621	58477	1
29621	59087	4
29621	60326	2
29621	60894	5
29621	60976	3
29621	61013	1
29621	61242	3
29621	61585	1
29621	61697	1
29621	62521	12
29621	62596	9
29621	62605	4
29621	62619	6
29621	62650	10
29621	62696	3
29621	62762	4
29621	62791	1
29621	62799	3
29621	62828	8
29621	62860	7
29621	62898	6
29621	63933	16
29621	64294	10
29621	64532	5
29621	64552	26
29621	64610	3
29621	64744	1
29621	64805	11
29621	65135	5
29621	65150	1
29621	65157	3
29621	65180	1
29621	65190	1
29621	65477	8
29621	65505	1
29621	65524	3
29621	65568	2
29621	65588	2
29621	65594	24
29621	65605	5
29621	65623	2
29621	65679	9
29621	66003	6
29621	66040	1
29621	66266	2
29621	66433	1
29621	66472	8
29621	66504	2
29621	67058	3
29621	67129	1
29621	67147	5
29621	67165	7
29621	67189	6
29621	67209	4
29621	67215	5
29621	67249	1
29621	67268	1
29621	67277	1
29621	67285	2
29621	67308	5
29621	67336	12
29621	67371	2
29621	67422	3
29621	67474	1
29621	67482	1
29621	67494	2
29621	67670	1
29621	67733	4
29621	67768	7
29621	67977	2
29621	68095	2
29647	29704	124
29647	29835	3
29647	29961	4
29647	30042	4
29647	30204	1
29647	30477	1
29647	30712	1
29647	31086	2
29647	31114	6
29647	31279	8
29647	31302	1
29647	31714	1
29647	32012	1
29647	32502	4
29647	32511	22
29647	32579	2
29647	32688	1
29647	33156	4
29647	33181	3
29647	33200	10
29647	33223	11
29647	33248	6
29647	33261	2
29647	33271	1
29647	33278	3
29647	33288	3
29647	33310	7
29647	33340	7
29647	33357	15
29647	33385	13
29647	33419	3
29647	34077	1
29647	34118	6
29647	34135	7
29647	34141	13
29647	34159	10
29647	34166	7
29647	34175	42
29647	34186	17
29647	34208	4
29647	34247	8
29647	34270	18
29647	34296	19
29647	34372	2
29647	34543	8
29647	34894	19
29647	34898	59
29647	34992	1
29647	35067	5
29647	35291	2
29647	35434	13
29647	36558	5
29647	36565	21
29647	36698	2
29647	36948	5
29647	37103	2
29647	37626	4
29647	38329	6
29647	38431	13
29647	38446	5
29647	38795	2
29647	38890	3
29647	39051	1
29647	39451	5
29647	40704	34
29647	40754	3
29647	40976	2
29647	42236	1
29647	42528	3
29647	43194	2
29647	43763	9
29647	43939	5
29647	44598	10
29647	44895	16
29647	45039	1
29647	45201	8
29647	46606	1
29647	46608	3
29647	47077	6
29647	47310	13
29647	48605	6
29647	49095	19
29647	49810	1
29647	49871	4
29647	49979	1
29647	50157	9
29647	51999	12
29647	52182	11
29647	52294	1
29647	52616	2
29647	53674	3
29647	53696	5
29647	54239	1
29647	54248	6
29647	54368	1
29647	54884	4
29647	55157	7
29647	55415	1
29647	55470	3
29647	56117	3
29647	56223	3
29647	56304	3
29647	56554	10
29647	56583	1
29647	56936	14
29647	56954	6
29647	57001	3
29647	57208	1
29647	57325	4
29647	57382	1
29647	57587	21
29647	57593	3
29647	57742	12
29647	57822	14
29647	57825	2
29647	57878	5
29647	57957	1
29647	58401	21
29647	58477	5
29647	59087	7
29647	59418	8
29647	59667	2
29647	59727	1
29647	60025	6
29647	60326	4
29647	60894	3
29647	60976	4
29647	61013	7
29647	61242	5
29647	61279	1
29647	61697	5
29647	62521	23
29647	62563	8
29647	62582	4
29647	62596	1
29647	62605	8
29647	62619	9
29647	62650	35
29647	62696	5
29647	62762	6
29647	62791	1
29647	62799	2
29647	62828	9
29647	62860	12
29647	62898	21
29647	63933	18
29647	64294	10
29647	64532	8
29647	64552	46
29647	64569	2
29647	64744	1
29647	64805	10
29647	65135	4
29647	65150	1
29647	65157	3
29647	65180	12
29647	65190	2
29647	65399	8
29647	65477	20
29647	65568	8
29647	65588	1
29647	65594	53
29647	65605	3
29647	65623	5
29647	65679	36
29647	65730	3
29647	65757	1
29647	66003	3
29647	66266	3
29647	66433	8
29647	66472	10
29647	66504	2
29647	66804	10
29647	67058	1
29647	67129	2
29647	67147	3
29647	67165	12
29647	67189	3
29647	67209	4
29647	67215	2
29647	67249	8
29647	67260	2
29647	67268	6
29647	67277	7
29647	67285	5
29647	67308	12
29647	67336	9
29647	67371	10
29647	67494	3
29647	67653	12
29647	67670	1
29647	67733	19
29647	67768	16
29647	67977	4
29647	67980	3
29704	29835	29
29704	29961	2
29704	30042	56
29704	30477	11
29704	30712	3
29704	31086	9
29704	31114	9
29704	31279	20
29704	31388	2
29704	31714	1
29704	31955	3
29704	32012	4
29704	32502	32
29704	32511	86
29704	32579	133
29704	32688	1
29704	33156	12
29704	33181	14
29704	33200	37
29704	33223	30
29704	33248	13
29704	33261	5
29704	33278	2
29704	33288	13
29704	33310	39
29704	33340	79
29704	33357	189
29704	33385	160
29704	33419	18
29704	33622	1
29704	34077	28
29704	34090	2
29704	34118	22
29704	34135	23
29704	34141	96
29704	34159	7
29704	34166	33
29704	34175	322
29704	34186	240
29704	34208	18
29704	34247	32
29704	34270	216
29704	34296	100
29704	34372	1
29704	34543	66
29704	34647	1
29704	34894	321
29704	34898	737
29704	34998	27
29704	35067	7
29704	35291	2
29704	35434	29
29704	36126	1
29704	36558	6
29704	36565	61
29704	36698	5
29704	36948	48
29704	37103	13
29704	37626	6
29704	38329	16
29704	38431	325
29704	38446	3
29704	38724	2
29704	38795	1
29704	38890	1
29704	39051	16
29704	39451	19
29704	40704	49
29704	40754	12
29704	40976	7
29704	42236	1
29704	42528	2
29704	43056	7
29704	43194	15
29704	43763	36
29704	43939	1
29704	44138	1
29704	44143	3
29704	44479	5
29704	44598	18
29704	45039	2
29704	45201	14
29704	45625	3
29704	45766	6
29704	46138	3
29704	46606	1
29704	46608	2
29704	47077	16
29704	47249	1
29704	47310	192
29704	48276	7
29704	48605	92
29704	49095	117
29704	49810	4
29704	49871	31
29704	49979	7
29704	50157	47
29704	50163	4
29704	50644	2
29704	51999	18
29704	52182	26
29704	52414	3
29704	52616	6
29704	53674	23
29704	53696	42
29704	54248	1
29704	54368	4
29704	54857	6
29704	54884	8
29704	55157	10
29704	55288	6
29704	55378	1
29704	55415	6
29704	55470	13
29704	56117	1
29704	56223	8
29704	56304	3
29704	56540	1
29704	56554	59
29704	56583	75
29704	56936	65
29704	56954	16
29704	57001	31
29704	57325	12
29704	57374	2
29704	57382	57
29704	57587	61
29704	57593	3
29704	57631	13
29704	57742	4
29704	57822	13
29704	57825	31
29704	57832	1
29704	57878	20
29704	57957	6
29704	58401	55
29704	58477	31
29704	59087	10
29704	59418	1
29704	59667	10
29704	59727	2
29704	60025	11
29704	60096	2
29704	60326	5
29704	60894	5
29704	60976	8
29704	61013	51
29704	61242	1
29704	61279	4
29704	61585	2
29704	61697	1
29704	62521	212
29704	62563	20
29704	62582	19
29704	62596	38
29704	62605	102
29704	62619	128
29704	62650	102
29704	62696	38
29704	62762	35
29704	62791	14
29704	62799	43
29704	62828	67
29704	62860	39
29704	62898	37
29704	63525	8
29704	63932	4
29704	63933	166
29704	64294	242
29704	64532	114
29704	64552	607
29704	64569	6
29704	64726	3
29704	64744	25
29704	64805	149
29704	65135	11
29704	65150	8
29704	65157	21
29704	65180	52
29704	65190	26
29704	65399	3
29704	65477	228
29704	65505	7
29704	65568	93
29704	65588	35
29704	65594	348
29704	65605	6
29704	65679	157
29704	65730	26
29704	65757	21
29704	66003	24
29704	66040	3
29704	66266	20
29704	66433	9
29704	66472	93
29704	66504	9
29704	66804	4
29704	67129	3
29704	67147	36
29704	67165	11
29704	67189	26
29704	67209	90
29704	67215	4
29704	67249	51
29704	67260	7
29704	67268	9
29704	67277	44
29704	67285	29
29704	67308	89
29704	67336	43
29704	67371	27
29704	67422	29
29704	67474	17
29704	67482	5
29704	67494	53
29704	67653	24
29704	67670	3
29704	67733	70
29704	67768	179
29704	67977	17
29704	68095	9
29835	30042	12
29835	30204	2
29835	30477	9
29835	30712	6
29835	31086	28
29835	31279	13
29835	31714	1
29835	31955	1
29835	32012	3
29835	32511	5
29835	32579	1
29835	32688	1
29835	33156	2
29835	33181	1
29835	33200	5
29835	33223	2
29835	33248	4
29835	33271	2
29835	33278	1
29835	33310	4
29835	33340	4
29835	33357	3
29835	33385	7
29835	33419	2
29835	33622	1
29835	34077	3
29835	34118	3
29835	34141	6
29835	34159	4
29835	34166	2
29835	34175	8
29835	34186	10
29835	34208	4
29835	34270	8
29835	34296	3
29835	34322	1
29835	34543	13
29835	34647	2
29835	34894	17
29835	34898	80
29835	34998	3
29835	35067	4
29835	35434	3
29835	35713	3
29835	36558	1
29835	36565	27
29835	36948	55
29835	37103	19
29835	37626	3
29835	38329	1
29835	38724	1
29835	38890	13
29835	40704	53
29835	40754	6
29835	40976	14
29835	42528	3
29835	43056	1
29835	43194	6
29835	43763	2
29835	43939	3
29835	44143	15
29835	44598	3
29835	44945	1
29835	45039	3
29835	45201	36
29835	45625	2
29835	47077	1
29835	47249	1
29835	47310	2
29835	48605	2
29835	49095	22
29835	49979	1
29835	50163	3
29835	50644	5
29835	51999	1
29835	52182	8
29835	52294	1
29835	52616	1
29835	54248	1
29835	54857	2
29835	55157	5
29835	55288	5
29835	55378	7
29835	55470	11
29835	55762	1
29835	56088	5
29835	56223	6
29835	56554	19
29835	56583	2
29835	56936	13
29835	56954	1
29835	57001	4
29835	57325	9
29835	57374	1
29835	57382	45
29835	57587	22
29835	57593	1
29835	57742	1
29835	57822	27
29835	57825	35
29835	57832	2
29835	57878	3
29835	57957	6
29835	58401	129
29835	58477	6
29835	59087	2
29835	59418	1
29835	59667	8
29835	59727	1
29835	60025	9
29835	60326	28
29835	60976	10
29835	61013	5
29835	62521	17
29835	62563	1
29835	62582	2
29835	62596	1
29835	62605	7
29835	62619	6
29835	62650	1
29835	62696	2
29835	62762	1
29835	62791	1
29835	62799	16
29835	62828	3
29835	62860	2
29835	62898	4
29835	63933	10
29835	64294	2
29835	64552	52
29835	64569	2
29835	64726	1
29835	64805	4
29835	65135	1
29835	65150	16
29835	65180	5
29835	65399	1
29835	65477	4
29835	65505	3
29835	65524	1
29835	65568	17
29835	65588	2
29835	65594	54
29835	65605	1
29835	65679	17
29835	65730	2
29835	66266	8
29835	66433	2
29835	66472	2
29835	66804	3
29835	67129	1
29835	67147	2
29835	67165	2
29835	67189	3
29835	67215	1
29835	67249	8
29835	67268	2
29835	67277	1
29835	67285	2
29835	67308	7
29835	67336	7
29835	67371	4
29835	67422	3
29835	67474	1
29835	67494	2
29835	67653	1
29835	67733	3
29835	67768	8
29835	68095	7
29961	30042	6
29961	30204	1
29961	30477	10
29961	30712	8
29961	31086	27
29961	31114	1
29961	31279	2
29961	31302	15
29961	31388	3
29961	31439	2
29961	31714	5
29961	32012	14
29961	32502	5
29961	33156	4
29961	33200	1
29961	33271	1
29961	33278	3
29961	33310	9
29961	33340	4
29961	33357	17
29961	33385	1
29961	33419	1
29961	33622	55
29961	34077	1
29961	34118	1
29961	34135	2
29961	34141	2
29961	34159	2
29961	34166	3
29961	34175	1
29961	34186	2
29961	34208	2
29961	34270	1
29961	34296	2
29961	34372	34
29961	34543	2
29961	34898	18
29961	34992	1
29961	34998	16
29961	35067	21
29961	35434	35
29961	35713	5
29961	36558	15
29961	36565	67
29961	36698	5
29961	36948	75
29961	37103	2
29961	37626	1
29961	38329	7
29961	38431	1
29961	38446	3
29961	38724	1
29961	38795	4
29961	38890	13
29961	39051	1
29961	39451	4
29961	40704	211
29961	40722	1
29961	40754	2
29961	40976	11
29961	42528	7
29961	43056	41
29961	43194	37
29961	43763	3
29961	43939	7
29961	44138	3
29961	44143	15
29961	44571	1
29961	44598	4
29961	44895	1
29961	44945	9
29961	45039	3
29961	45201	65
29961	45625	1
29961	46138	1
29961	46606	2
29961	46608	2
29961	47077	3
29961	48276	11
29961	49095	11
29961	49810	4
29961	49979	7
29961	50157	1
29961	51999	14
29961	52125	3
29961	52182	17
29961	52196	1
29961	52294	21
29961	54239	3
29961	54248	3
29961	54857	1
29961	55157	11
29961	55288	4
29961	55378	3
29961	55415	1
29961	55470	41
29961	55693	1
29961	56088	3
29961	56117	4
29961	56223	9
29961	56304	7
29961	56540	3
29961	56554	34
29961	56936	7
29961	56954	2
29961	57001	1
29961	57208	12
29961	57325	18
29961	57374	1
29961	57382	10
29961	57587	3
29961	57593	12
29961	57631	3
29961	57742	1
29961	57822	28
29961	57825	7
29961	57832	1
29961	57957	5
29961	58401	2
29961	58477	13
29961	59087	7
29961	59418	14
29961	59667	12
29961	60025	12
29961	60096	2
29961	60326	15
29961	60894	17
29961	60976	10
29961	61013	2
29961	61242	9
29961	61585	1
29961	62521	1
29961	62596	1
29961	62605	1
29961	62696	2
29961	62762	2
29961	62828	8
29961	62860	2
29961	62898	1
29961	63525	4
29961	63932	3
29961	63933	3
29961	64231	3
29961	64294	2
29961	64552	13
29961	64726	5
29961	64744	2
29961	65135	1
29961	65150	2
29961	65157	2
29961	65180	1
29961	65190	2
29961	65399	78
29961	65477	4
29961	65505	3
29961	65524	1
29961	65568	5
29961	65588	1
29961	65594	4
29961	65679	13
29961	66003	9
29961	66040	3
29961	66237	3
29961	66266	11
29961	66351	4
29961	66433	3
29961	66804	128
29961	67058	1
29961	67129	2
29961	67147	1
29961	67165	1
29961	67189	4
29961	67260	1
29961	67277	2
29961	67285	2
29961	67308	3
29961	67336	1
29961	67371	2
29961	67422	5
29961	67474	1
29961	67482	1
29961	67494	1
29961	67653	5
29961	67768	1
29961	67980	3
29961	68095	2
30042	30204	1
30042	30477	3
30042	30712	5
30042	31086	9
30042	31114	4
30042	31279	10
30042	31302	1
30042	31388	3
30042	31439	3
30042	31714	19
30042	31955	1
30042	32012	13
30042	32502	1
30042	32511	5
30042	32579	1
30042	32688	4
30042	33156	3
30042	33181	1
30042	33200	15
30042	33223	3
30042	33248	1
30042	33261	2
30042	33271	2
30042	33278	1
30042	33288	2
30042	33310	4
30042	33340	4
30042	33357	8
30042	33385	10
30042	33419	1
30042	33622	5
30042	34077	7
30042	34135	1
30042	34141	4
30042	34159	4
30042	34166	2
30042	34175	15
30042	34186	11
30042	34247	4
30042	34270	13
30042	34296	2
30042	34322	1
30042	34372	6
30042	34543	6
30042	34647	6
30042	34894	15
30042	34898	71
30042	34998	25
30042	35067	22
30042	35434	28
30042	35713	9
30042	36558	9
30042	36565	43
30042	36698	4
30042	36948	45
30042	37103	6
30042	37626	2
30042	38329	14
30042	38431	3
30042	38446	4
30042	38724	1
30042	38795	11
30042	38890	4
30042	39051	1
30042	39451	3
30042	40704	67
30042	40754	5
30042	40976	9
30042	42236	3
30042	42528	1
30042	43056	3
30042	43194	42
30042	43763	2
30042	43939	3
30042	44138	12
30042	44143	6
30042	44479	17
30042	44571	2
30042	44598	16
30042	44945	52
30042	45039	5
30042	45201	21
30042	45625	3
30042	45766	1
30042	46606	2
30042	46608	2
30042	47077	7
30042	47249	1
30042	47310	3
30042	48276	8
30042	48605	11
30042	49095	19
30042	49810	1
30042	49871	3
30042	49979	4
30042	50157	7
30042	50163	4
30042	51999	8
30042	52182	12
30042	52196	2
30042	52294	5
30042	52414	6
30042	52616	5
30042	53674	4
30042	53696	2
30042	54239	1
30042	54248	8
30042	54857	12
30042	55157	11
30042	55288	13
30042	55378	5
30042	55415	2
30042	55470	24
30042	55762	5
30042	56088	2
30042	56117	3
30042	56223	13
30042	56304	3
30042	56540	4
30042	56554	23
30042	56936	21
30042	56954	3
30042	57001	9
30042	57325	22
30042	57374	3
30042	57382	18
30042	57587	4
30042	57593	2
30042	57631	3
30042	57742	3
30042	57822	23
30042	57825	11
30042	57832	1
30042	57878	3
30042	57957	1
30042	58401	21
30042	58477	12
30042	59087	11
30042	59418	5
30042	59667	17
30042	59727	1
30042	60025	1
30042	60096	3
30042	60326	16
30042	60894	6
30042	60976	5
30042	61013	3
30042	61242	4
30042	61585	3
30042	61697	1
30042	62162	1
30042	62521	24
30042	62563	8
30042	62582	2
30042	62605	11
30042	62619	4
30042	62650	2
30042	62696	3
30042	62762	5
30042	62791	1
30042	62799	9
30042	62828	10
30042	62860	7
30042	62898	4
30042	63525	2
30042	63932	2
30042	63933	10
30042	64294	8
30042	64532	1
30042	64552	76
30042	64569	2
30042	64610	1
30042	64675	1
30042	64726	4
30042	64744	4
30042	64805	8
30042	65135	3
30042	65150	1
30042	65157	2
30042	65180	4
30042	65190	3
30042	65399	15
30042	65477	7
30042	65505	8
30042	65524	1
30042	65568	13
30042	65588	3
30042	65594	37
30042	65605	2
30042	65679	25
30042	65730	2
30042	66003	11
30042	66237	3
30042	66266	10
30042	66433	4
30042	66472	3
30042	66504	3
30042	66804	31
30042	67147	1
30042	67165	4
30042	67189	2
30042	67209	3
30042	67215	1
30042	67249	7
30042	67260	1
30042	67268	3
30042	67277	2
30042	67285	3
30042	67308	7
30042	67336	9
30042	67371	5
30042	67474	4
30042	67482	1
30042	67494	2
30042	67653	6
30042	67670	2
30042	67733	2
30042	67768	9
30042	67980	1
30042	68095	2
30204	30712	2
30204	31388	2
30204	31714	2
30204	31955	1
30204	32012	53
30204	32502	3
30204	32522	1
30204	33156	1
30204	33261	6
30204	33271	13
30204	33278	11
30204	33310	2
30204	33340	1
30204	33357	4
30204	33385	1
30204	33419	1
30204	34077	5
30204	34090	3
30204	34118	1
30204	34135	2
30204	34141	9
30204	34159	1
30204	34247	1
30204	34647	2
30204	34894	1
30204	34898	3
30204	34998	30
30204	35067	1
30204	35291	2
30204	35434	1
30204	35713	1
30204	36558	2
30204	36565	39
30204	36698	2
30204	36948	110
30204	37103	1
30204	38329	1
30204	38724	22
30204	39451	2
30204	40704	1
30204	40976	1
30204	43056	3
30204	43194	10
30204	43939	10
30204	44138	3
30204	44143	4
30204	44479	1
30204	44571	2
30204	44598	11
30204	45039	24
30204	45201	2
30204	45625	2
30204	47077	3
30204	47249	2
30204	48276	4
30204	49810	9
30204	50163	28
30204	51999	4
30204	52125	11
30204	52182	4
30204	52414	34
30204	53953	23
30204	54239	1
30204	54248	1
30204	54857	6
30204	54884	5
30204	55157	4
30204	55378	1
30204	55415	1
30204	55470	27
30204	55762	1
30204	56088	1
30204	56117	3
30204	56223	1
30204	56540	1
30204	56554	20
30204	56936	2
30204	57325	1
30204	57374	15
30204	57645	2
30204	57822	9
30204	58477	1
30204	59087	8
30204	59418	5
30204	60326	141
30204	60894	7
30204	60976	67
30204	61242	10
30204	61697	1
30204	62563	23
30204	62582	2
30204	62605	2
30204	62650	3
30204	62696	2
30204	62762	2
30204	62860	19
30204	62898	1
30204	63932	1
30204	64532	1
30204	64552	2
30204	64569	2
30204	64675	8
30204	65135	1
30204	65150	1
30204	65190	1
30204	65505	18
30204	65524	1
30204	65568	4
30204	65588	5
30204	65605	1
30204	65679	5
30204	65730	20
30204	66266	7
30204	66433	1
30204	66472	4
30204	66504	2
30204	67165	2
30204	67189	9
30204	67209	1
30204	67215	3
30204	67249	3
30204	67277	1
30204	67285	1
30204	67308	17
30204	67336	1
30204	67422	3
30204	67482	2
30204	67494	1
30204	67733	1
30204	68095	5
30477	30712	8
30477	31086	8
30477	31114	10
30477	31279	1
30477	31302	5
30477	31388	2
30477	31714	1
30477	31955	11
30477	32012	9
30477	32502	1
30477	32511	18
30477	32522	3
30477	32688	3
30477	33156	4
30477	33181	11
30477	33200	28
30477	33223	9
30477	33248	2
30477	33271	1
30477	33278	5
30477	33288	3
30477	33310	21
30477	33340	2
30477	33357	11
30477	33385	9
30477	33419	11
30477	33622	22
30477	34118	17
30477	34135	5
30477	34141	1
30477	34159	1
30477	34166	7
30477	34175	7
30477	34186	14
30477	34208	10
30477	34270	7
30477	34296	8
30477	34322	1
30477	34372	7
30477	34543	9
30477	34647	2
30477	34894	30
30477	34898	38
30477	34992	1
30477	34998	9
30477	35067	9
30477	35434	41
30477	35713	1
30477	36565	56
30477	36698	3
30477	36948	63
30477	37103	9
30477	37626	3
30477	38329	22
30477	38431	6
30477	38446	3
30477	38724	4
30477	38795	3
30477	38890	6
30477	39051	6
30477	39451	1
30477	40704	40
30477	40754	6
30477	40976	7
30477	42236	1
30477	43056	22
30477	43194	16
30477	44138	8
30477	44143	3
30477	44479	1
30477	44571	2
30477	44598	4
30477	45039	4
30477	45201	28
30477	45625	4
30477	46606	3
30477	46608	1
30477	47077	1
30477	47249	3
30477	48276	5
30477	48605	2
30477	49095	15
30477	49810	2
30477	49871	2
30477	49979	7
30477	50157	2
30477	50163	15
30477	51999	3
30477	52182	41
30477	52196	1
30477	52414	1
30477	52616	8
30477	53674	2
30477	53696	1
30477	54239	1
30477	54248	1
30477	54857	3
30477	55157	16
30477	55288	2
30477	55378	8
30477	55470	29
30477	55693	1
30477	55762	1
30477	56088	6
30477	56117	7
30477	56223	56
30477	56304	1
30477	56540	5
30477	56554	21
30477	56936	6
30477	57208	5
30477	57325	12
30477	57374	7
30477	57382	361
30477	57593	1
30477	57631	2
30477	57645	3
30477	57742	1
30477	57822	14
30477	57825	15
30477	57878	1
30477	57957	1
30477	58401	1
30477	58477	20
30477	59087	3
30477	59418	3
30477	59667	32
30477	59727	4
30477	60025	3
30477	60096	14
30477	60326	14
30477	60894	12
30477	60976	18
30477	61013	2
30477	61242	1
30477	61585	14
30477	61697	3
30477	62521	1
30477	62563	1
30477	62596	1
30477	62605	3
30477	62619	5
30477	62650	1
30477	62696	12
30477	62791	9
30477	62799	22
30477	62828	1
30477	62860	5
30477	62898	11
30477	63525	2
30477	63932	3
30477	63933	4
30477	64231	5
30477	64294	2
30477	64532	4
30477	64552	13
30477	64726	1
30477	64744	3
30477	64805	7
30477	65135	1
30477	65157	2
30477	65180	4
30477	65190	1
30477	65399	15
30477	65477	4
30477	65505	2
30477	65524	1
30477	65568	3
30477	65594	31
30477	65623	1
30477	65679	11
30477	65730	1
30477	66003	15
30477	66040	9
30477	66237	1
30477	66266	9
30477	66433	9
30477	66472	5
30477	66504	1
30477	66804	31
30477	67058	1
30477	67129	8
30477	67147	3
30477	67165	2
30477	67189	20
30477	67209	1
30477	67249	6
30477	67268	22
30477	67285	2
30477	67308	9
30477	67336	20
30477	67474	2
30477	67482	1
30477	67494	9
30477	67653	3
30477	67670	2
30477	67733	2
30477	67768	14
30477	67977	2
30477	67980	1
30477	68095	1
30712	31086	11
30712	31114	2
30712	31279	9
30712	31302	3
30712	31388	34
30712	31439	51
30712	31584	6
30712	31714	120
30712	31955	1
30712	32012	6
30712	32502	3
30712	32511	1
30712	32579	1
30712	32688	6
30712	33156	7
30712	33181	3
30712	33200	7
30712	33223	5
30712	33248	2
30712	33271	2
30712	33288	3
30712	33310	10
30712	33340	6
30712	33357	17
30712	33385	9
30712	33419	2
30712	34090	4
30712	34118	4
30712	34141	2
30712	34159	2
30712	34166	5
30712	34175	4
30712	34186	1
30712	34208	4
30712	34247	4
30712	34270	11
30712	34296	2
30712	34322	8
30712	34372	6
30712	34543	2
30712	34647	57
30712	34894	11
30712	34898	25
30712	34992	7
30712	34998	22
30712	35067	56
30712	35291	1
30712	35434	19
30712	35713	213
30712	36126	1
30712	36558	5
30712	36565	104
30712	36698	4
30712	36948	58
30712	37103	3
30712	38329	16
30712	38446	1
30712	38724	2
30712	38795	4
30712	38890	8
30712	40704	66
30712	40722	3
30712	40754	4
30712	40976	16
30712	42236	3
30712	42528	1
30712	43056	54
30712	43194	442
30712	43939	1
30712	44138	69
30712	44143	5
30712	44479	2
30712	44571	9
30712	44598	16
30712	44895	2
30712	44945	13
30712	45039	4
30712	45201	38
30712	45625	1
30712	45766	1
30712	46138	3
30712	46606	10
30712	46608	7
30712	47249	14
30712	47310	3
30712	48276	35
30712	49095	12
30712	49810	2
30712	49979	5
30712	50157	4
30712	50163	10
30712	50245	3
30712	50644	1
30712	51999	78
30712	52125	4
30712	52182	37
30712	52196	33
30712	52294	135
30712	52414	6
30712	52616	5
30712	53696	2
30712	53953	1
30712	54239	4
30712	54248	19
30712	54857	53
30712	55157	8
30712	55288	11
30712	55378	7
30712	55415	2
30712	55470	12
30712	55762	6
30712	56088	1
30712	56117	4
30712	56223	5
30712	56304	1
30712	56540	13
30712	56554	33
30712	56583	4
30712	56936	13
30712	57001	3
30712	57208	6
30712	57325	13
30712	57382	20
30712	57587	21
30712	57593	7
30712	57631	3
30712	57645	33
30712	57742	4
30712	57822	19
30712	57825	2
30712	57832	4
30712	57878	5
30712	57957	4
30712	58401	15
30712	58477	4
30712	59087	20
30712	59418	3
30712	59667	1
30712	59727	2
30712	60025	1
30712	60096	3
30712	60326	10
30712	60894	18
30712	60976	7
30712	61013	3
30712	61279	2
30712	61585	2
30712	61697	1
30712	62563	1
30712	62582	4
30712	62596	4
30712	62605	4
30712	62619	5
30712	62650	9
30712	62696	12
30712	62762	3
30712	62799	9
30712	62828	29
30712	62860	7
30712	62898	5
30712	63525	16
30712	63932	14
30712	63933	7
30712	64532	1
30712	64552	19
30712	64569	2
30712	64610	7
30712	64675	2
30712	64726	3
30712	64744	1
30712	64805	1
30712	65135	6
30712	65150	6
30712	65157	2
30712	65180	2
30712	65190	2
30712	65399	14
30712	65477	6
30712	65505	3
30712	65524	1
30712	65568	17
30712	65588	7
30712	65594	11
30712	65605	13
30712	65623	6
30712	65679	6
30712	65757	2
30712	66003	7
30712	66237	31
30712	66266	13
30712	66351	3
30712	66433	3
30712	66504	2
30712	66804	25
30712	67058	2
30712	67129	1
30712	67165	6
30712	67189	7
30712	67209	2
30712	67215	5
30712	67249	1
30712	67260	1
30712	67268	1
30712	67277	1
30712	67285	2
30712	67308	5
30712	67336	7
30712	67371	4
30712	67422	2
30712	67482	4
30712	67494	3
30712	67653	2
30712	67670	8
30712	67733	1
30712	67768	2
30712	67980	1
31086	31114	2
31086	31279	8
31086	31302	16
31086	31388	11
31086	31714	2
31086	32012	7
31086	32502	1
31086	32511	1
31086	32688	2
31086	33200	1
31086	33261	2
31086	33278	1
31086	33310	17
31086	33340	4
31086	33357	5
31086	33385	1
31086	34118	3
31086	34135	1
31086	34141	2
31086	34159	4
31086	34166	2
31086	34175	8
31086	34186	5
31086	34270	3
31086	34296	2
31086	34543	5
31086	34647	2
31086	34894	12
31086	34898	61
31086	34998	10
31086	35067	7
31086	35291	1
31086	35434	33
31086	35713	3
31086	36558	9
31086	36565	76
31086	36948	100
31086	37103	5
31086	37626	4
31086	38329	1
31086	38431	4
31086	38724	1
31086	38795	3
31086	38890	59
31086	39051	1
31086	40704	204
31086	40754	3
31086	40976	39
31086	42528	49
31086	43056	14
31086	43194	27
31086	43939	1
31086	44143	9
31086	44598	6
31086	44945	9
31086	45039	3
31086	45201	101
31086	45625	2
31086	46138	1
31086	46608	3
31086	47077	5
31086	47249	1
31086	47310	5
31086	48276	2
31086	48605	2
31086	49095	19
31086	49810	1
31086	49979	6
31086	50157	12
31086	50163	2
31086	50644	1
31086	51999	5
31086	52125	2
31086	52182	20
31086	52414	3
31086	52616	2
31086	53674	1
31086	54248	3
31086	54368	1
31086	54857	1
31086	54884	1
31086	55157	20
31086	55288	8
31086	55378	11
31086	55470	22
31086	55762	2
31086	56088	3
31086	56223	8
31086	56304	42
31086	56540	10
31086	56554	55
31086	56583	6
31086	56936	3
31086	57001	4
31086	57208	76
31086	57325	35
31086	57382	10
31086	57587	23
31086	57593	7
31086	57645	1
31086	57742	1
31086	57822	43
31086	57825	16
31086	57832	1
31086	57957	62
31086	58401	65
31086	58477	9
31086	59087	8
31086	59418	10
31086	59667	14
31086	60025	37
31086	60096	13
31086	60326	44
31086	60894	13
31086	60976	18
31086	61013	2
31086	62521	13
31086	62563	5
31086	62582	2
31086	62619	2
31086	62650	3
31086	62696	2
31086	62799	8
31086	62828	9
31086	62860	1
31086	63525	4
31086	63933	16
31086	64294	1
31086	64532	1
31086	64552	26
31086	64726	7
31086	64805	1
31086	65150	8
31086	65157	1
31086	65180	2
31086	65399	8
31086	65505	2
31086	65568	9
31086	65588	1
31086	65594	32
31086	65605	1
31086	65679	11
31086	66003	4
31086	66040	1
31086	66237	4
31086	66266	12
31086	66433	2
31086	66804	19
31086	67147	1
31086	67189	1
31086	67215	1
31086	67249	2
31086	67260	1
31086	67268	3
31086	67277	1
31086	67285	3
31086	67308	9
31086	67336	3
31086	67371	5
31086	67422	1
31086	67474	17
31086	67482	2
31086	67494	2
31086	67733	3
31086	67768	3
31086	67980	2
31086	68095	8
31114	31279	3
31114	31302	8
31114	31388	1
31114	31584	1
31114	31714	3
31114	32012	27
31114	32502	4
31114	32511	8
31114	32522	2
31114	32579	2
31114	32688	13
31114	33156	8
31114	33181	1
31114	33200	17
31114	33223	14
31114	33248	3
31114	33261	3
31114	33271	1
31114	33278	112
31114	33288	5
31114	33310	7
31114	33340	14
31114	33357	14
31114	33385	3
31114	33419	5
31114	33622	2
31114	34077	5
31114	34090	3
31114	34118	5
31114	34135	6
31114	34141	2
31114	34159	3
31114	34166	25
31114	34175	21
31114	34186	6
31114	34208	1
31114	34247	1
31114	34270	15
31114	34296	4
31114	34322	2
31114	34543	4
31114	34647	3
31114	34894	28
31114	34898	56
31114	34992	7
31114	34998	4
31114	35067	28
31114	35291	8
31114	35434	114
31114	35713	2
31114	36126	6
31114	36565	117
31114	36698	16
31114	36948	68
31114	37103	2
31114	37626	4
31114	38329	45
31114	38431	8
31114	38446	2
31114	38724	15
31114	38795	13
31114	38890	1
31114	39051	5
31114	39451	11
31114	40704	14
31114	40722	5
31114	40754	6
31114	40976	9
31114	42236	1
31114	42528	8
31114	43056	9
31114	43194	11
31114	43763	10
31114	43939	6
31114	44138	4
31114	44143	11
31114	44571	1
31114	44598	47
31114	45039	15
31114	45201	32
31114	45766	1
31114	46138	1
31114	46606	7
31114	46608	9
31114	47077	8
31114	47310	5
31114	48605	5
31114	49095	4
31114	49871	39
31114	49979	30
31114	50157	38
31114	50245	1
31114	50644	3
31114	51999	48
31114	52125	3
31114	52182	75
31114	52616	6
31114	53674	9
31114	53696	15
31114	54239	4
31114	54248	10
31114	54368	5
31114	54857	2
31114	55157	10
31114	55288	4
31114	55378	7
31114	55415	6
31114	55470	20
31114	55693	1
31114	55762	13
31114	56088	10
31114	56117	19
31114	56223	3
31114	56304	3
31114	56540	8
31114	56554	53
31114	56583	11
31114	56936	10
31114	56954	2
31114	57208	10
31114	57325	9
31114	57374	17
31114	57382	20
31114	57587	1
31114	57593	2
31114	57742	10
31114	57822	47
31114	57825	5
31114	57832	13
31114	57878	1
31114	58401	2
31114	58477	91
31114	59087	15
31114	59418	2
31114	59667	9
31114	59727	7
31114	60025	2
31114	60096	6
31114	60326	21
31114	60894	55
31114	60976	8
31114	61013	2
31114	61242	5
31114	61279	1
31114	61585	25
31114	61697	6
31114	62162	1
31114	62521	3
31114	62563	2
31114	62582	6
31114	62596	5
31114	62619	10
31114	62650	7
31114	62696	16
31114	62762	8
31114	62791	5
31114	62799	8
31114	62828	6
31114	62860	10
31114	62898	10
31114	63525	9
31114	63932	3
31114	63933	46
31114	64231	11
31114	64294	6
31114	64532	2
31114	64552	28
31114	64569	1
31114	64610	17
31114	64675	9
31114	64726	14
31114	64744	44
31114	64805	3
31114	65135	4
31114	65150	6
31114	65157	1
31114	65180	13
31114	65190	1
31114	65477	12
31114	65568	11
31114	65588	1
31114	65594	29
31114	65605	1
31114	65623	1
31114	65679	23
31114	65730	2
31114	65757	3
31114	66003	120
31114	66040	13
31114	66237	3
31114	66266	9
31114	66351	2
31114	66433	5
31114	66472	11
31114	66504	3
31114	66804	2
31114	67058	5
31114	67129	2
31114	67147	1
31114	67165	16
31114	67189	2
31114	67209	3
31114	67215	3
31114	67249	6
31114	67268	3
31114	67277	2
31114	67285	9
31114	67308	5
31114	67336	17
31114	67371	6
31114	67422	3
31114	67474	3
31114	67482	2
31114	67494	4
31114	67653	8
31114	67670	1
31114	67733	4
31114	67768	14
31114	67977	1
31114	67980	8
31279	31439	8
31279	31955	3
31279	32012	2
31279	32511	8
31279	32579	1
31279	33156	1
31279	33181	3
31279	33200	11
31279	33223	1
31279	33248	1
31279	33278	1
31279	33288	4
31279	33310	1
31279	33340	4
31279	33357	12
31279	33385	3
31279	33419	1
31279	33622	2
31279	34077	3
31279	34135	12
31279	34141	1
31279	34166	3
31279	34175	19
31279	34186	6
31279	34208	1
31279	34247	3
31279	34270	17
31279	34372	3
31279	34543	5
31279	34647	17
31279	34894	35
31279	34898	103
31279	34998	17
31279	35067	6
31279	35291	1
31279	35434	33
31279	36558	2
31279	36565	42
31279	36698	3
31279	36948	42
31279	37103	16
31279	37626	6
31279	38329	6
31279	38431	3
31279	38446	26
31279	38724	1
31279	38795	9
31279	38890	3
31279	39051	5
31279	39451	1
31279	40704	48
31279	40754	152
31279	40976	14
31279	42236	1
31279	42528	2
31279	43056	2
31279	43194	20
31279	43763	1
31279	44143	5
31279	44598	4
31279	45039	2
31279	45201	20
31279	45766	25
31279	47077	1
31279	47249	2
31279	47310	7
31279	48276	2
31279	48605	1
31279	49095	233
31279	49871	4
31279	49979	4
31279	50157	6
31279	51999	1
31279	52182	7
31279	52196	5
31279	52294	2
31279	53674	5
31279	53696	7
31279	54248	2
31279	54857	1
31279	54884	2
31279	55157	14
31279	55288	1
31279	55378	1
31279	55415	2
31279	55470	4
31279	55762	12
31279	56088	5
31279	56117	2
31279	56223	12
31279	56304	3
31279	56540	8
31279	56554	17
31279	56583	6
31279	56936	28
31279	56954	1
31279	57001	2
31279	57325	5
31279	57382	1
31279	57587	4
31279	57631	3
31279	57822	28
31279	57825	43
31279	57832	1
31279	57878	3
31279	57957	7
31279	58401	115
31279	58477	27
31279	59087	6
31279	59667	15
31279	59727	1
31279	60025	6
31279	60096	3
31279	60326	8
31279	60894	5
31279	60976	3
31279	61013	5
31279	62162	2
31279	62521	25
31279	62563	1
31279	62582	1
31279	62596	2
31279	62605	9
31279	62619	4
31279	62650	1
31279	62696	2
31279	62762	2
31279	62791	1
31279	62799	3
31279	62828	1
31279	62860	3
31279	62898	5
31279	63932	1
31279	63933	36
31279	64294	6
31279	64532	1
31279	64552	86
31279	64726	2
31279	64744	3
31279	64805	12
31279	65135	1
31279	65150	1
31279	65180	5
31279	65399	5
31279	65477	8
31279	65568	12
31279	65588	1
31279	65594	89
31279	65605	1
31279	65679	21
31279	65730	5
31279	66003	3
31279	66266	15
31279	66433	1
31279	66472	3
31279	66804	6
31279	67147	2
31279	67165	3
31279	67189	6
31279	67209	1
31279	67249	8
31279	67268	1
31279	67277	3
31279	67285	5
31279	67308	2
31279	67336	8
31279	67371	3
31279	67422	1
31279	67474	2
31279	67482	1
31279	67494	1
31279	67653	1
31279	67733	5
31279	67768	11
31302	31388	2
31302	31439	1
31302	31714	46
31302	31955	1
31302	32012	12
31302	32688	7
31302	33156	10
31302	33181	1
31302	33200	3
31302	33223	2
31302	33248	2
31302	33271	3
31302	33278	15
31302	33310	52
31302	33340	2
31302	33357	4
31302	33385	1
31302	33419	1
31302	33622	6
31302	34077	1
31302	34118	3
31302	34166	9
31302	34175	1
31302	34186	2
31302	34247	1
31302	34270	3
31302	34296	1
31302	34322	4
31302	34647	4
31302	34894	1
31302	34898	13
31302	34992	3
31302	34998	1
31302	35067	12
31302	35291	2
31302	35434	90
31302	35713	2
31302	36126	1
31302	36565	43
31302	36698	8
31302	36948	37
31302	37103	7
31302	38329	10
31302	38724	2
31302	38795	3
31302	38890	10
31302	40704	237
31302	40722	2
31302	40976	11
31302	42236	2
31302	43056	5
31302	43194	40
31302	43939	1
31302	44138	4
31302	44143	8
31302	44571	4
31302	44598	9
31302	44945	5
31302	45039	5
31302	45201	138
31302	46606	2
31302	46608	3
31302	47077	1
31302	47310	2
31302	48276	6
31302	49095	3
31302	49979	14
31302	51999	22
31302	52182	45
31302	52196	3
31302	52414	1
31302	52616	6
31302	54248	11
31302	54857	3
31302	55157	9
31302	55288	8
31302	55378	5
31302	55415	4
31302	55470	19
31302	55693	3
31302	55762	10
31302	56088	4
31302	56117	16
31302	56223	2
31302	56304	3
31302	56540	6
31302	56554	40
31302	56583	1
31302	56936	5
31302	57208	6
31302	57325	9
31302	57374	5
31302	57587	1
31302	57593	12
31302	57631	1
31302	57742	3
31302	57822	35
31302	57825	1
31302	57832	5
31302	57957	6
31302	58477	28
31302	59087	3
31302	59418	1
31302	59667	5
31302	59727	3
31302	60025	4
31302	60096	4
31302	60326	12
31302	60894	23
31302	60976	4
31302	61242	2
31302	61585	4
31302	61697	1
31302	62521	1
31302	62582	1
31302	62596	3
31302	62696	3
31302	62828	21
31302	62860	1
31302	62898	5
31302	63525	8
31302	63933	3
31302	64231	5
31302	64552	3
31302	64610	2
31302	64675	1
31302	64726	7
31302	64744	4
31302	65150	3
31302	65180	3
31302	65399	1
31302	65477	3
31302	65505	1
31302	65568	6
31302	65588	3
31302	65594	3
31302	65605	1
31302	65679	3
31302	66003	30
31302	66040	8
31302	66237	16
31302	66266	6
31302	66504	1
31302	66804	8
31302	67058	4
31302	67165	1
31302	67277	1
31302	67285	5
31302	67336	1
31302	67422	7
31302	67482	4
31302	67733	1
31302	67980	4
31302	68095	6
31388	31439	16
31388	31584	5
31388	31714	303
31388	31955	14
31388	32012	24
31388	32502	1
31388	32522	6
31388	32579	2
31388	32688	9
31388	33156	1
31388	33181	2
31388	33200	3
31388	33223	2
31388	33248	1
31388	33271	1
31388	33278	4
31388	33310	1
31388	33340	8
31388	33357	23
31388	33385	17
31388	33419	4
31388	33622	1
31388	34077	5
31388	34090	6
31388	34118	7
31388	34141	5
31388	34186	6
31388	34208	5
31388	34247	7
31388	34270	14
31388	34296	7
31388	34322	12
31388	34647	19
31388	34894	2
31388	34898	5
31388	34998	12
31388	35067	24
31388	35434	42
31388	35713	30
31388	36558	1
31388	36565	90
31388	36698	4
31388	36948	51
31388	37103	2
31388	37626	2
31388	38329	31
31388	38724	15
31388	38795	10
31388	38890	1
31388	39051	10
31388	40704	12
31388	40722	11
31388	40976	23
31388	42236	2
31388	42528	5
31388	43056	15
31388	43194	443
31388	43763	2
31388	43939	1
31388	44138	97
31388	44143	2
31388	44479	7
31388	44571	25
31388	44598	13
31388	44945	32
31388	45039	5
31388	45201	4
31388	45625	7
31388	45766	11
31388	46606	3
31388	46608	6
31388	47077	4
31388	47249	28
31388	47310	3
31388	48276	30
31388	49979	1
31388	50157	21
31388	50163	59
31388	50245	2
31388	50644	11
31388	51999	14
31388	52125	42
31388	52182	44
31388	52196	37
31388	52294	19
31388	52616	8
31388	53674	2
31388	53696	2
31388	53953	10
31388	54239	2
31388	54248	9
31388	54857	112
31388	55157	9
31388	55288	23
31388	55378	11
31388	55415	5
31388	55470	6
31388	55762	64
31388	56088	1
31388	56117	24
31388	56304	5
31388	56540	39
31388	56554	44
31388	56936	20
31388	57001	2
31388	57208	7
31388	57325	10
31388	57374	1
31388	57593	2
31388	57631	11
31388	57645	23
31388	57742	1
31388	57822	19
31388	57832	2
31388	57878	1
31388	57957	6
31388	58401	1
31388	58477	5
31388	59087	25
31388	59418	3
31388	59667	1
31388	60025	7
31388	60096	5
31388	60326	12
31388	60894	15
31388	60976	7
31388	61242	5
31388	61279	2
31388	62162	6
31388	62582	2
31388	62596	1
31388	62605	7
31388	62619	9
31388	62650	26
31388	62696	2
31388	62762	8
31388	62791	2
31388	62828	65
31388	62860	12
31388	62898	8
31388	63525	7
31388	63932	1
31388	63933	3
31388	64532	2
31388	64552	2
31388	64569	2
31388	64610	1
31388	65180	3
31388	65477	2
31388	65505	7
31388	65524	2
31388	65568	21
31388	65588	21
31388	65594	1
31388	65605	5
31388	65623	1
31388	65730	3
31388	65757	2
31388	66003	5
31388	66237	15
31388	66266	5
31388	66351	1
31388	66504	9
31388	66804	1
31388	67129	4
31388	67147	1
31388	67165	6
31388	67189	6
31388	67215	5
31388	67249	3
31388	67260	1
31388	67268	5
31388	67285	3
31388	67308	6
31388	67336	9
31388	67371	1
31388	67422	3
31388	67474	1
31388	67482	8
31388	67494	3
31388	67653	2
31388	67670	53
31388	67977	4
31388	67980	3
31439	31714	56
31439	32012	2
31439	32579	3
31439	33200	5
31439	33223	1
31439	33288	6
31439	33310	2
31439	33357	11
31439	33385	2
31439	33419	1
31439	33622	3
31439	34135	4
31439	34159	2
31439	34166	3
31439	34208	1
31439	34247	4
31439	34270	6
31439	34322	5
31439	34372	6
31439	34647	45
31439	34894	1
31439	34898	5
31439	34998	18
31439	35067	28
31439	35434	10
31439	35713	24
31439	36126	2
31439	36558	2
31439	36565	47
31439	36698	1
31439	36948	13
31439	37103	6
31439	38329	5
31439	38446	1
31439	38724	1
31439	39451	1
31439	40704	17
31439	40722	2
31439	40754	2
31439	40976	2
31439	43056	28
31439	43194	213
31439	44138	16
31439	44571	10
31439	44598	9
31439	44945	6
31439	45039	1
31439	45201	5
31439	46606	4
31439	46608	1
31439	47077	1
31439	47249	3
31439	47310	4
31439	48276	56
31439	49095	4
31439	49810	2
31439	50163	2
31439	51999	27
31439	52125	1
31439	52182	15
31439	52196	7
31439	52294	16
31439	52616	2
31439	54239	5
31439	54248	8
31439	54857	23
31439	55157	1
31439	55288	2
31439	55415	4
31439	55470	7
31439	55762	8
31439	56088	2
31439	56117	2
31439	56223	2
31439	56540	10
31439	56554	12
31439	56936	17
31439	56954	1
31439	57325	1
31439	57631	6
31439	57645	20
31439	57822	17
31439	57832	1
31439	58401	1
31439	59087	13
31439	59667	1
31439	60326	8
31439	60894	2
31439	60976	3
31439	61242	1
31439	61279	1
31439	61585	1
31439	61697	2
31439	62582	4
31439	62596	6
31439	62605	2
31439	62619	3
31439	62650	2
31439	62696	3
31439	62799	7
31439	62828	19
31439	62860	4
31439	62898	2
31439	63525	1
31439	63932	1
31439	63933	2
31439	64552	3
31439	64675	2
31439	64726	1
31439	64744	1
31439	65135	8
31439	65399	4
31439	65505	2
31439	65568	4
31439	65588	2
31439	65605	1
31439	66003	7
31439	66237	12
31439	66266	10
31439	66351	2
31439	66804	21
31439	67058	2
31439	67129	2
31439	67165	5
31439	67215	1
31439	67268	1
31439	67277	1
31439	67285	1
31439	67308	4
31439	67336	7
31439	67371	2
31439	67494	2
31439	67670	2
31439	67977	7
31439	67980	1
31439	68095	2
31584	31955	2
31584	32522	4
31584	32579	1
31584	32688	6
31584	33156	2
31584	33181	1
31584	33223	1
31584	33248	3
31584	33261	6
31584	33278	1
31584	33288	1
31584	33340	13
31584	33357	1
31584	33385	4
31584	33419	1
31584	34090	1
31584	34118	1
31584	34135	1
31584	34166	3
31584	34175	1
31584	34208	2
31584	34270	3
31584	34296	1
31584	34322	4
31584	34372	2
31584	34647	4
31584	34898	1
31584	34992	3
31584	35067	23
31584	35434	11
31584	35713	2
31584	36126	8
31584	36565	11
31584	36698	8
31584	36948	9
31584	38329	61
31584	40704	1
31584	40722	2
31584	40976	6
31584	42236	3
31584	43056	14
31584	43194	14
31584	44143	4
31584	44571	2
31584	44598	37
31584	45039	2
31584	46606	7
31584	46608	17
31584	47077	1
31584	49095	1
31584	50157	1
31584	50245	2
31584	50644	3
31584	51999	18
31584	52182	28
31584	52196	4
31584	52294	14
31584	53696	2
31584	54239	2
31584	54248	19
31584	54368	8
31584	55288	18
31584	55378	5
31584	55415	6
31584	55470	2
31584	55693	8
31584	56088	4
31584	56117	3
31584	56540	3
31584	56554	24
31584	56583	1
31584	56936	1
31584	57325	1
31584	57645	3
31584	57822	11
31584	57878	1
31584	58477	2
31584	59087	63
31584	59418	1
31584	59727	6
31584	60894	2
31584	60976	1
31584	61697	3
31584	62162	3
31584	62582	10
31584	62596	1
31584	62619	2
31584	62650	16
31584	62696	6
31584	62799	3
31584	62828	1
31584	62860	8
31584	62898	4
31584	63525	6
31584	63932	1
31584	64532	1
31584	64569	1
31584	64610	6
31584	65135	1
31584	65150	1
31584	65157	5
31584	65190	1
31584	65477	7
31584	65568	1
31584	65605	1
31584	65757	3
31584	66040	2
31584	66266	6
31584	66351	4
31584	66504	4
31584	67165	1
31584	67189	3
31584	67249	1
31584	67260	1
31584	67285	1
31584	67308	1
31584	67336	17
31584	67670	1
31584	67977	2
31584	67980	2
31714	31955	3
31714	32012	31
31714	32502	1
31714	32522	2
31714	33156	5
31714	33181	1
31714	33200	10
31714	33223	9
31714	33248	11
31714	33271	7
31714	33278	3
31714	33288	1
31714	33310	18
31714	33340	20
31714	33357	26
31714	33385	14
31714	33419	4
31714	33622	4
31714	34090	1
31714	34118	4
31714	34135	8
31714	34166	3
31714	34175	5
31714	34186	3
31714	34208	2
31714	34247	2
31714	34270	17
31714	34296	16
31714	34322	37
31714	34372	1
31714	34647	55
31714	34894	3
31714	34898	15
31714	34992	1
31714	34998	52
31714	35067	40
31714	35434	39
31714	35713	63
31714	36558	1
31714	36565	263
31714	36698	17
31714	36948	53
31714	37103	11
31714	38329	19
31714	38724	8
31714	38890	4
31714	39451	2
31714	40704	105
31714	40722	6
31714	40976	15
31714	43056	88
31714	43194	1266
31714	43763	1
31714	44138	240
31714	44143	2
31714	44479	9
31714	44571	44
31714	44598	13
31714	44945	2
31714	45039	4
31714	45201	28
31714	45766	6
31714	46138	11
31714	46606	4
31714	47249	40
31714	47310	6
31714	48276	100
31714	49095	2
31714	49810	5
31714	49979	4
31714	50157	8
31714	50163	24
31714	50644	2
31714	51999	46
31714	52125	75
31714	52182	57
31714	52196	54
31714	52294	8
31714	52414	6
31714	52616	10
31714	53696	2
31714	53953	1
31714	54239	7
31714	54248	18
31714	54368	2
31714	54857	185
31714	55157	3
31714	55288	9
31714	55378	10
31714	55415	1
31714	55470	18
31714	55693	1
31714	55762	23
31714	56088	2
31714	56117	3
31714	56223	10
31714	56304	1
31714	56540	47
31714	56554	46
31714	56936	30
31714	57001	4
31714	57208	1
31714	57325	8
31714	57374	1
31714	57593	12
31714	57631	1
31714	57645	39
31714	57742	1
31714	57822	51
31714	57832	1
31714	57878	1
31714	57957	2
31714	58477	12
31714	59087	43
31714	59667	1
31714	59727	4
31714	60025	1
31714	60096	4
31714	60326	8
31714	60894	26
31714	60976	2
31714	61242	1
31714	61279	6
31714	61585	1
31714	62563	6
31714	62596	2
31714	62605	1
31714	62650	17
31714	62696	3
31714	62762	9
31714	62799	5
31714	62828	235
31714	62860	15
31714	62898	6
31714	63525	6
31714	63932	7
31714	63933	3
31714	64231	1
31714	64294	1
31714	64532	2
31714	64552	29
31714	64569	1
31714	64610	9
31714	64675	5
31714	64726	9
31714	64744	3
31714	64805	1
31714	65135	5
31714	65180	7
31714	65399	2
31714	65477	2
31714	65505	4
31714	65568	30
31714	65588	32
31714	65594	1
31714	65605	11
31714	65623	6
31714	65679	2
31714	65730	1
31714	65757	2
31714	66003	9
31714	66040	2
31714	66237	80
31714	66266	16
31714	66351	7
31714	66504	4
31714	66804	15
31714	67058	1
31714	67129	2
31714	67165	9
31714	67189	12
31714	67209	1
31714	67215	5
31714	67249	1
31714	67260	4
31714	67268	5
31714	67285	5
31714	67308	4
31714	67336	10
31714	67371	3
31714	67482	7
31714	67494	1
31714	67653	2
31714	67670	29
31714	67768	8
31714	67980	5
31714	68095	4
31955	32012	3
31955	32522	1
31955	32688	15
31955	33181	1
31955	33200	1
31955	33223	3
31955	33278	2
31955	33288	1
31955	33340	2
31955	33357	5
31955	33385	1
31955	33419	1
31955	33622	3
31955	34090	1
31955	34118	2
31955	34141	1
31955	34159	1
31955	34186	3
31955	34208	2
31955	34247	2
31955	34296	2
31955	34322	3
31955	34543	1
31955	34647	8
31955	34894	8
31955	34898	5
31955	34992	1
31955	34998	4
31955	35067	10
31955	35291	1
31955	35434	84
31955	36565	68
31955	36698	6
31955	36948	28
31955	37103	1
31955	37626	3
31955	38329	9
31955	38446	1
31955	38724	1
31955	38795	1
31955	39051	1
31955	39451	1
31955	40704	11
31955	40722	2
31955	40754	3
31955	40976	29
31955	42236	1
31955	43056	10
31955	43194	17
31955	43939	2
31955	44138	10
31955	44143	5
31955	44479	1
31955	44571	3
31955	44598	4
31955	45039	1
31955	45201	11
31955	45625	1
31955	45766	38
31955	46138	1
31955	46606	7
31955	46608	5
31955	47249	2
31955	48276	3
31955	48605	2
31955	49095	2
31955	49979	6
31955	50157	1
31955	50163	4
31955	50245	2
31955	50644	3
31955	51999	16
31955	52125	1
31955	52182	29
31955	52196	3
31955	52414	1
31955	52616	10
31955	53953	1
31955	54239	1
31955	54248	9
31955	54857	2
31955	54884	1
31955	55157	12
31955	55288	27
31955	55378	1
31955	55415	12
31955	55470	8
31955	55762	8
31955	56088	2
31955	56117	15
31955	56223	9
31955	56304	1
31955	56540	7
31955	56554	27
31955	56583	2
31955	56936	2
31955	57208	1
31955	57325	5
31955	57382	28
31955	57593	3
31955	57631	3
31955	57645	1
31955	57822	8
31955	57825	1
31955	57832	3
31955	57957	2
31955	58401	10
31955	58477	21
31955	59087	14
31955	59418	1
31955	59667	9
31955	59727	9
31955	60025	1
31955	60096	9
31955	60326	3
31955	60894	11
31955	60976	2
31955	61013	1
31955	61242	5
31955	61279	1
31955	61585	4
31955	61697	1
31955	62162	1
31955	62521	1
31955	62563	6
31955	62650	5
31955	62696	3
31955	62762	1
31955	62791	1
31955	62799	3
31955	62828	1
31955	62860	6
31955	62898	3
31955	63525	6
31955	63932	4
31955	63933	9
31955	64231	30
31955	64294	2
31955	64552	1
31955	64744	2
31955	64805	1
31955	65180	2
31955	65399	2
31955	65505	1
31955	65568	1
31955	65594	3
31955	65679	1
31955	65757	1
31955	66003	4
31955	66040	21
31955	66237	4
31955	66266	9
31955	66351	4
31955	66433	1
31955	66472	2
31955	66504	3
31955	66804	5
31955	67129	1
31955	67189	2
31955	67209	1
31955	67268	2
31955	67285	1
31955	67308	3
31955	67336	4
31955	67482	1
31955	67494	1
31955	67670	5
31955	67768	2
31955	67980	3
32012	32502	19
32012	32511	5
32012	32579	1
32012	32688	9
32012	33156	12
32012	33200	13
32012	33223	8
32012	33248	2
32012	33261	90
32012	33271	31
32012	33278	50
32012	33288	3
32012	33310	13
32012	33340	24
32012	33357	19
32012	33385	16
32012	33419	19
32012	33622	14
32012	34077	54
32012	34090	49
32012	34118	11
32012	34135	29
32012	34141	76
32012	34159	10
32012	34166	16
32012	34175	8
32012	34186	1
32012	34208	3
32012	34247	9
32012	34270	14
32012	34296	5
32012	34322	1
32012	34372	1
32012	34543	1
32012	34647	18
32012	34894	26
32012	34898	37
32012	34992	9
32012	34998	121
32012	35067	49
32012	35291	25
32012	35434	101
32012	35713	1
32012	36126	3
32012	36558	10
32012	36565	313
32012	36698	42
32012	36948	1055
32012	37103	4
32012	37626	7
32012	38329	37
32012	38431	3
32012	38446	6
32012	38724	95
32012	38795	6
32012	38890	11
32012	39051	5
32012	39451	19
32012	40704	82
32012	40722	3
32012	40754	5
32012	40976	21
32012	42236	3
32012	42528	1
32012	43056	83
32012	43194	134
32012	43763	2
32012	43939	147
32012	44138	31
32012	44143	19
32012	44479	24
32012	44571	23
32012	44598	45
32012	44945	20
32012	45039	194
32012	45201	71
32012	45625	26
32012	46606	6
32012	46608	11
32012	47077	70
32012	47249	1
32012	47310	1
32012	48276	7
32012	49095	7
32012	49810	101
32012	49871	2
32012	49979	17
32012	50157	9
32012	50163	448
32012	50245	1
32012	50644	1
32012	51999	47
32012	52125	133
32012	52182	127
32012	52196	4
32012	52414	112
32012	52616	4
32012	53674	2
32012	53696	3
32012	53953	116
32012	54239	9
32012	54248	15
32012	54368	3
32012	54857	7
32012	54884	34
32012	55157	34
32012	55288	17
32012	55378	8
32012	55415	12
32012	55470	264
32012	55693	2
32012	55762	19
32012	56088	14
32012	56117	41
32012	56223	8
32012	56304	7
32012	56540	15
32012	56554	209
32012	56583	5
32012	56936	12
32012	56954	5
32012	57208	13
32012	57325	67
32012	57374	153
32012	57382	15
32012	57587	1
32012	57593	9
32012	57631	11
32012	57645	5
32012	57742	2
32012	57822	127
32012	57825	11
32012	57832	8
32012	57878	2
32012	57957	7
32012	58401	1
32012	58477	60
32012	59087	93
32012	59418	47
32012	59667	19
32012	59727	5
32012	60025	8
32012	60096	7
32012	60326	364
32012	60894	77
32012	60976	240
32012	61013	3
32012	61242	136
32012	61279	2
32012	61585	2
32012	61697	30
32012	62162	17
32012	62521	1
32012	62563	42
32012	62582	9
32012	62596	11
32012	62605	21
32012	62619	3
32012	62650	31
32012	62696	20
32012	62762	30
32012	62791	10
32012	62799	11
32012	62828	9
32012	62860	31
32012	62898	29
32012	63525	21
32012	63932	11
32012	63933	22
32012	64231	8
32012	64294	3
32012	64532	18
32012	64552	21
32012	64569	4
32012	64610	4
32012	64675	40
32012	64726	12
32012	64744	11
32012	64805	1
32012	65135	4
32012	65150	5
32012	65157	1
32012	65180	4
32012	65190	17
32012	65399	11
32012	65477	9
32012	65505	84
32012	65568	7
32012	65588	6
32012	65594	12
32012	65605	26
32012	65623	3
32012	65679	34
32012	65730	315
32012	65757	5
32012	66003	68
32012	66040	10
32012	66237	1
32012	66266	38
32012	66351	4
32012	66433	6
32012	66472	10
32012	66504	20
32012	66804	10
32012	67058	71
32012	67129	9
32012	67165	36
32012	67189	10
32012	67209	3
32012	67215	6
32012	67249	9
32012	67260	6
32012	67268	3
32012	67277	21
32012	67285	21
32012	67308	171
32012	67336	17
32012	67371	8
32012	67422	35
32012	67474	2
32012	67482	19
32012	67494	6
32012	67653	17
32012	67670	2
32012	67733	3
32012	67768	8
32012	67977	6
32012	67980	11
32012	68095	37
32502	32511	3
32502	32522	3
32502	32579	2
32502	32688	1
32502	33156	10
32502	33200	5
32502	33223	5
32502	33248	1
32502	33261	2
32502	33271	3
32502	33278	6
32502	33310	4
32502	33340	2
32502	33357	7
32502	33385	11
32502	33419	5
32502	33622	3
32502	34077	4
32502	34090	1
32502	34118	4
32502	34135	2
32502	34141	1
32502	34159	2
32502	34166	8
32502	34175	6
32502	34186	8
32502	34208	2
32502	34247	6
32502	34270	9
32502	34296	7
32502	34322	1
32502	34372	2
32502	34543	1
32502	34647	1
32502	34894	2
32502	34898	18
32502	34998	2
32502	35067	18
32502	35291	1
32502	35434	12
32502	36558	1
32502	36565	29
32502	36698	2
32502	36948	42
32502	37626	3
32502	38329	6
32502	38431	6
32502	38724	6
32502	38795	1
32502	39451	1
32502	40704	12
32502	40722	6
32502	40976	3
32502	42236	4
32502	43194	6
32502	43763	5
32502	43939	8
32502	44138	1
32502	44143	2
32502	44479	3
32502	44598	10
32502	45039	3
32502	45201	3
32502	46606	3
32502	46608	12
32502	47077	1
32502	47310	3
32502	48605	2
32502	49810	5
32502	49871	3
32502	49979	8
32502	50157	4
32502	50163	2
32502	50644	10
32502	51999	6
32502	52182	25
32502	52414	7
32502	52616	2
32502	53674	1
32502	53696	1
32502	54239	3
32502	54248	7
32502	54884	6
32502	55157	1
32502	55288	1
32502	55378	5
32502	55415	1
32502	55470	10
32502	56088	1
32502	56117	7
32502	56223	4
32502	56304	2
32502	56554	14
32502	56583	1
32502	56936	5
32502	56954	3
32502	57001	3
32502	57325	4
32502	57374	3
32502	57587	1
32502	57645	2
32502	57822	6
32502	57825	2
32502	57878	5
32502	57957	1
32502	58401	1
32502	58477	2
32502	59087	15
32502	59418	5
32502	59667	5
32502	60025	3
32502	60096	1
32502	60326	21
32502	60894	3
32502	60976	19
32502	61013	2
32502	61242	5
32502	61279	1
32502	62162	5
32502	62521	1
32502	62563	2
32502	62582	7
32502	62596	1
32502	62605	2
32502	62619	6
32502	62650	17
32502	62696	7
32502	62762	5
32502	62799	6
32502	62828	9
32502	62860	15
32502	62898	8
32502	63525	5
32502	63932	4
32502	63933	5
32502	64294	5
32502	64532	1
32502	64552	14
32502	64569	2
32502	64675	2
32502	64744	2
32502	65135	2
32502	65150	4
32502	65157	10
32502	65180	4
32502	65399	2
32502	65477	1
32502	65505	5
32502	65524	4
32502	65568	6
32502	65588	1
32502	65594	2
32502	65623	1
32502	65679	13
32502	65757	1
32502	66003	4
32502	66266	1
32502	66351	2
32502	66433	4
32502	66472	5
32502	66504	3
32502	66804	3
32502	67058	4
32502	67129	2
32502	67147	2
32502	67165	8
32502	67189	6
32502	67209	1
32502	67215	3
32502	67249	3
32502	67268	2
32502	67277	3
32502	67285	3
32502	67308	11
32502	67336	9
32502	67371	7
32502	67422	1
32502	67482	1
32502	67494	3
32502	67653	3
32502	67670	2
32502	67733	6
32502	67768	2
32502	67977	20
32502	67980	1
32511	32579	3
32511	32688	1
32511	33156	1
32511	33181	3
32511	33200	11
32511	33223	7
32511	33248	8
32511	33261	3
32511	33278	1
32511	33288	9
32511	33310	14
32511	33340	13
32511	33357	13
32511	33385	8
32511	33419	2
32511	34077	2
32511	34135	8
32511	34141	19
32511	34159	4
32511	34166	9
32511	34175	47
32511	34186	20
32511	34208	2
32511	34247	5
32511	34270	23
32511	34296	8
32511	34372	1
32511	34543	7
32511	34894	44
32511	34898	73
32511	34998	1
32511	35067	1
32511	35434	3
32511	36565	8
32511	36948	4
32511	37103	8
32511	37626	2
32511	38329	4
32511	38431	23
32511	39051	5
32511	39451	1
32511	40704	2
32511	40754	13
32511	42528	3
32511	43056	1
32511	43194	4
32511	43763	5
32511	44143	1
32511	44598	5
32511	45039	4
32511	45201	4
32511	47077	5
32511	47310	8
32511	48605	6
32511	49095	13
32511	49871	11
32511	49979	1
32511	50157	3
32511	50163	1
32511	51999	9
32511	52182	10
32511	53674	9
32511	53696	5
32511	54239	1
32511	55157	4
32511	55378	1
32511	55470	3
32511	56117	4
32511	56223	6
32511	56304	6
32511	56554	8
32511	56583	9
32511	56936	9
32511	56954	4
32511	57001	4
32511	57382	25
32511	57587	7
32511	57742	1
32511	57822	4
32511	57825	10
32511	57878	2
32511	58401	6
32511	58477	10
32511	59087	5
32511	59667	1
32511	59727	1
32511	60326	1
32511	61013	8
32511	61279	1
32511	62521	38
32511	62563	7
32511	62582	4
32511	62605	7
32511	62619	10
32511	62650	11
32511	62696	12
32511	62762	2
32511	62791	5
32511	62799	7
32511	62828	10
32511	62860	4
32511	62898	11
32511	63525	1
32511	63933	28
32511	64294	11
32511	64532	9
32511	64552	57
32511	64569	1
32511	64744	7
32511	64805	23
32511	65135	6
32511	65157	4
32511	65180	15
32511	65190	3
32511	65477	26
32511	65568	14
32511	65588	1
32511	65594	67
32511	65605	3
32511	65679	41
32511	65730	4
32511	65757	2
32511	66003	6
32511	66266	4
32511	66472	8
32511	67129	3
32511	67147	4
32511	67165	15
32511	67189	8
32511	67209	7
32511	67249	14
32511	67260	1
32511	67268	1
32511	67277	6
32511	67285	4
32511	67308	14
32511	67336	11
32511	67371	4
32511	67422	3
32511	67482	1
32511	67494	7
32511	67653	2
32511	67670	2
32511	67733	26
32511	67768	25
32522	32579	1
32522	32688	2
32522	33156	8
32522	33181	5
32522	33200	7
32522	33223	3
32522	33248	3
32522	33310	4
32522	33340	12
32522	33357	7
32522	33385	14
32522	33419	6
32522	34077	2
32522	34090	17
32522	34118	15
32522	34135	6
32522	34159	6
32522	34166	2
32522	34175	1
32522	34186	1
32522	34208	1
32522	34247	4
32522	34270	10
32522	34296	3
32522	34322	1
32522	34647	1
32522	34992	1
32522	35067	18
32522	35434	4
32522	35713	16
32522	36126	5
32522	36558	1
32522	36565	11
32522	36948	4
32522	37103	1
32522	38329	14
32522	40704	3
32522	40722	7
32522	40976	3
32522	42236	5
32522	42528	1
32522	43194	3
32522	44138	4
32522	44143	3
32522	44598	7
32522	45201	1
32522	46138	4
32522	46606	6
32522	46608	17
32522	49979	2
32522	50157	1
32522	50644	13
32522	51999	8
32522	52182	17
32522	52616	4
32522	54239	1
32522	54248	40
32522	54368	2
32522	55157	1
32522	55288	2
32522	55378	7
32522	55415	1
32522	55470	3
32522	56088	5
32522	56117	11
32522	56554	13
32522	56936	8
32522	56954	2
32522	57001	4
32522	57208	1
32522	57382	1
32522	57645	2
32522	57742	1
32522	57822	8
32522	57825	1
32522	57832	2
32522	57878	2
32522	58477	4
32522	59087	19
32522	59727	4
32522	60025	1
32522	60096	2
32522	60326	1
32522	60894	3
32522	61585	1
32522	62162	3
32522	62563	3
32522	62582	5
32522	62596	2
32522	62605	1
32522	62619	4
32522	62650	32
32522	62696	16
32522	62762	1
32522	62799	12
32522	62828	7
32522	62860	15
32522	62898	22
32522	63525	3
32522	63932	1
32522	64231	2
32522	64532	1
32522	64552	2
32522	64569	4
32522	64610	6
32522	64675	3
32522	65135	3
32522	65150	1
32522	65157	9
32522	65477	1
32522	65524	6
32522	65568	2
32522	65588	2
32522	65594	1
32522	65605	2
32522	65679	2
32522	65757	3
32522	66003	2
32522	66351	11
32522	66433	8
32522	66504	6
32522	67129	2
32522	67147	3
32522	67165	28
32522	67189	6
32522	67209	3
32522	67215	2
32522	67260	1
32522	67268	2
32522	67277	7
32522	67285	5
32522	67308	11
32522	67336	19
32522	67371	6
32522	67422	2
32522	67482	6
32522	67653	1
32522	67768	2
32522	67977	2
32579	32688	2
32579	33156	1
32579	33200	5
32579	33223	6
32579	33248	7
32579	33261	4
32579	33278	1
32579	33288	1
32579	33310	6
32579	33340	14
32579	33357	8
32579	33385	14
32579	33419	6
32579	34090	9
32579	34118	2
32579	34135	6
32579	34141	3
32579	34159	4
32579	34166	7
32579	34175	20
32579	34186	20
32579	34208	3
32579	34247	7
32579	34270	16
32579	34296	32
32579	34543	2
32579	34894	11
32579	34898	45
32579	34992	1
32579	34998	1
32579	35067	4
32579	35434	6
32579	36565	13
32579	36698	2
32579	36948	9
32579	37103	2
32579	37626	3
32579	38431	1
32579	38724	2
32579	39051	5
32579	39451	1
32579	40704	4
32579	40976	1
32579	42528	1
32579	43056	2
32579	43194	3
32579	43763	3
32579	44143	1
32579	44479	1
32579	44598	2
32579	44945	6
32579	45039	1
32579	46608	5
32579	47077	2
32579	47310	13
32579	48605	7
32579	49095	6
32579	49810	3
32579	49871	3
32579	49979	1
32579	50163	1
32579	51999	7
32579	52182	4
32579	52414	1
32579	53674	2
32579	53696	2
32579	54239	2
32579	54248	1
32579	54368	1
32579	54857	1
32579	54884	2
32579	55378	3
32579	55470	1
32579	56223	2
32579	56304	2
32579	56540	2
32579	56554	7
32579	56583	6
32579	56936	6
32579	56954	3
32579	57001	4
32579	57325	4
32579	57374	3
32579	57382	16
32579	57587	4
32579	57645	2
32579	57742	3
32579	57822	4
32579	57825	3
32579	57878	2
32579	58401	2
32579	58477	1
32579	59087	6
32579	59667	1
32579	59727	2
32579	60326	1
32579	60894	1
32579	60976	3
32579	61013	2
32579	62162	1
32579	62521	15
32579	62582	2
32579	62596	3
32579	62605	12
32579	62619	14
32579	62650	18
32579	62696	10
32579	62762	10
32579	62791	3
32579	62799	7
32579	62828	10
32579	62860	7
32579	62898	1
32579	63525	4
32579	63932	1
32579	63933	19
32579	64294	24
32579	64532	2
32579	64552	46
32579	64569	6
32579	64675	2
32579	64744	2
32579	64805	6
32579	65135	1
32579	65150	1
32579	65157	2
32579	65180	11
32579	65190	13
32579	65477	10
32579	65524	1
32579	65568	8
32579	65588	6
32579	65594	43
32579	65605	2
32579	65623	1
32579	65679	25
32579	65730	2
32579	65757	1
32579	66003	2
32579	66433	1
32579	66472	2
32579	67129	1
32579	67147	5
32579	67165	13
32579	67189	2
32579	67209	3
32579	67215	8
32579	67249	3
32579	67268	1
32579	67277	7
32579	67285	3
32579	67308	13
32579	67336	16
32579	67371	8
32579	67422	4
32579	67474	1
32579	67482	2
32579	67494	6
32579	67670	1
32579	67733	15
32579	67768	9
32579	67977	19
32579	68095	1
32688	33156	2
32688	33181	2
32688	33200	1
32688	33248	3
32688	33271	1
32688	33278	17
32688	33310	4
32688	33340	7
32688	33357	3
32688	33385	10
32688	33419	3
32688	34077	1
32688	34090	3
32688	34118	3
32688	34135	5
32688	34159	1
32688	34166	2
32688	34175	2
32688	34186	4
32688	34208	1
32688	34247	4
32688	34270	5
32688	34296	1
32688	34322	1
32688	34372	3
32688	34647	4
32688	34894	10
32688	34898	9
32688	34992	7
32688	34998	11
32688	35067	29
32688	35291	7
32688	35434	170
32688	35713	1
32688	36126	1
32688	36565	128
32688	36698	6
32688	36948	69
32688	37626	6
32688	38329	23
32688	38431	1
32688	38724	4
32688	38795	10
32688	38890	1
32688	39051	1
32688	39451	1
32688	40704	30
32688	40722	3
32688	40976	40
32688	42236	5
32688	43056	11
32688	43194	30
32688	43939	4
32688	44138	3
32688	44143	14
32688	44598	21
32688	44945	2
32688	45039	8
32688	45201	24
32688	45625	2
32688	45766	15
32688	46138	2
32688	46606	17
32688	46608	14
32688	47077	1
32688	47249	1
32688	48276	5
32688	49810	3
32688	49871	2
32688	49979	6
32688	50157	1
32688	50163	5
32688	50644	4
32688	51999	30
32688	52125	3
32688	52182	105
32688	52196	2
32688	52616	17
32688	53953	1
32688	54239	4
32688	54248	21
32688	54857	3
32688	54884	6
32688	55157	22
32688	55288	85
32688	55378	3
32688	55415	16
32688	55470	5
32688	55693	2
32688	55762	19
32688	56088	31
32688	56117	37
32688	56223	15
32688	56304	2
32688	56540	10
32688	56554	100
32688	56583	3
32688	56936	4
32688	56954	2
32688	57001	2
32688	57208	1
32688	57325	14
32688	57374	3
32688	57587	2
32688	57593	2
32688	57631	4
32688	57645	2
32688	57742	1
32688	57822	14
32688	57832	15
32688	57878	1
32688	57957	1
32688	58477	44
32688	59087	45
32688	59418	1
32688	59667	27
32688	59727	19
32688	60096	10
32688	60326	8
32688	60894	53
32688	60976	10
32688	61013	1
32688	61242	4
32688	61279	5
32688	61585	11
32688	61697	10
32688	62162	2
32688	62521	1
32688	62582	2
32688	62596	2
32688	62619	1
32688	62650	10
32688	62696	5
32688	62762	2
32688	62791	2
32688	62799	4
32688	62828	5
32688	62860	11
32688	62898	2
32688	63525	8
32688	63932	4
32688	63933	11
32688	64231	5
32688	64294	2
32688	64552	7
32688	64569	1
32688	64610	3
32688	64675	4
32688	64726	4
32688	64744	3
32688	64805	2
32688	65135	1
32688	65150	3
32688	65157	2
32688	65180	2
32688	65190	1
32688	65477	5
32688	65505	5
32688	65588	1
32688	65594	3
32688	65605	2
32688	65679	2
32688	65757	2
32688	66003	14
32688	66040	7
32688	66237	6
32688	66266	10
32688	66351	11
32688	66433	3
32688	66504	7
32688	66804	5
32688	67058	1
32688	67165	3
32688	67209	1
32688	67215	2
32688	67260	1
32688	67285	3
32688	67336	11
32688	67371	1
32688	67422	1
32688	67482	2
32688	67653	1
32688	67670	1
32688	67977	13
32688	67980	5
32688	68095	1
33156	33181	12
33156	33200	19
33156	33223	16
33156	33248	16
33156	33261	6
33156	33271	3
33156	33278	22
33156	33288	2
33156	33310	16
33156	33340	29
33156	33357	27
33156	33385	35
33156	33419	12
33156	33622	7
33156	34077	7
33156	34090	14
33156	34118	25
33156	34135	10
33156	34159	9
33156	34166	22
33156	34175	8
33156	34186	2
33156	34208	10
33156	34247	18
33156	34270	16
33156	34296	17
33156	34322	2
33156	34372	1
33156	34543	1
33156	34647	3
33156	34894	9
33156	34898	30
33156	34992	9
33156	34998	2
33156	35067	29
33156	35291	2
33156	35434	32
33156	35713	21
33156	36126	3
33156	36558	2
33156	36565	48
33156	36698	8
33156	36948	21
33156	37103	1
33156	37626	2
33156	38329	60
33156	38431	1
33156	38446	7
33156	38724	5
33156	38890	3
33156	39051	3
33156	39451	14
33156	40704	25
33156	40722	4
33156	40976	9
33156	42236	7
33156	43056	11
33156	43194	15
33156	43763	1
33156	43939	1
33156	44138	8
33156	44143	8
33156	44571	3
33156	44598	71
33156	44945	9
33156	45039	3
33156	45201	13
33156	45625	4
33156	46138	9
33156	46606	3
33156	46608	11
33156	47310	4
33156	48276	2
33156	49095	2
33156	49810	2
33156	49871	1
33156	49979	12
33156	50157	1
33156	50163	1
33156	50245	11
33156	50644	2
33156	51999	36
33156	52125	1
33156	52182	32
33156	52196	2
33156	52294	1
33156	52414	1
33156	52616	4
33156	53696	5
33156	54239	5
33156	54248	31
33156	54368	2
33156	54857	10
33156	54884	2
33156	55157	3
33156	55288	3
33156	55378	20
33156	55470	11
33156	55693	4
33156	55762	1
33156	56088	4
33156	56117	24
33156	56223	2
33156	56304	1
33156	56540	6
33156	56554	56
33156	56583	4
33156	56936	19
33156	56954	3
33156	57001	7
33156	57208	3
33156	57325	5
33156	57374	3
33156	57587	1
33156	57593	4
33156	57631	3
33156	57645	2
33156	57742	4
33156	57822	52
33156	57878	6
33156	58477	31
33156	59087	29
33156	59418	9
33156	59667	5
33156	59727	20
33156	60025	6
33156	60096	3
33156	60326	6
33156	60894	20
33156	60976	5
33156	61013	3
33156	61242	5
33156	61279	4
33156	61585	6
33156	61697	2
33156	62563	9
33156	62582	19
33156	62596	15
33156	62605	5
33156	62619	18
33156	62650	44
33156	62696	36
33156	62762	14
33156	62791	1
33156	62799	13
33156	62828	23
33156	62860	21
33156	62898	34
33156	63525	8
33156	63932	6
33156	63933	10
33156	64231	4
33156	64294	2
33156	64532	8
33156	64552	11
33156	64569	15
33156	64610	14
33156	64675	6
33156	64744	7
33156	64805	2
33156	65135	3
33156	65150	5
33156	65157	13
33156	65180	4
33156	65190	6
33156	65399	4
33156	65477	23
33156	65505	2
33156	65524	12
33156	65568	9
33156	65588	7
33156	65594	10
33156	65605	7
33156	65679	12
33156	65730	6
33156	65757	11
33156	66003	37
33156	66040	6
33156	66266	1
33156	66351	3
33156	66433	13
33156	66472	2
33156	66504	10
33156	66804	16
33156	67058	5
33156	67129	5
33156	67147	4
33156	67165	43
33156	67189	20
33156	67209	9
33156	67215	5
33156	67249	5
33156	67260	7
33156	67268	6
33156	67277	4
33156	67285	16
33156	67308	20
33156	67336	38
33156	67371	16
33156	67422	8
33156	67474	2
33156	67482	3
33156	67494	6
33156	67653	16
33156	67670	2
33156	67733	1
33156	67768	8
33156	67977	5
33156	67980	6
33181	33200	18
33181	33223	3
33181	33248	4
33181	33261	6
33181	33271	2
33181	33278	1
33181	33288	1
33181	33310	6
33181	33340	22
33181	33357	10
33181	33385	20
33181	33419	9
33181	33622	2
33181	34077	6
33181	34090	4
33181	34118	9
33181	34135	9
33181	34141	3
33181	34159	2
33181	34166	4
33181	34175	9
33181	34186	10
33181	34208	3
33181	34247	13
33181	34270	19
33181	34296	4
33181	34543	3
33181	34894	1
33181	34898	9
33181	34992	8
33181	34998	1
33181	35067	8
33181	35291	1
33181	35434	12
33181	35713	3
33181	36126	2
33181	36558	1
33181	36565	12
33181	36698	1
33181	36948	4
33181	37103	2
33181	38329	30
33181	38431	1
33181	38446	1
33181	38724	1
33181	38795	3
33181	40704	6
33181	40722	2
33181	40976	1
33181	42236	2
33181	43056	2
33181	44138	3
33181	44143	3
33181	44479	1
33181	44598	25
33181	44945	1
33181	45201	3
33181	46138	3
33181	46608	2
33181	47310	2
33181	48276	2
33181	48605	1
33181	49095	2
33181	49979	1
33181	50157	2
33181	50163	1
33181	50245	7
33181	51999	12
33181	52182	7
33181	52616	2
33181	53696	3
33181	54239	2
33181	54248	9
33181	54368	3
33181	54884	2
33181	55157	3
33181	55378	5
33181	55470	4
33181	55762	1
33181	56117	3
33181	56223	3
33181	56540	1
33181	56554	16
33181	56583	1
33181	56936	8
33181	56954	1
33181	57325	1
33181	57374	2
33181	57382	37
33181	57587	1
33181	57822	12
33181	57825	1
33181	57878	4
33181	58477	9
33181	59087	13
33181	59667	7
33181	59727	2
33181	60025	2
33181	60096	2
33181	60326	2
33181	60976	2
33181	61013	3
33181	61279	2
33181	61585	1
33181	62162	1
33181	62521	2
33181	62563	2
33181	62582	5
33181	62596	6
33181	62605	3
33181	62619	2
33181	62650	13
33181	62696	17
33181	62762	7
33181	62791	3
33181	62799	13
33181	62828	13
33181	62860	10
33181	62898	18
33181	63525	2
33181	63933	1
33181	64294	1
33181	64532	1
33181	64552	9
33181	64610	4
33181	64675	2
33181	64726	1
33181	64744	1
33181	65157	10
33181	65180	1
33181	65190	5
33181	65399	3
33181	65477	14
33181	65505	2
33181	65524	9
33181	65568	4
33181	65588	2
33181	65594	3
33181	65605	5
33181	65623	1
33181	65679	12
33181	65757	2
33181	66003	10
33181	66351	1
33181	66433	9
33181	66472	1
33181	66504	5
33181	66804	2
33181	67129	2
33181	67147	2
33181	67165	20
33181	67189	13
33181	67209	3
33181	67215	2
33181	67249	3
33181	67268	4
33181	67277	4
33181	67285	9
33181	67308	23
33181	67336	8
33181	67371	8
33181	67422	7
33181	67474	1
33181	67482	1
33181	67494	4
33181	67653	2
33181	67733	3
33181	67768	4
33181	67977	2
33181	67980	1
33200	33223	15
33200	33248	16
33200	33261	10
33200	33271	5
33200	33278	15
33200	33288	8
33200	33310	29
33200	33340	19
33200	33357	15
33200	33385	45
33200	33419	21
33200	33622	4
33200	34077	10
33200	34090	14
33200	34118	27
33200	34135	24
33200	34141	5
33200	34159	7
33200	34166	26
33200	34175	36
33200	34186	22
33200	34208	6
33200	34247	20
33200	34270	55
33200	34296	27
33200	34322	2
33200	34372	1
33200	34543	7
33200	34647	13
33200	34894	26
33200	34898	99
33200	34992	7
33200	34998	7
33200	35067	53
33200	35291	1
33200	35434	31
33200	35713	12
33200	36126	3
33200	36558	3
33200	36565	62
33200	36698	5
33200	36948	36
33200	37103	9
33200	37626	3
33200	38329	62
33200	38431	9
33200	38446	1
33200	38724	6
33200	38795	1
33200	38890	2
33200	39051	2
33200	39451	3
33200	40704	22
33200	40722	1
33200	40754	6
33200	40976	5
33200	42236	1
33200	43056	9
33200	43194	50
33200	43763	10
33200	43939	1
33200	44138	10
33200	44143	4
33200	44571	3
33200	44598	53
33200	44895	20
33200	44945	1
33200	45039	4
33200	45201	21
33200	45625	4
33200	45766	1
33200	46138	3
33200	46606	2
33200	46608	13
33200	47077	7
33200	47249	2
33200	47310	7
33200	48276	6
33200	48605	9
33200	49095	11
33200	49810	1
33200	49871	9
33200	49979	15
33200	50157	12
33200	50163	3
33200	50245	8
33200	50644	8
33200	51999	56
33200	52182	46
33200	52294	10
33200	52414	2
33200	52616	3
33200	53674	10
33200	53696	12
33200	54239	6
33200	54248	33
33200	54368	4
33200	54857	7
33200	54884	1
33200	55157	5
33200	55288	5
33200	55378	9
33200	55415	1
33200	55470	12
33200	55693	4
33200	55762	2
33200	56088	1
33200	56117	13
33200	56223	6
33200	56304	2
33200	56540	4
33200	56554	38
33200	56583	1
33200	56936	22
33200	56954	10
33200	57001	12
33200	57208	1
33200	57325	7
33200	57374	10
33200	57382	71
33200	57587	2
33200	57593	5
33200	57631	2
33200	57645	1
33200	57742	7
33200	57822	36
33200	57825	9
33200	57832	4
33200	57878	1
33200	57957	3
33200	58401	21
33200	58477	21
33200	59087	26
33200	59418	3
33200	59667	10
33200	59727	3
33200	60025	9
33200	60096	1
33200	60326	8
33200	60894	8
33200	60976	9
33200	61013	5
33200	61242	3
33200	61279	6
33200	61585	2
33200	61697	4
33200	62162	2
33200	62521	20
33200	62563	18
33200	62582	22
33200	62596	8
33200	62605	16
33200	62619	21
33200	62650	85
33200	62696	31
33200	62762	25
33200	62791	8
33200	62799	33
33200	62828	27
33200	62860	35
33200	62898	36
33200	63525	5
33200	63932	8
33200	63933	18
33200	64231	1
33200	64294	11
33200	64532	9
33200	64552	52
33200	64569	9
33200	64610	9
33200	64675	12
33200	64744	6
33200	64805	8
33200	65135	4
33200	65150	1
33200	65157	18
33200	65180	16
33200	65190	13
33200	65399	1
33200	65477	21
33200	65505	1
33200	65524	9
33200	65568	22
33200	65588	11
33200	65594	33
33200	65605	11
33200	65623	8
33200	65679	35
33200	65730	3
33200	65757	8
33200	66003	44
33200	66040	3
33200	66237	1
33200	66266	3
33200	66351	3
33200	66433	13
33200	66472	8
33200	66504	8
33200	66804	4
33200	67058	4
33200	67129	22
33200	67147	8
33200	67165	30
33200	67189	29
33200	67209	19
33200	67215	12
33200	67249	28
33200	67260	3
33200	67268	16
33200	67277	7
33200	67285	53
33200	67308	39
33200	67336	42
33200	67371	15
33200	67422	12
33200	67474	5
33200	67482	9
33200	67494	19
33200	67653	6
33200	67670	2
33200	67733	18
33200	67768	26
33200	67977	5
33200	67980	4
33200	68095	2
33223	33248	7
33223	33261	5
33223	33271	3
33223	33278	8
33223	33288	12
33223	33310	13
33223	33340	18
33223	33357	14
33223	33385	39
33223	33419	14
33223	33622	1
33223	34077	4
33223	34090	6
33223	34118	8
33223	34135	13
33223	34141	3
33223	34159	6
33223	34166	17
33223	34175	13
33223	34186	10
33223	34208	11
33223	34247	10
33223	34270	24
33223	34296	15
33223	34322	1
33223	34372	1
33223	34543	2
33223	34647	4
33223	34894	13
33223	34898	30
33223	34992	2
33223	34998	2
33223	35067	20
33223	35434	13
33223	36126	5
33223	36558	1
33223	36565	36
33223	36698	3
33223	36948	20
33223	37103	3
33223	37626	2
33223	38329	28
33223	38431	3
33223	38446	2
33223	39051	2
33223	39451	9
33223	40704	3
33223	40722	1
33223	40754	3
33223	40976	5
33223	42236	3
33223	42528	1
33223	43056	2
33223	43194	21
33223	43763	2
33223	43939	7
33223	44138	4
33223	44143	1
33223	44479	2
33223	44571	1
33223	44598	18
33223	44945	7
33223	45039	2
33223	45201	6
33223	45625	1
33223	46138	4
33223	46606	2
33223	47077	1
33223	47310	3
33223	48276	3
33223	48605	7
33223	49095	3
33223	49810	4
33223	49871	7
33223	49979	3
33223	50157	3
33223	50163	3
33223	51999	28
33223	52182	12
33223	52196	6
33223	52414	2
33223	52616	4
33223	53674	3
33223	53696	10
33223	53953	1
33223	54239	5
33223	54248	11
33223	54368	2
33223	54857	3
33223	54884	3
33223	55157	5
33223	55288	1
33223	55378	9
33223	55415	1
33223	55470	14
33223	55762	1
33223	56088	2
33223	56117	3
33223	56223	5
33223	56304	1
33223	56540	4
33223	56554	14
33223	56583	3
33223	56936	12
33223	56954	10
33223	57001	9
33223	57208	4
33223	57325	3
33223	57374	2
33223	57382	28
33223	57587	1
33223	57631	1
33223	57822	21
33223	57825	4
33223	57878	9
33223	57957	1
33223	58401	2
33223	58477	10
33223	59087	32
33223	59418	5
33223	59667	3
33223	59727	1
33223	60025	2
33223	60326	12
33223	60894	3
33223	60976	2
33223	61013	3
33223	61242	2
33223	61279	3
33223	61697	4
33223	62521	9
33223	62563	10
33223	62582	10
33223	62596	2
33223	62605	6
33223	62619	10
33223	62650	30
33223	62696	23
33223	62762	9
33223	62791	9
33223	62799	18
33223	62828	13
33223	62860	28
33223	62898	26
33223	63525	2
33223	63932	1
33223	63933	10
33223	64294	6
33223	64532	2
33223	64552	27
33223	64569	4
33223	64610	3
33223	64675	4
33223	64744	4
33223	64805	7
33223	65135	4
33223	65157	6
33223	65180	5
33223	65190	7
33223	65399	1
33223	65477	18
33223	65505	1
33223	65524	8
33223	65568	18
33223	65588	6
33223	65594	16
33223	65605	4
33223	65623	2
33223	65679	24
33223	65730	3
33223	65757	18
33223	66003	48
33223	66237	2
33223	66266	3
33223	66351	2
33223	66433	14
33223	66472	12
33223	66504	4
33223	66804	2
33223	67058	1
33223	67129	13
33223	67147	2
33223	67165	26
33223	67189	17
33223	67209	6
33223	67215	11
33223	67249	10
33223	67260	7
33223	67268	9
33223	67277	11
33223	67285	12
33223	67308	20
33223	67336	35
33223	67371	17
33223	67422	4
33223	67474	1
33223	67482	1
33223	67494	8
33223	67653	9
33223	67670	4
33223	67733	10
33223	67768	9
33223	67977	2
33223	68095	2
33248	33261	4
33248	33271	6
33248	33278	8
33248	33288	2
33248	33310	7
33248	33340	18
33248	33357	11
33248	33385	19
33248	33419	5
33248	34077	2
33248	34090	5
33248	34118	8
33248	34135	8
33248	34141	2
33248	34159	6
33248	34166	11
33248	34175	14
33248	34186	17
33248	34208	3
33248	34247	6
33248	34270	17
33248	34296	17
33248	34543	5
33248	34647	7
33248	34894	10
33248	34898	32
33248	34992	7
33248	34998	4
33248	35067	12
33248	35434	13
33248	35713	4
33248	36126	25
33248	36558	1
33248	36565	25
33248	36698	1
33248	36948	18
33248	37103	2
33248	37626	3
33248	38329	14
33248	38724	1
33248	38795	1
33248	38890	1
33248	39051	2
33248	39451	4
33248	40704	11
33248	40722	1
33248	40976	3
33248	42236	4
33248	42528	2
33248	43056	4
33248	43194	38
33248	43763	2
33248	43939	2
33248	44138	7
33248	44143	3
33248	44479	3
33248	44571	1
33248	44598	24
33248	44895	3
33248	45039	2
33248	45201	3
33248	45766	1
33248	46138	3
33248	46606	4
33248	46608	22
33248	47249	1
33248	47310	8
33248	48276	7
33248	48605	2
33248	49095	3
33248	49871	3
33248	49979	1
33248	50157	1
33248	50163	1
33248	50245	3
33248	50644	4
33248	51999	13
33248	52182	17
33248	52294	1
33248	52414	1
33248	52616	2
33248	53674	1
33248	53696	6
33248	54239	8
33248	54248	23
33248	54368	2
33248	54857	7
33248	54884	2
33248	55157	2
33248	55288	7
33248	55378	12
33248	55415	1
33248	55470	9
33248	56117	6
33248	56223	4
33248	56304	1
33248	56540	3
33248	56554	21
33248	56583	5
33248	56936	8
33248	56954	7
33248	57001	3
33248	57325	3
33248	57587	4
33248	57631	2
33248	57645	1
33248	57822	12
33248	57825	1
33248	57878	6
33248	57957	1
33248	58401	3
33248	58477	2
33248	59087	30
33248	59418	2
33248	59667	2
33248	59727	1
33248	60025	1
33248	60326	10
33248	60894	8
33248	60976	6
33248	61013	3
33248	61242	3
33248	61279	1
33248	61697	1
33248	62162	7
33248	62521	17
33248	62563	5
33248	62582	10
33248	62596	2
33248	62605	9
33248	62619	18
33248	62650	41
33248	62696	14
33248	62762	15
33248	62791	2
33248	62799	8
33248	62828	11
33248	62860	29
33248	62898	11
33248	63525	1
33248	63932	1
33248	63933	11
33248	64294	7
33248	64552	27
33248	64569	3
33248	64610	4
33248	64675	5
33248	64744	1
33248	64805	6
33248	65135	6
33248	65157	9
33248	65180	10
33248	65190	6
33248	65477	16
33248	65505	2
33248	65524	3
33248	65568	11
33248	65588	7
33248	65594	24
33248	65605	4
33248	65623	6
33248	65679	23
33248	65730	2
33248	65757	5
33248	66003	7
33248	66237	2
33248	66266	7
33248	66351	3
33248	66433	3
33248	66472	5
33248	66504	7
33248	66804	3
33248	67129	7
33248	67147	4
33248	67165	15
33248	67189	14
33248	67209	2
33248	67215	4
33248	67249	4
33248	67260	1
33248	67268	3
33248	67277	6
33248	67285	12
33248	67308	18
33248	67336	29
33248	67371	8
33248	67422	7
33248	67474	1
33248	67482	8
33248	67494	10
33248	67653	5
33248	67670	3
33248	67733	10
33248	67768	3
33248	67980	2
33248	68095	1
33261	33271	1
33261	33278	3
33261	33288	3
33261	33310	5
33261	33340	13
33261	33357	5
33261	33385	25
33261	33419	8
33261	34077	12
33261	34090	18
33261	34118	7
33261	34135	10
33261	34141	21
33261	34159	7
33261	34166	4
33261	34175	5
33261	34186	3
33261	34208	4
33261	34247	8
33261	34270	19
33261	34296	8
33261	34322	3
33261	34372	3
33261	34543	1
33261	34647	1
33261	34894	9
33261	34898	17
33261	34998	2
33261	35067	7
33261	35434	9
33261	36126	1
33261	36565	25
33261	36698	3
33261	36948	47
33261	37626	1
33261	38329	28
33261	38446	2
33261	38724	1
33261	38795	1
33261	38890	1
33261	39451	4
33261	40722	2
33261	40976	4
33261	43056	2
33261	43194	6
33261	43763	2
33261	43939	1
33261	44143	1
33261	44479	8
33261	44571	1
33261	44598	26
33261	45039	15
33261	45625	1
33261	46606	3
33261	46608	3
33261	47077	7
33261	47310	3
33261	48605	2
33261	49095	1
33261	49810	3
33261	50157	2
33261	50163	61
33261	50245	3
33261	51999	9
33261	52125	20
33261	52182	13
33261	52196	3
33261	52414	3
33261	53696	2
33261	53953	15
33261	54239	1
33261	54248	6
33261	54368	6
33261	54884	5
33261	55288	3
33261	55378	2
33261	55415	1
33261	55470	10
33261	55693	10
33261	56088	2
33261	56117	1
33261	56223	2
33261	56554	22
33261	56583	2
33261	56936	5
33261	56954	2
33261	57001	4
33261	57325	2
33261	57374	12
33261	57587	2
33261	57631	2
33261	57822	9
33261	57825	1
33261	57878	3
33261	58401	1
33261	59087	15
33261	59667	1
33261	59727	3
33261	60326	22
33261	60894	2
33261	60976	7
33261	61013	2
33261	61242	1
33261	61585	1
33261	61697	4
33261	62162	2
33261	62521	10
33261	62563	5
33261	62582	44
33261	62596	5
33261	62605	12
33261	62619	5
33261	62650	22
33261	62696	9
33261	62762	13
33261	62791	6
33261	62799	4
33261	62828	14
33261	62860	16
33261	62898	10
33261	63933	2
33261	64294	4
33261	64532	7
33261	64552	12
33261	64610	2
33261	64675	1
33261	64805	2
33261	65135	1
33261	65157	5
33261	65180	6
33261	65190	5
33261	65477	6
33261	65524	2
33261	65568	11
33261	65588	4
33261	65594	2
33261	65605	9
33261	65679	23
33261	65730	92
33261	66003	4
33261	66266	1
33261	66351	2
33261	66433	5
33261	66472	1
33261	66504	7
33261	67058	5
33261	67129	3
33261	67147	2
33261	67165	23
33261	67189	8
33261	67209	2
33261	67215	8
33261	67249	1
33261	67260	2
33261	67268	3
33261	67277	5
33261	67285	15
33261	67308	62
33261	67336	11
33261	67371	10
33261	67422	14
33261	67474	1
33261	67482	9
33261	67494	1
33261	67653	4
33261	67670	1
33261	67733	10
33261	67768	1
33261	68095	6
33271	33278	25
33271	33310	2
33271	33340	5
33271	33357	10
33271	33385	2
33271	33419	4
33271	33622	2
33271	34077	2
33271	34090	3
33271	34118	2
33271	34135	2
33271	34141	3
33271	34159	4
33271	34166	3
33271	34175	1
33271	34186	1
33271	34208	8
33271	34247	4
33271	34270	8
33271	34647	5
33271	34894	1
33271	34898	9
33271	34992	1
33271	34998	49
33271	35067	3
33271	35291	1
33271	35434	10
33271	36558	7
33271	36565	33
33271	36698	6
33271	36948	111
33271	37103	1
33271	38329	4
33271	38724	23
33271	38890	1
33271	40704	6
33271	40722	1
33271	40976	2
33271	43056	7
33271	43194	27
33271	43763	1
33271	43939	6
33271	44138	4
33271	44143	2
33271	44479	7
33271	44571	4
33271	44598	7
33271	45039	26
33271	45201	5
33271	47077	6
33271	48276	2
33271	49810	34
33271	49979	4
33271	50157	3
33271	50163	10
33271	51999	4
33271	52125	6
33271	52182	12
33271	52414	65
33271	53696	1
33271	53953	5
33271	54248	2
33271	54857	4
33271	54884	3
33271	55157	1
33271	55288	2
33271	55378	1
33271	55415	1
33271	55470	40
33271	55693	1
33271	55762	1
33271	56088	3
33271	56117	3
33271	56304	1
33271	56540	1
33271	56554	30
33271	56936	20
33271	56954	1
33271	57001	2
33271	57208	1
33271	57325	3
33271	57374	1
33271	57382	2
33271	57593	2
33271	57631	8
33271	57742	1
33271	57822	15
33271	57832	1
33271	57878	2
33271	58401	1
33271	58477	8
33271	59087	3
33271	59418	8
33271	59667	2
33271	60025	2
33271	60096	1
33271	60326	143
33271	60894	11
33271	60976	61
33271	61242	7
33271	61585	1
33271	61697	6
33271	62563	37
33271	62582	2
33271	62596	3
33271	62605	5
33271	62619	6
33271	62650	4
33271	62696	9
33271	62762	5
33271	62791	4
33271	62799	1
33271	62828	7
33271	62860	40
33271	62898	3
33271	63525	1
33271	63932	1
33271	63933	1
33271	64231	1
33271	64552	9
33271	64569	3
33271	64610	1
33271	64675	25
33271	64744	1
33271	65135	2
33271	65157	1
33271	65180	2
33271	65190	2
33271	65477	5
33271	65505	23
33271	65524	2
33271	65568	1
33271	65588	13
33271	65605	1
33271	65679	3
33271	65730	7
33271	66003	14
33271	66040	2
33271	66266	2
33271	66433	2
33271	66504	1
33271	66804	2
33271	67058	1
33271	67165	6
33271	67189	14
33271	67209	1
33271	67215	5
33271	67249	8
33271	67268	2
33271	67277	1
33271	67285	4
33271	67308	11
33271	67336	24
33271	67371	1
33271	67422	3
33271	67653	5
33271	67670	1
33271	67768	5
33271	67977	7
33271	67980	1
33271	68095	6
33278	33310	16
33278	33340	11
33278	33357	39
33278	33385	19
33278	33419	7
33278	33622	7
33278	34077	10
33278	34090	3
33278	34118	5
33278	34135	5
33278	34159	3
33278	34166	24
33278	34175	4
33278	34186	3
33278	34208	3
33278	34247	6
33278	34270	15
33278	34296	1
33278	34372	2
33278	34543	1
33278	34647	2
33278	34894	22
33278	34898	40
33278	34992	3
33278	34998	12
33278	35067	18
33278	35291	37
33278	35434	171
33278	35713	1
33278	36126	5
33278	36558	4
33278	36565	216
33278	36698	13
33278	36948	145
33278	37103	1
33278	37626	7
33278	38329	17
33278	38446	1
33278	38724	18
33278	38795	13
33278	38890	3
33278	39051	10
33278	39451	9
33278	40704	25
33278	40722	13
33278	40976	18
33278	42236	3
33278	42528	1
33278	43056	11
33278	43194	18
33278	43763	11
33278	43939	8
33278	44138	6
33278	44143	6
33278	44479	9
33278	44571	3
33278	44598	19
33278	44945	1
33278	45039	28
33278	45201	36
33278	45625	4
33278	45766	1
33278	46606	6
33278	46608	16
33278	47077	9
33278	47310	5
33278	48276	3
33278	49095	1
33278	49810	10
33278	49871	20
33278	49979	57
33278	50157	102
33278	50163	2
33278	50644	1
33278	51999	52
33278	52125	2
33278	52182	60
33278	52196	1
33278	52414	49
33278	52616	20
33278	53674	8
33278	53696	5
33278	53953	20
33278	54239	5
33278	54248	4
33278	54368	1
33278	54857	4
33278	54884	15
33278	55157	6
33278	55288	12
33278	55378	20
33278	55415	5
33278	55470	34
33278	55693	3
33278	55762	19
33278	56088	13
33278	56117	19
33278	56223	2
33278	56304	1
33278	56540	9
33278	56554	72
33278	56583	14
33278	56936	13
33278	57001	5
33278	57208	11
33278	57325	10
33278	57374	28
33278	57382	8
33278	57587	1
33278	57593	3
33278	57631	8
33278	57645	2
33278	57742	3
33278	57822	56
33278	57825	3
33278	57832	5
33278	57878	3
33278	57957	1
33278	58477	69
33278	59087	27
33278	59418	6
33278	59667	9
33278	59727	20
33278	60025	4
33278	60096	9
33278	60326	100
33278	60894	176
33278	60976	65
33278	61013	1
33278	61242	15
33278	61279	3
33278	61585	51
33278	61697	9
33278	62162	8
33278	62521	9
33278	62563	29
33278	62582	9
33278	62596	4
33278	62605	3
33278	62619	8
33278	62650	9
33278	62696	14
33278	62762	10
33278	62791	1
33278	62799	7
33278	62828	4
33278	62860	20
33278	62898	10
33278	63525	13
33278	63932	22
33278	63933	15
33278	64231	13
33278	64294	2
33278	64552	19
33278	64569	6
33278	64610	5
33278	64675	10
33278	64726	18
33278	64744	33
33278	64805	1
33278	65135	4
33278	65150	6
33278	65180	26
33278	65190	3
33278	65477	3
33278	65505	11
33278	65568	9
33278	65588	13
33278	65594	18
33278	65605	3
33278	65623	1
33278	65679	16
33278	65730	4
33278	65757	10
33278	66003	127
33278	66040	16
33278	66266	10
33278	66433	4
33278	66472	9
33278	66504	4
33278	66804	6
33278	67058	3
33278	67129	2
33278	67147	1
33278	67165	10
33278	67189	12
33278	67209	2
33278	67215	7
33278	67249	7
33278	67260	3
33278	67268	2
33278	67277	1
33278	67285	2
33278	67308	8
33278	67336	16
33278	67371	9
33278	67422	3
33278	67474	1
33278	67482	3
33278	67494	4
33278	67653	10
33278	67733	6
33278	67768	6
33278	67977	7
33278	67980	8
33278	68095	6
33288	33310	3
33288	33340	9
33288	33357	6
33288	33385	23
33288	33419	3
33288	34077	2
33288	34090	2
33288	34118	4
33288	34135	5
33288	34141	2
33288	34159	6
33288	34166	4
33288	34175	14
33288	34186	2
33288	34208	3
33288	34247	3
33288	34270	15
33288	34296	1
33288	34322	2
33288	34543	4
33288	34894	10
33288	34898	21
33288	34992	1
33288	34998	1
33288	35067	5
33288	35434	1
33288	36565	8
33288	36948	5
33288	37103	2
33288	37626	2
33288	38329	5
33288	38431	9
33288	38446	8
33288	38795	1
33288	39451	1
33288	40704	2
33288	40722	1
33288	40754	8
33288	40976	1
33288	43056	27
33288	43194	17
33288	44138	2
33288	44143	2
33288	44479	1
33288	44598	4
33288	45039	4
33288	45201	3
33288	45766	1
33288	47077	2
33288	47310	1
33288	48276	1
33288	48605	2
33288	49095	10
33288	49871	4
33288	49979	1
33288	51999	13
33288	52182	10
33288	53674	4
33288	53696	4
33288	54239	2
33288	54248	1
33288	54884	3
33288	55157	2
33288	55288	2
33288	55470	1
33288	55762	1
33288	56088	1
33288	56117	2
33288	56223	3
33288	56304	2
33288	56554	8
33288	56583	3
33288	56936	9
33288	56954	2
33288	57001	3
33288	57325	6
33288	57587	4
33288	57645	1
33288	57822	4
33288	57825	10
33288	57878	2
33288	58401	3
33288	58477	7
33288	59087	15
33288	59418	1
33288	59667	1
33288	60894	2
33288	60976	1
33288	61013	3
33288	61242	1
33288	61585	1
33288	62521	7
33288	62563	3
33288	62596	2
33288	62605	4
33288	62619	8
33288	62650	11
33288	62696	11
33288	62762	4
33288	62791	8
33288	62799	8
33288	62828	10
33288	62860	14
33288	62898	18
33288	63932	2
33288	63933	13
33288	64294	4
33288	64532	4
33288	64552	20
33288	64569	2
33288	64675	3
33288	64744	3
33288	64805	4
33288	65135	5
33288	65150	1
33288	65180	3
33288	65190	3
33288	65477	9
33288	65524	1
33288	65568	6
33288	65588	1
33288	65594	19
33288	65605	2
33288	65623	2
33288	65679	14
33288	65730	2
33288	65757	5
33288	66003	2
33288	66040	1
33288	66266	2
33288	66351	2
33288	66433	3
33288	66504	1
33288	67058	6
33288	67129	3
33288	67147	2
33288	67165	10
33288	67189	8
33288	67209	4
33288	67215	8
33288	67249	7
33288	67260	1
33288	67268	2
33288	67277	4
33288	67285	4
33288	67308	6
33288	67336	6
33288	67371	6
33288	67422	3
33288	67494	2
33288	67653	1
33288	67670	1
33288	67733	6
33288	67768	11
33288	67977	1
33288	68095	1
33310	33340	18
33310	33357	21
33310	33385	42
33310	33419	17
33310	33622	4
33310	34077	3
33310	34090	13
33310	34118	21
33310	34135	14
33310	34141	5
33310	34159	9
33310	34166	42
33310	34175	25
33310	34186	13
33310	34208	6
33310	34247	13
33310	34270	35
33310	34296	8
33310	34322	2
33310	34543	3
33310	34647	5
33310	34894	28
33310	34898	55
33310	34992	1
33310	34998	10
33310	35067	20
33310	35434	93
33310	35713	2
33310	36126	2
33310	36558	5
33310	36565	48
33310	36698	7
33310	36948	28
33310	37626	3
33310	38329	20
33310	38431	2
33310	38446	4
33310	38724	3
33310	38795	4
33310	38890	5
33310	39051	5
33310	39451	4
33310	40704	182
33310	40722	2
33310	40754	1
33310	40976	10
33310	42236	4
33310	42528	3
33310	43056	6
33310	43194	24
33310	43763	6
33310	43939	5
33310	44138	12
33310	44143	5
33310	44479	18
33310	44571	2
33310	44598	23
33310	44895	1
33310	44945	30
33310	45039	3
33310	45201	148
33310	45625	2
33310	45766	1
33310	46138	3
33310	46608	8
33310	47077	1
33310	47249	2
33310	47310	7
33310	48276	3
33310	48605	3
33310	49095	19
33310	49810	4
33310	49871	4
33310	49979	5
33310	50157	7
33310	50245	2
33310	50644	5
33310	51999	18
33310	52125	2
33310	52182	62
33310	52196	4
33310	52414	2
33310	52616	3
33310	53674	2
33310	53696	2
33310	54239	5
33310	54248	22
33310	54368	1
33310	54857	4
33310	54884	7
33310	55157	12
33310	55288	2
33310	55378	9
33310	55415	6
33310	55470	26
33310	55693	1
33310	55762	6
33310	56088	4
33310	56117	3
33310	56223	15
33310	56304	5
33310	56540	3
33310	56554	32
33310	56583	5
33310	56936	11
33310	56954	7
33310	57001	10
33310	57208	1
33310	57325	26
33310	57374	6
33310	57382	15
33310	57593	15
33310	57631	1
33310	57645	5
33310	57742	1
33310	57822	33
33310	57825	6
33310	57832	6
33310	57878	5
33310	57957	5
33310	58401	4
33310	58477	15
33310	59087	16
33310	59418	6
33310	59667	8
33310	59727	2
33310	60025	7
33310	60096	3
33310	60326	33
33310	60894	25
33310	60976	16
33310	61013	1
33310	61242	11
33310	61279	1
33310	61585	2
33310	61697	1
33310	62521	10
33310	62563	5
33310	62582	19
33310	62596	13
33310	62605	9
33310	62619	10
33310	62650	39
33310	62696	31
33310	62762	13
33310	62791	5
33310	62799	14
33310	62828	29
33310	62860	29
33310	62898	20
33310	63525	5
33310	63933	10
33310	64231	3
33310	64294	2
33310	64532	1
33310	64552	27
33310	64569	5
33310	64610	1
33310	64675	11
33310	64726	21
33310	64744	4
33310	64805	12
33310	65135	4
33310	65150	2
33310	65157	11
33310	65180	12
33310	65190	7
33310	65399	4
33310	65477	23
33310	65505	3
33310	65524	14
33310	65568	6
33310	65588	19
33310	65594	25
33310	65605	3
33310	65623	3
33310	65679	33
33310	65730	4
33310	65757	3
33310	66003	32
33310	66040	3
33310	66237	8
33310	66266	15
33310	66351	2
33310	66433	24
33310	66472	7
33310	66504	2
33310	66804	9
33310	67058	7
33310	67129	8
33310	67147	7
33310	67165	24
33310	67189	19
33310	67209	12
33310	67215	6
33310	67249	6
33310	67260	19
33310	67268	9
33310	67277	9
33310	67285	13
33310	67308	26
33310	67336	33
33310	67371	17
33310	67422	9
33310	67474	4
33310	67482	13
33310	67494	8
33310	67653	9
33310	67670	5
33310	67733	10
33310	67768	16
33310	67977	19
33310	67980	2
33310	68095	12
33340	33357	29
33340	33385	51
33340	33419	13
33340	33622	1
33340	34077	13
33340	34090	13
33340	34118	18
33340	34135	19
33340	34141	8
33340	34159	10
33340	34166	27
33340	34175	45
33340	34186	16
33340	34208	14
33340	34247	11
33340	34270	35
33340	34296	22
33340	34322	5
33340	34372	4
33340	34543	9
33340	34647	9
33340	34894	17
33340	34898	39
33340	34992	16
33340	34998	9
33340	35067	39
33340	35291	2
33340	35434	26
33340	35713	2
33340	36126	15
33340	36565	47
33340	36698	10
33340	36948	35
33340	37103	3
33340	38329	67
33340	38431	8
33340	38446	2
33340	38724	3
33340	38795	3
33340	38890	1
33340	39051	1
33340	39451	4
33340	40704	13
33340	40722	4
33340	40754	8
33340	40976	4
33340	42236	18
33340	43056	13
33340	43194	36
33340	43763	2
33340	43939	1
33340	44138	11
33340	44143	10
33340	44598	62
33340	44945	2
33340	45039	10
33340	45201	11
33340	45766	4
33340	46138	7
33340	46606	6
33340	46608	24
33340	47077	4
33340	47249	3
33340	47310	6
33340	48276	3
33340	48605	4
33340	49095	7
33340	49810	1
33340	49871	6
33340	49979	6
33340	50163	12
33340	50245	1
33340	50644	11
33340	51999	48
33340	52125	5
33340	52182	51
33340	52196	4
33340	52294	2
33340	52616	3
33340	53674	4
33340	53696	7
33340	53953	5
33340	54239	6
33340	54248	50
33340	54368	9
33340	54857	5
33340	54884	6
33340	55157	5
33340	55288	7
33340	55378	8
33340	55415	4
33340	55470	11
33340	55693	6
33340	55762	8
33340	56088	1
33340	56117	18
33340	56223	12
33340	56304	2
33340	56540	7
33340	56554	49
33340	56936	12
33340	56954	7
33340	57001	3
33340	57208	1
33340	57325	4
33340	57374	7
33340	57382	1
33340	57593	1
33340	57631	3
33340	57645	1
33340	57822	35
33340	57825	7
33340	57832	3
33340	57878	6
33340	58401	2
33340	58477	22
33340	59087	70
33340	59418	1
33340	59667	11
33340	59727	7
33340	60025	1
33340	60096	4
33340	60326	8
33340	60894	12
33340	60976	6
33340	61013	3
33340	61242	3
33340	61279	4
33340	61585	1
33340	61697	3
33340	62162	7
33340	62521	18
33340	62563	9
33340	62582	20
33340	62596	15
33340	62605	9
33340	62619	20
33340	62650	75
33340	62696	58
33340	62762	15
33340	62791	8
33340	62799	29
33340	62828	37
33340	62860	26
33340	62898	43
33340	63525	4
33340	63932	6
33340	63933	16
33340	64231	5
33340	64294	8
33340	64532	6
33340	64552	31
33340	64569	5
33340	64610	29
33340	64675	5
33340	64726	4
33340	64744	5
33340	64805	6
33340	65135	4
33340	65150	6
33340	65157	27
33340	65180	6
33340	65190	14
33340	65399	7
33340	65477	61
33340	65505	3
33340	65524	29
33340	65568	11
33340	65588	6
33340	65594	35
33340	65605	5
33340	65623	6
33340	65679	18
33340	65730	21
33340	65757	20
33340	66003	38
33340	66040	5
33340	66237	5
33340	66266	11
33340	66351	7
33340	66433	13
33340	66472	5
33340	66504	18
33340	66804	10
33340	67129	7
33340	67147	5
33340	67165	64
33340	67189	15
33340	67209	11
33340	67215	12
33340	67249	9
33340	67260	5
33340	67268	8
33340	67277	13
33340	67285	23
33340	67308	46
33340	67336	40
33340	67371	10
33340	67422	9
33340	67482	8
33340	67494	6
33340	67653	7
33340	67670	5
33340	67733	14
33340	67768	15
33340	67977	15
33340	67980	4
33340	68095	1
33357	33385	38
33357	33419	23
33357	33622	20
33357	34077	8
33357	34090	5
33357	34118	19
33357	34135	9
33357	34141	6
33357	34159	17
33357	34166	22
33357	34175	23
33357	34186	36
33357	34208	16
33357	34247	27
33357	34270	47
33357	34296	16
33357	34322	6
33357	34372	15
33357	34543	13
33357	34647	5
33357	34894	28
33357	34898	88
33357	34992	5
33357	34998	42
33357	35067	14
33357	35291	3
33357	35434	70
33357	35713	19
33357	36126	1
33357	36558	17
33357	36565	122
33357	36698	14
33357	36948	50
33357	37103	2
33357	37626	2
33357	38329	25
33357	38431	45
33357	38446	2
33357	38724	6
33357	38795	2
33357	38890	4
33357	39051	12
33357	39451	9
33357	40704	96
33357	40722	7
33357	40754	2
33357	40976	16
33357	42236	6
33357	42528	1
33357	43056	68
33357	43194	76
33357	43763	11
33357	43939	9
33357	44138	13
33357	44143	5
33357	44479	6
33357	44571	5
33357	44598	25
33357	44945	5
33357	45039	12
33357	45201	20
33357	45766	9
33357	46138	2
33357	46606	4
33357	46608	17
33357	47077	1
33357	47249	2
33357	47310	22
33357	48276	8
33357	48605	7
33357	49095	19
33357	49810	6
33357	49979	11
33357	50157	36
33357	50163	1
33357	50644	6
33357	51999	41
33357	52125	3
33357	52182	49
33357	52196	2
33357	52294	16
33357	52414	18
33357	52616	7
33357	53674	12
33357	53696	8
33357	53953	3
33357	54239	6
33357	54248	21
33357	54857	18
33357	54884	18
33357	55157	7
33357	55288	13
33357	55378	17
33357	55415	14
33357	55470	30
33357	55693	1
33357	55762	18
33357	56088	5
33357	56117	8
33357	56223	9
33357	56304	6
33357	56540	7
33357	56554	63
33357	56583	15
33357	56936	33
33357	56954	4
33357	57001	6
33357	57208	6
33357	57325	18
33357	57374	3
33357	57382	28
33357	57587	10
33357	57593	5
33357	57631	3
33357	57645	7
33357	57742	1
33357	57822	41
33357	57825	1
33357	57832	1
33357	57878	18
33357	57957	8
33357	58401	14
33357	58477	26
33357	59087	38
33357	59418	8
33357	59667	6
33357	59727	16
33357	60025	12
33357	60096	2
33357	60326	32
33357	60894	30
33357	60976	30
33357	61013	13
33357	61242	9
33357	61279	2
33357	61585	26
33357	61697	2
33357	62521	26
33357	62563	17
33357	62582	14
33357	62596	14
33357	62605	8
33357	62619	21
33357	62650	53
33357	62696	34
33357	62762	17
33357	62791	5
33357	62799	16
33357	62828	27
33357	62860	38
33357	62898	29
33357	63525	12
33357	63932	10
33357	63933	22
33357	64231	1
33357	64294	6
33357	64532	18
33357	64552	56
33357	64569	7
33357	64610	4
33357	64675	7
33357	64726	6
33357	64744	6
33357	64805	9
33357	65135	6
33357	65150	2
33357	65157	5
33357	65180	9
33357	65190	3
33357	65399	43
33357	65477	29
33357	65505	5
33357	65524	9
33357	65568	23
33357	65588	7
33357	65594	31
33357	65605	8
33357	65623	5
33357	65679	39
33357	65730	5
33357	65757	11
33357	66003	51
33357	66040	2
33357	66266	14
33357	66351	2
33357	66433	9
33357	66472	29
33357	66504	6
33357	66804	104
33357	67058	22
33357	67129	19
33357	67147	7
33357	67165	20
33357	67189	23
33357	67209	9
33357	67215	13
33357	67249	11
33357	67260	4
33357	67268	11
33357	67277	10
33357	67285	31
33357	67308	37
33357	67336	45
33357	67371	12
33357	67422	11
33357	67474	2
33357	67482	13
33357	67494	15
33357	67653	11
33357	67670	10
33357	67733	7
33357	67768	38
33357	67977	21
33357	67980	1
33357	68095	2
33385	33419	31
33385	33622	3
33385	34077	17
33385	34090	22
33385	34118	56
33385	34135	35
33385	34141	3
33385	34159	25
33385	34166	36
33385	34175	28
33385	34186	39
33385	34208	24
33385	34247	27
33385	34270	69
33385	34296	27
33385	34322	9
33385	34372	4
33385	34543	19
33385	34647	8
33385	34894	23
33385	34898	76
33385	34992	8
33385	34998	3
33385	35067	35
33385	35291	3
33385	35434	21
33385	35713	13
33385	36126	5
33385	36558	3
33385	36565	63
33385	36698	3
33385	36948	17
33385	37103	4
33385	37626	2
33385	38329	53
33385	38446	8
33385	38724	2
33385	38795	5
33385	38890	2
33385	39051	2
33385	39451	13
33385	40704	24
33385	40722	8
33385	40754	2
33385	40976	8
33385	42236	5
33385	42528	1
33385	43056	7
33385	43194	64
33385	43763	6
33385	43939	7
33385	44138	16
33385	44143	7
33385	44479	4
33385	44571	1
33385	44598	75
33385	44895	29
33385	44945	2
33385	45039	8
33385	45201	11
33385	45625	1
33385	45766	1
33385	46606	5
33385	46608	20
33385	47077	7
33385	47249	2
33385	47310	16
33385	48276	6
33385	48605	10
33385	49095	9
33385	49810	2
33385	49871	8
33385	49979	1
33385	50157	12
33385	50163	3
33385	50245	8
33385	50644	6
33385	51999	60
33385	52182	39
33385	52196	2
33385	52294	1
33385	52414	1
33385	52616	11
33385	53674	6
33385	53696	18
33385	54239	9
33385	54248	46
33385	54368	9
33385	54857	10
33385	54884	9
33385	55157	4
33385	55288	5
33385	55378	20
33385	55415	4
33385	55470	18
33385	55693	4
33385	55762	10
33385	56088	5
33385	56117	6
33385	56223	11
33385	56540	3
33385	56554	60
33385	56583	10
33385	56936	31
33385	56954	14
33385	57001	28
33385	57208	2
33385	57325	13
33385	57374	1
33385	57382	58
33385	57587	3
33385	57593	1
33385	57631	4
33385	57645	7
33385	57742	2
33385	57822	32
33385	57825	10
33385	57832	3
33385	57878	14
33385	58401	13
33385	58477	5
33385	59087	51
33385	59418	9
33385	59667	11
33385	59727	8
33385	60025	6
33385	60096	7
33385	60326	7
33385	60894	11
33385	60976	8
33385	61013	6
33385	61242	3
33385	61279	6
33385	61585	3
33385	61697	5
33385	62162	1
33385	62521	59
33385	62563	21
33385	62582	30
33385	62596	25
33385	62605	21
33385	62619	40
33385	62650	128
33385	62696	63
33385	62762	41
33385	62791	14
33385	62799	39
33385	62828	42
33385	62860	62
33385	62898	49
33385	63525	9
33385	63932	7
33385	63933	18
33385	64231	1
33385	64294	8
33385	64532	7
33385	64552	71
33385	64569	12
33385	64610	20
33385	64675	10
33385	64744	5
33385	64805	22
33385	65135	6
33385	65150	5
33385	65157	22
33385	65180	20
33385	65190	23
33385	65399	5
33385	65477	44
33385	65505	2
33385	65524	10
33385	65568	30
33385	65588	20
33385	65594	37
33385	65605	15
33385	65623	12
33385	65679	55
33385	65730	3
33385	65757	17
33385	66003	36
33385	66266	6
33385	66351	4
33385	66433	24
33385	66472	18
33385	66504	19
33385	66804	3
33385	67058	20
33385	67129	22
33385	67147	17
33385	67165	60
33385	67189	40
33385	67209	38
33385	67215	31
33385	67249	16
33385	67260	10
33385	67268	9
33385	67277	16
33385	67285	29
33385	67308	66
33385	67336	61
33385	67371	49
33385	67422	19
33385	67474	2
33385	67482	15
33385	67494	26
33385	67653	20
33385	67670	2
33385	67733	18
33385	67768	25
33385	67977	6
33385	68095	6
33419	33622	1
33419	34077	4
33419	34090	11
33419	34118	26
33419	34135	10
33419	34141	4
33419	34159	8
33419	34166	10
33419	34175	8
33419	34186	12
33419	34208	5
33419	34247	10
33419	34270	16
33419	34296	13
33419	34322	1
33419	34543	5
33419	34647	1
33419	34894	21
33419	34898	41
33419	35067	7
33419	35434	10
33419	36126	4
33419	36558	1
33419	36565	23
33419	36698	2
33419	36948	19
33419	37103	2
33419	37626	1
33419	38329	11
33419	38431	1
33419	38446	1
33419	38724	2
33419	39051	1
33419	39451	4
33419	40704	12
33419	40722	3
33419	40976	1
33419	43056	5
33419	43194	13
33419	43763	6
33419	43939	1
33419	44138	4
33419	44479	2
33419	44598	11
33419	45039	6
33419	45201	5
33419	46606	1
33419	46608	2
33419	47077	1
33419	47249	1
33419	47310	10
33419	48605	3
33419	49095	2
33419	49810	2
33419	49871	3
33419	49979	2
33419	50157	7
33419	50163	13
33419	50245	1
33419	50644	2
33419	51999	14
33419	52125	4
33419	52182	9
33419	52196	2
33419	52414	4
33419	52616	5
33419	53674	2
33419	53696	2
33419	53953	3
33419	54239	1
33419	54248	10
33419	54857	1
33419	54884	6
33419	55157	1
33419	55288	1
33419	55378	3
33419	55415	1
33419	55470	6
33419	55762	7
33419	56088	1
33419	56223	2
33419	56540	1
33419	56554	12
33419	56583	6
33419	56936	6
33419	56954	9
33419	57001	5
33419	57208	1
33419	57325	2
33419	57374	9
33419	57382	37
33419	57593	2
33419	57631	1
33419	57645	2
33419	57822	6
33419	57825	1
33419	57832	3
33419	57878	8
33419	58477	5
33419	59087	3
33419	59418	2
33419	59667	3
33419	59727	1
33419	60025	1
33419	60326	7
33419	60976	7
33419	61013	3
33419	61242	2
33419	61279	3
33419	61697	1
33419	62521	8
33419	62563	11
33419	62582	7
33419	62596	6
33419	62605	5
33419	62619	9
33419	62650	41
33419	62696	17
33419	62762	19
33419	62791	5
33419	62799	11
33419	62828	10
33419	62860	14
33419	62898	14
33419	63525	2
33419	63932	3
33419	63933	5
33419	64294	3
33419	64532	3
33419	64552	22
33419	64569	3
33419	64610	2
33419	64675	1
33419	64744	3
33419	64805	6
33419	65135	3
33419	65150	5
33419	65157	4
33419	65180	3
33419	65190	2
33419	65399	1
33419	65477	7
33419	65505	2
33419	65524	9
33419	65568	15
33419	65588	4
33419	65594	22
33419	65605	5
33419	65623	2
33419	65679	18
33419	65730	19
33419	65757	2
33419	66003	15
33419	66266	1
33419	66433	10
33419	66472	12
33419	66504	7
33419	66804	2
33419	67058	2
33419	67129	11
33419	67147	8
33419	67165	18
33419	67189	14
33419	67209	6
33419	67215	16
33419	67249	7
33419	67260	2
33419	67268	10
33419	67277	9
33419	67285	14
33419	67308	23
33419	67336	23
33419	67371	13
33419	67422	8
33419	67474	1
33419	67482	10
33419	67494	8
33419	67653	3
33419	67670	3
33419	67733	7
33419	67768	7
33419	67977	24
33419	68095	2
33622	34077	2
33622	34118	1
33622	34135	1
33622	34159	4
33622	34166	2
33622	34186	3
33622	34208	1
33622	34247	1
33622	34270	4
33622	34296	1
33622	34322	1
33622	34372	40
33622	34543	1
33622	34647	2
33622	34898	18
33622	34992	2
33622	34998	13
33622	35067	27
33622	35434	30
33622	35713	3
33622	36558	6
33622	36565	43
33622	36698	8
33622	36948	58
33622	37103	1
33622	38329	19
33622	38446	3
33622	38795	2
33622	38890	2
33622	39051	3
33622	39451	7
33622	40704	146
33622	40722	1
33622	40976	7
33622	42236	1
33622	43056	40
33622	43194	35
33622	43763	6
33622	43939	3
33622	44138	10
33622	44143	13
33622	44571	3
33622	44598	6
33622	44895	3
33622	45039	6
33622	45201	17
33622	46606	3
33622	47077	1
33622	48276	17
33622	49095	3
33622	49810	6
33622	49979	9
33622	50163	2
33622	51999	7
33622	52182	11
33622	52196	1
33622	52294	2
33622	52616	1
33622	53696	1
33622	54239	6
33622	54248	1
33622	54857	10
33622	54884	1
33622	55157	6
33622	55288	1
33622	55378	2
33622	55415	3
33622	55470	54
33622	55693	2
33622	56088	4
33622	56117	7
33622	56223	12
33622	56540	3
33622	56554	21
33622	56936	5
33622	56954	2
33622	57208	2
33622	57325	8
33622	57374	2
33622	57382	28
33622	57593	6
33622	57631	4
33622	57742	2
33622	57822	36
33622	57825	5
33622	58477	27
33622	59087	5
33622	59418	4
33622	59667	10
33622	60025	2
33622	60096	3
33622	60326	6
33622	60894	14
33622	60976	10
33622	61242	5
33622	61585	2
33622	62162	1
33622	62521	1
33622	62563	1
33622	62596	2
33622	62650	1
33622	62696	8
33622	62762	4
33622	62791	3
33622	62799	3
33622	62828	2
33622	62898	4
33622	63525	2
33622	63932	1
33622	63933	5
33622	64231	6
33622	64294	4
33622	64552	10
33622	64569	2
33622	64726	2
33622	64744	9
33622	65180	2
33622	65190	1
33622	65399	52
33622	65477	2
33622	65505	7
33622	65524	1
33622	65568	6
33622	65588	2
33622	65594	6
33622	65679	2
33622	66003	18
33622	66040	4
33622	66237	1
33622	66266	2
33622	66433	5
33622	66504	1
33622	66804	117
33622	67058	2
33622	67129	4
33622	67189	7
33622	67268	2
33622	67285	1
33622	67308	2
33622	67336	2
33622	67371	2
33622	67422	3
33622	67494	5
33622	67653	2
33622	67768	1
33622	67980	2
34077	34090	5
34077	34118	9
34077	34135	7
34077	34141	5
34077	34159	5
34077	34166	5
34077	34175	8
34077	34186	4
34077	34208	2
34077	34247	9
34077	34270	13
34077	34296	4
34077	34543	1
34077	34647	1
34077	34894	11
34077	34898	30
34077	34992	2
34077	34998	7
34077	35067	5
34077	35291	3
34077	35434	13
34077	35713	9
34077	36126	1
34077	36558	1
34077	36565	36
34077	36698	1
34077	36948	80
34077	37103	1
34077	37626	1
34077	38329	3
34077	38431	4
34077	38446	2
34077	38724	8
34077	38795	1
34077	39451	5
34077	40704	12
34077	40722	1
34077	40754	1
34077	40976	2
34077	42236	2
34077	43056	4
34077	43194	9
34077	43763	1
34077	43939	5
34077	44138	1
34077	44143	3
34077	44479	2
34077	44571	3
34077	44598	8
34077	44895	4
34077	44945	15
34077	45039	17
34077	45201	7
34077	46138	1
34077	46606	2
34077	46608	2
34077	47077	2
34077	47310	5
34077	48605	3
34077	49095	7
34077	49810	5
34077	49871	1
34077	49979	2
34077	50157	2
34077	50163	25
34077	50644	2
34077	51999	9
34077	52125	7
34077	52182	16
34077	52414	10
34077	53696	4
34077	53953	7
34077	54239	3
34077	54248	3
34077	54368	1
34077	54884	4
34077	55157	3
34077	55378	3
34077	55415	2
34077	55470	17
34077	55762	2
34077	56088	4
34077	56117	5
34077	56540	3
34077	56554	23
34077	56936	8
34077	56954	4
34077	57208	1
34077	57325	10
34077	57374	12
34077	57822	10
34077	57825	2
34077	57832	1
34077	58401	7
34077	58477	11
34077	59087	10
34077	59418	4
34077	59667	2
34077	59727	1
34077	60096	1
34077	60326	27
34077	60894	11
34077	60976	24
34077	61013	2
34077	61242	8
34077	61697	2
34077	62162	4
34077	62521	27
34077	62563	4
34077	62582	7
34077	62596	3
34077	62605	5
34077	62619	6
34077	62650	22
34077	62696	8
34077	62762	18
34077	62791	2
34077	62799	7
34077	62828	8
34077	62860	11
34077	62898	8
34077	63525	1
34077	63932	2
34077	63933	6
34077	64231	2
34077	64294	3
34077	64532	4
34077	64552	21
34077	64569	2
34077	64610	2
34077	64675	9
34077	64726	3
34077	64744	2
34077	64805	1
34077	65135	1
34077	65150	2
34077	65180	1
34077	65190	2
34077	65399	1
34077	65477	4
34077	65505	8
34077	65524	4
34077	65568	13
34077	65588	5
34077	65594	13
34077	65605	7
34077	65623	2
34077	65679	8
34077	65730	21
34077	65757	1
34077	66003	16
34077	66040	2
34077	66266	3
34077	66351	1
34077	66433	7
34077	66472	2
34077	66504	2
34077	66804	2
34077	67058	3
34077	67129	3
34077	67147	2
34077	67165	12
34077	67189	9
34077	67209	1
34077	67215	3
34077	67249	3
34077	67268	2
34077	67277	4
34077	67285	5
34077	67308	20
34077	67336	10
34077	67371	7
34077	67422	8
34077	67482	4
34077	67494	3
34077	67653	7
34077	67670	1
34077	67733	2
34077	67768	4
34077	67977	2
34077	67980	1
34077	68095	3
34090	34118	9
34090	34135	7
34090	34141	13
34090	34159	3
34090	34166	4
34090	34175	3
34090	34186	2
34090	34208	1
34090	34247	4
34090	34270	24
34090	34296	8
34090	34322	1
34090	34647	1
34090	34894	5
34090	34992	5
34090	35067	19
34090	35434	6
34090	35713	3
34090	36126	6
34090	36565	15
34090	36948	28
34090	38329	17
34090	38724	2
34090	40722	2
34090	43194	9
34090	43763	1
34090	44138	2
34090	44143	2
34090	44479	1
34090	44598	19
34090	44895	4
34090	45039	11
34090	46138	2
34090	46606	10
34090	46608	19
34090	47249	1
34090	47310	1
34090	48276	3
34090	49979	1
34090	50163	36
34090	50245	1
34090	50644	6
34090	51999	14
34090	52125	12
34090	52182	8
34090	52616	1
34090	53674	1
34090	53696	1
34090	53953	9
34090	54248	24
34090	54857	2
34090	54884	2
34090	55157	1
34090	55378	4
34090	55415	2
34090	55470	4
34090	55762	1
34090	56117	4
34090	56223	1
34090	56540	1
34090	56554	21
34090	56583	2
34090	56936	7
34090	57325	2
34090	57374	9
34090	57631	1
34090	57822	7
34090	57825	1
34090	57878	1
34090	58401	1
34090	58477	1
34090	59087	17
34090	59727	2
34090	60326	8
34090	60894	6
34090	60976	1
34090	61279	3
34090	61697	3
34090	62162	1
34090	62563	3
34090	62582	40
34090	62596	4
34090	62605	6
34090	62619	8
34090	62650	42
34090	62696	21
34090	62762	8
34090	62791	3
34090	62799	18
34090	62828	10
34090	62860	18
34090	62898	17
34090	63525	31
34090	63932	1
34090	64294	1
34090	64532	7
34090	64552	7
34090	64569	2
34090	64610	6
34090	64675	3
34090	64744	1
34090	64805	1
34090	65135	2
34090	65150	1
34090	65157	4
34090	65180	4
34090	65190	8
34090	65477	6
34090	65524	6
34090	65568	4
34090	65588	1
34090	65605	3
34090	65679	11
34090	65730	57
34090	65757	3
34090	66351	1
34090	66433	5
34090	66472	1
34090	66504	11
34090	67129	5
34090	67147	8
34090	67165	30
34090	67189	20
34090	67209	11
34090	67215	2
34090	67249	1
34090	67260	2
34090	67268	4
34090	67277	6
34090	67285	6
34090	67308	40
34090	67336	34
34090	67371	7
34090	67422	10
34090	67474	1
34090	67482	6
34090	67494	4
34090	67670	1
34090	67768	2
34090	67980	4
34090	68095	4
34118	34135	21
34118	34159	11
34118	34166	16
34118	34175	15
34118	34186	3
34118	34208	17
34118	34247	22
34118	34270	19
34118	34296	17
34118	34322	1
34118	34543	2
34118	34894	4
34118	34898	16
34118	34992	9
34118	35067	15
34118	35434	10
34118	35713	25
34118	36126	1
34118	36565	26
34118	36698	2
34118	36948	23
34118	37103	2
34118	37626	1
34118	38329	35
34118	38431	7
34118	38446	1
34118	38724	3
34118	38890	2
34118	39451	1
34118	40704	10
34118	40722	8
34118	40976	2
34118	42236	3
34118	43194	19
34118	43939	2
34118	44138	6
34118	44143	1
34118	44479	3
34118	44598	39
34118	44895	33
34118	45039	4
34118	45201	4
34118	45625	1
34118	46138	1
34118	46606	3
34118	46608	10
34118	47249	2
34118	48276	3
34118	48605	1
34118	49095	1
34118	49810	3
34118	49979	3
34118	50157	4
34118	50163	2
34118	50644	6
34118	51999	31
34118	52182	16
34118	52196	1
34118	52414	2
34118	52616	8
34118	53696	7
34118	54239	8
34118	54248	19
34118	54368	1
34118	54857	2
34118	54884	4
34118	55157	3
34118	55288	2
34118	55378	15
34118	55415	2
34118	55470	7
34118	55762	10
34118	56117	2
34118	56223	5
34118	56540	2
34118	56554	11
34118	56583	2
34118	56936	12
34118	56954	5
34118	57001	6
34118	57208	2
34118	57325	5
34118	57374	4
34118	57382	49
34118	57593	2
34118	57822	9
34118	57825	3
34118	57878	1
34118	58401	1
34118	58477	3
34118	59087	19
34118	59667	5
34118	59727	2
34118	60326	12
34118	60894	3
34118	60976	6
34118	61013	1
34118	61242	2
34118	61279	7
34118	61697	5
34118	62162	1
34118	62563	14
34118	62582	7
34118	62596	16
34118	62605	5
34118	62619	21
34118	62650	70
34118	62696	45
34118	62762	19
34118	62791	7
34118	62799	17
34118	62828	16
34118	62860	39
34118	62898	15
34118	63525	1
34118	63932	1
34118	64294	2
34118	64532	8
34118	64552	14
34118	64569	6
34118	64610	4
34118	64675	14
34118	64805	1
34118	65135	3
34118	65150	1
34118	65157	9
34118	65180	4
34118	65190	4
34118	65399	1
34118	65477	15
34118	65524	11
34118	65568	7
34118	65588	6
34118	65594	2
34118	65605	9
34118	65623	11
34118	65679	14
34118	65730	3
34118	65757	7
34118	66003	14
34118	66266	1
34118	66433	11
34118	66472	1
34118	66504	16
34118	66804	2
34118	67058	7
34118	67129	13
34118	67147	8
34118	67165	34
34118	67189	25
34118	67209	4
34118	67215	20
34118	67249	8
34118	67260	5
34118	67268	20
34118	67277	8
34118	67285	17
34118	67308	28
34118	67336	20
34118	67371	27
34118	67422	7
34118	67474	2
34118	67482	26
34118	67494	8
34118	67653	1
34118	67670	8
34118	67733	1
34118	67768	11
34118	67977	8
34118	67980	1
34118	68095	3
34135	34141	7
34135	34159	9
34135	34166	12
34135	34175	16
34135	34186	15
34135	34208	6
34135	34247	35
34135	34270	23
34135	34296	23
34135	34322	1
34135	34543	5
34135	34647	4
34135	34894	12
34135	34898	39
34135	34992	3
34135	34998	3
34135	35067	13
34135	35434	6
34135	35713	3
34135	36126	2
34135	36558	2
34135	36565	34
34135	36698	4
34135	36948	24
34135	37103	7
34135	37626	8
34135	38329	19
34135	38431	3
34135	39051	7
34135	39451	2
34135	40704	9
34135	40722	1
34135	40754	11
34135	40976	3
34135	42236	6
34135	42528	2
34135	43056	5
34135	43194	15
34135	43763	7
34135	44138	4
34135	44143	2
34135	44479	3
34135	44571	1
34135	44598	26
34135	44895	81
34135	45039	7
34135	45201	2
34135	46606	2
34135	46608	22
34135	47077	10
34135	47310	7
34135	48276	1
34135	48605	3
34135	49095	24
34135	49810	6
34135	49871	7
34135	49979	4
34135	50157	2
34135	50163	13
34135	50245	1
34135	50644	2
34135	51999	32
34135	52125	4
34135	52182	18
34135	52414	3
34135	52616	3
34135	53674	7
34135	53696	5
34135	53953	3
34135	54239	1
34135	54248	18
34135	54368	2
34135	54884	1
34135	55157	1
34135	55288	2
34135	55378	17
34135	55415	2
34135	55470	9
34135	55762	2
34135	56088	2
34135	56117	5
34135	56223	1
34135	56304	4
34135	56554	24
34135	56583	2
34135	56936	12
34135	56954	8
34135	57001	3
34135	57325	2
34135	57374	3
34135	57382	1
34135	57587	1
34135	57593	3
34135	57631	1
34135	57742	1
34135	57822	8
34135	57825	2
34135	57878	6
34135	57957	1
34135	58401	4
34135	58477	5
34135	59087	20
34135	59418	4
34135	59667	2
34135	59727	1
34135	60025	4
34135	60326	11
34135	60894	4
34135	60976	5
34135	61013	12
34135	61242	2
34135	61279	5
34135	61697	3
34135	62521	24
34135	62563	12
34135	62582	4
34135	62596	6
34135	62605	4
34135	62619	12
34135	62650	123
34135	62696	15
34135	62762	21
34135	62791	6
34135	62799	18
34135	62828	24
34135	62860	25
34135	62898	21
34135	63525	4
34135	63932	3
34135	63933	14
34135	64294	6
34135	64532	5
34135	64552	39
34135	64569	7
34135	64610	2
34135	64675	3
34135	64744	3
34135	64805	5
34135	65135	9
34135	65150	1
34135	65157	10
34135	65180	11
34135	65190	7
34135	65399	1
34135	65477	19
34135	65505	2
34135	65524	7
34135	65568	10
34135	65588	24
34135	65594	29
34135	65605	8
34135	65623	21
34135	65679	31
34135	65730	20
34135	65757	2
34135	66003	19
34135	66237	1
34135	66266	2
34135	66433	6
34135	66472	9
34135	66504	8
34135	66804	3
34135	67058	15
34135	67129	8
34135	67147	5
34135	67165	43
34135	67189	16
34135	67209	8
34135	67215	13
34135	67249	9
34135	67260	2
34135	67268	5
34135	67277	4
34135	67285	13
34135	67308	30
34135	67336	21
34135	67371	12
34135	67422	7
34135	67474	6
34135	67482	7
34135	67494	15
34135	67653	3
34135	67670	2
34135	67733	15
34135	67768	8
34135	67977	9
34135	67980	4
34135	68095	4
34141	34166	1
34141	34175	32
34141	34186	20
34141	34208	1
34141	34247	3
34141	34270	12
34141	34296	7
34141	34372	1
34141	34543	16
34141	34894	15
34141	34898	69
34141	34998	2
34141	35067	2
34141	35291	1
34141	35434	4
34141	36565	15
34141	36698	1
34141	36948	48
34141	37103	5
34141	37626	1
34141	38329	3
34141	38431	7
34141	38724	1
34141	39051	1
34141	40704	12
34141	40754	4
34141	40976	1
34141	42528	2
34141	43056	4
34141	43194	10
34141	43763	8
34141	44138	1
34141	44143	2
34141	44479	1
34141	44571	1
34141	44598	10
34141	45039	13
34141	45201	4
34141	45625	2
34141	46138	2
34141	46608	1
34141	47077	2
34141	47310	9
34141	48605	6
34141	49095	20
34141	49810	1
34141	49871	2
34141	50157	2
34141	50163	50
34141	51999	3
34141	52125	20
34141	52182	4
34141	52196	1
34141	52414	5
34141	53674	2
34141	53696	3
34141	53953	23
34141	54368	1
34141	55157	3
34141	55415	1
34141	55470	14
34141	56088	1
34141	56117	1
34141	56223	2
34141	56304	3
34141	56540	1
34141	56554	16
34141	56583	10
34141	56936	6
34141	57001	3
34141	57325	6
34141	57374	12
34141	57382	1
34141	57587	11
34141	57593	1
34141	57822	6
34141	57825	8
34141	58401	21
34141	58477	4
34141	59087	2
34141	59418	1
34141	59667	3
34141	60025	1
34141	60096	2
34141	60326	35
34141	60894	1
34141	60976	5
34141	61013	8
34141	61242	6
34141	62521	13
34141	62563	4
34141	62605	28
34141	62619	3
34141	62650	7
34141	62696	4
34141	62762	5
34141	62791	1
34141	62799	5
34141	62828	6
34141	62860	7
34141	62898	11
34141	63525	1
34141	63933	11
34141	64294	3
34141	64532	6
34141	64552	100
34141	64569	1
34141	64675	2
34141	64726	1
34141	64744	3
34141	64805	15
34141	65135	1
34141	65150	2
34141	65157	2
34141	65180	9
34141	65190	11
34141	65399	2
34141	65477	7
34141	65505	3
34141	65568	21
34141	65588	2
34141	65594	37
34141	65605	5
34141	65679	43
34141	65730	73
34141	66003	2
34141	66040	1
34141	66237	1
34141	66266	2
34141	66433	1
34141	66472	4
34141	66504	4
34141	66804	6
34141	67129	2
34141	67147	2
34141	67165	7
34141	67189	7
34141	67209	6
34141	67215	1
34141	67249	5
34141	67277	6
34141	67285	11
34141	67308	53
34141	67336	11
34141	67371	1
34141	67422	9
34141	67482	4
34141	67494	3
34141	67670	1
34141	67733	14
34141	67768	15
34141	68095	8
34159	34166	6
34159	34175	14
34159	34186	4
34159	34208	5
34159	34247	15
34159	34270	12
34159	34296	14
34159	34543	1
34159	34647	2
34159	34894	9
34159	34898	37
34159	34992	7
34159	35067	8
34159	35291	3
34159	35434	14
34159	36558	4
34159	36565	29
34159	36948	16
34159	37103	2
34159	37626	5
34159	38329	26
34159	38431	1
34159	38446	16
34159	38724	3
34159	38795	2
34159	38890	3
34159	39051	9
34159	39451	24
34159	40704	31
34159	40722	2
34159	40976	7
34159	42528	4
34159	43056	2
34159	43763	10
34159	43939	7
34159	44138	2
34159	44143	4
34159	44479	2
34159	44571	1
34159	44598	21
34159	45039	4
34159	45201	6
34159	46608	1
34159	47310	3
34159	48605	3
34159	49095	4
34159	49810	2
34159	49871	1
34159	49979	1
34159	50157	2
34159	50163	2
34159	50644	1
34159	51999	12
34159	52182	7
34159	52196	1
34159	52616	5
34159	53696	3
34159	54239	2
34159	54248	12
34159	54368	2
34159	54857	1
34159	54884	8
34159	55157	3
34159	55378	2
34159	55470	14
34159	55693	1
34159	55762	3
34159	56117	1
34159	56223	2
34159	56304	9
34159	56540	3
34159	56554	15
34159	56583	8
34159	56936	16
34159	56954	13
34159	57001	9
34159	57208	1
34159	57325	6
34159	57587	37
34159	57593	1
34159	57631	1
34159	57645	2
34159	57822	29
34159	57825	6
34159	57878	4
34159	57957	2
34159	58401	17
34159	58477	5
34159	59087	14
34159	59418	16
34159	59667	2
34159	60025	3
34159	60326	7
34159	60894	5
34159	60976	6
34159	61013	27
34159	61242	6
34159	61279	1
34159	61697	3
34159	62521	13
34159	62563	12
34159	62582	10
34159	62596	3
34159	62605	5
34159	62619	10
34159	62650	18
34159	62696	12
34159	62762	18
34159	62791	7
34159	62799	13
34159	62828	11
34159	62860	26
34159	62898	24
34159	63525	1
34159	63932	3
34159	63933	17
34159	64231	1
34159	64294	6
34159	64532	1
34159	64552	24
34159	64569	2
34159	64610	5
34159	64675	1
34159	64744	1
34159	64805	4
34159	65135	6
34159	65150	3
34159	65157	2
34159	65180	5
34159	65190	4
34159	65399	2
34159	65477	4
34159	65505	9
34159	65524	3
34159	65568	9
34159	65588	4
34159	65594	25
34159	65679	12
34159	65730	1
34159	65757	3
34159	66003	10
34159	66266	4
34159	66351	1
34159	66433	13
34159	66472	6
34159	66804	2
34159	67129	2
34159	67147	2
34159	67165	17
34159	67189	10
34159	67209	6
34159	67215	7
34159	67249	2
34159	67260	4
34159	67268	5
34159	67277	4
34159	67285	7
34159	67308	18
34159	67336	26
34159	67371	29
34159	67422	4
34159	67474	21
34159	67482	2
34159	67494	7
34159	67653	26
34159	67670	3
34159	67733	8
34159	67768	5
34159	67977	1
34159	67980	3
34159	68095	2
34166	34175	12
34166	34186	8
34166	34208	5
34166	34247	15
34166	34270	34
34166	34296	11
34166	34322	6
34166	34543	1
34166	34647	4
34166	34894	12
34166	34898	33
34166	34992	1
34166	34998	12
34166	35067	54
34166	35291	1
34166	35434	45
34166	35713	5
34166	36126	3
34166	36558	4
34166	36565	55
34166	36698	16
34166	36948	53
34166	37103	3
34166	37626	6
34166	38329	36
34166	38431	3
34166	38446	1
34166	38724	5
34166	38795	1
34166	38890	2
34166	39051	4
34166	39451	3
34166	40704	16
34166	40722	10
34166	40754	3
34166	40976	8
34166	42236	1
34166	42528	3
34166	43056	30
34166	43194	17
34166	43763	5
34166	43939	6
34166	44138	4
34166	44143	4
34166	44479	3
34166	44571	2
34166	44598	43
34166	45039	21
34166	45201	22
34166	45625	2
34166	45766	1
34166	46138	5
34166	46606	4
34166	46608	19
34166	47077	5
34166	47249	1
34166	47310	5
34166	48276	15
34166	49095	3
34166	49810	7
34166	49871	8
34166	49979	24
34166	50157	5
34166	50163	1
34166	50245	2
34166	51999	48
34166	52125	6
34166	52182	32
34166	52294	1
34166	52414	3
34166	52616	1
34166	53674	5
34166	53696	8
34166	54239	2
34166	54248	11
34166	54368	3
34166	54857	3
34166	54884	2
34166	55157	6
34166	55378	11
34166	55415	5
34166	55470	10
34166	55693	1
34166	56088	12
34166	56117	14
34166	56223	5
34166	56304	3
34166	56540	2
34166	56554	64
34166	56583	2
34166	56936	23
34166	56954	8
34166	57001	4
34166	57208	6
34166	57325	7
34166	57374	7
34166	57382	10
34166	57587	10
34166	57593	3
34166	57631	1
34166	57645	3
34166	57742	1
34166	57822	55
34166	57825	2
34166	57832	6
34166	57878	3
34166	58401	4
34166	58477	23
34166	59087	38
34166	59418	9
34166	59667	5
34166	59727	3
34166	60025	4
34166	60096	2
34166	60326	17
34166	60894	25
34166	60976	7
34166	61013	2
34166	61242	6
34166	61279	1
34166	61585	1
34166	61697	5
34166	62162	1
34166	62521	4
34166	62563	9
34166	62582	14
34166	62596	7
34166	62605	2
34166	62619	16
34166	62650	30
34166	62696	22
34166	62762	12
34166	62791	8
34166	62799	23
34166	62828	18
34166	62860	30
34166	62898	23
34166	63525	6
34166	63932	5
34166	63933	11
34166	64231	3
34166	64294	7
34166	64532	8
34166	64552	18
34166	64569	8
34166	64610	8
34166	64675	17
34166	64726	2
34166	64744	21
34166	64805	5
34166	65135	12
34166	65150	4
34166	65157	7
34166	65180	9
34166	65190	8
34166	65399	4
34166	65477	9
34166	65505	2
34166	65524	3
34166	65568	9
34166	65588	5
34166	65594	19
34166	65605	4
34166	65623	2
34166	65679	24
34166	65730	5
34166	65757	5
34166	66003	370
34166	66040	4
34166	66266	7
34166	66351	2
34166	66433	4
34166	66472	5
34166	66504	4
34166	66804	7
34166	67058	1
34166	67129	1
34166	67147	5
34166	67165	21
34166	67189	51
34166	67209	2
34166	67215	6
34166	67249	9
34166	67260	6
34166	67268	15
34166	67277	14
34166	67285	15
34166	67308	16
34166	67336	18
34166	67371	10
34166	67422	4
34166	67474	1
34166	67482	10
34166	67494	1
34166	67653	5
34166	67670	3
34166	67733	5
34166	67768	29
34166	67980	2
34166	68095	2
34175	34186	51
34175	34208	8
34175	34247	16
34175	34270	71
34175	34296	27
34175	34543	46
34175	34647	2
34175	34894	81
34175	34898	239
34175	34998	8
34175	35067	23
34175	35291	2
34175	35434	21
34175	36126	1
34175	36565	42
34175	36698	2
34175	36948	31
34175	37103	26
34175	37626	7
34175	38329	16
34175	38431	35
34175	38446	2
34175	38890	1
34175	39051	17
34175	39451	5
34175	40704	26
34175	40754	22
34175	40976	3
34175	42236	3
34175	42528	10
34175	43056	17
34175	43194	13
34175	43763	11
34175	43939	3
34175	44138	1
34175	44143	3
34175	44479	1
34175	44571	1
34175	44598	22
34175	45039	7
34175	45201	17
34175	45766	1
34175	46138	4
34175	46606	1
34175	46608	9
34175	47077	7
34175	47249	1
34175	47310	43
34175	48276	3
34175	48605	18
34175	49095	56
34175	49810	1
34175	49871	17
34175	49979	5
34175	50157	14
34175	50644	1
34175	51999	13
34175	52182	18
34175	52414	1
34175	52616	1
34175	53674	19
34175	53696	14
34175	54239	7
34175	54248	14
34175	54368	2
34175	54857	2
34175	54884	2
34175	55157	8
34175	55288	2
34175	55378	5
34175	55415	5
34175	55470	6
34175	56088	3
34175	56117	6
34175	56223	7
34175	56304	15
34175	56554	31
34175	56583	31
34175	56936	20
34175	56954	6
34175	57001	11
34175	57325	6
34175	57374	1
34175	57382	3
34175	57587	38
34175	57593	1
34175	57645	1
34175	57742	1
34175	57822	19
34175	57825	37
34175	57832	3
34175	58401	34
34175	58477	21
34175	59087	18
34175	59418	3
34175	59667	4
34175	59727	2
34175	60025	3
34175	60096	1
34175	60326	5
34175	60894	5
34175	60976	1
34175	61013	27
34175	61242	2
34175	61585	3
34175	61697	1
34175	62521	87
34175	62563	10
34175	62582	8
34175	62596	8
34175	62605	11
34175	62619	27
34175	62650	30
34175	62696	34
34175	62762	22
34175	62791	6
34175	62799	19
34175	62828	20
34175	62860	15
34175	62898	26
34175	63525	4
34175	63932	1
34175	63933	84
34175	64294	46
34175	64532	11
34175	64552	200
34175	64569	13
34175	64610	2
34175	64675	1
34175	64726	3
34175	64744	14
34175	64805	44
34175	65135	7
34175	65157	6
34175	65180	38
34175	65190	8
34175	65477	51
34175	65524	5
34175	65568	41
34175	65588	9
34175	65594	187
34175	65605	8
34175	65623	4
34175	65679	117
34175	65730	12
34175	65757	6
34175	66003	17
34175	66040	2
34175	66266	12
34175	66433	8
34175	66472	14
34175	66504	1
34175	66804	3
34175	67058	5
34175	67129	3
34175	67147	18
34175	67165	28
34175	67189	14
34175	67209	20
34175	67215	8
34175	67249	25
34175	67260	1
34175	67268	7
34175	67277	3
34175	67285	17
34175	67308	23
34175	67336	27
34175	67371	7
34175	67422	8
34175	67474	9
34175	67482	7
34175	67494	20
34175	67653	3
34175	67733	45
34175	67768	53
34175	67977	4
34175	67980	1
34175	68095	6
34186	34208	6
34186	34247	13
34186	34270	45
34186	34296	30
34186	34322	1
34186	34543	13
34186	34647	1
34186	34894	50
34186	34898	154
34186	34998	8
34186	35067	8
34186	35291	2
34186	35434	29
34186	35713	2
34186	36126	2
34186	36558	4
34186	36565	32
34186	36698	2
34186	36948	14
34186	37103	11
34186	37626	8
34186	38329	13
34186	38431	15
34186	38446	1
34186	38795	3
34186	38890	3
34186	39051	8
34186	39451	4
34186	40704	19
34186	40754	3
34186	40976	7
34186	42528	3
34186	43056	5
34186	43194	12
34186	43763	18
34186	44143	3
34186	44479	1
34186	44598	18
34186	44945	2
34186	45039	1
34186	45201	9
34186	45766	3
34186	46138	2
34186	46606	3
34186	46608	5
34186	47077	4
34186	47310	27
34186	48276	2
34186	48605	17
34186	49095	20
34186	49810	1
34186	49871	6
34186	49979	8
34186	50157	15
34186	50163	2
34186	51999	7
34186	52182	10
34186	52294	1
34186	52414	1
34186	52616	7
34186	53674	7
34186	53696	7
34186	54248	6
34186	54368	1
34186	54857	2
34186	55157	6
34186	55288	10
34186	55378	4
34186	55415	6
34186	55470	6
34186	56088	1
34186	56117	4
34186	56223	5
34186	56304	5
34186	56540	2
34186	56554	20
34186	56583	11
34186	56936	21
34186	56954	4
34186	57001	5
34186	57325	3
34186	57382	50
34186	57587	18
34186	57593	1
34186	57631	2
34186	57645	1
34186	57742	2
34186	57822	8
34186	57825	5
34186	57832	2
34186	57878	6
34186	58401	8
34186	58477	19
34186	59087	7
34186	59418	1
34186	59667	7
34186	59727	1
34186	60025	3
34186	60096	2
34186	60326	3
34186	60894	4
34186	60976	1
34186	61013	8
34186	62162	2
34186	62521	59
34186	62563	9
34186	62582	3
34186	62596	8
34186	62605	13
34186	62619	16
34186	62650	32
34186	62696	11
34186	62762	12
34186	62791	4
34186	62799	17
34186	62828	9
34186	62860	18
34186	62898	28
34186	63525	6
34186	63932	3
34186	63933	37
34186	64231	1
34186	64294	20
34186	64532	5
34186	64552	114
34186	64569	6
34186	64610	3
34186	64726	1
34186	64744	3
34186	64805	19
34186	65135	5
34186	65150	5
34186	65157	1
34186	65180	26
34186	65190	6
34186	65399	6
34186	65477	27
34186	65505	3
34186	65524	4
34186	65568	27
34186	65588	6
34186	65594	87
34186	65605	3
34186	65623	4
34186	65679	56
34186	65730	5
34186	65757	1
34186	66003	12
34186	66237	2
34186	66266	4
34186	66433	3
34186	66472	17
34186	66504	3
34186	66804	9
34186	67129	9
34186	67147	3
34186	67165	26
34186	67189	16
34186	67209	8
34186	67215	4
34186	67249	7
34186	67260	10
34186	67268	6
34186	67277	8
34186	67285	9
34186	67308	38
34186	67336	23
34186	67371	8
34186	67422	5
34186	67474	1
34186	67482	7
34186	67494	9
34186	67653	3
34186	67670	2
34186	67733	27
34186	67768	30
34186	67977	19
34186	67980	1
34186	68095	2
34208	34247	6
34208	34270	15
34208	34296	5
34208	34372	1
34208	34543	1
34208	34647	8
34208	34894	1
34208	34898	13
34208	34998	11
34208	35067	9
34208	35434	14
34208	35713	5
34208	36126	4
34208	36558	1
34208	36565	35
34208	36698	2
34208	36948	9
34208	37103	2
34208	37626	4
34208	38329	9
34208	38446	2
34208	38724	2
34208	39451	3
34208	40704	12
34208	40976	4
34208	42236	6
34208	42528	1
34208	43056	3
34208	43194	21
34208	43763	2
34208	43939	4
34208	44138	5
34208	44143	2
34208	44479	1
34208	44598	15
34208	44895	23
34208	45039	1
34208	45201	3
34208	46138	2
34208	46608	7
34208	47310	4
34208	48276	1
34208	48605	2
34208	49095	4
34208	49810	2
34208	50157	3
34208	50163	1
34208	50245	2
34208	50644	11
34208	51999	17
34208	52182	17
34208	52196	3
34208	52294	3
34208	52414	3
34208	52616	2
34208	53674	3
34208	53696	1
34208	54239	1
34208	54248	16
34208	54857	8
34208	54884	5
34208	55157	3
34208	55378	8
34208	55470	7
34208	55693	2
34208	56117	3
34208	56223	5
34208	56304	2
34208	56540	2
34208	56554	12
34208	56583	2
34208	56936	8
34208	56954	5
34208	57001	4
34208	57325	3
34208	57382	28
34208	57587	1
34208	57593	1
34208	57631	3
34208	57645	2
34208	57822	11
34208	57825	2
34208	57878	8
34208	57957	1
34208	58401	1
34208	58477	2
34208	59087	14
34208	59418	3
34208	59667	2
34208	59727	3
34208	60025	4
34208	60326	7
34208	60894	5
34208	60976	10
34208	61013	1
34208	61279	1
34208	61585	7
34208	62162	1
34208	62521	2
34208	62563	4
34208	62582	5
34208	62596	6
34208	62605	1
34208	62619	11
34208	62650	54
34208	62696	66
34208	62762	6
34208	62791	5
34208	62799	9
34208	62828	15
34208	62860	16
34208	62898	7
34208	63525	3
34208	63932	4
34208	63933	5
34208	64294	3
34208	64532	4
34208	64552	10
34208	64569	3
34208	64610	4
34208	64675	3
34208	64744	1
34208	64805	1
34208	65135	3
34208	65150	2
34208	65157	6
34208	65180	4
34208	65190	4
34208	65399	7
34208	65477	19
34208	65505	2
34208	65524	2
34208	65568	8
34208	65588	4
34208	65594	8
34208	65605	4
34208	65623	8
34208	65679	18
34208	65730	1
34208	65757	13
34208	66003	2
34208	66266	5
34208	66351	2
34208	66433	5
34208	66472	3
34208	66504	13
34208	66804	13
34208	67058	3
34208	67129	7
34208	67147	6
34208	67165	13
34208	67189	8
34208	67209	4
34208	67215	12
34208	67249	9
34208	67260	1
34208	67268	4
34208	67277	3
34208	67285	7
34208	67308	9
34208	67336	13
34208	67371	12
34208	67422	5
34208	67482	1
34208	67494	7
34208	67653	5
34208	67733	2
34208	67768	7
34208	67977	2
34208	68095	1
34247	34270	29
34247	34296	15
34247	34322	1
34247	34543	7
34247	34894	8
34247	34898	31
34247	34992	2
34247	34998	3
34247	35067	9
34247	35434	15
34247	35713	1
34247	36126	2
34247	36558	4
34247	36565	25
34247	36698	5
34247	36948	16
34247	37103	2
34247	37626	1
34247	38329	16
34247	38431	3
34247	38446	2
34247	38724	1
34247	38795	1
34247	39051	5
34247	39451	4
34247	40704	9
34247	40722	1
34247	40754	1
34247	40976	4
34247	42236	1
34247	42528	3
34247	43056	4
34247	43194	12
34247	43763	3
34247	43939	3
34247	44138	5
34247	44143	1
34247	44479	4
34247	44598	22
34247	44895	32
34247	45039	2
34247	45201	2
34247	46138	2
34247	46606	3
34247	46608	14
34247	47077	4
34247	47310	6
34247	48276	1
34247	48605	7
34247	49095	7
34247	49810	9
34247	49979	2
34247	50157	2
34247	50644	4
34247	51999	15
34247	52182	19
34247	52196	1
34247	52414	3
34247	52616	5
34247	53674	3
34247	53696	2
34247	54239	2
34247	54248	12
34247	54368	1
34247	54884	5
34247	55157	2
34247	55288	8
34247	55378	9
34247	55415	2
34247	55470	7
34247	56117	9
34247	56223	2
34247	56304	3
34247	56540	5
34247	56554	20
34247	56583	6
34247	56936	16
34247	56954	10
34247	57001	4
34247	57208	4
34247	57325	8
34247	57382	3
34247	57587	1
34247	57593	1
34247	57631	1
34247	57645	2
34247	57742	1
34247	57822	15
34247	57825	1
34247	57832	1
34247	57878	6
34247	57957	1
34247	58401	5
34247	58477	2
34247	59087	15
34247	59418	5
34247	60025	2
34247	60326	5
34247	60894	7
34247	60976	3
34247	61013	11
34247	61242	4
34247	61279	3
34247	61585	2
34247	61697	2
34247	62162	3
34247	62521	6
34247	62563	10
34247	62582	6
34247	62596	8
34247	62605	9
34247	62619	13
34247	62650	62
34247	62696	18
34247	62762	25
34247	62791	2
34247	62799	21
34247	62828	15
34247	62860	29
34247	62898	19
34247	63525	2
34247	63932	3
34247	63933	5
34247	64231	4
34247	64294	7
34247	64532	4
34247	64552	26
34247	64569	7
34247	64610	1
34247	64675	6
34247	64744	2
34247	64805	6
34247	65135	5
34247	65150	2
34247	65157	3
34247	65180	14
34247	65190	3
34247	65399	1
34247	65477	10
34247	65505	1
34247	65524	4
34247	65568	12
34247	65588	9
34247	65594	20
34247	65605	6
34247	65623	8
34247	65679	31
34247	65730	4
34247	65757	6
34247	66003	25
34247	66040	2
34247	66237	2
34247	66351	4
34247	66433	6
34247	66472	8
34247	66504	6
34247	66804	2
34247	67129	11
34247	67147	4
34247	67165	31
34247	67189	13
34247	67209	5
34247	67215	6
34247	67249	5
34247	67260	4
34247	67268	9
34247	67277	5
34247	67285	13
34247	67308	27
34247	67336	23
34247	67371	16
34247	67422	10
34247	67474	7
34247	67482	5
34247	67494	5
34247	67653	6
34247	67670	1
34247	67733	2
34247	67768	5
34247	67977	10
34247	68095	4
34270	34296	17
34270	34322	3
34270	34372	4
34270	34543	15
34270	34647	6
34270	34894	41
34270	34898	167
34270	34992	4
34270	34998	8
34270	35067	34
34270	35291	1
34270	35434	19
34270	35713	13
34270	36126	7
34270	36558	4
34270	36565	53
34270	36698	3
34270	36948	39
34270	37103	11
34270	37626	1
34270	38329	62
34270	38431	13
34270	38446	3
34270	38724	6
34270	39051	7
34270	39451	4
34270	40704	25
34270	40722	7
34270	40754	15
34270	40976	3
34270	42236	9
34270	42528	1
34270	43056	8
34270	43194	39
34270	43763	17
34270	43939	2
34270	44138	9
34270	44143	7
34270	44479	1
34270	44598	42
34270	44895	21
34270	44945	2
34270	45039	8
34270	45201	14
34270	46138	7
34270	46606	8
34270	46608	28
34270	47077	9
34270	47249	1
34270	47310	18
34270	48276	4
34270	48605	19
34270	49095	35
34270	49810	1
34270	49871	10
34270	49979	6
34270	50157	6
34270	50163	6
34270	50245	5
34270	50644	8
34270	51999	49
34270	52125	3
34270	52182	34
34270	52196	5
34270	52294	1
34270	52414	5
34270	52616	5
34270	53674	15
34270	53696	13
34270	53953	4
34270	54239	4
34270	54248	22
34270	54368	3
34270	54857	4
34270	54884	2
34270	55157	6
34270	55288	1
34270	55378	13
34270	55470	14
34270	55693	1
34270	55762	2
34270	56088	5
34270	56117	7
34270	56223	3
34270	56304	4
34270	56540	3
34270	56554	37
34270	56583	13
34270	56936	49
34270	56954	12
34270	57001	24
34270	57325	7
34270	57374	3
34270	57382	18
34270	57587	13
34270	57593	3
34270	57631	1
34270	57645	5
34270	57742	1
34270	57822	25
34270	57825	9
34270	57878	6
34270	58401	15
34270	58477	12
34270	59087	33
34270	59418	1
34270	59667	2
34270	60096	1
34270	60326	5
34270	60894	10
34270	60976	9
34270	61013	12
34270	61279	8
34270	61585	1
34270	61697	3
34270	62162	4
34270	62521	60
34270	62563	24
34270	62582	20
34270	62596	19
34270	62605	15
34270	62619	34
34270	62650	100
34270	62696	42
34270	62762	36
34270	62791	6
34270	62799	53
34270	62828	48
34270	62860	51
34270	62898	38
34270	63525	10
34270	63932	6
34270	63933	43
34270	64294	32
34270	64532	10
34270	64552	138
34270	64569	9
34270	64610	6
34270	64675	8
34270	64726	1
34270	64744	8
34270	64805	18
34270	65135	15
34270	65150	7
34270	65157	14
34270	65180	47
34270	65190	16
34270	65399	2
34270	65477	59
34270	65505	4
34270	65524	13
34270	65568	35
34270	65588	20
34270	65594	114
34270	65605	15
34270	65623	11
34270	65679	73
34270	65730	8
34270	65757	4
34270	66003	28
34270	66266	5
34270	66351	7
34270	66433	9
34270	66472	18
34270	66504	12
34270	66804	16
34270	67058	8
34270	67129	19
34270	67147	20
34270	67165	51
34270	67189	43
34270	67209	17
34270	67215	13
34270	67249	30
34270	67260	5
34270	67268	9
34270	67277	11
34270	67285	37
34270	67308	57
34270	67336	57
34270	67371	25
34270	67422	17
34270	67474	2
34270	67482	11
34270	67494	24
34270	67653	5
34270	67670	3
34270	67733	23
34270	67768	46
34270	67977	8
34270	67980	3
34270	68095	5
34296	34322	1
34296	34543	4
34296	34647	1
34296	34894	21
34296	34898	81
34296	34992	1
34296	34998	2
34296	35067	9
34296	35291	2
34296	35434	17
34296	35713	1
34296	36565	23
34296	36698	1
34296	36948	14
34296	37103	6
34296	37626	1
34296	38329	9
34296	38431	5
34296	38446	5
34296	39451	6
34296	40704	16
34296	40722	1
34296	40976	3
34296	42236	2
34296	43056	5
34296	43194	23
34296	43763	6
34296	43939	4
34296	44138	5
34296	44143	2
34296	44598	13
34296	44895	4
34296	44945	1
34296	45201	2
34296	45625	1
34296	45766	1
34296	46138	1
34296	46606	1
34296	46608	6
34296	47077	1
34296	47310	20
34296	48605	11
34296	49095	18
34296	49810	3
34296	49871	5
34296	49979	2
34296	50157	5
34296	50163	2
34296	50245	1
34296	51999	17
34296	52182	6
34296	52196	6
34296	52414	1
34296	52616	2
34296	53674	1
34296	53696	2
34296	54239	6
34296	54248	13
34296	54368	6
34296	54857	8
34296	54884	1
34296	55157	1
34296	55378	2
34296	55415	1
34296	55470	11
34296	55762	1
34296	56117	2
34296	56223	3
34296	56540	1
34296	56554	10
34296	56583	3
34296	56936	7
34296	56954	11
34296	57001	10
34296	57325	3
34296	57374	6
34296	57382	43
34296	57587	7
34296	57631	1
34296	57645	3
34296	57742	3
34296	57822	10
34296	57825	3
34296	57832	1
34296	57878	8
34296	58401	4
34296	58477	4
34296	59087	17
34296	59418	7
34296	59667	3
34296	59727	2
34296	60025	1
34296	60096	1
34296	60326	8
34296	60894	1
34296	60976	3
34296	61013	9
34296	61242	2
34296	61585	1
34296	61697	1
34296	62162	1
34296	62521	29
34296	62563	12
34296	62582	11
34296	62596	2
34296	62605	9
34296	62619	29
34296	62650	60
34296	62696	17
34296	62762	15
34296	62791	4
34296	62799	30
34296	62828	16
34296	62860	21
34296	62898	22
34296	63525	4
34296	63933	5
34296	64294	10
34296	64532	13
34296	64552	49
34296	64569	5
34296	64610	2
34296	64675	5
34296	64805	8
34296	65135	1
34296	65150	2
34296	65157	7
34296	65180	16
34296	65190	32
34296	65399	1
34296	65477	18
34296	65505	1
34296	65524	24
34296	65568	26
34296	65588	6
34296	65594	59
34296	65605	1
34296	65623	9
34296	65679	48
34296	65730	7
34296	65757	2
34296	66003	7
34296	66266	2
34296	66351	3
34296	66433	8
34296	66472	12
34296	66504	6
34296	66804	5
34296	67058	1
34296	67129	9
34296	67147	6
34296	67165	36
34296	67189	14
34296	67209	8
34296	67215	6
34296	67249	4
34296	67268	12
34296	67277	11
34296	67285	10
34296	67308	37
34296	67336	29
34296	67371	23
34296	67422	2
34296	67474	4
34296	67482	7
34296	67494	9
34296	67653	10
34296	67670	11
34296	67733	54
34296	67768	9
34296	67977	5
34296	67980	1
34322	34372	1
34322	34647	16
34322	34898	1
34322	34998	2
34322	35067	12
34322	35434	26
34322	35713	21
34322	36126	1
34322	36558	2
34322	36565	32
34322	36948	19
34322	37103	1
34322	38329	30
34322	38890	1
34322	40704	14
34322	40722	1
34322	40976	7
34322	42236	2
34322	43056	88
34322	43194	80
34322	44138	15
34322	44571	2
34322	44598	19
34322	45039	4
34322	45201	9
34322	45766	3
34322	46138	2
34322	46606	2
34322	46608	3
34322	47249	3
34322	48276	12
34322	49095	1
34322	49979	1
34322	50163	2
34322	50245	1
34322	50644	9
34322	51999	16
34322	52125	1
34322	52182	32
34322	52196	3
34322	52294	4
34322	54239	1
34322	54248	11
34322	54368	3
34322	54857	13
34322	55157	4
34322	55288	21
34322	55378	3
34322	55415	6
34322	55470	2
34322	55693	2
34322	55762	2
34322	56088	7
34322	56117	4
34322	56540	2
34322	56554	21
34322	56936	3
34322	56954	1
34322	57325	1
34322	57631	1
34322	57645	5
34322	57822	12
34322	58477	1
34322	59087	41
34322	59727	2
34322	60096	1
34322	60894	1
34322	60976	1
34322	61242	2
34322	61279	3
34322	61697	2
34322	62582	7
34322	62596	1
34322	62605	1
34322	62650	6
34322	62696	4
34322	62762	1
34322	62799	2
34322	62828	9
34322	62860	4
34322	62898	3
34322	63525	1
34322	63932	3
34322	64231	1
34322	64552	1
34322	64569	3
34322	64610	3
34322	64675	1
34322	65157	2
34322	65190	1
34322	65399	6
34322	65505	1
34322	65524	1
34322	65568	4
34322	65588	1
34322	65605	1
34322	65679	1
34322	66003	5
34322	66237	9
34322	66266	13
34322	66351	6
34322	66433	1
34322	66472	1
34322	66504	2
34322	66804	15
34322	67165	1
34322	67189	2
34322	67209	2
34322	67215	1
34322	67249	1
34322	67268	1
34322	67277	1
34322	67308	5
34322	67336	1
34322	67422	1
34322	67494	3
34322	67670	4
34372	34647	2
34372	34898	2
34372	34992	1
34372	34998	20
34372	35067	13
34372	35434	13
34372	35713	10
34372	36558	12
34372	36565	25
34372	36698	4
34372	36948	23
34372	37103	1
34372	37626	3
34372	38329	5
34372	38446	1
34372	38795	1
34372	39051	3
34372	39451	1
34372	40704	98
34372	40976	5
34372	43056	27
34372	43194	22
34372	43939	1
34372	44143	6
34372	44571	1
34372	44598	7
34372	44895	1
34372	45201	7
34372	46606	3
34372	46608	2
34372	47077	5
34372	48276	2
34372	49095	1
34372	49810	6
34372	50157	2
34372	50245	2
34372	51999	11
34372	52182	10
34372	52196	2
34372	52294	29
34372	52616	2
34372	54239	4
34372	54248	8
34372	54857	1
34372	55157	5
34372	55288	2
34372	55470	15
34372	55762	1
34372	56088	3
34372	56117	1
34372	56223	23
34372	56304	1
34372	56540	3
34372	56554	18
34372	56583	1
34372	56936	4
34372	56954	3
34372	57001	1
34372	57325	3
34372	57382	6
34372	57593	1
34372	57631	3
34372	57822	8
34372	57825	1
34372	57957	1
34372	58401	3
34372	58477	11
34372	59087	14
34372	59418	2
34372	59667	20
34372	59727	1
34372	60096	1
34372	60326	4
34372	60894	3
34372	60976	6
34372	61013	1
34372	61242	1
34372	61279	2
34372	61585	6
34372	61697	2
34372	62582	2
34372	62596	2
34372	62605	2
34372	62619	4
34372	62696	1
34372	62762	1
34372	62799	1
34372	62828	2
34372	62860	2
34372	63932	1
34372	63933	2
34372	64231	5
34372	64294	2
34372	64552	8
34372	64744	1
34372	65150	2
34372	65180	1
34372	65399	46
34372	65477	1
34372	65505	1
34372	65568	1
34372	65594	1
34372	65679	3
34372	66003	1
34372	66237	2
34372	66266	4
34372	66351	3
34372	66804	154
34372	67165	1
34372	67189	4
34372	67209	2
34372	67260	1
34372	67285	1
34372	67308	5
34372	67336	2
34543	34894	14
34543	34898	110
34543	34998	5
34543	35067	2
34543	35291	1
34543	35434	6
34543	36565	12
34543	36698	2
34543	36948	9
34543	37103	11
34543	37626	3
34543	38329	5
34543	38431	7
34543	39051	4
34543	40704	7
34543	40754	6
34543	40976	1
34543	42528	1
34543	43056	1
34543	43194	3
34543	43763	1
34543	44143	3
34543	44479	1
34543	44598	4
34543	45039	1
34543	45201	7
34543	45625	2
34543	46138	4
34543	46608	2
34543	47077	2
34543	47310	11
34543	48605	3
34543	49095	35
34543	49871	2
34543	49979	2
34543	50163	1
34543	51999	5
34543	52182	4
34543	52616	1
34543	53674	6
34543	53696	2
34543	54368	1
34543	55157	5
34543	55415	2
34543	55470	6
34543	56117	1
34543	56223	5
34543	56304	2
34543	56554	14
34543	56583	7
34543	56936	14
34543	56954	2
34543	57001	3
34543	57325	8
34543	57382	30
34543	57587	5
34543	57593	3
34543	57742	1
34543	57822	1
34543	57825	10
34543	57878	2
34543	57957	2
34543	58401	12
34543	58477	7
34543	59087	3
34543	59418	1
34543	59667	8
34543	60025	2
34543	60096	3
34543	60326	2
34543	60976	2
34543	61013	16
34543	62521	42
34543	62563	4
34543	62582	1
34543	62596	4
34543	62605	10
34543	62619	7
34543	62650	14
34543	62696	5
34543	62762	2
34543	62791	2
34543	62799	18
34543	62828	4
34543	62860	4
34543	62898	13
34543	63932	2
34543	63933	19
34543	64294	5
34543	64532	1
34543	64552	106
34543	64569	1
34543	64726	2
34543	64744	4
34543	64805	7
34543	65135	2
34543	65150	2
34543	65157	1
34543	65180	29
34543	65190	4
34543	65399	1
34543	65477	12
34543	65505	1
34543	65568	33
34543	65588	5
34543	65594	53
34543	65679	69
34543	65730	3
34543	66003	2
34543	66040	2
34543	66266	1
34543	66433	3
34543	66472	6
34543	66504	3
34543	66804	4
34543	67129	1
34543	67147	15
34543	67165	2
34543	67189	6
34543	67209	7
34543	67215	2
34543	67249	4
34543	67260	4
34543	67268	4
34543	67277	3
34543	67285	10
34543	67308	11
34543	67336	12
34543	67371	2
34543	67422	5
34543	67482	1
34543	67494	4
34543	67733	14
34543	67768	25
34543	68095	16
34647	34894	1
34647	34898	12
34647	34992	1
34647	34998	79
34647	35067	52
34647	35434	21
34647	35713	90
34647	36126	4
34647	36558	4
34647	36565	122
34647	36698	13
34647	36948	78
34647	37103	11
34647	37626	1
34647	38329	29
34647	38446	2
34647	38724	5
34647	38795	6
34647	38890	2
34647	39051	1
34647	39451	3
34647	40704	33
34647	40722	4
34647	40754	5
34647	40976	7
34647	42236	10
34647	43056	69
34647	43194	323
34647	43939	3
34647	44138	69
34647	44143	9
34647	44479	1
34647	44571	21
34647	44598	32
34647	44945	3
34647	45039	13
34647	45201	9
34647	45625	2
34647	45766	1
34647	46138	2
34647	46606	9
34647	46608	10
34647	47077	2
34647	47249	14
34647	47310	3
34647	48276	59
34647	49095	7
34647	49810	8
34647	49979	3
34647	50163	18
34647	50245	5
34647	50644	2
34647	51999	40
34647	52125	6
34647	52182	46
34647	52196	33
34647	52294	8
34647	52414	7
34647	52616	9
34647	53696	1
34647	53953	2
34647	54239	6
34647	54248	31
34647	54368	2
34647	54857	31
34647	54884	7
34647	55157	9
34647	55288	10
34647	55378	7
34647	55415	4
34647	55470	35
34647	55762	10
34647	56088	6
34647	56117	8
34647	56223	6
34647	56540	23
34647	56554	41
34647	56936	14
34647	56954	2
34647	57325	13
34647	57382	1
34647	57631	9
34647	57645	35
34647	57822	29
34647	57825	1
34647	57832	5
34647	57878	1
34647	58401	3
34647	58477	5
34647	59087	42
34647	59667	5
34647	59727	4
34647	60326	28
34647	60894	5
34647	60976	16
34647	61242	1
34647	61279	2
34647	61697	2
34647	62162	2
34647	62563	2
34647	62582	8
34647	62596	3
34647	62605	5
34647	62619	2
34647	62650	19
34647	62696	11
34647	62762	3
34647	62791	1
34647	62799	6
34647	62828	12
34647	62860	14
34647	62898	9
34647	63525	9
34647	63932	9
34647	63933	1
34647	64231	3
34647	64552	8
34647	64569	1
34647	64610	11
34647	64675	2
34647	65135	2
34647	65150	1
34647	65157	4
34647	65180	1
34647	65190	6
34647	65399	4
34647	65477	8
34647	65505	16
34647	65524	4
34647	65568	6
34647	65588	5
34647	65594	2
34647	65605	5
34647	65623	3
34647	65679	4
34647	65730	2
34647	65757	4
34647	66003	5
34647	66237	47
34647	66266	17
34647	66351	5
34647	66433	1
34647	66472	2
34647	66504	1
34647	66804	9
34647	67058	1
34647	67129	1
34647	67165	4
34647	67189	3
34647	67215	3
34647	67260	2
34647	67268	1
34647	67285	5
34647	67308	7
34647	67336	9
34647	67371	2
34647	67422	1
34647	67474	1
34647	67482	1
34647	67494	2
34647	67653	3
34647	67670	9
34647	67733	1
34647	67977	1
34647	67980	2
34894	34898	308
34894	34992	2
34894	34998	10
34894	35067	8
34894	35291	2
34894	35434	40
34894	36558	1
34894	36565	81
34894	36698	4
34894	36948	49
34894	37103	12
34894	37626	20
34894	38329	7
34894	38431	13
34894	38446	10
34894	38724	1
34894	38890	3
34894	39051	11
34894	39451	13
34894	40704	17
34894	40722	1
34894	40754	22
34894	40976	8
34894	42528	9
34894	43056	2
34894	43194	24
34894	43763	9
34894	43939	3
34894	44143	10
34894	44598	17
34894	45039	6
34894	45201	8
34894	45766	8
34894	47077	3
34894	47249	3
34894	47310	50
34894	48605	27
34894	49095	78
34894	49810	1
34894	49871	18
34894	49979	10
34894	50157	37
34894	50163	12
34894	50644	1
34894	51999	27
34894	52125	5
34894	52182	24
34894	52414	3
34894	52616	2
34894	53674	12
34894	53696	10
34894	53953	3
34894	54239	2
34894	54248	1
34894	54368	1
34894	54857	2
34894	54884	1
34894	55157	11
34894	55288	4
34894	55378	2
34894	55470	14
34894	55762	12
34894	56088	11
34894	56117	7
34894	56223	8
34894	56304	17
34894	56540	13
34894	56554	49
34894	56583	54
34894	56936	17
34894	56954	1
34894	57001	4
34894	57325	4
34894	57374	2
34894	57382	24
34894	57587	8
34894	57631	5
34894	57822	12
34894	57825	20
34894	57832	4
34894	57878	5
34894	57957	2
34894	58401	25
34894	58477	65
34894	59087	18
34894	59418	6
34894	59667	3
34894	59727	2
34894	60025	1
34894	60096	3
34894	60326	5
34894	60894	21
34894	60976	3
34894	61013	5
34894	61242	6
34894	61585	1
34894	61697	2
34894	62162	1
34894	62521	66
34894	62563	8
34894	62582	1
34894	62596	2
34894	62605	17
34894	62619	31
34894	62650	19
34894	62696	24
34894	62762	17
34894	62791	6
34894	62799	9
34894	62828	22
34894	62860	12
34894	62898	28
34894	63525	10
34894	63932	1
34894	63933	141
34894	64294	41
34894	64532	7
34894	64552	141
34894	64569	3
34894	64675	1
34894	64744	12
34894	64805	62
34894	65135	5
34894	65150	6
34894	65180	16
34894	65399	1
34894	65477	43
34894	65524	1
34894	65568	31
34894	65588	11
34894	65594	202
34894	65605	5
34894	65679	56
34894	65730	26
34894	65757	3
34894	66003	26
34894	66266	5
34894	66433	3
34894	66472	32
34894	66504	4
34894	66804	1
34894	67129	10
34894	67147	6
34894	67165	28
34894	67189	6
34894	67209	8
34894	67215	4
34894	67249	14
34894	67260	1
34894	67268	1
34894	67277	10
34894	67285	10
34894	67308	44
34894	67336	33
34894	67371	11
34894	67422	4
34894	67474	6
34894	67482	5
34894	67494	20
34894	67653	6
34894	67670	5
34894	67733	40
34894	67768	25
34894	67977	22
34894	67980	2
34894	68095	1
34898	34992	4
34898	34998	77
34898	35067	35
34898	35291	12
34898	35434	120
34898	35713	2
34898	36558	13
34898	36565	259
34898	36698	21
34898	36948	259
34898	37103	68
34898	37626	41
34898	38329	45
34898	38431	77
34898	38446	25
34898	38724	17
34898	38795	7
34898	38890	23
34898	39051	40
34898	39451	41
34898	40704	187
34898	40722	6
34898	40754	53
34898	40976	44
34898	42528	44
34898	43056	28
34898	43194	79
34898	43763	43
34898	43939	13
34898	44138	7
34898	44143	46
34898	44479	6
34898	44571	2
34898	44598	58
34898	44945	5
34898	45039	25
34898	45201	111
34898	45625	8
34898	45766	13
34898	46138	11
34898	46606	4
34898	46608	14
34898	47077	21
34898	47249	2
34898	47310	151
34898	48276	7
34898	48605	99
34898	49095	249
34898	49810	17
34898	49871	44
34898	49979	44
34898	50157	39
34898	50163	16
34898	50245	1
34898	50644	2
34898	51999	66
34898	52125	4
34898	52182	93
34898	52196	5
34898	52294	3
34898	52414	15
34898	52616	11
34898	53674	39
34898	53696	24
34898	53953	12
34898	54239	4
34898	54248	11
34898	54368	8
34898	54857	7
34898	55157	35
34898	55288	12
34898	55378	11
34898	55415	12
34898	55470	97
34898	55693	3
34898	55762	17
34898	56088	21
34898	56117	14
34898	56223	25
34898	56304	58
34898	56540	25
34898	56554	181
34898	56583	168
34898	56936	90
34898	56954	18
34898	57001	36
34898	57208	12
34898	57325	67
34898	57374	8
34898	57382	156
34898	57587	90
34898	57593	11
34898	57631	10
34898	57645	5
34898	57742	12
34898	57822	101
34898	57825	67
34898	57832	4
34898	57878	30
34898	57957	11
34898	58401	258
34898	58477	114
34898	59087	67
34898	59418	29
34898	59667	41
34898	59727	5
34898	60025	30
34898	60096	13
34898	60326	84
34898	60894	46
34898	60976	56
34898	61013	48
34898	61242	16
34898	61279	2
34898	61585	5
34898	61697	4
34898	62162	6
34898	62521	292
34898	62563	36
34898	62582	5
34898	62596	19
34898	62605	83
34898	62619	77
34898	62650	71
34898	62696	43
34898	62762	29
34898	62791	12
34898	62799	55
34898	62828	46
34898	62860	43
34898	62898	114
34898	63525	29
34898	63932	15
34898	63933	328
34898	64231	3
34898	64294	116
34898	64532	14
34898	64552	786
34898	64569	21
34898	64610	3
34898	64675	15
34898	64726	13
34898	64744	41
34898	64805	145
34898	65135	33
34898	65150	25
34898	65157	12
34898	65180	89
34898	65190	23
34898	65399	15
34898	65477	134
34898	65505	29
34898	65524	5
34898	65568	190
34898	65588	48
34898	65594	763
34898	65605	7
34898	65623	2
34898	65679	354
34898	65730	29
34898	65757	15
34898	66003	92
34898	66040	7
34898	66237	3
34898	66266	40
34898	66351	1
34898	66433	20
34898	66472	80
34898	66504	12
34898	66804	18
34898	67058	1
34898	67129	12
34898	67147	27
34898	67165	58
34898	67189	38
34898	67209	26
34898	67215	12
34898	67249	49
34898	67260	5
34898	67268	12
34898	67277	21
34898	67285	59
34898	67308	99
34898	67336	84
34898	67371	28
34898	67422	24
34898	67474	54
34898	67482	5
34898	67494	47
34898	67653	36
34898	67670	11
34898	67733	149
34898	67768	112
34898	67977	2
34898	67980	2
34898	68095	23
34992	34998	2
34992	35067	32
34992	35434	30
34992	35713	1
34992	36126	10
34992	36565	45
34992	36698	4
34992	36948	17
34992	38329	27
34992	38724	2
34992	38890	1
34992	39051	1
34992	40704	8
34992	40722	1
34992	40976	2
34992	42236	7
34992	43056	5
34992	43194	5
34992	44138	2
34992	44143	2
34992	44571	1
34992	44598	14
34992	45039	1
34992	45201	5
34992	46606	3
34992	46608	21
34992	49810	2
34992	49871	2
34992	49979	4
34992	50245	21
34992	50644	8
34992	51999	22
34992	52125	1
34992	52182	34
34992	52616	5
34992	53696	3
34992	54239	5
34992	54248	18
34992	54857	2
34992	55157	2
34992	55288	2
34992	55378	7
34992	55415	3
34992	55470	3
34992	55693	1
34992	55762	1
34992	56088	1
34992	56117	27
34992	56223	8
34992	56304	1
34992	56540	4
34992	56554	48
34992	56936	2
34992	57208	2
34992	57325	7
34992	57374	1
34992	57593	2
34992	57742	1
34992	57822	14
34992	57957	2
34992	58477	12
34992	59087	34
34992	59667	9
34992	60025	2
34992	60096	1
34992	60326	4
34992	60894	27
34992	60976	2
34992	61279	1
34992	61585	4
34992	61697	2
34992	62162	1
34992	62563	1
34992	62596	19
34992	62619	2
34992	62650	14
34992	62696	9
34992	62762	2
34992	62791	1
34992	62799	10
34992	62828	13
34992	62860	8
34992	62898	3
34992	63525	3
34992	63932	1
34992	64231	1
34992	64552	5
34992	64569	1
34992	64610	9
34992	64744	2
34992	65157	4
34992	65180	1
34992	65477	24
34992	65524	2
34992	65568	4
34992	65679	1
34992	65757	6
34992	66003	11
34992	66040	2
34992	66237	3
34992	66266	7
34992	66351	2
34992	66504	4
34992	66804	2
34992	67058	3
34992	67147	1
34992	67165	3
34992	67189	2
34992	67215	2
34992	67285	1
34992	67308	3
34992	67336	16
34992	67371	1
34992	67474	1
34992	67494	1
34992	67768	1
34992	67977	4
34992	67980	1
34998	35067	24
34998	35291	7
34998	35434	42
34998	35713	36
34998	36126	2
34998	36558	6
34998	36565	175
34998	36698	29
34998	36948	404
34998	37103	3
34998	38329	28
34998	38431	2
34998	38446	2
34998	38724	33
34998	38795	4
34998	38890	2
34998	39451	3
34998	40704	95
34998	40722	1
34998	40754	7
34998	40976	15
34998	42236	11
34998	42528	1
34998	43056	68
34998	43194	165
34998	43763	5
34998	43939	34
34998	44138	86
34998	44143	21
34998	44479	35
34998	44571	18
34998	44598	37
34998	44945	6
34998	45039	90
34998	45201	23
34998	45625	36
34998	46138	3
34998	46608	2
34998	47077	13
34998	47249	7
34998	47310	3
34998	48276	71
34998	48605	1
34998	49095	13
34998	49810	98
34998	49979	5
34998	50157	1
34998	50163	49
34998	50644	1
34998	51999	12
34998	52125	84
34998	52182	61
34998	52196	2
34998	52294	17
34998	52414	114
34998	53674	1
34998	53696	1
34998	53953	36
34998	54239	7
34998	54248	13
34998	54368	3
34998	54857	22
34998	54884	31
34998	55157	20
34998	55288	1
34998	55378	2
34998	55415	14
34998	55470	167
34998	55762	5
34998	56088	3
34998	56117	6
34998	56223	10
34998	56304	4
34998	56540	5
34998	56554	103
34998	56583	4
34998	56936	31
34998	57001	2
34998	57208	1
34998	57325	35
34998	57374	9
34998	57382	22
34998	57587	1
34998	57593	4
34998	57631	8
34998	57645	3
34998	57742	5
34998	57822	65
34998	57825	2
34998	57832	1
34998	57878	2
34998	57957	1
34998	58401	4
34998	58477	5
34998	59087	53
34998	59418	7
34998	59667	11
34998	60025	8
34998	60096	4
34998	60326	285
34998	60894	14
34998	60976	186
34998	61013	4
34998	61242	23
34998	61585	1
34998	61697	3
34998	62162	2
34998	62521	4
34998	62563	58
34998	62582	1
34998	62596	8
34998	62605	3
34998	62619	1
34998	62650	5
34998	62696	20
34998	62762	7
34998	62791	3
34998	62799	11
34998	62828	14
34998	62860	16
34998	62898	5
34998	63525	8
34998	63932	4
34998	63933	10
34998	64552	45
34998	64569	11
34998	64610	1
34998	64675	12
34998	64726	9
34998	64744	6
34998	64805	3
34998	65135	5
34998	65150	1
34998	65190	16
34998	65399	33
34998	65477	2
34998	65505	195
34998	65524	6
34998	65568	9
34998	65588	3
34998	65594	16
34998	65605	3
34998	65679	30
34998	65730	18
34998	65757	1
34998	66003	28
34998	66040	1
34998	66237	8
34998	66266	42
34998	66351	2
34998	66472	1
34998	66504	9
34998	66804	74
34998	67165	10
34998	67189	8
34998	67215	7
34998	67249	7
34998	67260	9
34998	67268	2
34998	67277	1
34998	67285	3
34998	67308	18
34998	67336	7
34998	67422	2
34998	67474	1
34998	67482	2
34998	67494	3
34998	67653	2
34998	67733	1
34998	67768	1
34998	68095	7
35067	35291	3
35067	35434	156
35067	35713	175
35067	36126	21
35067	36558	11
35067	36565	257
35067	36698	47
35067	36948	141
35067	37103	6
35067	37626	2
35067	38329	166
35067	38431	2
35067	38446	4
35067	38724	13
35067	38795	15
35067	38890	8
35067	39051	5
35067	39451	6
35067	40704	111
35067	40722	24
35067	40754	4
35067	40976	33
35067	42236	15
35067	42528	3
35067	43056	84
35067	43194	290
35067	43763	1
35067	43939	18
35067	44138	55
35067	44143	35
35067	44479	2
35067	44571	13
35067	44598	124
35067	44945	6
35067	45039	14
35067	45201	46
35067	45625	3
35067	45766	13
35067	46138	16
35067	46606	15
35067	46608	43
35067	47077	7
35067	47249	14
35067	47310	4
35067	48276	33
35067	48605	1
35067	49095	8
35067	49810	7
35067	49871	5
35067	49979	18
35067	50157	14
35067	50163	6
35067	50245	79
35067	50644	16
35067	51999	146
35067	52125	4
35067	52182	168
35067	52196	29
35067	52294	36
35067	52414	1
35067	52616	6
35067	53674	1
35067	53696	12
35067	54239	26
35067	54248	150
35067	54368	8
35067	54857	36
35067	54884	4
35067	55157	25
35067	55288	32
35067	55378	35
35067	55415	28
35067	55470	48
35067	55693	7
35067	55762	21
35067	56088	30
35067	56117	101
35067	56223	22
35067	56304	6
35067	56540	17
35067	56554	234
35067	56583	2
35067	56936	32
35067	56954	4
35067	57001	6
35067	57208	7
35067	57325	33
35067	57374	8
35067	57382	2
35067	57587	1
35067	57593	6
35067	57631	10
35067	57645	22
35067	57742	8
35067	57822	107
35067	57825	7
35067	57832	8
35067	57878	3
35067	57957	3
35067	58401	1
35067	58477	59
35067	59087	177
35067	59418	14
35067	59667	46
35067	59727	15
35067	60025	7
35067	60096	11
35067	60326	21
35067	60894	72
35067	60976	14
35067	61242	21
35067	61279	15
35067	61585	7
35067	61697	17
35067	62162	15
35067	62563	19
35067	62582	22
35067	62596	21
35067	62605	8
35067	62619	14
35067	62650	59
35067	62696	45
35067	62762	13
35067	62791	4
35067	62799	38
35067	62828	41
35067	62860	44
35067	62898	26
35067	63525	35
35067	63932	31
35067	63933	9
35067	64231	11
35067	64294	5
35067	64532	2
35067	64552	29
35067	64569	10
35067	64610	12
35067	64675	10
35067	64726	6
35067	64744	18
35067	64805	1
35067	65135	5
35067	65150	5
35067	65157	29
35067	65180	4
35067	65190	16
35067	65399	24
35067	65477	29
35067	65505	14
35067	65524	11
35067	65568	14
35067	65588	9
35067	65594	7
35067	65605	15
35067	65623	3
35067	65679	10
35067	65730	3
35067	65757	25
35067	66003	112
35067	66040	23
35067	66237	18
35067	66266	26
35067	66351	26
35067	66433	10
35067	66472	6
35067	66504	17
35067	66804	36
35067	67058	43
35067	67129	4
35067	67147	2
35067	67165	28
35067	67189	32
35067	67209	7
35067	67215	10
35067	67249	6
35067	67260	19
35067	67268	4
35067	67277	10
35067	67285	17
35067	67308	22
35067	67336	58
35067	67371	16
35067	67422	10
35067	67474	5
35067	67482	2
35067	67494	2
35067	67653	6
35067	67670	11
35067	67733	3
35067	67768	13
35067	67977	16
35067	67980	25
35067	68095	1
35291	35434	54
35291	36126	1
35291	36565	74
35291	36698	5
35291	36948	68
35291	37103	3
35291	37626	3
35291	38329	7
35291	38431	3
35291	38446	4
35291	38724	5
35291	38890	1
35291	39451	6
35291	40704	8
35291	40722	1
35291	40754	1
35291	40976	4
35291	42236	2
35291	42528	4
35291	43056	3
35291	43194	1
35291	43763	2
35291	43939	7
35291	44143	4
35291	44598	10
35291	44945	1
35291	45039	8
35291	45201	7
35291	45625	2
35291	46606	3
35291	46608	2
35291	47077	1
35291	47310	1
35291	49095	5
35291	49810	9
35291	49979	6
35291	50157	20
35291	50163	2
35291	51999	14
35291	52182	19
35291	52196	1
35291	52414	3
35291	52616	10
35291	53674	2
35291	54239	1
35291	54248	5
35291	54368	2
35291	55157	9
35291	55288	5
35291	55378	3
35291	55415	5
35291	55470	8
35291	55693	2
35291	55762	1
35291	56088	2
35291	56117	11
35291	56223	1
35291	56304	2
35291	56540	1
35291	56554	43
35291	56583	1
35291	56936	2
35291	57208	1
35291	57325	9
35291	57374	10
35291	57382	1
35291	57587	27
35291	57593	1
35291	57631	2
35291	57742	7
35291	57822	16
35291	57832	4
35291	57878	1
35291	58477	13
35291	59087	20
35291	59418	10
35291	59667	3
35291	59727	6
35291	60025	2
35291	60096	1
35291	60326	9
35291	60894	50
35291	60976	11
35291	61013	1
35291	61242	8
35291	61279	3
35291	61585	9
35291	61697	6
35291	62162	3
35291	62521	1
35291	62563	9
35291	62582	1
35291	62791	1
35291	62799	2
35291	62828	1
35291	62898	2
35291	63525	2
35291	63932	7
35291	63933	4
35291	64231	2
35291	64552	7
35291	64610	1
35291	64675	5
35291	64726	5
35291	64744	2
35291	64805	1
35291	65150	4
35291	65180	1
35291	65190	1
35291	65505	2
35291	65568	2
35291	65588	1
35291	65594	3
35291	65679	2
35291	66003	6
35291	66040	2
35291	66266	3
35291	67285	1
35291	67308	1
35291	67336	1
35291	67371	2
35291	67474	1
35291	67482	1
35291	67653	2
35291	67768	2
35291	67980	1
35291	68095	1
35434	35713	8
35434	36126	7
35434	36558	13
35434	36565	1235
35434	36698	67
35434	36948	425
35434	37103	7
35434	37626	32
35434	38329	182
35434	38431	4
35434	38446	11
35434	38724	40
35434	38795	47
35434	38890	26
35434	39051	41
35434	39451	12
35434	40704	357
35434	40722	34
35434	40754	8
35434	40976	209
35434	42236	23
35434	42528	6
35434	43056	209
35434	43194	182
35434	43763	29
35434	43939	34
35434	44138	38
35434	44143	97
35434	44479	7
35434	44571	11
35434	44598	116
35434	44895	2
35434	44945	49
35434	45039	59
35434	45201	555
35434	45625	26
35434	45766	137
35434	46138	38
35434	46606	91
35434	46608	115
35434	47077	28
35434	47249	13
35434	47310	11
35434	48276	4
35434	48605	4
35434	49095	28
35434	49810	11
35434	49871	11
35434	49979	88
35434	50157	136
35434	50163	19
35434	50245	45
35434	50644	10
35434	51999	254
35434	52125	10
35434	52182	488
35434	52196	16
35434	52294	3
35434	52414	11
35434	52616	136
35434	53674	23
35434	53696	3
35434	53953	2
35434	54239	24
35434	54248	160
35434	54368	18
35434	54857	32
35434	54884	20
35434	55157	175
35434	55288	332
35434	55378	29
35434	55415	195
35434	55470	83
35434	55693	24
35434	55762	119
35434	56088	55
35434	56117	272
35434	56223	57
35434	56304	12
35434	56540	74
35434	56554	661
35434	56583	15
35434	56936	48
35434	56954	3
35434	57001	5
35434	57208	34
35434	57325	79
35434	57374	43
35434	57382	47
35434	57587	6
35434	57593	120
35434	57631	24
35434	57645	22
35434	57742	9
35434	57822	183
35434	57825	7
35434	57832	80
35434	57878	9
35434	57957	25
35434	58401	8
35434	58477	199
35434	59087	185
35434	59418	25
35434	59667	94
35434	59727	163
35434	60025	21
35434	60096	55
35434	60326	80
35434	60894	389
35434	60976	51
35434	61013	2
35434	61242	51
35434	61279	38
35434	61585	151
35434	61697	37
35434	62162	9
35434	62521	26
35434	62563	6
35434	62582	27
35434	62596	9
35434	62605	8
35434	62619	10
35434	62650	26
35434	62696	25
35434	62762	6
35434	62791	5
35434	62799	13
35434	62828	50
35434	62860	56
35434	62898	28
35434	63525	83
35434	63932	60
35434	63933	54
35434	64231	70
35434	64294	11
35434	64552	68
35434	64569	12
35434	64610	13
35434	64675	16
35434	64726	63
35434	64744	26
35434	64805	13
35434	65135	4
35434	65150	21
35434	65157	2
35434	65180	37
35434	65190	2
35434	65399	25
35434	65477	20
35434	65505	13
35434	65524	2
35434	65568	16
35434	65588	28
35434	65594	53
35434	65605	5
35434	65679	38
35434	65730	2
35434	65757	24
35434	66003	175
35434	66040	64
35434	66237	33
35434	66266	48
35434	66351	46
35434	66433	7
35434	66472	16
35434	66504	16
35434	66804	70
35434	67058	7
35434	67129	5
35434	67147	2
35434	67165	25
35434	67189	9
35434	67209	5
35434	67215	9
35434	67249	4
35434	67260	16
35434	67268	5
35434	67277	5
35434	67285	20
35434	67308	17
35434	67336	45
35434	67371	9
35434	67422	4
35434	67474	15
35434	67482	15
35434	67494	2
35434	67653	13
35434	67670	17
35434	67733	10
35434	67768	11
35434	67977	14
35434	67980	53
35434	68095	10
35713	36558	28
35713	36565	104
35713	36698	2
35713	36948	17
35713	37103	8
35713	38329	8
35713	38724	1
35713	38795	4
35713	38890	3
35713	40704	155
35713	40976	3
35713	42236	3
35713	42528	1
35713	43056	94
35713	43194	413
35713	43763	1
35713	44138	76
35713	44571	13
35713	44598	15
35713	44945	1
35713	45039	2
35713	45201	4
35713	45625	1
35713	45766	2
35713	46606	1
35713	46608	1
35713	47249	28
35713	48276	52
35713	49095	4
35713	50157	2
35713	50163	5
35713	50245	4
35713	51999	45
35713	52125	1
35713	52182	11
35713	52196	35
35713	52294	91
35713	53696	4
35713	54248	42
35713	54857	25
35713	55157	2
35713	55288	3
35713	55378	9
35713	55415	5
35713	55470	19
35713	55762	2
35713	56088	2
35713	56117	1
35713	56223	1
35713	56540	22
35713	56554	20
35713	56936	15
35713	56954	8
35713	57001	1
35713	57208	1
35713	57325	5
35713	57631	4
35713	57645	52
35713	57822	12
35713	57878	1
35713	58401	1
35713	59087	21
35713	59418	1
35713	59667	7
35713	59727	2
35713	60025	1
35713	60326	6
35713	60894	5
35713	60976	6
35713	61279	1
35713	61585	2
35713	62582	5
35713	62596	2
35713	62605	2
35713	62619	3
35713	62650	5
35713	62696	22
35713	62762	2
35713	62791	1
35713	62799	7
35713	62828	14
35713	62860	6
35713	62898	7
35713	63525	23
35713	63932	28
35713	64532	1
35713	64552	2
35713	64610	2
35713	64726	1
35713	64744	2
35713	65157	2
35713	65190	1
35713	65399	57
35713	65477	6
35713	65505	4
35713	65524	1
35713	65568	3
35713	65588	10
35713	65605	22
35713	65623	2
35713	65679	4
35713	66003	13
35713	66237	65
35713	66266	5
35713	66351	1
35713	66433	2
35713	66504	1
35713	66804	119
35713	67165	3
35713	67189	6
35713	67209	2
35713	67249	8
35713	67260	1
35713	67268	3
35713	67285	4
35713	67308	7
35713	67336	4
35713	67371	5
35713	67422	4
35713	67482	2
35713	67494	4
35713	67670	3
35713	67768	2
35713	67980	3
36126	36565	14
36126	36698	3
36126	36948	10
36126	38329	21
36126	38724	2
36126	40704	1
36126	40722	1
36126	40976	2
36126	42236	3
36126	43056	3
36126	43194	11
36126	43939	1
36126	44138	1
36126	44143	5
36126	44571	1
36126	44598	15
36126	45039	2
36126	45201	7
36126	46138	3
36126	46606	1
36126	46608	53
36126	47077	1
36126	48276	3
36126	49871	1
36126	49979	2
36126	50163	1
36126	50644	3
36126	51999	13
36126	52182	31
36126	53696	5
36126	54239	2
36126	54248	36
36126	54857	2
36126	55157	1
36126	55378	5
36126	55415	6
36126	55470	3
36126	55693	2
36126	56088	1
36126	56117	12
36126	56540	11
36126	56554	26
36126	56936	3
36126	57208	2
36126	57325	1
36126	57374	2
36126	57645	2
36126	57822	11
36126	57832	1
36126	57878	1
36126	58477	6
36126	59087	21
36126	59418	1
36126	59667	2
36126	59727	2
36126	60096	1
36126	60326	2
36126	60894	6
36126	60976	1
36126	61279	1
36126	61697	4
36126	62162	1
36126	62582	3
36126	62596	4
36126	62619	1
36126	62650	32
36126	62696	10
36126	62762	2
36126	62791	1
36126	62799	6
36126	62828	8
36126	62860	36
36126	62898	3
36126	63525	4
36126	63932	3
36126	63933	2
36126	64231	2
36126	64532	2
36126	64610	13
36126	64675	2
36126	64726	2
36126	64744	1
36126	65135	1
36126	65150	1
36126	65157	11
36126	65190	3
36126	65477	20
36126	65505	1
36126	65524	4
36126	65568	4
36126	65588	4
36126	65679	2
36126	65757	4
36126	66003	6
36126	66040	2
36126	66266	10
36126	66351	24
36126	66433	3
36126	66504	18
36126	67129	2
36126	67165	2
36126	67189	4
36126	67215	3
36126	67260	1
36126	67285	4
36126	67308	3
36126	67336	18
36126	67422	1
36126	67482	1
36126	67494	3
36126	67980	15
36558	36565	31
36558	36698	2
36558	36948	27
36558	38329	4
36558	38446	3
36558	38724	2
36558	38795	4
36558	38890	6
36558	39051	1
36558	39451	2
36558	40704	90
36558	40976	7
36558	42528	7
36558	43056	19
36558	43194	19
36558	43763	5
36558	43939	10
36558	44138	3
36558	44143	3
36558	44598	5
36558	44945	7
36558	45039	1
36558	45201	18
36558	46608	1
36558	47077	6
36558	47249	1
36558	47310	1
36558	48276	3
36558	48605	1
36558	49095	6
36558	49810	4
36558	49871	1
36558	49979	4
36558	50157	3
36558	51999	1
36558	52182	10
36558	52196	1
36558	52294	8
36558	52414	5
36558	52616	3
36558	53674	2
36558	53953	6
36558	54248	7
36558	54857	1
36558	54884	2
36558	55157	7
36558	55288	3
36558	55378	3
36558	55415	1
36558	55470	23
36558	55762	1
36558	56088	1
36558	56117	1
36558	56223	3
36558	56304	8
36558	56540	1
36558	56554	13
36558	56936	3
36558	56954	4
36558	57001	1
36558	57208	8
36558	57325	15
36558	57587	1
36558	57593	2
36558	57631	2
36558	57645	1
36558	57742	1
36558	57822	24
36558	57825	2
36558	57832	1
36558	57878	3
36558	57957	2
36558	58401	3
36558	58477	8
36558	59087	6
36558	59418	24
36558	59667	12
36558	59727	1
36558	60025	14
36558	60096	2
36558	60326	14
36558	60894	3
36558	60976	10
36558	61013	2
36558	61242	11
36558	61279	1
36558	61585	1
36558	62162	1
36558	62521	3
36558	62563	1
36558	62582	1
36558	62596	1
36558	62619	1
36558	62762	2
36558	62791	2
36558	62828	3
36558	62860	5
36558	62898	3
36558	63525	3
36558	63933	1
36558	64231	2
36558	64294	1
36558	64552	9
36558	64726	3
36558	64744	2
36558	65135	1
36558	65150	1
36558	65157	1
36558	65190	2
36558	65399	36
36558	65477	1
36558	65505	4
36558	65568	4
36558	65588	3
36558	65594	4
36558	65605	1
36558	65679	10
36558	66003	3
36558	66237	2
36558	66266	6
36558	66351	1
36558	66433	3
36558	66504	1
36558	66804	103
36558	67129	1
36558	67165	2
36558	67189	1
36558	67249	2
36558	67268	2
36558	67277	2
36558	67285	3
36558	67308	3
36558	67371	4
36558	67474	2
36558	67494	1
36558	67653	7
36558	67768	3
36558	68095	1
36565	36698	103
36565	36948	1056
36565	37103	25
36565	37626	48
36565	38329	198
36565	38431	15
36565	38446	19
36565	38724	91
36565	38795	40
36565	38890	50
36565	39051	28
36565	39451	34
36565	40704	458
36565	40722	48
36565	40754	20
36565	40976	208
36565	42236	66
36565	42528	25
36565	43056	352
36565	43194	764
36565	43763	43
36565	43939	87
36565	44138	136
36565	44143	114
36565	44479	49
36565	44571	38
36565	44598	189
36565	44895	6
36565	44945	54
36565	45039	128
36565	45201	383
36565	45625	34
36565	45766	115
36565	46138	34
36565	46606	94
36565	46608	133
36565	47077	42
36565	47249	33
36565	47310	29
36565	48276	101
36565	48605	13
36565	49095	74
36565	49810	76
36565	49871	30
36565	49979	89
36565	50157	131
36565	50163	104
36565	50245	55
36565	50644	20
36565	51999	345
36565	52125	38
36565	52182	526
36565	52196	44
36565	52294	26
36565	52414	93
36565	52616	91
36565	53674	30
36565	53696	17
36565	53953	38
36565	54239	54
36565	54248	189
36565	54368	22
36565	54857	117
36565	54884	52
36565	55157	179
36565	55288	248
36565	55378	69
36565	55415	155
36565	55470	227
36565	55693	15
36565	55762	122
36565	56088	69
36565	56117	294
36565	56223	68
36565	56304	31
36565	56540	90
36565	56554	910
36565	56583	26
36565	56936	83
36565	56954	10
36565	57001	10
36565	57208	53
36565	57325	104
36565	57374	89
36565	57382	57
36565	57587	80
36565	57593	56
36565	57631	23
36565	57645	57
36565	57742	43
36565	57822	235
36565	57825	19
36565	57832	68
36565	57878	22
36565	57957	41
36565	58401	73
36565	58477	198
36565	59087	336
36565	59418	66
36565	59667	70
36565	59727	147
36565	60025	43
36565	60096	47
36565	60326	328
36565	60894	416
36565	60976	234
36565	61013	15
36565	61242	116
36565	61279	64
36565	61585	155
36565	61697	49
36565	62162	26
36565	62521	43
36565	62563	50
36565	62582	43
36565	62596	20
36565	62605	7
36565	62619	33
36565	62650	87
36565	62696	49
36565	62762	33
36565	62791	11
36565	62799	45
36565	62828	96
36565	62860	87
36565	62898	53
36565	63525	103
36565	63932	80
36565	63933	99
36565	64231	62
36565	64294	19
36565	64532	7
36565	64552	153
36565	64569	21
36565	64610	23
36565	64675	21
36565	64726	47
36565	64744	35
36565	64805	13
36565	65135	10
36565	65150	30
36565	65157	15
36565	65180	47
36565	65190	15
36565	65399	62
36565	65477	28
36565	65505	66
36565	65524	8
36565	65568	57
36565	65588	39
36565	65594	112
36565	65605	24
36565	65623	12
36565	65679	72
36565	65730	27
36565	65757	42
36565	66003	182
36565	66040	56
36565	66237	60
36565	66266	96
36565	66351	68
36565	66433	24
36565	66472	18
36565	66504	21
36565	66804	106
36565	67058	28
36565	67129	12
36565	67147	12
36565	67165	55
36565	67189	32
36565	67209	7
36565	67215	29
36565	67249	22
36565	67260	13
36565	67268	14
36565	67277	15
36565	67285	31
36565	67308	55
36565	67336	110
36565	67371	27
36565	67422	10
36565	67474	32
36565	67482	9
36565	67494	18
36565	67653	28
36565	67670	29
36565	67733	16
36565	67768	36
36565	67977	14
36565	67980	64
36565	68095	13
36698	36948	156
36698	38329	73
36698	38446	1
36698	38724	9
36698	38890	2
36698	39051	2
36698	39451	1
36698	40704	23
36698	40722	4
36698	40976	14
36698	43056	16
36698	43194	57
36698	43939	10
36698	44138	20
36698	44143	7
36698	44479	4
36698	44571	16
36698	44598	50
36698	44895	7
36698	45039	8
36698	45201	16
36698	46138	1
36698	46606	5
36698	46608	8
36698	47249	2
36698	47310	2
36698	48276	6
36698	48605	1
36698	49095	2
36698	49810	17
36698	49979	10
36698	50157	14
36698	50163	4
36698	50245	10
36698	50644	1
36698	51999	72
36698	52125	6
36698	52182	128
36698	52414	2
36698	52616	1
36698	53674	1
36698	53696	1
36698	53953	4
36698	54239	11
36698	54248	37
36698	54368	12
36698	54857	10
36698	54884	1
36698	55157	17
36698	55288	11
36698	55378	7
36698	55415	6
36698	55470	33
36698	55693	14
36698	55762	10
36698	56088	9
36698	56117	27
36698	56223	9
36698	56304	4
36698	56540	9
36698	56554	132
36698	56583	2
36698	56936	6
36698	57208	3
36698	57325	12
36698	57374	7
36698	57382	1
36698	57593	3
36698	57631	1
36698	57645	1
36698	57742	2
36698	57822	46
36698	57832	6
36698	58477	37
36698	59087	57
36698	59418	4
36698	59667	11
36698	59727	15
36698	60025	2
36698	60096	3
36698	60326	21
36698	60894	34
36698	60976	16
36698	61242	13
36698	61279	7
36698	61585	5
36698	61697	6
36698	62162	12
36698	62521	2
36698	62563	4
36698	62582	12
36698	62596	5
36698	62650	12
36698	62696	6
36698	62762	1
36698	62791	2
36698	62799	4
36698	62828	4
36698	62860	6
36698	62898	6
36698	63525	16
36698	63932	17
36698	63933	3
36698	64231	6
36698	64552	8
36698	64569	1
36698	64610	7
36698	64675	2
36698	64726	5
36698	64744	5
36698	65150	1
36698	65157	1
36698	65180	10
36698	65190	2
36698	65399	4
36698	65477	4
36698	65505	5
36698	65568	7
36698	65588	1
36698	65594	2
36698	65605	1
36698	65623	2
36698	65679	7
36698	65757	2
36698	66003	40
36698	66040	6
36698	66237	5
36698	66266	9
36698	66351	2
36698	66472	2
36698	66504	3
36698	66804	13
36698	67058	7
36698	67165	6
36698	67189	8
36698	67209	1
36698	67215	1
36698	67249	1
36698	67260	3
36698	67268	4
36698	67277	2
36698	67285	1
36698	67308	1
36698	67336	8
36698	67371	2
36698	67422	2
36698	67474	2
36698	67494	1
36698	67670	3
36698	67768	6
36698	67977	3
36698	67980	17
36698	68095	3
36948	37103	20
36948	37626	15
36948	38329	133
36948	38431	9
36948	38446	10
36948	38724	287
36948	38795	14
36948	38890	49
36948	39051	13
36948	39451	23
36948	40704	488
36948	40722	40
36948	40754	15
36948	40976	136
36948	42236	12
36948	42528	16
36948	43056	274
36948	43194	536
36948	43763	6
36948	43939	150
36948	44138	124
36948	44143	95
36948	44479	89
36948	44571	49
36948	44598	170
36948	44945	13
36948	45039	460
36948	45201	367
36948	45625	74
36948	45766	15
36948	46138	6
36948	46606	27
36948	46608	29
36948	47077	168
36948	47249	28
36948	47310	10
36948	48276	34
36948	48605	7
36948	49095	54
36948	49810	265
36948	49871	9
36948	49979	86
36948	50157	11
36948	50163	437
36948	50644	11
36948	51999	141
36948	52125	127
36948	52182	570
36948	52196	16
36948	52294	9
36948	52414	284
36948	52616	22
36948	53674	2
36948	53696	10
36948	53953	105
36948	54239	44
36948	54248	71
36948	54368	22
36948	54857	64
36948	54884	55
36948	55157	174
36948	55288	143
36948	55378	35
36948	55415	62
36948	55470	548
36948	55693	9
36948	55762	37
36948	56088	64
36948	56117	121
36948	56223	80
36948	56304	27
36948	56540	42
36948	56554	742
36948	56583	17
36948	56936	68
36948	56954	9
36948	57001	19
36948	57208	48
36948	57325	219
36948	57374	276
36948	57382	91
36948	57587	36
36948	57593	30
36948	57631	23
36948	57645	23
36948	57742	16
36948	57822	265
36948	57825	47
36948	57832	40
36948	57878	5
36948	57957	51
36948	58401	257
36948	58477	211
36948	59087	359
36948	59418	63
36948	59667	135
36948	59727	26
36948	60025	63
36948	60096	45
36948	60326	1134
36948	60894	318
36948	60976	915
36948	61013	5
36948	61242	140
36948	61279	15
36948	61585	12
36948	61697	45
36948	62162	49
36948	62521	25
36948	62563	165
36948	62582	28
36948	62596	13
36948	62605	23
36948	62619	13
36948	62650	51
36948	62696	83
36948	62762	41
36948	62791	10
36948	62799	21
36948	62828	25
36948	62860	122
36948	62898	48
36948	63525	57
36948	63932	43
36948	63933	75
36948	64231	31
36948	64294	11
36948	64532	7
36948	64552	132
36948	64569	20
36948	64610	14
36948	64675	121
36948	64726	36
36948	64744	51
36948	64805	8
36948	65135	4
36948	65150	29
36948	65157	4
36948	65180	14
36948	65190	33
36948	65399	59
36948	65477	13
36948	65505	171
36948	65524	4
36948	65568	58
36948	65588	17
36948	65594	93
36948	65605	28
36948	65623	8
36948	65679	54
36948	65730	153
36948	65757	8
36948	66003	148
36948	66040	46
36948	66237	27
36948	66266	188
36948	66351	19
36948	66433	13
36948	66472	11
36948	66504	19
36948	66804	130
36948	67058	5
36948	67129	16
36948	67147	6
36948	67165	34
36948	67189	41
36948	67209	2
36948	67215	39
36948	67249	18
36948	67260	9
36948	67268	13
36948	67277	11
36948	67285	20
36948	67308	127
36948	67336	44
36948	67371	24
36948	67422	28
36948	67474	7
36948	67482	8
36948	67494	6
36948	67653	19
36948	67670	16
36948	67733	7
36948	67768	17
36948	67977	1
36948	67980	28
36948	68095	57
37103	37626	5
37103	38329	5
37103	38431	5
37103	38890	4
37103	39051	3
37103	40704	44
37103	40754	12
37103	40976	9
37103	42236	1
37103	42528	1
37103	43056	4
37103	43194	37
37103	43763	2
37103	44138	5
37103	44143	4
37103	44571	2
37103	44598	8
37103	45039	2
37103	45201	26
37103	46138	1
37103	46606	2
37103	46608	1
37103	47077	1
37103	47249	1
37103	47310	4
37103	48276	4
37103	48605	4
37103	49095	28
37103	49810	1
37103	49871	2
37103	49979	13
37103	50157	1
37103	50163	2
37103	50644	1
37103	51999	7
37103	52182	6
37103	52196	3
37103	52616	1
37103	53674	3
37103	53696	1
37103	54239	1
37103	54248	4
37103	54368	1
37103	54857	5
37103	55157	3
37103	55288	3
37103	55378	1
37103	55470	9
37103	55762	2
37103	56088	1
37103	56117	1
37103	56223	5
37103	56304	3
37103	56540	2
37103	56554	17
37103	56583	4
37103	56936	6
37103	57001	3
37103	57374	2
37103	57382	30
37103	57587	11
37103	57631	1
37103	57645	2
37103	57742	15
37103	57822	4
37103	57825	37
37103	57832	1
37103	57957	2
37103	58401	51
37103	58477	8
37103	59087	10
37103	59667	5
37103	60096	2
37103	60326	12
37103	60894	2
37103	60976	2
37103	61013	2
37103	61279	2
37103	62521	19
37103	62563	3
37103	62605	3
37103	62619	2
37103	62650	5
37103	62696	2
37103	62762	3
37103	62791	2
37103	62799	6
37103	62828	3
37103	62860	4
37103	62898	6
37103	63932	5
37103	63933	9
37103	64294	5
37103	64532	2
37103	64552	66
37103	64569	3
37103	64610	1
37103	64744	3
37103	64805	8
37103	65135	1
37103	65157	3
37103	65180	4
37103	65190	7
37103	65399	1
37103	65477	4
37103	65505	1
37103	65524	5
37103	65568	11
37103	65588	2
37103	65594	42
37103	65605	1
37103	65679	35
37103	65730	2
37103	66003	9
37103	66237	5
37103	66266	7
37103	66433	2
37103	66472	1
37103	66504	1
37103	66804	3
37103	67129	1
37103	67147	1
37103	67165	4
37103	67189	2
37103	67209	1
37103	67215	1
37103	67249	5
37103	67268	5
37103	67277	1
37103	67285	3
37103	67308	5
37103	67336	8
37103	67422	1
37103	67474	2
37103	67482	1
37103	67494	2
37103	67670	1
37103	67733	10
37103	67768	9
37103	68095	1
37626	38431	1
37626	38446	10
37626	38724	1
37626	38795	1
37626	39051	7
37626	39451	4
37626	40704	9
37626	40722	1
37626	40754	5
37626	40976	6
37626	42236	2
37626	42528	3
37626	43056	3
37626	43194	5
37626	43763	5
37626	43939	4
37626	44138	2
37626	44143	3
37626	44598	3
37626	45039	5
37626	45766	6
37626	46606	1
37626	46608	1
37626	47249	1
37626	47310	7
37626	48276	1
37626	48605	6
37626	49095	18
37626	49810	1
37626	49871	6
37626	49979	5
37626	50157	19
37626	50163	3
37626	51999	8
37626	52125	2
37626	52182	6
37626	52196	1
37626	52616	5
37626	53674	2
37626	54248	2
37626	55157	3
37626	55288	3
37626	55378	2
37626	55415	1
37626	55470	5
37626	55762	8
37626	56088	5
37626	56117	3
37626	56223	2
37626	56304	5
37626	56540	7
37626	56554	19
37626	56583	13
37626	56936	2
37626	57001	1
37626	57325	2
37626	57382	5
37626	57587	4
37626	57631	1
37626	57822	11
37626	57825	1
37626	57832	2
37626	57878	7
37626	57957	1
37626	58401	1
37626	58477	13
37626	59087	8
37626	59418	5
37626	59667	1
37626	59727	2
37626	60025	4
37626	60326	1
37626	60894	15
37626	60976	1
37626	61013	3
37626	61242	5
37626	61279	1
37626	61585	1
37626	61697	1
37626	62521	22
37626	62605	1
37626	62619	3
37626	62650	2
37626	62696	2
37626	62762	1
37626	62799	4
37626	62828	1
37626	62860	3
37626	62898	12
37626	63525	1
37626	63932	2
37626	63933	27
37626	64231	1
37626	64294	5
37626	64552	27
37626	64569	2
37626	64744	3
37626	64805	7
37626	65135	2
37626	65150	1
37626	65180	11
37626	65190	2
37626	65477	1
37626	65505	2
37626	65568	5
37626	65588	3
37626	65594	39
37626	65679	11
37626	65730	1
37626	65757	1
37626	66003	26
37626	66266	1
37626	66433	1
37626	66472	5
37626	67129	1
37626	67147	2
37626	67189	2
37626	67209	1
37626	67249	2
37626	67260	1
37626	67277	1
37626	67285	3
37626	67308	4
37626	67336	4
37626	67371	3
37626	67422	1
37626	67474	1
37626	67482	2
37626	67494	1
37626	67653	4
37626	67670	1
37626	67733	2
37626	67768	2
37626	67980	1
37626	68095	2
38329	38431	4
38329	38446	6
38329	38724	22
38329	38795	6
38329	38890	4
38329	39051	1
38329	39451	6
38329	40704	46
38329	40722	15
38329	40754	5
38329	40976	42
38329	42236	5
38329	42528	2
38329	43056	59
38329	43194	98
38329	43763	2
38329	43939	12
38329	44138	34
38329	44143	47
38329	44479	2
38329	44571	6
38329	44598	646
38329	44895	7
38329	44945	1
38329	45039	18
38329	45201	32
38329	45625	2
38329	46138	31
38329	46606	34
38329	46608	68
38329	47077	3
38329	47249	1
38329	48276	16
38329	49095	13
38329	49810	14
38329	49871	2
38329	49979	44
38329	50157	6
38329	50163	8
38329	50245	58
38329	50644	24
38329	51999	240
38329	52182	284
38329	52196	8
38329	52414	4
38329	52616	21
38329	53674	4
38329	53696	6
38329	53953	1
38329	54239	13
38329	54248	253
38329	54368	139
38329	54857	13
38329	54884	1
38329	55157	15
38329	55288	65
38329	55378	41
38329	55415	20
38329	55470	48
38329	55693	314
38329	55762	3
38329	56088	8
38329	56117	57
38329	56223	14
38329	56304	1
38329	56540	11
38329	56554	407
38329	56583	1
38329	56936	26
38329	56954	15
38329	57001	16
38329	57208	3
38329	57325	11
38329	57374	8
38329	57382	51
38329	57593	8
38329	57631	10
38329	57645	10
38329	57742	6
38329	57822	157
38329	57825	13
38329	57832	6
38329	57878	12
38329	57957	2
38329	58401	3
38329	58477	48
38329	59087	412
38329	59418	7
38329	59667	31
38329	59727	33
38329	60025	9
38329	60096	9
38329	60326	20
38329	60894	56
38329	60976	15
38329	61013	2
38329	61242	8
38329	61279	11
38329	61585	3
38329	61697	11
38329	62162	11
38329	62521	2
38329	62563	12
38329	62582	105
38329	62596	23
38329	62605	7
38329	62619	15
38329	62650	67
38329	62696	55
38329	62762	30
38329	62791	3
38329	62799	34
38329	62828	32
38329	62860	48
38329	62898	49
38329	63525	40
38329	63932	11
38329	63933	9
38329	64231	18
38329	64294	8
38329	64532	7
38329	64552	24
38329	64569	8
38329	64610	70
38329	64675	3
38329	64726	2
38329	64744	23
38329	64805	3
38329	65135	18
38329	65150	3
38329	65157	28
38329	65180	4
38329	65190	24
38329	65399	10
38329	65477	34
38329	65505	20
38329	65524	25
38329	65568	19
38329	65588	4
38329	65594	10
38329	65605	8
38329	65623	6
38329	65679	17
38329	65730	2
38329	65757	20
38329	66003	60
38329	66040	17
38329	66237	2
38329	66266	35
38329	66351	31
38329	66433	5
38329	66472	5
38329	66504	31
38329	66804	18
38329	67058	7
38329	67129	5
38329	67147	10
38329	67165	53
38329	67189	42
38329	67209	2
38329	67215	11
38329	67249	13
38329	67260	14
38329	67268	9
38329	67277	9
38329	67285	22
38329	67308	39
38329	67336	68
38329	67371	14
38329	67422	7
38329	67474	7
38329	67482	4
38329	67494	10
38329	67653	4
38329	67670	2
38329	67733	2
38329	67768	11
38329	67977	6
38329	67980	25
38329	68095	3
38431	38890	2
38431	39051	3
38431	39451	1
38431	40704	6
38431	40754	10
38431	43056	2
38431	43194	14
38431	43763	2
38431	44598	5
38431	45039	3
38431	45201	4
38431	46138	1
38431	46608	2
38431	47077	3
38431	47310	2
38431	48276	3
38431	48605	4
38431	49095	12
38431	49871	7
38431	50157	4
38431	51999	7
38431	52182	9
38431	53674	6
38431	53696	7
38431	55157	6
38431	55470	2
38431	56117	3
38431	56223	6
38431	56304	3
38431	56540	1
38431	56554	8
38431	56583	4
38431	56936	4
38431	57001	1
38431	57325	2
38431	57382	10
38431	57587	62
38431	57593	1
38431	57645	1
38431	57825	10
38431	58401	4
38431	58477	18
38431	59087	9
38431	59667	3
38431	60025	1
38431	60096	2
38431	60894	1
38431	61013	6
38431	62521	16
38431	62563	3
38431	62582	1
38431	62605	3
38431	62619	1
38431	62650	13
38431	62696	8
38431	62762	1
38431	62791	4
38431	62799	4
38431	62828	4
38431	62860	10
38431	62898	6
38431	63933	14
38431	64294	7
38431	64532	21
38431	64552	42
38431	64726	1
38431	64744	5
38431	64805	5
38431	65135	3
38431	65180	4
38431	65477	25
38431	65568	14
38431	65594	40
38431	65679	16
38431	65730	4
38431	66003	3
38431	66040	1
38431	66266	4
38431	66433	1
38431	66472	7
38431	66804	1
38431	67147	3
38431	67165	6
38431	67189	1
38431	67209	6
38431	67249	12
38431	67268	1
38431	67277	3
38431	67285	4
38431	67308	5
38431	67336	4
38431	67422	1
38431	67494	3
38431	67733	8
38431	67768	27
38431	68095	1
38446	38724	1
38446	38795	3
38446	39451	20
38446	40704	35
38446	40754	14
38446	40976	4
38446	42528	1
38446	43056	2
38446	43194	3
38446	43763	4
38446	43939	10
38446	44143	8
38446	44598	7
38446	44945	2
38446	45039	2
38446	45201	5
38446	45766	5
38446	46606	1
38446	47077	1
38446	48276	1
38446	48605	2
38446	49095	113
38446	49810	3
38446	50157	2
38446	50163	2
38446	51999	5
38446	52616	1
38446	53696	3
38446	54248	1
38446	55157	2
38446	55415	1
38446	55470	16
38446	55762	3
38446	56088	1
38446	56223	3
38446	56304	1
38446	56540	2
38446	56554	5
38446	56583	3
38446	56936	4
38446	56954	10
38446	57001	1
38446	57325	2
38446	57822	40
38446	57825	19
38446	57832	1
38446	57878	15
38446	58401	6
38446	58477	17
38446	59087	9
38446	59418	19
38446	59667	3
38446	60025	5
38446	60096	5
38446	60326	6
38446	61013	1
38446	61242	9
38446	61697	2
38446	62162	1
38446	62521	1
38446	62563	3
38446	62582	1
38446	62596	1
38446	62605	5
38446	62762	6
38446	62791	4
38446	62799	10
38446	62828	1
38446	62860	4
38446	62898	31
38446	63932	1
38446	63933	13
38446	64231	1
38446	64294	5
38446	64552	2
38446	64726	1
38446	65135	1
38446	65157	2
38446	65190	1
38446	65399	2
38446	65477	2
38446	65505	7
38446	65588	2
38446	65594	15
38446	65679	6
38446	65757	4
38446	66003	1
38446	66266	4
38446	66433	6
38446	66472	3
38446	66504	1
38446	66804	2
38446	67268	1
38446	67285	4
38446	67308	3
38446	67336	1
38446	67371	6
38446	67653	29
38724	39051	1
38724	39451	4
38724	40704	7
38724	40722	1
38724	40976	5
38724	43056	5
38724	43194	32
38724	43939	13
38724	44138	10
38724	44143	2
38724	44571	4
38724	44598	16
38724	44945	1
38724	45039	58
38724	45201	13
38724	45625	13
38724	45766	3
38724	46606	5
38724	46608	4
38724	47077	17
38724	47249	15
38724	47310	2
38724	49095	2
38724	49810	24
38724	49979	20
38724	50157	2
38724	50163	53
38724	51999	16
38724	52125	15
38724	52182	65
38724	52414	38
38724	52616	2
38724	53696	1
38724	53953	15
38724	54239	1
38724	54248	6
38724	54857	13
38724	54884	20
38724	55157	8
38724	55288	3
38724	55378	6
38724	55415	4
38724	55470	59
38724	55762	2
38724	56088	3
38724	56117	13
38724	56223	2
38724	56304	4
38724	56540	5
38724	56554	63
38724	56936	4
38724	56954	1
38724	57208	2
38724	57325	12
38724	57374	40
38724	57382	10
38724	57645	2
38724	57822	19
38724	57832	3
38724	57878	1
38724	58477	25
38724	59087	28
38724	59418	7
38724	59667	6
38724	59727	5
38724	60096	5
38724	60326	139
38724	60894	31
38724	60976	119
38724	61242	10
38724	61697	8
38724	62162	10
38724	62521	3
38724	62563	12
38724	62582	7
38724	62596	3
38724	62605	5
38724	62619	1
38724	62650	5
38724	62696	6
38724	62762	4
38724	62799	7
38724	62828	3
38724	62860	13
38724	62898	2
38724	63525	6
38724	63932	4
38724	63933	5
38724	64231	4
38724	64552	16
38724	64569	1
38724	64610	2
38724	64675	14
38724	64726	6
38724	64744	4
38724	65150	2
38724	65180	1
38724	65477	1
38724	65505	12
38724	65524	1
38724	65568	1
38724	65588	3
38724	65594	3
38724	65605	3
38724	65679	2
38724	65730	3
38724	65757	2
38724	66003	17
38724	66040	5
38724	66237	4
38724	66266	10
38724	66351	1
38724	66472	13
38724	66504	2
38724	67147	3
38724	67165	5
38724	67189	2
38724	67215	2
38724	67260	1
38724	67268	1
38724	67277	2
38724	67285	1
38724	67308	3
38724	67336	10
38724	67371	5
38724	67422	2
38724	67494	1
38724	67653	6
38724	67670	6
38724	67733	1
38724	67980	2
38724	68095	2
38795	38890	2
38795	39451	2
38795	40704	33
38795	40754	8
38795	40976	11
38795	43056	1
38795	43194	9
38795	43763	3
38795	43939	1
38795	44143	3
38795	44598	5
38795	44945	4
38795	45039	1
38795	45201	9
38795	45766	7
38795	46138	1
38795	46606	2
38795	46608	1
38795	47077	3
38795	48276	1
38795	48605	1
38795	49095	9
38795	49979	6
38795	50157	6
38795	50163	1
38795	51999	9
38795	52182	19
38795	52616	7
38795	53674	1
38795	54239	1
38795	54248	3
38795	54857	1
38795	55157	4
38795	55288	7
38795	55378	2
38795	55415	2
38795	55470	18
38795	55762	101
38795	56088	1
38795	56117	2
38795	56223	6
38795	56304	1
38795	56540	14
38795	56554	19
38795	56936	11
38795	56954	1
38795	57325	8
38795	57382	11
38795	57593	3
38795	57631	2
38795	57822	22
38795	57825	5
38795	57832	4
38795	57957	4
38795	58401	1
38795	58477	1
38795	59087	10
38795	59418	3
38795	59667	9
38795	60025	1
38795	60096	3
38795	60326	3
38795	60894	8
38795	60976	2
38795	61242	20
38795	61585	2
38795	62521	1
38795	62596	2
38795	62605	1
38795	62650	2
38795	62696	3
38795	62762	2
38795	62799	2
38795	62828	10
38795	62860	2
38795	62898	3
38795	63525	5
38795	63932	2
38795	63933	2
38795	64294	1
38795	64552	12
38795	64726	2
38795	65135	5
38795	65157	1
38795	65180	2
38795	65399	5
38795	65505	7
38795	65568	2
38795	65588	1
38795	65594	2
38795	65679	6
38795	66003	8
38795	66237	2
38795	66266	3
38795	66433	2
38795	66504	2
38795	66804	8
38795	67165	9
38795	67189	1
38795	67215	1
38795	67277	1
38795	67285	1
38795	67308	1
38795	67336	2
38795	67371	1
38795	67482	1
38795	67494	4
38795	67653	2
38795	67733	2
38795	67768	1
38890	40704	84
38890	40754	1
38890	40976	29
38890	42528	15
38890	43056	9
38890	43194	20
38890	43763	1
38890	43939	2
38890	44138	1
38890	44143	6
38890	44571	1
38890	44598	3
38890	44945	6
38890	45039	3
38890	45201	65
38890	45625	2
38890	46606	2
38890	46608	1
38890	47077	2
38890	47310	1
38890	48276	1
38890	49095	5
38890	49979	6
38890	50157	3
38890	50163	2
38890	51999	2
38890	52182	11
38890	52294	1
38890	54239	1
38890	54248	3
38890	54857	4
38890	54884	1
38890	55157	16
38890	55288	5
38890	55378	4
38890	55415	4
38890	55470	7
38890	55693	1
38890	55762	2
38890	56088	2
38890	56117	2
38890	56223	3
38890	56304	14
38890	56540	2
38890	56554	29
38890	56583	2
38890	56936	4
38890	57001	1
38890	57208	38
38890	57325	17
38890	57374	1
38890	57382	10
38890	57587	30
38890	57593	4
38890	57742	1
38890	57822	13
38890	57825	6
38890	57957	20
38890	58401	3
38890	58477	12
38890	59087	4
38890	59418	7
38890	59667	9
38890	60025	8
38890	60096	9
38890	60326	14
38890	60894	6
38890	60976	5
38890	61013	2
38890	61585	1
38890	62521	1
38890	62582	1
38890	62596	1
38890	62605	1
38890	62650	2
38890	62696	1
38890	62799	2
38890	62828	7
38890	62860	1
38890	62898	1
38890	63525	3
38890	63933	3
38890	64231	1
38890	64552	14
38890	64726	2
38890	64744	1
38890	64805	2
38890	65150	5
38890	65157	1
38890	65180	3
38890	65190	1
38890	65399	6
38890	65477	1
38890	65568	4
38890	65594	9
38890	65679	1
38890	65730	1
38890	66003	8
38890	66040	2
38890	66237	1
38890	66266	6
38890	66804	12
38890	67058	1
38890	67215	1
38890	67268	1
38890	67277	1
38890	67285	1
38890	67308	1
38890	67336	2
38890	67371	1
38890	67474	13
38890	67768	2
38890	67980	3
38890	68095	2
39051	39451	1
39051	40704	8
39051	40722	2
39051	40754	1
39051	40976	5
39051	42236	1
39051	42528	12
39051	43056	3
39051	43194	3
39051	43763	8
39051	44143	4
39051	44571	4
39051	44598	1
39051	45039	2
39051	45201	6
39051	45766	8
39051	47077	18
39051	47249	1
39051	47310	9
39051	48605	2
39051	49095	8
39051	49810	3
39051	49871	7
39051	49979	7
39051	50157	9
39051	50163	2
39051	51999	6
39051	52125	4
39051	52182	9
39051	52616	1
39051	53674	11
39051	54239	1
39051	54248	1
39051	54857	1
39051	55157	3
39051	55288	2
39051	55378	1
39051	55415	3
39051	55470	3
39051	55762	18
39051	56088	3
39051	56117	1
39051	56223	1
39051	56304	5
39051	56540	5
39051	56554	13
39051	56583	11
39051	56936	5
39051	56954	1
39051	57325	1
39051	57382	3
39051	57587	3
39051	57822	3
39051	57825	1
39051	58401	2
39051	58477	4
39051	59087	4
39051	59418	1
39051	59667	4
39051	60326	6
39051	60894	15
39051	60976	1
39051	61013	12
39051	61585	2
39051	62521	26
39051	62582	1
39051	62596	1
39051	62605	5
39051	62619	14
39051	62650	2
39051	62762	1
39051	62799	3
39051	62828	2
39051	62860	1
39051	62898	1
39051	63932	1
39051	63933	22
39051	64294	9
39051	64532	2
39051	64552	37
39051	64569	1
39051	64744	5
39051	64805	10
39051	65135	1
39051	65180	9
39051	65399	2
39051	65477	5
39051	65568	8
39051	65588	5
39051	65594	41
39051	65679	14
39051	65757	1
39051	66003	16
39051	66237	3
39051	66266	1
39051	66472	9
39051	66804	1
39051	67147	2
39051	67165	2
39051	67209	1
39051	67249	1
39051	67277	1
39051	67285	1
39051	67308	2
39051	67336	4
39051	67371	1
39051	67422	1
39051	67474	11
39051	67482	2
39051	67494	2
39051	67653	1
39051	67670	4
39051	67733	3
39051	67768	3
39051	67980	1
39051	68095	1
39451	40704	25
39451	40976	4
39451	42528	2
39451	43056	3
39451	43194	8
39451	43763	1
39451	43939	17
39451	44143	4
39451	44598	8
39451	44945	1
39451	45039	2
39451	45201	7
39451	45625	1
39451	47249	1
39451	48276	1
39451	48605	2
39451	49095	4
39451	49810	2
39451	49871	3
39451	49979	3
39451	50163	1
39451	51999	15
39451	52125	1
39451	52182	3
39451	52196	2
39451	52414	3
39451	52616	2
39451	53674	1
39451	53696	4
39451	54239	1
39451	54248	2
39451	54857	2
39451	55157	4
39451	55378	2
39451	55470	27
39451	55762	1
39451	56304	2
39451	56540	1
39451	56554	6
39451	56583	3
39451	56936	9
39451	56954	14
39451	57001	3
39451	57208	1
39451	57325	8
39451	57374	1
39451	57587	16
39451	57631	3
39451	57645	2
39451	57742	2
39451	57822	53
39451	57825	4
39451	57878	4
39451	58401	6
39451	58477	12
39451	59087	14
39451	59418	36
39451	59667	2
39451	60025	6
39451	60096	5
39451	60326	16
39451	60894	7
39451	60976	5
39451	61013	1
39451	61242	21
39451	61697	2
39451	62563	8
39451	62582	1
39451	62596	1
39451	62605	6
39451	62619	4
39451	62650	5
39451	62696	7
39451	62762	10
39451	62791	3
39451	62799	7
39451	62828	7
39451	62860	12
39451	62898	27
39451	63525	1
39451	63932	1
39451	63933	16
39451	64294	6
39451	64532	2
39451	64552	18
39451	64569	1
39451	64675	2
39451	64744	1
39451	65135	2
39451	65150	4
39451	65157	1
39451	65180	2
39451	65190	2
39451	65399	3
39451	65477	4
39451	65505	8
39451	65524	1
39451	65568	3
39451	65588	6
39451	65594	8
39451	65679	6
39451	65730	5
39451	65757	5
39451	66003	31
39451	66266	6
39451	66351	1
39451	66433	11
39451	66472	7
39451	66504	1
39451	66804	3
39451	67129	1
39451	67147	1
39451	67165	4
39451	67189	2
39451	67249	1
39451	67260	1
39451	67268	4
39451	67277	1
39451	67285	10
39451	67308	8
39451	67336	9
39451	67371	13
39451	67494	2
39451	67653	51
39451	67733	1
39451	67768	2
39451	68095	2
40704	40722	4
40704	40754	29
40704	40976	124
40704	42528	35
40704	43056	185
40704	43194	324
40704	43763	11
40704	43939	38
40704	44138	32
40704	44143	75
40704	44479	25
40704	44571	10
40704	44598	65
40704	44895	2
40704	44945	103
40704	45039	25
40704	45201	724
40704	45625	5
40704	45766	12
40704	46138	2
40704	46606	13
40704	46608	11
40704	47077	22
40704	47249	7
40704	47310	8
40704	48276	38
40704	48605	13
40704	49095	120
40704	49810	21
40704	49871	4
40704	49979	38
40704	50157	11
40704	50163	17
40704	50245	1
40704	51999	69
40704	52125	2
40704	52182	197
40704	52196	9
40704	52294	49
40704	52414	5
40704	52616	20
40704	53674	3
40704	53696	4
40704	54239	22
40704	54248	70
40704	54368	10
40704	54857	22
40704	54884	25
40704	55157	69
40704	55288	59
40704	55378	32
40704	55415	30
40704	55470	231
40704	55693	4
40704	55762	25
40704	56088	25
40704	56117	19
40704	56223	63
40704	56304	51
40704	56540	26
40704	56554	234
40704	56583	8
40704	56936	42
40704	56954	16
40704	57001	20
40704	57208	72
40704	57325	132
40704	57374	11
40704	57382	82
40704	57587	72
40704	57593	114
40704	57631	18
40704	57645	9
40704	57742	25
40704	57822	230
40704	57825	82
40704	57832	10
40704	57878	15
40704	57957	153
40704	58401	182
40704	58477	85
40704	59087	62
40704	59418	83
40704	59667	89
40704	59727	5
40704	60025	95
40704	60096	27
40704	60326	151
40704	60894	93
40704	60976	77
40704	61013	14
40704	61242	42
40704	61279	3
40704	61585	8
40704	61697	6
40704	62162	2
40704	62521	24
40704	62563	12
40704	62582	5
40704	62596	7
40704	62605	13
40704	62619	10
40704	62650	22
40704	62696	20
40704	62762	22
40704	62791	8
40704	62799	12
40704	62828	85
40704	62860	20
40704	62898	37
40704	63525	30
40704	63932	10
40704	63933	39
40704	64231	12
40704	64294	16
40704	64532	1
40704	64552	136
40704	64569	5
40704	64610	3
40704	64675	7
40704	64726	51
40704	64744	13
40704	64805	4
40704	65135	4
40704	65150	22
40704	65157	3
40704	65180	10
40704	65190	6
40704	65399	251
40704	65477	14
40704	65505	28
40704	65524	1
40704	65568	34
40704	65588	20
40704	65594	72
40704	65605	26
40704	65679	57
40704	65730	2
40704	65757	4
40704	66003	72
40704	66040	10
40704	66237	51
40704	66266	81
40704	66351	21
40704	66433	24
40704	66472	3
40704	66504	6
40704	66804	554
40704	67058	7
40704	67129	9
40704	67147	4
40704	67165	16
40704	67189	22
40704	67209	2
40704	67215	2
40704	67249	5
40704	67260	4
40704	67268	17
40704	67277	7
40704	67285	20
40704	67308	31
40704	67336	20
40704	67371	20
40704	67422	14
40704	67474	19
40704	67482	11
40704	67494	8
40704	67653	29
40704	67670	2
40704	67733	2
40704	67768	8
40704	67977	1
40704	67980	14
40704	68095	29
40722	40976	6
40722	42236	3
40722	43056	17
40722	43194	20
40722	44138	7
40722	44143	2
40722	44571	3
40722	44598	9
40722	45039	4
40722	45201	3
40722	46138	5
40722	46606	1
40722	46608	17
40722	47077	2
40722	47249	2
40722	47310	1
40722	48276	2
40722	49095	1
40722	49871	2
40722	49979	8
40722	50163	4
40722	50245	4
40722	50644	3
40722	51999	20
40722	52125	2
40722	52182	28
40722	52196	1
40722	52414	3
40722	52616	6
40722	53696	4
40722	53953	1
40722	54239	11
40722	54248	18
40722	54857	6
40722	54884	2
40722	55157	4
40722	55288	7
40722	55378	4
40722	55415	12
40722	55470	1
40722	55693	1
40722	55762	5
40722	56088	2
40722	56117	16
40722	56223	1
40722	56540	4
40722	56554	40
40722	56583	2
40722	56936	6
40722	57001	3
40722	57325	3
40722	57382	1
40722	57631	1
40722	57645	5
40722	57822	6
40722	57832	4
40722	57878	2
40722	58477	6
40722	59087	14
40722	59418	1
40722	59667	4
40722	59727	8
40722	60096	2
40722	60326	7
40722	60894	16
40722	60976	9
40722	61279	6
40722	61585	1
40722	62162	12
40722	62563	2
40722	62582	3
40722	62596	1
40722	62619	4
40722	62650	9
40722	62696	5
40722	62799	8
40722	62828	1
40722	62860	13
40722	62898	5
40722	63525	15
40722	63932	8
40722	64231	6
40722	64532	1
40722	64552	3
40722	64569	1
40722	64610	1
40722	64675	2
40722	64726	2
40722	64744	4
40722	65135	2
40722	65157	2
40722	65180	1
40722	65477	2
40722	65524	3
40722	65568	4
40722	65588	2
40722	65594	2
40722	65605	1
40722	65679	2
40722	65730	1
40722	65757	3
40722	66003	25
40722	66040	9
40722	66237	1
40722	66266	1
40722	66351	7
40722	66433	3
40722	66504	3
40722	67058	3
40722	67129	1
40722	67147	2
40722	67165	13
40722	67189	8
40722	67215	3
40722	67249	1
40722	67260	5
40722	67268	2
40722	67277	1
40722	67285	3
40722	67308	3
40722	67336	5
40722	67371	3
40722	67474	1
40722	67482	3
40722	67670	2
40722	67768	3
40722	67977	1
40722	67980	6
40722	68095	2
40754	40976	8
40754	42236	1
40754	43056	1
40754	43194	8
40754	44143	3
40754	44598	4
40754	45039	5
40754	45201	12
40754	45766	14
40754	46138	1
40754	46606	1
40754	46608	1
40754	47077	3
40754	49095	139
40754	49871	6
40754	49979	2
40754	51999	4
40754	52182	8
40754	52196	6
40754	53674	7
40754	53696	7
40754	54248	3
40754	54857	3
40754	55157	6
40754	55288	3
40754	55470	1
40754	55762	11
40754	56088	3
40754	56117	3
40754	56223	10
40754	56304	3
40754	56540	2
40754	56554	8
40754	56936	11
40754	57325	3
40754	57382	11
40754	57593	1
40754	57631	3
40754	57822	9
40754	57825	36
40754	57878	2
40754	57957	1
40754	58401	30
40754	58477	9
40754	59087	4
40754	59667	6
40754	60025	1
40754	60096	1
40754	60326	4
40754	60894	3
40754	60976	1
40754	61013	4
40754	62521	6
40754	62563	3
40754	62605	3
40754	62619	1
40754	62696	6
40754	62762	2
40754	62791	3
40754	62799	4
40754	62828	4
40754	62860	3
40754	62898	9
40754	63933	30
40754	64294	3
40754	64532	3
40754	64552	47
40754	64726	1
40754	64744	3
40754	64805	12
40754	65135	3
40754	65180	3
40754	65477	10
40754	65568	8
40754	65594	69
40754	65679	17
40754	65730	4
40754	66003	3
40754	66040	1
40754	66266	9
40754	66804	1
40754	67165	6
40754	67189	2
40754	67209	3
40754	67249	9
40754	67277	1
40754	67285	4
40754	67308	3
40754	67336	10
40754	67422	1
40754	67494	3
40754	67670	4
40754	67733	7
40754	67768	17
40976	42236	3
40976	42528	5
40976	43056	15
40976	43194	72
40976	43763	4
40976	43939	10
40976	44138	10
40976	44143	17
40976	44479	3
40976	44571	2
40976	44598	36
40976	44895	2
40976	44945	7
40976	45039	8
40976	45201	89
40976	45625	4
40976	45766	55
40976	46138	4
40976	46606	16
40976	46608	22
40976	47077	3
40976	47249	1
40976	47310	3
40976	48276	7
40976	48605	1
40976	49095	22
40976	49810	7
40976	49871	1
40976	49979	13
40976	50157	8
40976	50163	8
40976	50644	7
40976	51999	42
40976	52182	100
40976	52196	8
40976	52294	4
40976	52414	8
40976	52616	16
40976	53953	1
40976	54239	3
40976	54248	28
40976	54368	8
40976	54857	4
40976	54884	4
40976	55157	30
40976	55288	95
40976	55378	8
40976	55415	25
40976	55470	29
40976	55693	9
40976	55762	38
40976	56088	10
40976	56117	46
40976	56223	13
40976	56304	13
40976	56540	20
40976	56554	147
40976	56583	5
40976	56936	11
40976	56954	2
40976	57001	1
40976	57208	20
40976	57325	26
40976	57374	3
40976	57382	4
40976	57587	21
40976	57593	21
40976	57631	4
40976	57645	4
40976	57742	11
40976	57822	34
40976	57825	7
40976	57832	12
40976	57878	9
40976	57957	41
40976	58401	19
40976	58477	48
40976	59087	55
40976	59418	19
40976	59667	17
40976	59727	31
40976	60025	24
40976	60096	15
40976	60326	35
40976	60894	51
40976	60976	15
40976	61013	3
40976	61242	12
40976	61279	6
40976	61585	19
40976	61697	7
40976	62162	1
40976	62521	4
40976	62563	2
40976	62582	9
40976	62596	1
40976	62619	1
40976	62650	11
40976	62696	5
40976	62762	2
40976	62799	4
40976	62828	19
40976	62860	13
40976	62898	8
40976	63525	13
40976	63932	8
40976	63933	18
40976	64231	17
40976	64552	20
40976	64569	1
40976	64610	2
40976	64675	5
40976	64726	9
40976	64744	5
40976	64805	2
40976	65135	3
40976	65150	3
40976	65157	1
40976	65180	6
40976	65190	2
40976	65399	8
40976	65477	3
40976	65505	1
40976	65568	7
40976	65594	17
40976	65605	2
40976	65679	5
40976	66003	31
40976	66040	22
40976	66237	13
40976	66266	22
40976	66351	13
40976	66433	3
40976	66472	3
40976	66504	4
40976	66804	18
40976	67058	2
40976	67129	1
40976	67147	1
40976	67165	6
40976	67189	3
40976	67209	1
40976	67215	2
40976	67249	2
40976	67268	5
40976	67277	2
40976	67285	9
40976	67308	8
40976	67336	12
40976	67371	2
40976	67474	8
40976	67482	1
40976	67494	1
40976	67653	7
40976	67670	6
40976	67733	1
40976	67768	1
40976	67980	10
40976	68095	6
42236	43056	3
42236	43194	22
42236	44138	9
42236	44143	12
42236	44571	2
42236	44598	7
42236	44895	16
42236	45039	3
42236	45201	3
42236	45766	3
42236	46138	1
42236	46606	11
42236	46608	32
42236	47077	1
42236	47249	1
42236	48276	10
42236	49095	1
42236	49979	5
42236	50163	1
42236	50644	11
42236	51999	15
42236	52182	25
42236	52196	3
42236	53696	3
42236	54239	1
42236	54248	23
42236	54368	1
42236	54857	3
42236	55157	7
42236	55288	5
42236	55378	12
42236	55415	2
42236	55470	4
42236	55762	1
42236	56088	3
42236	56117	38
42236	56540	1
42236	56554	78
42236	56936	2
42236	57001	2
42236	57325	1
42236	57593	1
42236	57631	2
42236	57645	5
42236	57822	1
42236	57825	2
42236	58477	1
42236	59087	31
42236	59418	2
42236	59667	1
42236	59727	2
42236	60326	3
42236	60894	26
42236	60976	4
42236	61279	4
42236	61585	2
42236	61697	2
42236	62162	3
42236	62582	7
42236	62596	4
42236	62605	1
42236	62619	6
42236	62650	37
42236	62696	21
42236	62762	3
42236	62799	7
42236	62828	5
42236	62860	20
42236	62898	1
42236	63525	6
42236	63932	2
42236	64532	1
42236	64552	6
42236	64569	3
42236	64610	4
42236	64675	1
42236	64744	3
42236	65135	1
42236	65150	1
42236	65157	5
42236	65180	3
42236	65477	31
42236	65505	4
42236	65524	10
42236	65588	1
42236	65605	3
42236	65623	4
42236	65679	2
42236	65730	1
42236	65757	1
42236	66003	1
42236	66237	1
42236	66266	1
42236	66351	6
42236	66433	11
42236	66504	5
42236	66804	1
42236	67058	3
42236	67147	2
42236	67165	14
42236	67189	5
42236	67209	1
42236	67277	3
42236	67285	4
42236	67308	5
42236	67336	20
42236	67371	1
42236	67494	1
42236	67670	1
42236	67977	2
42236	67980	1
42528	43056	1
42528	43194	2
42528	43763	9
42528	43939	3
42528	44143	1
42528	44598	3
42528	45201	17
42528	47310	17
42528	49095	4
42528	49810	1
42528	49979	5
42528	50157	24
42528	52182	11
42528	52414	1
42528	53674	1
42528	54248	4
42528	55157	4
42528	55288	1
42528	55470	5
42528	56088	1
42528	56223	2
42528	56304	52
42528	56540	3
42528	56554	20
42528	56583	19
42528	56936	2
42528	57001	2
42528	57208	52
42528	57325	5
42528	57382	4
42528	57587	1
42528	57742	1
42528	57822	14
42528	57957	12
42528	58401	5
42528	58477	7
42528	59087	4
42528	59418	13
42528	59667	4
42528	60025	7
42528	60096	13
42528	60326	3
42528	60894	6
42528	60976	1
42528	61013	7
42528	62521	11
42528	62605	1
42528	62619	9
42528	62696	2
42528	62828	6
42528	62860	2
42528	62898	4
42528	63525	1
42528	63933	37
42528	64231	2
42528	64294	3
42528	64552	15
42528	64675	1
42528	64726	1
42528	64805	4
42528	65135	4
42528	65150	6
42528	65180	3
42528	65190	2
42528	65505	1
42528	65568	20
42528	65588	1
42528	65594	40
42528	65605	1
42528	65623	2
42528	65679	6
42528	66003	1
42528	66237	1
42528	66266	1
42528	66472	1
42528	66804	1
42528	67147	1
42528	67260	1
42528	67268	3
42528	67285	1
42528	67308	3
42528	67336	4
42528	67371	5
42528	67474	44
42528	67482	1
42528	67494	5
42528	67653	3
42528	67733	2
42528	67768	4
43056	43194	803
43056	43763	2
43056	43939	18
43056	44138	102
43056	44143	27
43056	44479	2
43056	44571	19
43056	44598	50
43056	44895	4
43056	44945	3
43056	45039	68
43056	45201	51
43056	45625	8
43056	45766	6
43056	46606	11
43056	46608	8
43056	47077	3
43056	47249	32
43056	47310	3
43056	48276	46
43056	49095	7
43056	49810	18
43056	49979	14
43056	50157	1
43056	50163	41
43056	50245	6
43056	50644	6
43056	51999	60
43056	52125	8
43056	52182	187
43056	52196	30
43056	52294	12
43056	52414	15
43056	53674	1
43056	53696	2
43056	53953	4
43056	54239	81
43056	54248	45
43056	54368	3
43056	54857	32
43056	55157	18
43056	55288	142
43056	55378	18
43056	55415	98
43056	55470	58
43056	55693	1
43056	55762	5
43056	56088	38
43056	56117	20
43056	56223	10
43056	56304	2
43056	56540	19
43056	56554	104
43056	56583	1
43056	56936	11
43056	56954	1
43056	57001	4
43056	57208	10
43056	57325	21
43056	57374	13
43056	57382	34
43056	57587	5
43056	57593	8
43056	57631	33
43056	57645	78
43056	57742	1
43056	57822	77
43056	57825	1
43056	57832	3
43056	57878	3
43056	57957	6
43056	58477	34
43056	59087	279
43056	59418	12
43056	59667	10
43056	59727	6
43056	60025	10
43056	60096	4
43056	60326	37
43056	60894	28
43056	60976	27
43056	61013	3
43056	61242	28
43056	61279	18
43056	61585	1
43056	61697	1
43056	62521	11
43056	62563	4
43056	62582	9
43056	62596	5
43056	62605	2
43056	62619	2
43056	62650	8
43056	62696	8
43056	62762	19
43056	62791	1
43056	62799	4
43056	62828	28
43056	62860	70
43056	62898	4
43056	63525	17
43056	63932	8
43056	63933	9
43056	64231	10
43056	64294	5
43056	64532	3
43056	64552	27
43056	64610	7
43056	64675	3
43056	64726	5
43056	64744	5
43056	64805	1
43056	65135	4
43056	65150	5
43056	65157	1
43056	65180	6
43056	65190	4
43056	65399	113
43056	65477	6
43056	65505	26
43056	65524	1
43056	65568	13
43056	65588	2
43056	65594	13
43056	65605	7
43056	65623	1
43056	65679	20
43056	65730	5
43056	65757	8
43056	66003	46
43056	66040	4
43056	66237	56
43056	66266	39
43056	66351	76
43056	66504	1
43056	66804	228
43056	67058	1
43056	67129	6
43056	67147	3
43056	67165	43
43056	67189	11
43056	67209	2
43056	67215	4
43056	67249	2
43056	67260	7
43056	67268	14
43056	67277	1
43056	67285	10
43056	67308	13
43056	67336	6
43056	67371	2
43056	67482	2
43056	67494	3
43056	67653	1
43056	67670	13
43056	67733	2
43056	67768	4
43056	67980	12
43056	68095	6
43194	43939	13
43194	44138	584
43194	44143	21
43194	44479	8
43194	44571	117
43194	44598	144
43194	44945	37
43194	45039	61
43194	45201	118
43194	45625	12
43194	45766	25
43194	46138	4
43194	46606	24
43194	46608	28
43194	47077	3
43194	47249	135
43194	47310	5
43194	48276	323
43194	48605	5
43194	49095	17
43194	49810	41
43194	49871	2
43194	49979	10
43194	50157	10
43194	50163	149
43194	50245	12
43194	50644	14
43194	51999	233
43194	52125	92
43194	52182	302
43194	52196	159
43194	52294	118
43194	52414	43
43194	52616	31
43194	53674	2
43194	53696	19
43194	53953	36
43194	54239	41
43194	54248	114
43194	54368	10
43194	54857	384
43194	55157	35
43194	55288	125
43194	55378	44
43194	55415	53
43194	55470	134
43194	55762	65
43194	56088	20
43194	56117	21
43194	56223	19
43194	56304	7
43194	56540	120
43194	56554	247
43194	56583	1
43194	56936	56
43194	56954	3
43194	57001	5
43194	57208	9
43194	57325	74
43194	57374	10
43194	57382	2
43194	57587	4
43194	57593	12
43194	57631	45
43194	57645	140
43194	57822	145
43194	57825	8
43194	57832	9
43194	57878	4
43194	57957	31
43194	58401	6
43194	58477	27
43194	59087	213
43194	59418	13
43194	59667	20
43194	59727	6
43194	60025	7
43194	60096	18
43194	60326	177
43194	60894	104
43194	60976	68
43194	61013	5
43194	61242	16
43194	61279	18
43194	61585	1
43194	61697	12
43194	62521	13
43194	62563	15
43194	62582	24
43194	62596	15
43194	62605	3
43194	62619	13
43194	62650	59
43194	62696	31
43194	62762	29
43194	62791	4
43194	62799	29
43194	62828	262
43194	62860	46
43194	62898	22
43194	63525	49
43194	63932	34
43194	63933	15
43194	64294	3
43194	64532	6
43194	64552	61
43194	64569	11
43194	64610	24
43194	64675	19
43194	64726	11
43194	64744	11
43194	64805	3
43194	65135	13
43194	65150	4
43194	65157	10
43194	65180	19
43194	65190	15
43194	65399	58
43194	65477	24
43194	65505	45
43194	65524	7
43194	65568	78
43194	65588	41
43194	65594	25
43194	65605	40
43194	65623	15
43194	65679	17
43194	65730	8
43194	65757	9
43194	66003	46
43194	66040	3
43194	66237	184
43194	66266	103
43194	66351	33
43194	66433	4
43194	66472	6
43194	66504	19
43194	66804	127
43194	67058	2
43194	67129	13
43194	67147	2
43194	67165	45
43194	67189	16
43194	67209	2
43194	67215	17
43194	67249	6
43194	67260	5
43194	67268	22
43194	67277	5
43194	67285	13
43194	67308	26
43194	67336	32
43194	67371	4
43194	67422	5
43194	67474	6
43194	67482	18
43194	67494	12
43194	67653	8
43194	67670	56
43194	67733	9
43194	67768	15
43194	67977	5
43194	67980	12
43194	68095	10
43763	43939	1
43763	44479	4
43763	44598	6
43763	44945	2
43763	45766	7
43763	47077	7
43763	47310	9
43763	48605	7
43763	49095	2
43763	49810	1
43763	49871	1
43763	49979	4
43763	50157	41
43763	51999	3
43763	52414	1
43763	52616	3
43763	53674	14
43763	53696	5
43763	54239	1
43763	54248	1
43763	54368	1
43763	54884	1
43763	55288	5
43763	55415	2
43763	55470	7
43763	55762	3
43763	56223	1
43763	56304	5
43763	56540	1
43763	56554	5
43763	56583	3
43763	56936	11
43763	56954	1
43763	57001	4
43763	57208	4
43763	57325	3
43763	57374	1
43763	57382	2
43763	57587	1
43763	57593	5
43763	57631	1
43763	57822	13
43763	57832	3
43763	57878	9
43763	58401	3
43763	58477	1
43763	59087	2
43763	59418	3
43763	59667	2
43763	60025	3
43763	60326	1
43763	60894	11
43763	60976	2
43763	61013	10
43763	61242	2
43763	61585	1
43763	62521	33
43763	62563	2
43763	62605	5
43763	62619	7
43763	62650	5
43763	62696	2
43763	62762	2
43763	62799	1
43763	62828	9
43763	62860	7
43763	62898	13
43763	63525	3
43763	63932	3
43763	63933	13
43763	64294	6
43763	64532	1
43763	64552	41
43763	64726	2
43763	64744	1
43763	64805	8
43763	65135	1
43763	65150	1
43763	65180	16
43763	65190	1
43763	65399	2
43763	65477	8
43763	65505	2
43763	65524	2
43763	65568	5
43763	65588	8
43763	65594	30
43763	65605	1
43763	65623	3
43763	65679	16
43763	65757	1
43763	66003	9
43763	66266	1
43763	66433	1
43763	66472	11
43763	66504	2
43763	66804	6
43763	67129	5
43763	67147	1
43763	67165	7
43763	67189	7
43763	67209	3
43763	67249	6
43763	67260	1
43763	67268	1
43763	67277	3
43763	67285	1
43763	67308	11
43763	67336	4
43763	67371	7
43763	67474	19
43763	67482	1
43763	67494	8
43763	67653	5
43763	67670	4
43763	67733	9
43763	67768	11
43763	68095	1
43939	44138	2
43939	44143	12
43939	44479	11
43939	44571	1
43939	44598	16
43939	44945	2
43939	45039	15
43939	45201	27
43939	45625	3
43939	46608	1
43939	47077	5
43939	48276	2
43939	49095	2
43939	49810	21
43939	49979	1
43939	50163	5
43939	51999	11
43939	52125	5
43939	52182	34
43939	52196	1
43939	52414	23
43939	52616	1
43939	53696	3
43939	53953	4
43939	54239	6
43939	54248	7
43939	54368	2
43939	54884	6
43939	55157	9
43939	55288	8
43939	55378	4
43939	55415	4
43939	55470	89
43939	56088	4
43939	56117	11
43939	56223	4
43939	56304	6
43939	56554	60
43939	56583	1
43939	56936	10
43939	56954	9
43939	57208	2
43939	57325	26
43939	57374	21
43939	57382	2
43939	57587	1
43939	57593	1
43939	57631	1
43939	57645	1
43939	57822	69
43939	57825	6
43939	57832	3
43939	57878	1
43939	57957	3
43939	58401	6
43939	58477	18
43939	59087	39
43939	59418	39
43939	59667	12
43939	59727	1
43939	60025	15
43939	60096	2
43939	60326	76
43939	60894	16
43939	60976	36
43939	61013	2
43939	61242	87
43939	61279	1
43939	61697	9
43939	62162	5
43939	62563	12
43939	62582	3
43939	62619	1
43939	62650	1
43939	62696	6
43939	62762	4
43939	62791	5
43939	62799	2
43939	62860	6
43939	62898	7
43939	63525	4
43939	63933	4
43939	64294	2
43939	64552	7
43939	64675	1
43939	64726	4
43939	64744	1
43939	65135	1
43939	65150	3
43939	65190	8
43939	65399	4
43939	65477	1
43939	65505	16
43939	65568	2
43939	65588	1
43939	65594	2
43939	65605	2
43939	65623	2
43939	65679	8
43939	65730	5
43939	66003	29
43939	66237	1
43939	66266	11
43939	66351	2
43939	66433	4
43939	66472	3
43939	66504	1
43939	66804	4
43939	67058	1
43939	67165	15
43939	67189	3
43939	67209	1
43939	67215	1
43939	67249	1
43939	67260	1
43939	67268	4
43939	67277	3
43939	67308	2
43939	67336	5
43939	67371	4
43939	67422	1
43939	67482	2
43939	67494	3
43939	67653	17
43939	68095	6
44138	44143	5
44138	44479	4
44138	44571	37
44138	44598	25
44138	45039	21
44138	45201	17
44138	45625	5
44138	45766	1
44138	46138	5
44138	46606	2
44138	46608	4
44138	47249	32
44138	47310	1
44138	48276	72
44138	49095	1
44138	49810	6
44138	49979	6
44138	50157	1
44138	50163	38
44138	50245	1
44138	50644	4
44138	51999	31
44138	52125	16
44138	52182	53
44138	52196	34
44138	52294	9
44138	52414	11
44138	52616	5
44138	53696	2
44138	53953	10
44138	54239	2
44138	54248	36
44138	54857	127
44138	54884	1
44138	55157	5
44138	55288	16
44138	55378	13
44138	55415	8
44138	55470	36
44138	55693	2
44138	55762	16
44138	56088	2
44138	56117	9
44138	56223	3
44138	56540	21
44138	56554	59
44138	56936	9
44138	57001	3
44138	57208	1
44138	57325	14
44138	57374	1
44138	57593	5
44138	57631	9
44138	57645	31
44138	57742	1
44138	57822	20
44138	57878	4
44138	58477	9
44138	59087	43
44138	59667	1
44138	59727	3
44138	60025	2
44138	60096	2
44138	60326	36
44138	60894	22
44138	60976	9
44138	61242	1
44138	61279	4
44138	61585	1
44138	62162	2
44138	62563	6
44138	62582	1
44138	62596	6
44138	62605	1
44138	62619	1
44138	62650	13
44138	62696	16
44138	62762	2
44138	62791	1
44138	62799	12
44138	62828	42
44138	62860	12
44138	62898	12
44138	63525	7
44138	63932	4
44138	64231	1
44138	64532	2
44138	64552	7
44138	64569	5
44138	64610	1
44138	64675	4
44138	64726	4
44138	64744	4
44138	64805	1
44138	65157	5
44138	65180	2
44138	65190	3
44138	65399	8
44138	65477	15
44138	65505	18
44138	65524	12
44138	65568	29
44138	65588	7
44138	65605	4
44138	65623	3
44138	65679	4
44138	65730	3
44138	65757	2
44138	66003	14
44138	66040	2
44138	66237	42
44138	66266	13
44138	66351	2
44138	66472	1
44138	66504	12
44138	66804	27
44138	67058	8
44138	67129	3
44138	67147	1
44138	67165	15
44138	67189	12
44138	67215	5
44138	67249	1
44138	67260	1
44138	67268	4
44138	67277	1
44138	67285	4
44138	67308	4
44138	67336	7
44138	67371	1
44138	67422	2
44138	67474	1
44138	67482	6
44138	67494	5
44138	67653	2
44138	67670	25
44138	67768	1
44138	67977	1
44138	67980	3
44143	44479	1
44143	44571	1
44143	44598	27
44143	44945	4
44143	45039	12
44143	45201	87
44143	45625	5
44143	45766	3
44143	46138	2
44143	46606	14
44143	46608	24
44143	47077	1
44143	47249	1
44143	47310	2
44143	48276	3
44143	48605	1
44143	49095	19
44143	49810	3
44143	49979	11
44143	50157	1
44143	50163	5
44143	50245	3
44143	50644	3
44143	51999	36
44143	52125	4
44143	52182	50
44143	52196	4
44143	52414	3
44143	52616	7
44143	53674	1
44143	53696	2
44143	53953	4
44143	54239	5
44143	54248	39
44143	54368	1
44143	54857	4
44143	54884	9
44143	55157	22
44143	55288	19
44143	55378	6
44143	55415	18
44143	55470	33
44143	55693	1
44143	55762	7
44143	56088	9
44143	56117	60
44143	56223	15
44143	56304	6
44143	56540	10
44143	56554	128
44143	56583	1
44143	56936	10
44143	56954	2
44143	57208	1
44143	57325	19
44143	57374	9
44143	57382	16
44143	57587	12
44143	57593	8
44143	57631	3
44143	57645	8
44143	57742	17
44143	57822	42
44143	57825	15
44143	57832	3
44143	57878	2
44143	57957	3
44143	58401	12
44143	58477	17
44143	59087	59
44143	59418	12
44143	59667	27
44143	59727	19
44143	60025	6
44143	60096	11
44143	60326	22
44143	60894	31
44143	60976	18
44143	61013	2
44143	61242	9
44143	61279	4
44143	61585	7
44143	61697	3
44143	62162	1
44143	62521	4
44143	62563	2
44143	62582	5
44143	62596	1
44143	62605	1
44143	62619	8
44143	62650	8
44143	62696	5
44143	62762	1
44143	62799	7
44143	62828	4
44143	62860	5
44143	62898	12
44143	63525	18
44143	63932	6
44143	63933	11
44143	64231	6
44143	64294	4
44143	64552	18
44143	64569	1
44143	64610	8
44143	64675	2
44143	64726	6
44143	64744	6
44143	65135	1
44143	65150	2
44143	65157	3
44143	65180	2
44143	65399	11
44143	65477	12
44143	65505	13
44143	65524	1
44143	65568	5
44143	65588	2
44143	65594	15
44143	65605	1
44143	65679	6
44143	65757	5
44143	66003	34
44143	66040	6
44143	66237	3
44143	66266	13
44143	66351	14
44143	66433	3
44143	66472	2
44143	66504	2
44143	66804	17
44143	67058	1
44143	67129	1
44143	67165	3
44143	67189	6
44143	67209	1
44143	67215	3
44143	67249	3
44143	67260	1
44143	67268	1
44143	67285	2
44143	67308	3
44143	67336	17
44143	67371	1
44143	67474	1
44143	67482	2
44143	67494	1
44143	67653	4
44143	67768	3
44143	67980	11
44143	68095	6
44479	44571	1
44479	44598	18
44479	45039	11
44479	45201	1
44479	45766	2
44479	47077	52
44479	47310	1
44479	48276	2
44479	49810	65
44479	50157	20
44479	50163	5
44479	52125	1
44479	52182	10
44479	52196	2
44479	52414	24
44479	52616	3
44479	53696	5
44479	53953	2
44479	54239	2
44479	54857	2
44479	54884	17
44479	55157	12
44479	55288	1
44479	55378	2
44479	55415	2
44479	55470	16
44479	56088	2
44479	56223	2
44479	56540	1
44479	56554	12
44479	56583	2
44479	56936	22
44479	57325	3
44479	57374	73
44479	57382	2
44479	57593	5
44479	57631	1
44479	57742	1
44479	57822	8
44479	57825	1
44479	57878	1
44479	58401	1
44479	58477	1
44479	59087	5
44479	59667	1
44479	60025	1
44479	60096	1
44479	60326	52
44479	60976	35
44479	61013	1
44479	61242	16
44479	61697	8
44479	62563	12
44479	62605	2
44479	62619	6
44479	62650	6
44479	62696	3
44479	62762	2
44479	62791	1
44479	62799	12
44479	62828	4
44479	62860	8
44479	64294	2
44479	64552	6
44479	64569	6
44479	64675	2
44479	64726	1
44479	64805	1
44479	65135	1
44479	65180	1
44479	65190	5
44479	65505	12
44479	65568	1
44479	65605	7
44479	65679	7
44479	65730	2
44479	66003	2
44479	66266	10
44479	66433	5
44479	66472	7
44479	66504	1
44479	67165	5
44479	67189	8
44479	67209	6
44479	67215	2
44479	67260	17
44479	67268	1
44479	67277	1
44479	67308	59
44479	67336	8
44479	67371	8
44479	67422	1
44479	67494	2
44479	67670	1
44479	67733	4
44479	68095	5
44571	44598	11
44571	45039	10
44571	45201	6
44571	45625	3
44571	45766	1
44571	46138	1
44571	46606	1
44571	46608	3
44571	47249	1
44571	48276	36
44571	49810	3
44571	49979	4
44571	50157	2
44571	50163	30
44571	50245	1
44571	51999	11
44571	52125	5
44571	52182	19
44571	52196	1
44571	52294	3
44571	52414	2
44571	53953	2
44571	54248	9
44571	54857	23
44571	55157	1
44571	55288	6
44571	55378	1
44571	55415	1
44571	55470	18
44571	55693	1
44571	55762	10
44571	56088	2
44571	56117	2
44571	56223	2
44571	56540	13
44571	56554	18
44571	56936	3
44571	57208	1
44571	57325	10
44571	57374	3
44571	57593	2
44571	57631	3
44571	57645	4
44571	57742	1
44571	57822	11
44571	57832	1
44571	58401	1
44571	58477	7
44571	59087	13
44571	59667	4
44571	59727	2
44571	60025	1
44571	60096	1
44571	60326	17
44571	60894	6
44571	60976	3
44571	61585	1
44571	61697	1
44571	62563	2
44571	62582	4
44571	62596	1
44571	62650	2
44571	62696	1
44571	62799	2
44571	62828	10
44571	62860	3
44571	62898	1
44571	63525	3
44571	63932	1
44571	64231	1
44571	64552	1
44571	64675	2
44571	64726	1
44571	64744	1
44571	65135	1
44571	65180	1
44571	65399	1
44571	65477	1
44571	65505	9
44571	65524	1
44571	65568	7
44571	65588	5
44571	65623	2
44571	65730	1
44571	66003	8
44571	66040	2
44571	66237	13
44571	66266	7
44571	66351	2
44571	66504	1
44571	66804	3
44571	67058	1
44571	67189	3
44571	67260	1
44571	67268	1
44571	67336	2
44571	67670	7
44571	67977	1
44571	67980	2
44571	68095	3
44598	44895	27
44598	45039	23
44598	45201	33
44598	45766	2
44598	46138	14
44598	46606	18
44598	46608	40
44598	47077	7
44598	47249	4
44598	47310	5
44598	48276	22
44598	48605	3
44598	49095	17
44598	49810	25
44598	49871	4
44598	49979	14
44598	50157	12
44598	50163	10
44598	50245	27
44598	50644	18
44598	51999	178
44598	52125	1
44598	52182	178
44598	52196	11
44598	52294	3
44598	52414	16
44598	52616	12
44598	53674	6
44598	53696	4
44598	53953	2
44598	54239	14
44598	54248	152
44598	54368	81
44598	54857	11
44598	54884	8
44598	55157	13
44598	55288	53
44598	55378	28
44598	55415	15
44598	55470	46
44598	55693	65
44598	55762	7
44598	56088	15
44598	56117	25
44598	56223	27
44598	56304	2
44598	56540	14
44598	56554	225
44598	56936	37
44598	56954	10
44598	57001	4
44598	57208	5
44598	57325	23
44598	57374	12
44598	57382	1
44598	57587	4
44598	57593	9
44598	57631	9
44598	57645	8
44598	57742	12
44598	57822	174
44598	57825	15
44598	57832	7
44598	57878	8
44598	57957	2
44598	58401	1
44598	58477	46
44598	59087	235
44598	59418	18
44598	59667	36
44598	59727	20
44598	60025	5
44598	60096	8
44598	60326	60
44598	60894	57
44598	60976	43
44598	61013	2
44598	61242	18
44598	61279	6
44598	61585	3
44598	61697	6
44598	62162	7
44598	62521	6
44598	62563	24
44598	62582	66
44598	62596	23
44598	62605	3
44598	62619	23
44598	62650	94
44598	62696	42
44598	62762	29
44598	62791	2
44598	62799	25
44598	62828	32
44598	62860	49
44598	62898	50
44598	63525	37
44598	63932	15
44598	63933	14
44598	64231	6
44598	64294	4
44598	64532	8
44598	64552	32
44598	64569	6
44598	64610	73
44598	64675	14
44598	64726	4
44598	64744	11
44598	64805	2
44598	65135	15
44598	65150	9
44598	65157	26
44598	65180	5
44598	65190	34
44598	65399	3
44598	65477	33
44598	65505	24
44598	65524	25
44598	65568	17
44598	65588	9
44598	65594	25
44598	65605	11
44598	65623	13
44598	65679	34
44598	65730	1
44598	65757	17
44598	66003	77
44598	66040	9
44598	66237	6
44598	66266	45
44598	66351	15
44598	66433	8
44598	66472	9
44598	66504	26
44598	66804	7
44598	67058	2
44598	67129	9
44598	67147	6
44598	67165	54
44598	67189	26
44598	67209	7
44598	67215	21
44598	67249	14
44598	67260	9
44598	67268	6
44598	67277	10
44598	67285	21
44598	67308	63
44598	67336	62
44598	67371	12
44598	67422	14
44598	67474	2
44598	67482	5
44598	67494	7
44598	67653	7
44598	67670	5
44598	67733	9
44598	67768	18
44598	67977	7
44598	67980	15
44598	68095	3
44895	46606	1
44895	46608	48
44895	50644	3
44895	51999	75
44895	54248	32
44895	55288	2
44895	56554	4
44895	57593	17
44895	57822	7
44895	59087	17
44895	60894	2
44895	61279	16
44895	61585	2
44895	62650	488
44895	62762	18
44895	62799	4
44895	62828	22
44895	62860	52
44895	64532	23
44895	65135	16
44895	65180	4
44895	65399	2
44895	65477	16
44895	65605	16
44895	65623	102
44895	66504	23
44895	66804	6
44895	67165	41
44895	67189	17
44895	67308	3
44895	67336	17
44895	67422	7
44895	67494	16
44945	45201	148
44945	46606	1
44945	47077	4
44945	47310	1
44945	48276	2
44945	48605	1
44945	49095	1
44945	49810	12
44945	49979	3
44945	50163	1
44945	52182	26
44945	52196	1
44945	52294	1
44945	54857	2
44945	54884	5
44945	55157	11
44945	55378	2
44945	55415	6
44945	55470	62
44945	55762	2
44945	56223	2
44945	56304	6
44945	56554	4
44945	56936	7
44945	57325	120
44945	57742	6
44945	57822	7
44945	58401	1
44945	59087	2
44945	59418	3
44945	59667	20
44945	60025	2
44945	60096	3
44945	60326	12
44945	60894	5
44945	60976	4
44945	61242	2
44945	61585	1
44945	61697	1
44945	62596	1
44945	62650	2
44945	62696	2
44945	62799	2
44945	62828	4
44945	62860	1
44945	63525	2
44945	64552	7
44945	64610	1
44945	64726	54
44945	65150	1
44945	65399	39
44945	65505	3
44945	65568	2
44945	65588	1
44945	65594	1
44945	65605	15
44945	65679	3
44945	66003	3
44945	66266	29
44945	66804	4
44945	67277	1
44945	67285	2
44945	67482	1
44945	67653	2
44945	68095	12
45039	45201	24
45039	45625	28
45039	46138	1
45039	46606	6
45039	46608	3
45039	47077	31
45039	47310	1
45039	48276	9
45039	49095	4
45039	49810	35
45039	49871	4
45039	49979	13
45039	50157	2
45039	50163	88
45039	51999	32
45039	52125	24
45039	52182	66
45039	52196	3
45039	52414	57
45039	52616	5
45039	53674	2
45039	53696	1
45039	53953	16
45039	54239	3
45039	54248	15
45039	54368	2
45039	54857	6
45039	54884	30
45039	55157	15
45039	55288	14
45039	55378	6
45039	55415	12
45039	55470	88
45039	55693	1
45039	55762	3
45039	56088	16
45039	56117	14
45039	56223	4
45039	56304	1
45039	56540	2
45039	56554	100
45039	56936	8
45039	56954	3
45039	57208	4
45039	57325	23
45039	57374	51
45039	57382	2
45039	57587	1
45039	57593	2
45039	57631	9
45039	57645	2
45039	57742	1
45039	57822	36
45039	57825	4
45039	57832	6
45039	57878	1
45039	58401	3
45039	58477	34
45039	59087	68
45039	59418	5
45039	59667	12
45039	59727	6
45039	60025	1
45039	60096	7
45039	60326	227
45039	60894	40
45039	60976	170
45039	61013	1
45039	61242	15
45039	61585	1
45039	61697	14
45039	62162	5
45039	62521	4
45039	62563	16
45039	62582	3
45039	62596	2
45039	62605	7
45039	62619	2
45039	62650	8
45039	62696	9
45039	62762	9
45039	62791	1
45039	62799	4
45039	62828	4
45039	62860	19
45039	62898	10
45039	63525	15
45039	63932	6
45039	63933	11
45039	64231	5
45039	64294	2
45039	64532	3
45039	64552	17
45039	64569	7
45039	64610	3
45039	64675	23
45039	64726	5
45039	64744	9
45039	64805	2
45039	65135	1
45039	65150	2
45039	65157	1
45039	65180	6
45039	65190	3
45039	65399	3
45039	65477	4
45039	65505	55
45039	65524	2
45039	65568	4
45039	65588	5
45039	65594	7
45039	65605	7
45039	65623	2
45039	65679	8
45039	65730	42
45039	65757	3
45039	66003	55
45039	66040	6
45039	66237	1
45039	66266	18
45039	66351	2
45039	66433	2
45039	66472	5
45039	66504	6
45039	66804	5
45039	67058	1
45039	67129	2
45039	67147	4
45039	67165	8
45039	67189	10
45039	67209	1
45039	67215	4
45039	67249	3
45039	67260	2
45039	67277	2
45039	67285	5
45039	67308	32
45039	67336	14
45039	67371	2
45039	67422	6
45039	67482	2
45039	67494	3
45039	67653	2
45039	67733	2
45039	67768	5
45039	67980	5
45039	68095	7
45201	45625	2
45201	45766	9
45201	46138	5
45201	46606	17
45201	46608	19
45201	47077	13
45201	47249	8
45201	47310	5
45201	48276	3
45201	48605	1
45201	49095	34
45201	49810	12
45201	49871	2
45201	49979	50
45201	50157	4
45201	50163	15
45201	51999	77
45201	52125	1
45201	52182	310
45201	52196	1
45201	52294	1
45201	52414	4
45201	52616	10
45201	53674	2
45201	53696	2
45201	54239	15
45201	54248	39
45201	54857	7
45201	54884	3
45201	55157	114
45201	55288	59
45201	55378	19
45201	55415	36
45201	55470	79
45201	55693	4
45201	55762	23
45201	56088	31
45201	56117	29
45201	56223	30
45201	56304	15
45201	56540	11
45201	56554	216
45201	56583	2
45201	56936	17
45201	56954	4
45201	57001	4
45201	57208	65
45201	57325	109
45201	57374	15
45201	57382	67
45201	57587	28
45201	57593	50
45201	57631	8
45201	57645	5
45201	57742	13
45201	57822	156
45201	57825	55
45201	57832	12
45201	57878	1
45201	57957	44
45201	58401	112
45201	58477	82
45201	59087	34
45201	59418	47
45201	59667	51
45201	59727	8
45201	60025	46
45201	60096	17
45201	60326	121
45201	60894	80
45201	60976	24
45201	61013	2
45201	61242	18
45201	61279	10
45201	61585	5
45201	61697	14
45201	62162	1
45201	62521	6
45201	62563	2
45201	62582	5
45201	62596	3
45201	62605	1
45201	62619	2
45201	62650	2
45201	62696	19
45201	62762	3
45201	62791	6
45201	62799	9
45201	62828	26
45201	62860	10
45201	62898	17
45201	63525	27
45201	63932	12
45201	63933	25
45201	64231	22
45201	64294	5
45201	64532	1
45201	64552	49
45201	64569	3
45201	64610	5
45201	64675	12
45201	64726	92
45201	64744	12
45201	64805	5
45201	65135	1
45201	65150	35
45201	65157	2
45201	65180	9
45201	65190	2
45201	65399	23
45201	65477	6
45201	65505	13
45201	65524	2
45201	65568	14
45201	65588	10
45201	65594	41
45201	65605	4
45201	65623	1
45201	65679	18
45201	65730	3
45201	66003	57
45201	66040	18
45201	66237	12
45201	66266	63
45201	66351	1
45201	66433	9
45201	66472	1
45201	66504	3
45201	66804	29
45201	67058	5
45201	67129	4
45201	67147	1
45201	67165	7
45201	67189	9
45201	67209	1
45201	67215	13
45201	67249	3
45201	67260	1
45201	67268	5
45201	67277	5
45201	67285	11
45201	67308	5
45201	67336	8
45201	67371	3
45201	67422	8
45201	67474	1
45201	67482	11
45201	67494	3
45201	67653	7
45201	67733	4
45201	67768	8
45201	67980	15
45201	68095	10
45625	45766	3
45625	46138	3
45625	46608	1
45625	47077	2
45625	47249	4
45625	48276	1
45625	49810	2
45625	50163	17
45625	51999	3
45625	52125	7
45625	52182	8
45625	52196	3
45625	52414	1
45625	52616	4
45625	53953	1
45625	54248	6
45625	54368	1
45625	54857	4
45625	55157	5
45625	55288	1
45625	55378	3
45625	55415	5
45625	55470	20
45625	55762	3
45625	56117	3
45625	56223	2
45625	56540	1
45625	56554	22
45625	56936	2
45625	57001	2
45625	57325	11
45625	57374	5
45625	57382	6
45625	57593	1
45625	57645	1
45625	57822	8
45625	57832	7
45625	57957	1
45625	58401	6
45625	58477	3
45625	59087	11
45625	59418	2
45625	59667	3
45625	59727	20
45625	60326	31
45625	60894	8
45625	60976	42
45625	61242	5
45625	62563	2
45625	62605	4
45625	62650	1
45625	62696	1
45625	62762	2
45625	62799	2
45625	62828	1
45625	62860	4
45625	63525	2
45625	64552	3
45625	64569	7
45625	64726	1
45625	64744	1
45625	65135	2
45625	65180	2
45625	65505	20
45625	65568	2
45625	65588	1
45625	65594	2
45625	65679	2
45625	66003	1
45625	66237	1
45625	66266	2
45625	67189	1
45625	67215	2
45625	67308	2
45625	67336	3
45625	67653	2
45625	67670	5
45625	67980	4
45766	46138	5
45766	46606	6
45766	46608	2
45766	47077	4
45766	48276	6
45766	48605	14
45766	49095	37
45766	49810	1
45766	49979	1
45766	50157	4
45766	50163	1
45766	50644	1
45766	51999	2
45766	52125	2
45766	52182	30
45766	52196	1
45766	52616	6
45766	53674	1
45766	54248	2
45766	54857	13
45766	55157	6
45766	55288	64
45766	55378	3
45766	55415	18
45766	55470	2
45766	55762	46
45766	56088	1
45766	56117	19
45766	56223	2
45766	56540	14
45766	56554	35
45766	56583	8
45766	57593	68
45766	57631	6
45766	57645	1
45766	57822	6
45766	57832	3
45766	57957	3
45766	58477	6
45766	59087	12
45766	59667	4
45766	59727	21
45766	60096	8
45766	60894	20
45766	60976	1
45766	61242	2
45766	61279	1
45766	61585	11
45766	61697	2
45766	62619	3
45766	62650	3
45766	62696	3
45766	62828	4
45766	62860	1
45766	62898	2
45766	63525	1
45766	63932	5
45766	63933	11
45766	64231	4
45766	64294	2
45766	64805	8
45766	65180	2
45766	65594	11
45766	65679	1
45766	66003	1
45766	66266	2
45766	66351	7
45766	66504	4
45766	67165	1
45766	67209	7
45766	67215	3
45766	67285	2
45766	67336	11
45766	67494	1
45766	67653	1
45766	67670	38
45766	67768	1
45766	67980	2
46138	46606	2
46138	46608	20
46138	47249	1
46138	47310	1
46138	48605	1
46138	49095	4
46138	49810	1
46138	50245	1
46138	50644	4
46138	51999	18
46138	52182	7
46138	52196	1
46138	52294	1
46138	52616	6
46138	54239	5
46138	54248	17
46138	54368	1
46138	54857	2
46138	55157	3
46138	55378	10
46138	55415	5
46138	55470	8
46138	56117	34
46138	56223	1
46138	56540	4
46138	56554	32
46138	56583	1
46138	57325	2
46138	57593	2
46138	57645	3
46138	57822	14
46138	57825	3
46138	57832	3
46138	57878	3
46138	57957	1
46138	58477	1
46138	59087	25
46138	59667	3
46138	59727	24
46138	60025	1
46138	60096	1
46138	60326	1
46138	60894	4
46138	61013	1
46138	61279	2
46138	61585	6
46138	61697	1
46138	62162	4
46138	62521	2
46138	62563	1
46138	62582	1
46138	62596	1
46138	62605	1
46138	62650	9
46138	62696	9
46138	62762	1
46138	62799	5
46138	62828	6
46138	62860	3
46138	62898	9
46138	63525	2
46138	63932	6
46138	63933	1
46138	64231	1
46138	64552	9
46138	64610	2
46138	64726	1
46138	64805	1
46138	65157	6
46138	65477	2
46138	65524	6
46138	65568	2
46138	65588	2
46138	65594	5
46138	65605	1
46138	65623	1
46138	65679	5
46138	65757	11
46138	66040	1
46138	66237	1
46138	66266	3
46138	66351	7
46138	66433	2
46138	66504	5
46138	66804	2
46138	67129	2
46138	67147	2
46138	67165	7
46138	67189	7
46138	67215	1
46138	67260	1
46138	67285	4
46138	67308	7
46138	67336	7
46138	67422	2
46138	67494	1
46138	67733	1
46138	67768	2
46138	67980	2
46606	46608	27
46606	47077	1
46606	47249	1
46606	49095	4
46606	49810	1
46606	49979	3
46606	50157	5
46606	50644	1
46606	51999	15
46606	52182	42
46606	52196	5
46606	52414	2
46606	52616	25
46606	53696	1
46606	53953	1
46606	54239	28
46606	54248	31
46606	54368	4
46606	54857	3
46606	54884	5
46606	55157	9
46606	55288	28
46606	55378	1
46606	55415	12
46606	55470	3
46606	55693	4
46606	55762	3
46606	56088	2
46606	56117	33
46606	56223	6
46606	56540	3
46606	56554	78
46606	56583	1
46606	56936	3
46606	57208	1
46606	57325	4
46606	57374	2
46606	57382	10
46606	57593	2
46606	57631	1
46606	57645	9
46606	57822	11
46606	57825	1
46606	57832	4
46606	58477	8
46606	59087	49
46606	59667	5
46606	59727	10
46606	60096	1
46606	60326	9
46606	60894	25
46606	60976	8
46606	61242	1
46606	61279	22
46606	61585	5
46606	61697	6
46606	62162	4
46606	62582	16
46606	62596	1
46606	62605	2
46606	62619	1
46606	62650	9
46606	62696	5
46606	62762	1
46606	62799	7
46606	62828	4
46606	62860	10
46606	62898	2
46606	63525	8
46606	63932	4
46606	63933	3
46606	64231	3
46606	64532	3
46606	64552	4
46606	64610	5
46606	64675	2
46606	64726	3
46606	64744	2
46606	65135	3
46606	65150	13
46606	65157	7
46606	65399	2
46606	65477	6
46606	65588	1
46606	65594	1
46606	65605	1
46606	65757	14
46606	66003	5
46606	66040	2
46606	66237	2
46606	66266	6
46606	66351	10
46606	66433	1
46606	66504	6
46606	66804	6
46606	67129	1
46606	67165	8
46606	67189	4
46606	67209	3
46606	67249	1
46606	67260	13
46606	67268	1
46606	67277	2
46606	67308	2
46606	67336	20
46606	67371	2
46606	67474	1
46606	67482	2
46606	67494	1
46606	67653	1
46606	67768	1
46606	67980	14
46608	47077	2
46608	47249	1
46608	47310	1
46608	48276	5
46608	48605	2
46608	49095	3
46608	49810	1
46608	49871	1
46608	49979	9
46608	50157	1
46608	50245	10
46608	50644	13
46608	51999	73
46608	52182	103
46608	52196	6
46608	52616	18
46608	53696	3
46608	54239	19
46608	54248	91
46608	54368	4
46608	54857	3
46608	55157	14
46608	55288	33
46608	55378	16
46608	55415	29
46608	55470	9
46608	55693	2
46608	56088	7
46608	56117	120
46608	56223	4
46608	56540	16
46608	56554	156
46608	56583	1
46608	56936	7
46608	57001	5
46608	57208	3
46608	57325	5
46608	57374	2
46608	57587	1
46608	57593	6
46608	57631	2
46608	57645	15
46608	57822	10
46608	57825	3
46608	57832	16
46608	57878	1
46608	57957	1
46608	58477	17
46608	59087	92
46608	59418	2
46608	59667	5
46608	59727	49
46608	60025	2
46608	60096	6
46608	60326	5
46608	60894	37
46608	60976	9
46608	61013	1
46608	61242	1
46608	61279	17
46608	61585	8
46608	61697	9
46608	62162	43
46608	62563	1
46608	62582	27
46608	62596	3
46608	62605	3
46608	62619	6
46608	62650	140
46608	62696	13
46608	62762	7
46608	62791	3
46608	62799	19
46608	62828	21
46608	62860	42
46608	62898	10
46608	63525	44
46608	63932	19
46608	63933	4
46608	64231	3
46608	64532	3
46608	64552	8
46608	64569	6
46608	64610	5
46608	64675	6
46608	64726	4
46608	64744	1
46608	65135	3
46608	65150	4
46608	65157	22
46608	65180	1
46608	65190	2
46608	65477	26
46608	65505	2
46608	65524	7
46608	65568	2
46608	65588	6
46608	65594	5
46608	65605	4
46608	65623	12
46608	65679	9
46608	65757	12
46608	66003	13
46608	66040	5
46608	66237	4
46608	66266	10
46608	66351	28
46608	66433	7
46608	66472	2
46608	66504	10
46608	66804	2
46608	67058	24
46608	67129	1
46608	67147	1
46608	67165	19
46608	67189	9
46608	67209	1
46608	67215	1
46608	67249	3
46608	67260	7
46608	67268	2
46608	67277	6
46608	67285	3
46608	67308	11
46608	67336	44
46608	67371	6
46608	67422	2
46608	67474	4
46608	67482	6
46608	67494	5
46608	67768	5
46608	67977	11
46608	67980	34
47077	48276	1
47077	48605	2
47077	49095	4
47077	49810	19
47077	49871	2
47077	49979	4
47077	50157	21
47077	50163	14
47077	51999	9
47077	52125	7
47077	52182	23
47077	52414	10
47077	52616	4
47077	53674	13
47077	53696	4
47077	53953	2
47077	54239	3
47077	54884	15
47077	55157	10
47077	55288	7
47077	55378	3
47077	55415	1
47077	55470	47
47077	55762	1
47077	56088	2
47077	56117	5
47077	56223	1
47077	56304	1
47077	56554	21
47077	56936	6
47077	56954	1
47077	57208	3
47077	57325	11
47077	57374	32
47077	57382	1
47077	57631	10
47077	57645	1
47077	57742	1
47077	57822	9
47077	57825	2
47077	57832	1
47077	57957	1
47077	58401	1
47077	58477	12
47077	59087	12
47077	59418	2
47077	59667	4
47077	59727	1
47077	60025	2
47077	60096	1
47077	60326	58
47077	60894	12
47077	60976	60
47077	61013	2
47077	61242	5
47077	61585	1
47077	61697	14
47077	62521	2
47077	62563	19
47077	62582	2
47077	62605	7
47077	62619	3
47077	62650	2
47077	62696	10
47077	62762	2
47077	62791	1
47077	62799	4
47077	62828	5
47077	62860	7
47077	62898	2
47077	63525	5
47077	63932	6
47077	63933	7
47077	64231	2
47077	64294	1
47077	64532	1
47077	64552	12
47077	64610	1
47077	64675	7
47077	64726	2
47077	64744	2
47077	64805	9
47077	65135	2
47077	65150	2
47077	65157	1
47077	65180	1
47077	65190	2
47077	65399	6
47077	65477	5
47077	65505	14
47077	65568	4
47077	65594	18
47077	65605	2
47077	65679	7
47077	65730	5
47077	66003	6
47077	66040	2
47077	66266	4
47077	66433	2
47077	66472	4
47077	66504	6
47077	66804	32
47077	67165	4
47077	67189	5
47077	67209	3
47077	67215	5
47077	67249	5
47077	67260	1
47077	67277	1
47077	67285	6
47077	67308	26
47077	67336	1
47077	67371	2
47077	67422	2
47077	67482	1
47077	67494	1
47077	67653	1
47077	67733	5
47077	67768	7
47077	67980	1
47077	68095	3
47249	48276	15
47249	49810	2
47249	49871	2
47249	50157	3
47249	50163	14
47249	51999	15
47249	52125	1
47249	52182	29
47249	52196	11
47249	52294	5
47249	52414	3
47249	52616	4
47249	53696	1
47249	54239	1
47249	54248	1
47249	54368	1
47249	54857	22
47249	55157	3
47249	55288	6
47249	55378	4
47249	55470	8
47249	55762	5
47249	56088	2
47249	56223	1
47249	56304	3
47249	56540	3
47249	56554	16
47249	56583	1
47249	56936	10
47249	57001	1
47249	57325	7
47249	57631	1
47249	57645	11
47249	57822	6
47249	58401	2
47249	59087	5
47249	59667	2
47249	59727	1
47249	60025	1
47249	60096	2
47249	60326	18
47249	60894	9
47249	60976	2
47249	61279	1
47249	61697	2
47249	62521	1
47249	62563	1
47249	62650	4
47249	62696	2
47249	62762	2
47249	62828	5
47249	62860	10
47249	62898	1
47249	63525	3
47249	63932	1
47249	64532	1
47249	64552	4
47249	64726	2
47249	64744	1
47249	65399	2
47249	65505	3
47249	65568	3
47249	65588	2
47249	65594	2
47249	65605	1
47249	65757	1
47249	66003	2
47249	66237	27
47249	66266	7
47249	66351	1
47249	66504	1
47249	66804	4
47249	67129	1
47249	67165	4
47249	67189	2
47249	67215	2
47249	67268	1
47249	67277	2
47249	67285	2
47249	67308	4
47249	67336	1
47249	67482	3
47249	67670	12
47249	67980	1
47310	48605	18
47310	49095	18
47310	49810	1
47310	49871	5
47310	49979	2
47310	50157	8
47310	51999	9
47310	52182	9
47310	52196	1
47310	52414	4
47310	52616	1
47310	53674	8
47310	53696	3
47310	54248	1
47310	54857	1
47310	54884	3
47310	55157	1
47310	55415	2
47310	55470	5
47310	56088	1
47310	56223	3
47310	56304	8
47310	56540	2
47310	56554	19
47310	56583	35
47310	56936	4
47310	56954	1
47310	57001	1
47310	57325	3
47310	57382	4
47310	57587	5
47310	57593	1
47310	57631	2
47310	57822	8
47310	57878	8
47310	57957	1
47310	58401	25
47310	58477	11
47310	59087	5
47310	60025	5
47310	60096	1
47310	60326	1
47310	60894	4
47310	60976	7
47310	61013	6
47310	62521	64
47310	62563	2
47310	62582	2
47310	62596	9
47310	62605	13
47310	62619	20
47310	62650	12
47310	62696	9
47310	62762	8
47310	62799	7
47310	62828	12
47310	62860	7
47310	62898	9
47310	63525	4
47310	63932	2
47310	63933	48
47310	64294	24
47310	64532	4
47310	64552	95
47310	64569	1
47310	64744	3
47310	64805	27
47310	65135	2
47310	65150	1
47310	65180	17
47310	65190	6
47310	65399	1
47310	65477	14
47310	65505	1
47310	65524	1
47310	65568	26
47310	65588	7
47310	65594	97
47310	65605	1
47310	65679	39
47310	65730	6
47310	66003	12
47310	66266	1
47310	66433	1
47310	66472	24
47310	66504	1
47310	67129	2
47310	67147	10
47310	67165	8
47310	67189	3
47310	67209	5
47310	67215	2
47310	67249	2
47310	67277	6
47310	67285	10
47310	67308	15
47310	67336	14
47310	67371	6
47310	67422	6
47310	67474	4
47310	67482	3
47310	67494	5
47310	67653	1
47310	67670	3
47310	67733	31
47310	67768	13
47310	68095	1
48276	50163	8
48276	50644	3
48276	51999	18
48276	52125	10
48276	52182	27
48276	52196	17
48276	52294	11
48276	52414	8
48276	53953	2
48276	54239	5
48276	54248	14
48276	54857	43
48276	55157	2
48276	55288	6
48276	55378	3
48276	55415	2
48276	55470	33
48276	55762	1
48276	56088	3
48276	56117	4
48276	56223	12
48276	56540	23
48276	56554	39
48276	56936	12
48276	57325	9
48276	57631	9
48276	57645	9
48276	57822	13
48276	58401	1
48276	58477	13
48276	59087	43
48276	59667	6
48276	60025	1
48276	60096	3
48276	60326	17
48276	60894	2
48276	60976	7
48276	61697	3
48276	62162	1
48276	62521	1
48276	62582	7
48276	62605	1
48276	62650	3
48276	62696	6
48276	62762	4
48276	62799	1
48276	62828	17
48276	62860	7
48276	62898	2
48276	63525	4
48276	63932	3
48276	63933	1
48276	64552	4
48276	64569	3
48276	64610	1
48276	64675	5
48276	64726	1
48276	64744	3
48276	65135	2
48276	65157	2
48276	65180	2
48276	65190	1
48276	65399	9
48276	65477	2
48276	65505	17
48276	65524	6
48276	65568	8
48276	65588	4
48276	65605	2
48276	65623	3
48276	65679	3
48276	65730	2
48276	66003	13
48276	66237	18
48276	66266	11
48276	66351	1
48276	66504	7
48276	66804	22
48276	67129	4
48276	67189	2
48276	67249	1
48276	67268	1
48276	67277	1
48276	67285	5
48276	67308	1
48276	67336	7
48276	67422	1
48276	67494	1
48276	67670	2
48276	67733	1
48276	67768	2
48276	67980	1
48276	68095	2
48605	49095	14
48605	49810	1
48605	49871	3
48605	49979	1
48605	50157	1
48605	51999	3
48605	52182	8
48605	52616	2
48605	53674	2
48605	53696	5
48605	54368	1
48605	55470	4
48605	56223	2
48605	56554	11
48605	56583	5
48605	56936	6
48605	56954	2
48605	57001	8
48605	57325	3
48605	57382	1
48605	57587	7
48605	57593	1
48605	57631	3
48605	57822	4
48605	57825	6
48605	57832	2
48605	57878	6
48605	58401	7
48605	58477	7
48605	59087	4
48605	59418	1
48605	59667	1
48605	60025	2
48605	60894	3
48605	61013	6
48605	61242	1
48605	61585	1
48605	62521	30
48605	62563	1
48605	62596	3
48605	62605	6
48605	62619	3
48605	62650	10
48605	62696	3
48605	62762	3
48605	62799	8
48605	62828	4
48605	62860	1
48605	62898	8
48605	63525	5
48605	63933	17
48605	64294	10
48605	64532	1
48605	64552	68
48605	64569	1
48605	64744	4
48605	64805	6
48605	65135	1
48605	65157	3
48605	65180	10
48605	65190	4
48605	65477	10
48605	65568	16
48605	65588	7
48605	65594	56
48605	65605	1
48605	65679	34
48605	65730	2
48605	65757	3
48605	66003	3
48605	66040	1
48605	66266	2
48605	66433	1
48605	66472	15
48605	67129	5
48605	67147	5
48605	67165	3
48605	67189	6
48605	67209	3
48605	67215	3
48605	67249	5
48605	67277	3
48605	67285	3
48605	67308	10
48605	67336	7
48605	67371	7
48605	67422	4
48605	67494	1
48605	67653	3
48605	67670	2
48605	67733	19
48605	67768	8
48605	68095	1
49095	49810	1
49095	49871	2
49095	49979	8
49095	50157	4
49095	50163	1
49095	51999	6
49095	52182	12
49095	52196	2
49095	52616	1
49095	53674	6
49095	53696	12
49095	54239	1
49095	54248	4
49095	54368	2
49095	54857	1
49095	54884	2
49095	55157	11
49095	55288	1
49095	55378	1
49095	55415	2
49095	55470	29
49095	55762	18
49095	56088	3
49095	56117	1
49095	56223	13
49095	56304	7
49095	56540	4
49095	56554	28
49095	56583	19
49095	56936	25
49095	56954	1
49095	57001	5
49095	57325	14
49095	57382	50
49095	57587	18
49095	57593	4
49095	57631	1
49095	57742	3
49095	57822	40
49095	57825	83
49095	57832	1
49095	57878	19
49095	57957	4
49095	58401	82
49095	58477	22
49095	59087	22
49095	59418	5
49095	59667	27
49095	60025	9
49095	60096	3
49095	60326	17
49095	60894	8
49095	60976	6
49095	61013	10
49095	61242	3
49095	62521	60
49095	62563	3
49095	62582	1
49095	62596	2
49095	62605	25
49095	62619	11
49095	62650	12
49095	62696	6
49095	62762	5
49095	62791	2
49095	62799	13
49095	62828	12
49095	62860	6
49095	62898	34
49095	63525	3
49095	63932	1
49095	63933	75
49095	64294	16
49095	64532	2
49095	64552	202
49095	64569	2
49095	64675	1
49095	64726	6
49095	64744	5
49095	64805	18
49095	65135	2
49095	65150	5
49095	65180	13
49095	65190	5
49095	65399	9
49095	65477	18
49095	65505	2
49095	65568	39
49095	65588	11
49095	65594	203
49095	65605	2
49095	65679	78
49095	65730	7
49095	66003	10
49095	66040	3
49095	66266	16
49095	66433	8
49095	66472	5
49095	66804	30
49095	67129	1
49095	67147	6
49095	67165	10
49095	67189	10
49095	67209	4
49095	67249	6
49095	67260	1
49095	67268	3
49095	67277	3
49095	67285	4
49095	67308	19
49095	67336	26
49095	67371	5
49095	67422	5
49095	67474	3
49095	67482	2
49095	67494	6
49095	67653	6
49095	67670	2
49095	67733	21
49095	67768	22
49095	68095	4
49810	49979	2
49810	50157	10
49810	50163	26
49810	51999	7
49810	52125	15
49810	52182	31
49810	52196	1
49810	52414	61
49810	52616	1
49810	53674	1
49810	53696	2
49810	53953	6
49810	54239	2
49810	54248	4
49810	54884	4
49810	55157	2
49810	55378	3
49810	55470	76
49810	56117	1
49810	56223	3
49810	56304	4
49810	56540	1
49810	56554	49
49810	56936	10
49810	56954	1
49810	57001	1
49810	57325	12
49810	57374	19
49810	57382	6
49810	57593	2
49810	57631	2
49810	57645	2
49810	57742	1
49810	57822	30
49810	57825	1
49810	57832	1
49810	57878	5
49810	58477	10
49810	59087	21
49810	59418	11
49810	59667	9
49810	59727	3
49810	60025	2
49810	60096	1
49810	60326	145
49810	60894	19
49810	60976	85
49810	61242	16
49810	61697	8
49810	62521	1
49810	62563	24
49810	62582	3
49810	62605	1
49810	62619	1
49810	62650	3
49810	62696	4
49810	62762	6
49810	62791	4
49810	62799	3
49810	62828	3
49810	62860	17
49810	62898	4
49810	63525	2
49810	63932	4
49810	63933	4
49810	64294	2
49810	64552	13
49810	64569	4
49810	64675	16
49810	64726	2
49810	64744	3
49810	64805	1
49810	65190	8
49810	65399	4
49810	65505	32
49810	65605	1
49810	65623	1
49810	65679	10
49810	65730	2
49810	66003	10
49810	66237	1
49810	66266	10
49810	66433	2
49810	66472	3
49810	66504	3
49810	66804	14
49810	67129	2
49810	67165	2
49810	67189	3
49810	67209	1
49810	67215	2
49810	67249	3
49810	67260	2
49810	67277	3
49810	67285	2
49810	67308	11
49810	67336	15
49810	67371	1
49810	67422	2
49810	67494	1
49810	67653	4
49810	67768	3
49810	68095	7
49871	49979	2
49871	50157	7
49871	50163	1
49871	51999	4
49871	52182	15
49871	52616	2
49871	53674	6
49871	53696	3
49871	54239	1
49871	54248	1
49871	55157	4
49871	55378	1
49871	55415	3
49871	55470	4
49871	56088	2
49871	56117	2
49871	56223	2
49871	56304	4
49871	56554	14
49871	56583	3
49871	56936	2
49871	56954	2
49871	57001	1
49871	57208	1
49871	57325	1
49871	57587	2
49871	57631	2
49871	57822	2
49871	57825	4
49871	58401	3
49871	58477	23
49871	59087	4
49871	59667	16
49871	60025	1
49871	60894	11
49871	61013	2
49871	61585	4
49871	62521	8
49871	62563	3
49871	62619	8
49871	62650	5
49871	62696	8
49871	62762	6
49871	62791	2
49871	62799	4
49871	62828	4
49871	62860	10
49871	62898	4
49871	63932	1
49871	63933	28
49871	64294	7
49871	64532	2
49871	64552	17
49871	64744	14
49871	64805	6
49871	65135	2
49871	65157	1
49871	65180	4
49871	65477	10
49871	65568	5
49871	65588	3
49871	65594	23
49871	65605	2
49871	65679	9
49871	65730	2
49871	65757	4
49871	66003	14
49871	66266	6
49871	66433	2
49871	66472	5
49871	67129	1
49871	67165	9
49871	67189	2
49871	67209	3
49871	67249	6
49871	67260	1
49871	67277	4
49871	67285	6
49871	67308	5
49871	67336	3
49871	67371	4
49871	67422	1
49871	67494	3
49871	67653	3
49871	67670	1
49871	67733	9
49871	67768	12
49979	50157	13
49979	50163	2
49979	51999	29
49979	52125	2
49979	52182	84
49979	52196	1
49979	53674	5
49979	53696	2
49979	54239	3
49979	54248	4
49979	54368	1
49979	54857	4
49979	54884	4
49979	55157	12
49979	55288	6
49979	55378	24
49979	55415	3
49979	55470	26
49979	55693	4
49979	55762	9
49979	56088	11
49979	56117	17
49979	56223	2
49979	56304	3
49979	56540	6
49979	56554	70
49979	56583	5
49979	56936	13
49979	57001	1
49979	57208	12
49979	57325	12
49979	57374	12
49979	57382	12
49979	57587	1
49979	57593	6
49979	57631	2
49979	57742	42
49979	57822	56
49979	57825	2
49979	57832	3
49979	57957	3
49979	58401	1
49979	58477	62
49979	59087	52
49979	59418	4
49979	59667	12
49979	59727	2
49979	60025	6
49979	60096	16
49979	60326	13
49979	60894	58
49979	60976	26
49979	61013	2
49979	61242	3
49979	61279	5
49979	61585	6
49979	61697	5
49979	62162	6
49979	62521	11
49979	62563	1
49979	62582	2
49979	62596	4
49979	62605	1
49979	62619	2
49979	62650	5
49979	62696	7
49979	62799	3
49979	62828	1
49979	62860	2
49979	62898	12
49979	63525	8
49979	63932	15
49979	63933	10
49979	64231	37
49979	64294	6
49979	64552	35
49979	64569	1
49979	64610	2
49979	64675	3
49979	64726	8
49979	64744	18
49979	64805	10
49979	65150	7
49979	65157	1
49979	65180	8
49979	65477	6
49979	65505	2
49979	65568	7
49979	65588	2
49979	65594	26
49979	65623	1
49979	65679	9
49979	65730	1
49979	65757	11
49979	66003	102
49979	66040	42
49979	66237	1
49979	66266	8
49979	66433	4
49979	66472	3
49979	66804	8
49979	67058	4
49979	67129	1
49979	67147	3
49979	67165	2
49979	67189	1
49979	67215	1
49979	67268	2
49979	67277	1
49979	67308	5
49979	67336	1
49979	67371	7
49979	67422	1
49979	67474	3
49979	67482	1
49979	67653	3
49979	67768	2
49979	67980	6
50157	50163	2
50157	51999	17
50157	52125	2
50157	52182	6
50157	52196	1
50157	52414	2
50157	52616	6
50157	53674	35
50157	53696	4
50157	53953	1
50157	54248	3
50157	54368	1
50157	54857	1
50157	55157	1
50157	55288	13
50157	55378	5
50157	55415	3
50157	55470	10
50157	55762	12
50157	56117	2
50157	56223	2
50157	56304	36
50157	56540	9
50157	56554	28
50157	56583	9
50157	56936	15
50157	57001	4
50157	57208	11
50157	57325	2
50157	57374	3
50157	57382	1
50157	57631	7
50157	57742	2
50157	57822	9
50157	57825	7
50157	57832	6
50157	57878	12
50157	57957	2
50157	58401	14
50157	58477	3
50157	59087	3
50157	59418	3
50157	59667	1
50157	59727	6
50157	60025	1
50157	60096	2
50157	60326	4
50157	60894	39
50157	60976	3
50157	61013	3
50157	61279	2
50157	61585	40
50157	61697	3
50157	62521	13
50157	62582	2
50157	62596	7
50157	62605	2
50157	62619	7
50157	62650	3
50157	62696	8
50157	62762	1
50157	62791	1
50157	62799	1
50157	62828	5
50157	62860	7
50157	62898	8
50157	63525	10
50157	63932	28
50157	63933	27
50157	64294	5
50157	64552	15
50157	64610	1
50157	64675	1
50157	64726	9
50157	64744	2
50157	64805	12
50157	65135	2
50157	65180	31
50157	65477	6
50157	65568	2
50157	65588	3
50157	65594	22
50157	65605	1
50157	65623	5
50157	65679	14
50157	66003	12
50157	66266	3
50157	66351	2
50157	66433	1
50157	66472	18
50157	66504	8
50157	67129	3
50157	67147	2
50157	67165	3
50157	67189	10
50157	67215	2
50157	67249	12
50157	67260	2
50157	67268	3
50157	67277	2
50157	67285	8
50157	67308	5
50157	67336	7
50157	67371	4
50157	67474	26
50157	67494	4
50157	67653	4
50157	67670	3
50157	67733	1
50157	67768	15
50157	67977	1
50157	67980	1
50157	68095	1
50163	51999	6
50163	52125	122
50163	52182	32
50163	52196	10
50163	52414	35
50163	52616	5
50163	53953	78
50163	54239	10
50163	54248	5
50163	54857	24
50163	54884	7
50163	55157	13
50163	55288	8
50163	55415	3
50163	55470	84
50163	55762	15
50163	56088	4
50163	56117	5
50163	56223	7
50163	56540	21
50163	56554	59
50163	56583	1
50163	56936	5
50163	57208	2
50163	57325	22
50163	57374	71
50163	57382	51
50163	57593	2
50163	57631	2
50163	57645	7
50163	57742	2
50163	57822	17
50163	57825	3
50163	57832	1
50163	57878	1
50163	58477	5
50163	59087	18
50163	59418	2
50163	59667	13
50163	59727	2
50163	60025	1
50163	60096	3
50163	60326	218
50163	60894	26
50163	60976	52
50163	61242	4
50163	62563	7
50163	62582	1
50163	62605	13
50163	62619	1
50163	62650	30
50163	62696	2
50163	62762	13
50163	62791	1
50163	62799	4
50163	62828	5
50163	62860	3
50163	62898	19
50163	63525	8
50163	63932	10
50163	63933	2
50163	64532	12
50163	64552	6
50163	64569	4
50163	64675	21
50163	64744	1
50163	65157	1
50163	65180	2
50163	65190	1
50163	65399	1
50163	65477	2
50163	65505	58
50163	65524	2
50163	65568	1
50163	65588	4
50163	65594	3
50163	65605	13
50163	65623	1
50163	65679	16
50163	65730	233
50163	65757	3
50163	66003	3
50163	66237	9
50163	66266	19
50163	66433	1
50163	66472	6
50163	66504	14
50163	66804	3
50163	67129	1
50163	67165	13
50163	67189	4
50163	67215	2
50163	67249	1
50163	67260	1
50163	67268	2
50163	67277	13
50163	67285	12
50163	67308	126
50163	67336	3
50163	67371	1
50163	67422	24
50163	67482	12
50163	67494	2
50163	67653	2
50163	67670	17
50163	67768	1
50163	68095	23
50245	50644	1
50245	51999	27
50245	52182	11
50245	52196	1
50245	52294	2
50245	52616	1
50245	53696	4
50245	54239	1
50245	54248	39
50245	54368	2
50245	54857	5
50245	55378	3
50245	55415	11
50245	56117	39
50245	56540	2
50245	56554	103
50245	56936	4
50245	56954	1
50245	57001	1
50245	57645	1
50245	57822	7
50245	57832	1
50245	59087	71
50245	59727	5
50245	61279	6
50245	61697	1
50245	62162	2
50245	62563	1
50245	62582	3
50245	62596	6
50245	62650	8
50245	62696	2
50245	62762	5
50245	62799	3
50245	62828	4
50245	62860	6
50245	62898	1
50245	64610	2
50245	65157	4
50245	65190	3
50245	65477	3
50245	65505	1
50245	65524	3
50245	65568	2
50245	65588	2
50245	65623	1
50245	65757	6
50245	66351	1
50245	66804	3
50245	67058	10
50245	67147	1
50245	67165	2
50245	67215	2
50245	67277	1
50245	67308	3
50245	67336	3
50245	67371	1
50245	67422	2
50245	67977	1
50644	51999	22
50644	52182	28
50644	52616	1
50644	53696	2
50644	54248	17
50644	54368	1
50644	54857	1
50644	55157	2
50644	55288	11
50644	55378	8
50644	55415	5
50644	55470	1
50644	55762	1
50644	56088	4
50644	56117	16
50644	56554	17
50644	56936	4
50644	56954	1
50644	57001	1
50644	57587	1
50644	57631	1
50644	57645	4
50644	57822	5
50644	57825	1
50644	57832	1
50644	58401	2
50644	58477	4
50644	59087	34
50644	59667	1
50644	59727	2
50644	60326	1
50644	60894	6
50644	61242	1
50644	61279	1
50644	61697	1
50644	62162	3
50644	62563	1
50644	62582	4
50644	62596	4
50644	62619	4
50644	62650	35
50644	62696	18
50644	62762	5
50644	62791	2
50644	62799	8
50644	62828	15
50644	62860	14
50644	62898	2
50644	63525	2
50644	63932	1
50644	64552	3
50644	64569	5
50644	64610	8
50644	65135	1
50644	65157	12
50644	65477	10
50644	65524	2
50644	65679	2
50644	65757	14
50644	66266	4
50644	66351	2
50644	66504	8
50644	66804	1
50644	67058	1
50644	67147	3
50644	67165	3
50644	67189	2
50644	67209	1
50644	67215	2
50644	67249	2
50644	67260	2
50644	67268	2
50644	67285	5
50644	67308	3
50644	67336	17
50644	67371	2
50644	67422	2
50644	67494	1
50644	67977	1
50644	67980	1
50644	68095	1
51999	52125	6
51999	52182	184
51999	52196	25
51999	52294	38
51999	52414	5
51999	52616	35
51999	53674	16
51999	53696	10
51999	53953	2
51999	54239	28
51999	54248	130
51999	54368	26
51999	54857	23
51999	54884	9
51999	55157	37
51999	55288	53
51999	55378	24
51999	55415	51
51999	55470	32
51999	55693	28
51999	55762	30
51999	56088	25
51999	56117	105
51999	56223	11
51999	56304	2
51999	56540	21
51999	56554	243
51999	56583	3
51999	56936	43
51999	56954	10
51999	57001	19
51999	57208	9
51999	57325	15
51999	57374	9
51999	57587	2
51999	57593	11
51999	57631	9
51999	57645	32
51999	57742	6
51999	57822	100
51999	57825	9
51999	57832	12
51999	57878	12
51999	57957	7
51999	58401	1
51999	58477	54
51999	59087	132
51999	59418	17
51999	59667	17
51999	59727	43
51999	60025	3
51999	60096	9
51999	60326	19
51999	60894	103
51999	60976	15
51999	61013	2
51999	61242	17
51999	61279	58
51999	61585	23
51999	61697	15
51999	62162	5
51999	62521	10
51999	62563	14
51999	62582	37
51999	62596	15
51999	62605	6
51999	62619	26
51999	62650	157
51999	62696	51
51999	62762	19
51999	62791	3
51999	62799	32
51999	62828	41
51999	62860	62
51999	62898	44
51999	63525	102
51999	63932	65
51999	63933	18
51999	64231	37
51999	64294	5
51999	64532	16
51999	64552	33
51999	64569	11
51999	64610	26
51999	64675	10
51999	64726	9
51999	64744	9
51999	64805	4
51999	65135	7
51999	65150	10
51999	65157	15
51999	65180	11
51999	65190	21
51999	65399	7
51999	65477	30
51999	65505	5
51999	65524	5
51999	65568	24
51999	65588	15
51999	65594	29
51999	65605	15
51999	65623	28
51999	65679	25
51999	65730	2
51999	65757	60
51999	66003	119
51999	66040	46
51999	66237	27
51999	66266	31
51999	66351	20
51999	66433	6
51999	66472	14
51999	66504	32
51999	66804	12
51999	67058	6
51999	67129	15
51999	67147	13
51999	67165	42
51999	67189	35
51999	67209	8
51999	67215	27
51999	67249	12
51999	67260	5
51999	67268	9
51999	67277	12
51999	67285	14
51999	67308	25
51999	67336	48
51999	67371	15
51999	67422	5
51999	67474	3
51999	67482	15
51999	67494	20
51999	67653	11
51999	67670	7
51999	67733	9
51999	67768	21
51999	67977	39
51999	67980	66
52125	52182	10
52125	52196	3
52125	52414	13
52125	53953	31
52125	54239	2
52125	54857	9
52125	55157	6
52125	55378	2
52125	55415	1
52125	55470	32
52125	55762	10
52125	56088	3
52125	56117	3
52125	56540	19
52125	56554	23
52125	56936	1
52125	57325	3
52125	57374	21
52125	57382	4
52125	57822	6
52125	57832	1
52125	58477	3
52125	59087	9
52125	59418	1
52125	59667	1
52125	60326	52
52125	60894	11
52125	60976	21
52125	61242	2
52125	61279	1
52125	62563	4
52125	62605	4
52125	62650	6
52125	62696	4
52125	62762	4
52125	62828	9
52125	62898	5
52125	63525	1
52125	63932	2
52125	64532	4
52125	64552	5
52125	64569	1
52125	64675	3
52125	64744	1
52125	65505	21
52125	65568	1
52125	65588	2
52125	65594	2
52125	65605	4
52125	65679	4
52125	65730	80
52125	66003	19
52125	66237	7
52125	66266	1
52125	66504	4
52125	67165	4
52125	67260	2
52125	67268	1
52125	67277	4
52125	67285	4
52125	67308	42
52125	67422	8
52125	67482	4
52125	67670	4
52125	67768	2
52125	68095	6
52182	52196	13
52182	52294	17
52182	52414	25
52182	52616	39
52182	53674	5
52182	53696	7
52182	53953	7
52182	54239	38
52182	54248	173
52182	54368	28
52182	54857	27
52182	54884	53
52182	55157	81
52182	55288	170
52182	55378	50
52182	55415	69
52182	55470	96
52182	55693	59
52182	55762	51
52182	56088	51
52182	56117	158
52182	56223	34
52182	56304	5
52182	56540	34
52182	56554	522
52182	56583	5
52182	56936	28
52182	56954	2
52182	57001	4
52182	57208	16
52182	57325	75
52182	57374	50
52182	57382	29
52182	57587	3
52182	57593	17
52182	57631	15
52182	57645	28
52182	57742	24
52182	57822	114
52182	57825	14
52182	57832	41
52182	57878	8
52182	57957	12
52182	58401	4
52182	58477	147
52182	59087	292
52182	59418	15
52182	59667	46
52182	59727	42
52182	60025	16
52182	60096	20
52182	60326	126
52182	60894	206
52182	60976	97
52182	61013	5
52182	61242	34
52182	61279	27
52182	61585	20
52182	61697	49
52182	62162	41
52182	62521	2
52182	62563	12
52182	62582	68
52182	62596	11
52182	62605	2
52182	62619	12
52182	62650	90
52182	62696	28
52182	62762	15
52182	62791	10
52182	62799	31
52182	62828	46
52182	62860	74
52182	62898	27
52182	63525	65
52182	63932	46
52182	63933	45
52182	64231	31
52182	64294	10
52182	64532	5
52182	64552	31
52182	64569	8
52182	64610	37
52182	64675	26
52182	64726	56
52182	64744	25
52182	64805	3
52182	65135	5
52182	65150	17
52182	65157	19
52182	65180	9
52182	65190	5
52182	65399	19
52182	65477	28
52182	65505	14
52182	65524	6
52182	65568	21
52182	65588	19
52182	65594	28
52182	65605	7
52182	65623	5
52182	65679	27
52182	65730	5
52182	65757	26
52182	66003	100
52182	66040	31
52182	66237	26
52182	66266	98
52182	66351	41
52182	66433	13
52182	66472	2
52182	66504	25
52182	66804	27
52182	67058	13
52182	67129	8
52182	67147	5
52182	67165	39
52182	67189	20
52182	67209	4
52182	67215	10
52182	67249	12
52182	67260	14
52182	67268	10
52182	67277	6
52182	67285	17
52182	67308	34
52182	67336	65
52182	67371	9
52182	67422	11
52182	67474	6
52182	67482	15
52182	67494	6
52182	67653	7
52182	67670	11
52182	67733	9
52182	67768	20
52182	67977	7
52182	67980	32
52182	68095	9
52196	52294	4
52196	52414	4
52196	52616	5
52196	53953	2
52196	54239	5
52196	54248	3
52196	54368	3
52196	54857	12
52196	55157	4
52196	55288	6
52196	55378	3
52196	55415	1
52196	55470	5
52196	55693	1
52196	55762	8
52196	56088	1
52196	56117	7
52196	56223	2
52196	56540	12
52196	56554	16
52196	56936	3
52196	57001	1
52196	57325	4
52196	57593	2
52196	57631	5
52196	57645	22
52196	57822	8
52196	57832	2
52196	57878	1
52196	58477	5
52196	59087	17
52196	59418	2
52196	59727	7
52196	60096	1
52196	60326	3
52196	60894	8
52196	60976	1
52196	61013	1
52196	61242	1
52196	61279	3
52196	61697	1
52196	62162	3
52196	62582	5
52196	62605	2
52196	62619	2
52196	62762	3
52196	62799	3
52196	62828	9
52196	62860	8
52196	62898	2
52196	63525	8
52196	63932	6
52196	63933	1
52196	64552	4
52196	64569	1
52196	64744	2
52196	65157	1
52196	65399	1
52196	65477	3
52196	65505	1
52196	65568	2
52196	65588	3
52196	65605	2
52196	65679	3
52196	65730	1
52196	65757	1
52196	66003	4
52196	66237	29
52196	66266	3
52196	66351	1
52196	66433	1
52196	66804	3
52196	67129	1
52196	67165	2
52196	67189	1
52196	67260	1
52196	67285	4
52196	67336	5
52196	67474	2
52196	67653	2
52196	67670	9
52196	67980	1
52196	68095	1
52294	54248	10
52294	54368	1
52294	54857	10
52294	55378	5
52294	55470	2
52294	56223	1
52294	56540	1
52294	56554	8
52294	56936	6
52294	57001	1
52294	57631	3
52294	57645	4
52294	57822	1
52294	58401	4
52294	58477	2
52294	59087	3
52294	59667	3
52294	60326	1
52294	60894	1
52294	62605	4
52294	62619	3
52294	62650	3
52294	62696	1
52294	62762	2
52294	62799	8
52294	62828	2
52294	62860	3
52294	62898	2
52294	63932	2
52294	64610	1
52294	64744	1
52294	65399	54
52294	65505	1
52294	65568	6
52294	65605	22
52294	65623	6
52294	65679	13
52294	66237	4
52294	66266	7
52294	66351	1
52294	66804	92
52294	67215	6
52294	67260	1
52294	67285	1
52294	67308	2
52294	67371	12
52414	53696	2
52414	53953	54
52414	54239	3
52414	54248	2
52414	54857	1
52414	54884	29
52414	55157	5
52414	55378	2
52414	55415	4
52414	55470	83
52414	56088	2
52414	56117	5
52414	56223	1
52414	56304	2
52414	56540	2
52414	56554	72
52414	56583	2
52414	56936	7
52414	57208	1
52414	57325	10
52414	57374	29
52414	57382	1
52414	57631	4
52414	57822	15
52414	57878	1
52414	57957	4
52414	58477	3
52414	59087	11
52414	59418	12
52414	59667	3
52414	59727	2
52414	60025	2
52414	60326	290
52414	60894	12
52414	60976	234
52414	61242	25
52414	61697	4
52414	62162	2
52414	62563	58
52414	62582	3
52414	62596	2
52414	62650	4
52414	62696	5
52414	62762	3
52414	62791	1
52414	62799	2
52414	62828	6
52414	62860	25
52414	62898	1
52414	63932	1
52414	63933	2
52414	64552	4
52414	64675	28
52414	64726	1
52414	65135	2
52414	65190	3
52414	65505	35
52414	65524	1
52414	65568	1
52414	65588	6
52414	65594	3
52414	65605	10
52414	65623	1
52414	65679	11
52414	65730	12
52414	66003	4
52414	66237	2
52414	66266	15
52414	66433	2
52414	66472	3
52414	67129	2
52414	67165	4
52414	67189	9
52414	67215	7
52414	67249	5
52414	67268	2
52414	67308	10
52414	67336	31
52414	67371	3
52414	67422	4
52414	67474	5
52414	67494	2
52414	67653	6
52414	67733	1
52414	67768	2
52414	68095	8
52616	53674	2
52616	53696	3
52616	54239	2
52616	54248	28
52616	54368	4
52616	54857	4
52616	55157	7
52616	55288	45
52616	55378	3
52616	55415	23
52616	55470	7
52616	55693	2
52616	55762	27
52616	56117	43
52616	56223	2
52616	56540	9
52616	56554	67
52616	56583	1
52616	56936	5
52616	56954	2
52616	57001	3
52616	57325	1
52616	57374	1
52616	57382	28
52616	57587	1
52616	57593	6
52616	57631	4
52616	57645	8
52616	57742	1
52616	57822	12
52616	57825	1
52616	57832	18
52616	57878	5
52616	57957	5
52616	58401	1
52616	58477	2
52616	59087	11
52616	59418	3
52616	59667	2
52616	59727	32
52616	60025	6
52616	60096	1
52616	60326	6
52616	60894	27
52616	60976	3
52616	61242	3
52616	61279	5
52616	61585	9
52616	61697	5
52616	62162	2
52616	62521	2
52616	62582	1
52616	62596	1
52616	62650	4
52616	62696	6
52616	62762	1
52616	62791	1
52616	62799	5
52616	62828	4
52616	62860	14
52616	62898	2
52616	63525	11
52616	63932	4
52616	63933	4
52616	64231	1
52616	64294	2
52616	64532	2
52616	64552	6
52616	64569	3
52616	64610	4
52616	65157	1
52616	65180	2
52616	65190	1
52616	65399	1
52616	65477	3
52616	65524	1
52616	65568	2
52616	65588	5
52616	65594	1
52616	65623	3
52616	65679	2
52616	65757	3
52616	66003	2
52616	66237	10
52616	66266	2
52616	66351	6
52616	66433	1
52616	66472	2
52616	66504	6
52616	66804	2
52616	67129	3
52616	67165	5
52616	67189	5
52616	67215	4
52616	67249	2
52616	67268	4
52616	67285	2
52616	67308	5
52616	67336	5
52616	67371	3
52616	67422	2
52616	67482	10
52616	67494	3
52616	67653	2
52616	67768	2
52616	67977	1
52616	67980	8
52616	68095	1
53674	53696	2
53674	55157	2
53674	55288	1
53674	55378	1
53674	55415	2
53674	55470	2
53674	55762	1
53674	56088	1
53674	56117	2
53674	56223	3
53674	56304	3
53674	56540	1
53674	56554	9
53674	56583	4
53674	56936	11
53674	56954	2
53674	57325	1
53674	57587	1
53674	57631	2
53674	57645	1
53674	57822	3
53674	57825	4
53674	57832	2
53674	57878	1
53674	57957	1
53674	58401	2
53674	58477	6
53674	59087	3
53674	59727	2
53674	60894	6
53674	61013	4
53674	61585	4
53674	62521	30
53674	62563	2
53674	62596	2
53674	62605	2
53674	62619	7
53674	62650	1
53674	62696	7
53674	62762	1
53674	62791	2
53674	62799	3
53674	62828	5
53674	62860	4
53674	62898	9
53674	63525	2
53674	63932	5
53674	63933	14
53674	64294	7
53674	64532	2
53674	64552	32
53674	64569	1
53674	64744	3
53674	64805	7
53674	65135	2
53674	65180	10
53674	65190	1
53674	65477	11
53674	65568	8
53674	65588	5
53674	65594	27
53674	65605	1
53674	65623	1
53674	65679	16
53674	65730	3
53674	66003	23
53674	66266	2
53674	66472	4
53674	66504	1
53674	67129	2
53674	67147	3
53674	67165	5
53674	67189	1
53674	67209	3
53674	67249	9
53674	67285	10
53674	67308	3
53674	67336	4
53674	67371	1
53674	67422	2
53674	67482	1
53674	67494	4
53674	67653	1
53674	67670	1
53674	67733	6
53674	67768	17
53674	67980	1
53674	68095	2
53696	54239	1
53696	54248	11
53696	54857	4
53696	55157	2
53696	55288	1
53696	55378	5
53696	55415	2
53696	55470	6
53696	55762	6
53696	56117	4
53696	56223	1
53696	56304	1
53696	56554	10
53696	56583	1
53696	56936	3
53696	57001	6
53696	57208	1
53696	57374	4
53696	57382	1
53696	57587	3
53696	57645	2
53696	57742	1
53696	57822	9
53696	57825	2
53696	57878	1
53696	58401	1
53696	58477	5
53696	59087	7
53696	59418	1
53696	60025	1
53696	60326	6
53696	60894	1
53696	60976	5
53696	61013	1
53696	61242	5
53696	61279	1
53696	62521	12
53696	62563	9
53696	62582	5
53696	62596	6
53696	62619	7
53696	62650	21
53696	62696	11
53696	62762	3
53696	62791	4
53696	62799	8
53696	62828	8
53696	62860	6
53696	62898	15
53696	63932	1
53696	63933	18
53696	64294	9
53696	64532	3
53696	64552	24
53696	64569	2
53696	64610	2
53696	64675	1
53696	64744	2
53696	64805	2
53696	65135	1
53696	65157	3
53696	65180	2
53696	65190	1
53696	65477	12
53696	65524	5
53696	65568	7
53696	65588	4
53696	65594	15
53696	65605	5
53696	65623	1
53696	65679	11
53696	65730	6
53696	65757	2
53696	66003	16
53696	66266	1
53696	66351	4
53696	66433	4
53696	66472	9
53696	66504	2
53696	67129	4
53696	67147	2
53696	67165	8
53696	67189	5
53696	67209	5
53696	67215	4
53696	67249	7
53696	67260	2
53696	67268	1
53696	67277	3
53696	67285	13
53696	67308	20
53696	67336	13
53696	67371	5
53696	67422	2
53696	67482	3
53696	67494	4
53696	67653	5
53696	67670	6
53696	67733	5
53696	67768	6
53953	54239	1
53953	54857	3
53953	54884	2
53953	55157	3
53953	55470	32
53953	55762	1
53953	56117	6
53953	56540	6
53953	56554	40
53953	56936	1
53953	57325	5
53953	57374	22
53953	57382	1
53953	57822	3
53953	57878	1
53953	58477	1
53953	59087	2
53953	59418	6
53953	60025	2
53953	60096	1
53953	60326	61
53953	60894	3
53953	60976	52
53953	61242	10
53953	62162	4
53953	62563	4
53953	62582	1
53953	62605	3
53953	62650	7
53953	62696	5
53953	62762	4
53953	62828	1
53953	62860	5
53953	62898	3
53953	63525	1
53953	63932	2
53953	64532	3
53953	64552	1
53953	64675	6
53953	64726	2
53953	65505	5
53953	65568	2
53953	65605	5
53953	65623	2
53953	65679	3
53953	65730	57
53953	66003	3
53953	66237	1
53953	66266	4
53953	66504	3
53953	67165	3
53953	67189	3
53953	67215	2
53953	67249	1
53953	67277	3
53953	67285	3
53953	67308	35
53953	67336	2
53953	67371	1
53953	67422	6
53953	67482	3
53953	67653	1
53953	67670	2
53953	67768	1
53953	68095	5
54239	54248	12
54239	54857	4
54239	55157	3
54239	55288	5
54239	55378	11
54239	55415	8
54239	55470	11
54239	56088	1
54239	56117	9
54239	56223	6
54239	56304	1
54239	56540	2
54239	56554	27
54239	56583	1
54239	56936	2
54239	57001	2
54239	57325	3
54239	57374	4
54239	57631	1
54239	57645	4
54239	57822	8
54239	57832	4
54239	57957	2
54239	58477	13
54239	59087	22
54239	59418	1
54239	59667	7
54239	59727	2
54239	60025	2
54239	60096	1
54239	60326	16
54239	60894	10
54239	60976	5
54239	61242	10
54239	61279	10
54239	61585	1
54239	61697	2
54239	62162	55
54239	62563	2
54239	62582	6
54239	62596	2
54239	62650	27
54239	62696	4
54239	62762	4
54239	62799	4
54239	62828	5
54239	62860	11
54239	62898	7
54239	63525	1
54239	63932	8
54239	63933	5
54239	64231	6
54239	64294	1
54239	64552	2
54239	64569	2
54239	64610	3
54239	64675	4
54239	64744	1
54239	64805	1
54239	65150	3
54239	65157	1
54239	65190	5
54239	65399	6
54239	65477	3
54239	65505	3
54239	65524	4
54239	65568	1
54239	65588	2
54239	65605	3
54239	65623	2
54239	65679	2
54239	65757	6
54239	66003	7
54239	66040	7
54239	66237	1
54239	66266	4
54239	66351	6
54239	66433	4
54239	66504	1
54239	66804	7
54239	67058	1
54239	67129	4
54239	67165	6
54239	67189	5
54239	67260	15
54239	67268	1
54239	67277	4
54239	67285	2
54239	67308	5
54239	67336	10
54239	67371	7
54239	67422	4
54239	67474	1
54239	67494	2
54239	67653	1
54239	67768	2
54239	67977	1
54239	67980	1
54248	54368	18
54248	54857	11
54248	54884	1
54248	55157	17
54248	55288	30
54248	55378	29
54248	55415	33
54248	55470	16
54248	55693	11
54248	55762	3
54248	56088	10
54248	56117	130
54248	56223	4
54248	56304	5
54248	56540	10
54248	56554	301
54248	56936	17
54248	56954	4
54248	57001	4
54248	57208	5
54248	57325	7
54248	57374	2
54248	57587	1
54248	57593	3
54248	57631	3
54248	57645	16
54248	57742	4
54248	57822	63
54248	57832	13
54248	57878	3
54248	57957	2
54248	58401	1
54248	58477	8
54248	59087	161
54248	59418	2
54248	59667	10
54248	59727	39
54248	60096	7
54248	60326	9
54248	60894	57
54248	60976	7
54248	61013	1
54248	61242	9
54248	61279	12
54248	61585	5
54248	61697	11
54248	62162	14
54248	62563	6
54248	62582	31
54248	62596	13
54248	62605	5
54248	62619	18
54248	62650	134
54248	62696	38
54248	62762	18
54248	62791	3
54248	62799	32
54248	62828	25
54248	62860	47
54248	62898	32
54248	63525	29
54248	63932	16
54248	63933	1
54248	64231	3
54248	64532	5
54248	64552	11
54248	64569	4
54248	64610	33
54248	64675	8
54248	64726	3
54248	64744	4
54248	64805	1
54248	65135	4
54248	65150	1
54248	65157	29
54248	65180	3
54248	65190	9
54248	65399	8
54248	65477	27
54248	65505	7
54248	65524	11
54248	65568	10
54248	65588	7
54248	65605	3
54248	65623	14
54248	65679	6
54248	65730	5
54248	65757	18
54248	66003	16
54248	66237	8
54248	66266	14
54248	66351	30
54248	66433	9
54248	66504	19
54248	66804	18
54248	67058	14
54248	67129	2
54248	67147	5
54248	67165	42
54248	67189	21
54248	67209	10
54248	67215	9
54248	67249	2
54248	67260	5
54248	67268	3
54248	67277	6
54248	67285	14
54248	67308	16
54248	67336	61
54248	67371	7
54248	67422	10
54248	67474	4
54248	67482	2
54248	67494	1
54248	67653	3
54248	67670	3
54248	67733	3
54248	67768	6
54248	67977	9
54248	67980	18
54248	68095	1
54368	55157	1
54368	55288	6
54368	55378	4
54368	55415	1
54368	55470	4
54368	55693	36
54368	56088	2
54368	56117	5
54368	56554	40
54368	56954	2
54368	57001	1
54368	57822	11
54368	57832	1
54368	59087	44
54368	59418	1
54368	59727	6
54368	60326	2
54368	60894	5
54368	60976	3
54368	61242	2
54368	61279	1
54368	62521	1
54368	62563	2
54368	62582	14
54368	62596	1
54368	62619	2
54368	62650	3
54368	62696	3
54368	62799	3
54368	62828	1
54368	62860	2
54368	62898	3
54368	63525	4
54368	63933	1
54368	64231	2
54368	64294	1
54368	64532	1
54368	64552	6
54368	64610	11
54368	64744	2
54368	64805	1
54368	65157	5
54368	65190	4
54368	65477	1
54368	65505	3
54368	65524	3
54368	65568	1
54368	65594	4
54368	65679	6
54368	66003	5
54368	66266	5
54368	66351	6
54368	66504	2
54368	66804	1
54368	67147	1
54368	67165	6
54368	67215	5
54368	67260	2
54368	67268	1
54368	67277	1
54368	67285	1
54368	67308	11
54368	67336	4
54368	67371	1
54368	67670	2
54368	67733	4
54368	67977	1
54857	54884	5
54857	55157	6
54857	55288	9
54857	55378	12
54857	55415	6
54857	55470	14
54857	55693	2
54857	55762	6
54857	56088	2
54857	56117	8
54857	56223	6
54857	56540	18
54857	56554	29
54857	56936	9
54857	57001	1
54857	57208	1
54857	57325	7
54857	57374	1
54857	57593	3
54857	57631	5
54857	57645	12
54857	57742	1
54857	57822	16
54857	58477	7
54857	59087	23
54857	59418	1
54857	59667	8
54857	59727	12
54857	60025	2
54857	60096	1
54857	60326	23
54857	60894	15
54857	60976	7
54857	61279	1
54857	61585	7
54857	61697	1
54857	62563	2
54857	62582	2
54857	62596	3
54857	62619	2
54857	62650	5
54857	62696	4
54857	62762	9
54857	62828	50
54857	62860	7
54857	62898	3
54857	63525	3
54857	63932	5
54857	63933	2
54857	64231	1
54857	64532	1
54857	64552	6
54857	64569	2
54857	64610	1
54857	64675	3
54857	64726	2
54857	64744	1
54857	65135	2
54857	65157	1
54857	65180	4
54857	65399	5
54857	65477	3
54857	65505	5
54857	65524	2
54857	65568	60
54857	65588	25
54857	65594	1
54857	65605	2
54857	65623	3
54857	65679	2
54857	65730	1
54857	65757	1
54857	66003	10
54857	66040	2
54857	66237	8
54857	66266	7
54857	66351	3
54857	66504	4
54857	66804	19
54857	67058	1
54857	67129	3
54857	67165	5
54857	67189	6
54857	67215	4
54857	67249	1
54857	67268	2
54857	67285	2
54857	67308	2
54857	67336	5
54857	67371	1
54857	67422	1
54857	67482	3
54857	67494	10
54857	67653	1
54857	67670	32
54857	67980	3
54884	55157	11
54884	55288	1
54884	55470	25
54884	56088	3
54884	56223	14
54884	56304	1
54884	56554	30
54884	56583	4
54884	56936	5
54884	57325	15
54884	57374	27
54884	57593	4
54884	57822	8
54884	57825	2
54884	57878	7
54884	58401	4
54884	58477	4
54884	59087	17
54884	59418	1
54884	59727	3
54884	60025	6
54884	60326	74
54884	60894	6
54884	60976	78
54884	61013	3
54884	61242	4
54884	61697	16
54884	62162	2
54884	62563	2
54884	62582	4
54884	62605	2
54884	62619	2
54884	62696	5
54884	62762	5
54884	62791	2
54884	62799	1
54884	62828	4
54884	62860	11
54884	62898	4
54884	63932	1
54884	63933	1
54884	64294	3
54884	64552	6
54884	64726	2
54884	64805	2
54884	65180	2
54884	65399	2
54884	65505	12
54884	65605	2
54884	65679	12
54884	65730	6
54884	66003	2
54884	66266	20
54884	66433	5
54884	66472	3
54884	67129	1
54884	67165	7
54884	67189	3
54884	67215	1
54884	67249	2
54884	67260	2
54884	67268	2
54884	67277	2
54884	67285	4
54884	67308	4
54884	67336	15
54884	67371	10
54884	67422	3
54884	67494	10
54884	67653	4
54884	67733	1
54884	68095	4
55157	55288	28
55157	55378	6
55157	55415	17
55157	55470	33
55157	55693	1
55157	55762	6
55157	56088	17
55157	56117	40
55157	56223	28
55157	56304	4
55157	56540	10
55157	56554	85
55157	56583	4
55157	56936	11
55157	57001	2
55157	57208	10
55157	57325	31
55157	57374	7
55157	57382	28
55157	57587	2
55157	57593	7
55157	57631	5
55157	57645	6
55157	57742	1
55157	57822	38
55157	57825	11
55157	57832	6
55157	57878	2
55157	57957	2
55157	58401	2
55157	58477	52
55157	59087	28
55157	59418	9
55157	59667	35
55157	59727	9
55157	60025	6
55157	60096	22
55157	60326	34
55157	60894	47
55157	60976	31
55157	61013	2
55157	61242	14
55157	61279	5
55157	61585	7
55157	61697	8
55157	62162	4
55157	62521	2
55157	62563	2
55157	62582	2
55157	62605	1
55157	62619	2
55157	62650	2
55157	62696	5
55157	62762	2
55157	62791	2
55157	62799	5
55157	62828	8
55157	62860	4
55157	62898	6
55157	63525	9
55157	63932	6
55157	63933	18
55157	64231	24
55157	64294	2
55157	64532	1
55157	64552	17
55157	64610	3
55157	64675	5
55157	64726	12
55157	64744	6
55157	64805	5
55157	65135	1
55157	65150	5
55157	65157	1
55157	65180	2
55157	65190	1
55157	65399	8
55157	65477	4
55157	65505	6
55157	65568	5
55157	65588	2
55157	65594	12
55157	65605	3
55157	65679	12
55157	65730	2
55157	65757	2
55157	66003	9
55157	66040	22
55157	66237	8
55157	66266	12
55157	66351	3
55157	66433	2
55157	66472	1
55157	66504	1
55157	66804	12
55157	67129	1
55157	67147	1
55157	67165	6
55157	67189	2
55157	67209	1
55157	67215	2
55157	67249	5
55157	67268	2
55157	67277	2
55157	67285	5
55157	67308	9
55157	67336	9
55157	67371	4
55157	67422	1
55157	67482	2
55157	67494	3
55157	67653	3
55157	67670	2
55157	67733	2
55157	67768	8
55157	67980	5
55288	55378	7
55288	55415	60
55288	55470	7
55288	55693	11
55288	55762	22
55288	56088	29
55288	56117	46
55288	56223	8
55288	56304	1
55288	56540	11
55288	56554	137
55288	56936	17
55288	57001	1
55288	57208	4
55288	57325	15
55288	57587	1
55288	57593	32
55288	57631	8
55288	57645	5
55288	57742	5
55288	57822	28
55288	57825	5
55288	57832	13
55288	57878	1
55288	57957	3
55288	58477	37
55288	59087	112
55288	59418	8
55288	59667	11
55288	59727	26
55288	60096	5
55288	60326	15
55288	60894	55
55288	60976	11
55288	61013	3
55288	61242	7
55288	61279	11
55288	61585	9
55288	61697	4
55288	62162	4
55288	62521	2
55288	62582	8
55288	62605	1
55288	62650	12
55288	62696	7
55288	62799	4
55288	62828	10
55288	62860	27
55288	62898	1
55288	63525	19
55288	63932	7
55288	63933	7
55288	64231	2
55288	64294	1
55288	64532	1
55288	64552	6
55288	64569	3
55288	64610	1
55288	64675	1
55288	64726	3
55288	65135	2
55288	65150	5
55288	65157	2
55288	65180	3
55288	65190	1
55288	65399	2
55288	65524	1
55288	65568	2
55288	65588	7
55288	65594	2
55288	65605	1
55288	65679	2
55288	65757	3
55288	66003	4
55288	66040	2
55288	66237	20
55288	66266	32
55288	66351	26
55288	66504	9
55288	67058	1
55288	67129	1
55288	67165	1
55288	67189	2
55288	67209	1
55288	67215	3
55288	67260	4
55288	67268	3
55288	67285	7
55288	67336	8
55288	67371	1
55288	67422	1
55288	67482	9
55288	67670	14
55288	67980	6
55378	55415	2
55378	55470	14
55378	55693	1
55378	55762	8
55378	56088	5
55378	56117	23
55378	56223	1
55378	56304	2
55378	56540	7
55378	56554	55
55378	56936	5
55378	56954	2
55378	57001	9
55378	57208	3
55378	57325	6
55378	57374	1
55378	57382	1
55378	57587	2
55378	57593	3
55378	57631	3
55378	57645	3
55378	57742	1
55378	57822	31
55378	57825	2
55378	57832	2
55378	57878	1
55378	57957	1
55378	58401	2
55378	58477	7
55378	59087	55
55378	59418	4
55378	59667	3
55378	59727	8
55378	60025	2
55378	60096	1
55378	60326	7
55378	60894	25
55378	60976	12
55378	61242	4
55378	61279	4
55378	61585	2
55378	61697	6
55378	62162	4
55378	62563	8
55378	62582	12
55378	62596	6
55378	62605	2
55378	62619	6
55378	62650	38
55378	62696	27
55378	62762	7
55378	62791	2
55378	62799	28
55378	62828	9
55378	62860	19
55378	62898	13
55378	63525	7
55378	63932	6
55378	63933	2
55378	64231	2
55378	64294	1
55378	64532	5
55378	64552	4
55378	64569	8
55378	64610	2
55378	64675	3
55378	64726	3
55378	64744	1
55378	65135	2
55378	65150	3
55378	65157	9
55378	65180	5
55378	65190	1
55378	65399	3
55378	65477	13
55378	65505	3
55378	65524	9
55378	65568	6
55378	65588	2
55378	65594	5
55378	65605	8
55378	65623	3
55378	65679	10
55378	65757	5
55378	66003	28
55378	66040	7
55378	66266	8
55378	66351	6
55378	66433	1
55378	66504	2
55378	66804	9
55378	67058	4
55378	67129	4
55378	67147	4
55378	67165	22
55378	67189	7
55378	67209	4
55378	67215	6
55378	67249	5
55378	67260	2
55378	67268	2
55378	67277	5
55378	67285	4
55378	67308	16
55378	67336	24
55378	67371	11
55378	67422	6
55378	67482	14
55378	67494	2
55378	67653	2
55378	67670	2
55378	67768	7
55378	67977	3
55378	67980	4
55378	68095	2
55415	55470	2
55415	55693	2
55415	55762	3
55415	56088	14
55415	56117	56
55415	56223	1
55415	56304	1
55415	56540	7
55415	56554	81
55415	56583	2
55415	56936	3
55415	57208	9
55415	57325	3
55415	57374	3
55415	57587	2
55415	57593	3
55415	57631	4
55415	57645	5
55415	57822	16
55415	57832	7
55415	58477	18
55415	59087	47
55415	59418	3
55415	59667	4
55415	59727	22
55415	60096	1
55415	60326	7
55415	60894	23
55415	60976	3
55415	61242	4
55415	61279	9
55415	61585	6
55415	61697	2
55415	62162	2
55415	62521	2
55415	62582	2
55415	62596	3
55415	62619	2
55415	62650	12
55415	62696	8
55415	62762	2
55415	62791	1
55415	62799	3
55415	62828	2
55415	62860	14
55415	62898	3
55415	63525	16
55415	63932	13
55415	63933	5
55415	64231	9
55415	64552	4
55415	64569	1
55415	64610	3
55415	64675	1
55415	64726	5
55415	64744	3
55415	64805	1
55415	65150	1
55415	65157	6
55415	65180	1
55415	65399	3
55415	65477	6
55415	65505	3
55415	65524	2
55415	65568	3
55415	65588	1
55415	65594	3
55415	65605	2
55415	65679	3
55415	65730	1
55415	65757	5
55415	66003	12
55415	66040	10
55415	66237	6
55415	66266	8
55415	66351	16
55415	66472	3
55415	66504	3
55415	66804	3
55415	67129	1
55415	67147	1
55415	67165	1
55415	67189	2
55415	67209	2
55415	67268	3
55415	67277	1
55415	67285	1
55415	67308	1
55415	67336	4
55415	67422	2
55415	67474	10
55415	67482	2
55415	67670	5
55415	67768	4
55415	67977	1
55415	67980	14
55415	68095	1
55470	55693	6
55470	55762	19
55470	56088	10
55470	56117	25
55470	56223	11
55470	56304	15
55470	56540	12
55470	56554	157
55470	56583	6
55470	56936	29
55470	56954	12
55470	57001	6
55470	57208	10
55470	57325	78
55470	57374	60
55470	57382	44
55470	57587	14
55470	57593	18
55470	57631	16
55470	57645	1
55470	57742	14
55470	57822	139
55470	57825	20
55470	57832	5
55470	57878	3
55470	57957	17
55470	58401	41
55470	58477	51
55470	59087	72
55470	59418	50
55470	59667	41
55470	59727	8
55470	60025	28
55470	60096	9
55470	60326	273
55470	60894	58
55470	60976	226
55470	61013	2
55470	61242	87
55470	61279	6
55470	61585	2
55470	61697	11
55470	62162	4
55470	62521	31
55470	62563	38
55470	62582	4
55470	62596	1
55470	62605	3
55470	62619	7
55470	62650	21
55470	62696	22
55470	62762	13
55470	62791	4
55470	62799	11
55470	62828	15
55470	62860	20
55470	62898	18
55470	63525	20
55470	63932	9
55470	63933	14
55470	64231	5
55470	64294	8
55470	64532	3
55470	64552	43
55470	64569	3
55470	64610	4
55470	64675	23
55470	64726	14
55470	64744	4
55470	64805	4
55470	65135	3
55470	65150	6
55470	65157	2
55470	65180	6
55470	65190	11
55470	65399	34
55470	65477	7
55470	65505	84
55470	65524	8
55470	65568	11
55470	65588	10
55470	65594	29
55470	65605	6
55470	65623	3
55470	65679	18
55470	65730	25
55470	65757	3
55470	66003	82
55470	66040	6
55470	66237	9
55470	66266	45
55470	66351	4
55470	66433	11
55470	66472	8
55470	66504	5
55470	66804	114
55470	67058	2
55470	67129	8
55470	67147	2
55470	67165	15
55470	67189	15
55470	67209	3
55470	67215	9
55470	67249	2
55470	67260	2
55470	67268	5
55470	67277	6
55470	67285	11
55470	67308	25
55470	67336	29
55470	67371	11
55470	67422	7
55470	67482	2
55470	67494	4
55470	67653	25
55470	67670	4
55470	67733	8
55470	67768	11
55470	67980	5
55470	68095	7
55693	56088	4
55693	56117	7
55693	56540	1
55693	56554	53
55693	56936	1
55693	57001	4
55693	57208	1
55693	57325	1
55693	57374	1
55693	57593	1
55693	57645	1
55693	57742	1
55693	57822	15
55693	58477	10
55693	59087	95
55693	59667	1
55693	59727	7
55693	60025	1
55693	60096	1
55693	60894	6
55693	61279	2
55693	61585	1
55693	62162	2
55693	62582	23
55693	62596	1
55693	62650	3
55693	62696	1
55693	62860	1
55693	62898	3
55693	63525	3
55693	63932	1
55693	63933	1
55693	64231	2
55693	64294	1
55693	64610	2
55693	64744	1
55693	65157	3
55693	65180	1
55693	65477	7
55693	65568	1
55693	65757	5
55693	66003	8
55693	66040	2
55693	66266	4
55693	66351	5
55693	66504	2
55693	66804	2
55693	67058	1
55693	67129	1
55693	67165	1
55693	67189	1
55693	67285	1
55693	67336	3
55693	67494	1
55693	67653	1
55693	67980	1
55762	56088	2
55762	56117	5
55762	56223	3
55762	56304	1
55762	56540	55
55762	56554	43
55762	56583	4
55762	56936	7
55762	57001	5
55762	57208	1
55762	57325	2
55762	57593	7
55762	57822	30
55762	57825	1
55762	57832	14
55762	57957	6
55762	58401	4
55762	58477	10
55762	59087	19
55762	59418	1
55762	59667	13
55762	59727	2
55762	60096	1
55762	60326	3
55762	60894	22
55762	60976	3
55762	61242	30
55762	61279	6
55762	61585	4
55762	61697	2
55762	62521	2
55762	62596	1
55762	62605	2
55762	62619	5
55762	62650	8
55762	62696	2
55762	62762	2
55762	62799	2
55762	62828	6
55762	62860	8
55762	62898	4
55762	63525	6
55762	63932	3
55762	63933	18
55762	64231	1
55762	64532	5
55762	64552	8
55762	64610	1
55762	64726	3
55762	65135	1
55762	65180	2
55762	65190	1
55762	65477	1
55762	65505	9
55762	65524	1
55762	65568	5
55762	65588	5
55762	65594	14
55762	65605	4
55762	65679	2
55762	65730	1
55762	65757	6
55762	66003	9
55762	66266	2
55762	66351	4
55762	66433	1
55762	66504	8
55762	67129	6
55762	67147	1
55762	67165	20
55762	67189	5
55762	67209	2
55762	67215	11
55762	67268	6
55762	67285	1
55762	67308	5
55762	67336	34
55762	67371	1
55762	67422	1
55762	67474	11
55762	67482	15
55762	67494	1
55762	67653	4
55762	67670	13
55762	67768	2
55762	67980	3
56088	56117	11
56088	56223	6
56088	56540	2
56088	56554	38
56088	56583	3
56088	56936	3
56088	57208	4
56088	57325	12
56088	57374	6
56088	57593	2
56088	57631	1
56088	57645	1
56088	57742	9
56088	57822	23
56088	57832	5
56088	57957	1
56088	58401	9
56088	58477	46
56088	59087	28
56088	59418	3
56088	59667	13
56088	59727	1
56088	60025	1
56088	60096	6
56088	60326	11
56088	60894	31
56088	60976	9
56088	61242	7
56088	61585	4
56088	61697	3
56088	62162	3
56088	62582	3
56088	62596	1
56088	62605	1
56088	62619	1
56088	62696	3
56088	62799	1
56088	62860	5
56088	62898	1
56088	63525	5
56088	63932	2
56088	63933	13
56088	64231	3
56088	64294	2
56088	64552	6
56088	64569	3
56088	64610	2
56088	64675	1
56088	64726	5
56088	64744	6
56088	64805	1
56088	65135	1
56088	65150	2
56088	65180	2
56088	65399	1
56088	65477	1
56088	65505	2
56088	65568	1
56088	65594	3
56088	65605	1
56088	65679	1
56088	66003	44
56088	66040	4
56088	66266	13
56088	66351	5
56088	66472	3
56088	66504	1
56088	66804	8
56088	67058	1
56088	67129	1
56088	67189	1
56088	67215	1
56088	67268	1
56088	67285	1
56088	67308	1
56088	67336	7
56088	67371	1
56088	67670	1
56088	67768	1
56088	67980	2
56117	56223	3
56117	56304	3
56117	56540	20
56117	56554	398
56117	56936	9
56117	56954	1
56117	57208	4
56117	57325	9
56117	57374	7
56117	57593	5
56117	57631	4
56117	57645	19
56117	57742	2
56117	57822	37
56117	57825	2
56117	57832	21
56117	58401	1
56117	58477	39
56117	59087	107
56117	59418	4
56117	59667	9
56117	59727	149
56117	60025	2
56117	60096	6
56117	60326	15
56117	60894	105
56117	60976	16
56117	61013	1
56117	61242	12
56117	61279	15
56117	61585	24
56117	61697	10
56117	62162	15
56117	62521	1
56117	62563	2
56117	62582	12
56117	62596	11
56117	62619	4
56117	62650	33
56117	62696	12
56117	62762	4
56117	62791	3
56117	62799	17
56117	62828	13
56117	62860	25
56117	62898	7
56117	63525	62
56117	63932	20
56117	63933	13
56117	64231	13
56117	64294	1
56117	64532	3
56117	64552	5
56117	64569	2
56117	64610	8
56117	64675	5
56117	64726	7
56117	64744	6
56117	64805	1
56117	65135	1
56117	65150	3
56117	65157	3
56117	65180	3
56117	65190	3
56117	65399	1
56117	65477	23
56117	65505	4
56117	65524	3
56117	65568	5
56117	65588	2
56117	65594	7
56117	65605	3
56117	65679	4
56117	65730	1
56117	65757	11
56117	66003	44
56117	66040	13
56117	66237	5
56117	66266	6
56117	66351	35
56117	66433	4
56117	66472	1
56117	66504	11
56117	66804	5
56117	67058	11
56117	67129	1
56117	67147	1
56117	67165	12
56117	67189	5
56117	67209	1
56117	67215	3
56117	67249	4
56117	67260	2
56117	67268	2
56117	67277	3
56117	67285	6
56117	67308	2
56117	67336	29
56117	67371	2
56117	67482	3
56117	67494	2
56117	67733	2
56117	67768	8
56117	67977	2
56117	67980	33
56223	56304	5
56223	56540	9
56223	56554	31
56223	56583	3
56223	56936	9
56223	57001	2
56223	57208	3
56223	57325	28
56223	57374	1
56223	57382	119
56223	57593	5
56223	57631	3
56223	57645	2
56223	57742	1
56223	57822	16
56223	57825	13
56223	57878	6
56223	57957	6
56223	58401	6
56223	58477	22
56223	59087	40
56223	59418	4
56223	59667	104
56223	59727	2
56223	60025	7
56223	60096	23
56223	60326	10
56223	60894	15
56223	60976	10
56223	61013	4
56223	61242	2
56223	61279	2
56223	61585	5
56223	61697	3
56223	62521	1
56223	62563	1
56223	62582	1
56223	62596	1
56223	62605	3
56223	62619	3
56223	62650	1
56223	62696	7
56223	62762	3
56223	62791	4
56223	62799	5
56223	62828	3
56223	62860	12
56223	62898	6
56223	63525	2
56223	63932	1
56223	63933	10
56223	64231	20
56223	64294	4
56223	64532	3
56223	64552	27
56223	64610	3
56223	64675	1
56223	64726	3
56223	64744	3
56223	64805	2
56223	65135	1
56223	65150	2
56223	65157	2
56223	65180	7
56223	65190	1
56223	65399	8
56223	65477	4
56223	65568	4
56223	65594	16
56223	65605	1
56223	65679	12
56223	65730	1
56223	66003	6
56223	66040	12
56223	66237	4
56223	66266	9
56223	66433	4
56223	66472	1
56223	66804	12
56223	67129	2
56223	67165	3
56223	67189	5
56223	67209	1
56223	67215	1
56223	67249	7
56223	67268	7
56223	67277	1
56223	67285	5
56223	67308	6
56223	67336	14
56223	67371	6
56223	67422	2
56223	67494	3
56223	67653	5
56223	67733	2
56223	67768	9
56223	68095	3
56304	56540	6
56304	56554	24
56304	56583	19
56304	56936	3
56304	56954	1
56304	57001	2
56304	57208	47
56304	57325	8
56304	57382	8
56304	57587	3
56304	57593	1
56304	57631	1
56304	57742	1
56304	57822	13
56304	57825	2
56304	57832	2
56304	57957	16
56304	58401	5
56304	58477	6
56304	59087	8
56304	59418	11
56304	59667	9
56304	60025	5
56304	60096	3
56304	60326	6
56304	60894	5
56304	60976	11
56304	61013	8
56304	61242	2
56304	62521	16
56304	62563	2
56304	62605	1
56304	62619	2
56304	62650	1
56304	62696	3
56304	62791	1
56304	62799	2
56304	62828	8
56304	62860	4
56304	62898	8
56304	63525	1
56304	63933	31
56304	64294	3
56304	64532	1
56304	64552	25
56304	64675	3
56304	64726	1
56304	64744	1
56304	64805	7
56304	65135	5
56304	65180	4
56304	65190	2
56304	65477	3
56304	65505	2
56304	65568	12
56304	65588	1
56304	65594	39
56304	65679	12
56304	65730	1
56304	66003	8
56304	66237	1
56304	66266	3
56304	66472	2
56304	66804	2
56304	67147	1
56304	67165	2
56304	67189	2
56304	67209	1
56304	67215	2
56304	67249	3
56304	67268	3
56304	67277	1
56304	67285	2
56304	67308	7
56304	67336	7
56304	67371	5
56304	67474	36
56304	67482	1
56304	67494	4
56304	67653	2
56304	67733	4
56304	67768	12
56304	68095	2
56540	56554	52
56540	56583	9
56540	56936	10
56540	57001	2
56540	57208	3
56540	57325	8
56540	57374	1
56540	57382	4
56540	57593	2
56540	57631	3
56540	57645	6
56540	57742	6
56540	57822	20
56540	57825	1
56540	57832	9
56540	57957	15
56540	58401	1
56540	58477	25
56540	59087	29
56540	59418	2
56540	59667	11
56540	59727	16
56540	60025	9
56540	60096	5
56540	60326	5
56540	60894	22
56540	60976	3
56540	61242	4
56540	61279	1
56540	61585	6
56540	61697	2
56540	62162	6
56540	62521	3
56540	62563	1
56540	62582	3
56540	62596	1
56540	62605	3
56540	62619	5
56540	62650	8
56540	62696	5
56540	62762	6
56540	62791	3
56540	62799	7
56540	62828	13
56540	62860	10
56540	62898	11
56540	63525	6
56540	63932	8
56540	63933	22
56540	64231	6
56540	64294	1
56540	64552	5
56540	64569	2
56540	64610	1
56540	64726	2
56540	64744	2
56540	64805	3
56540	65135	4
56540	65150	1
56540	65157	1
56540	65180	4
56540	65190	1
56540	65477	5
56540	65505	7
56540	65568	5
56540	65588	1
56540	65594	11
56540	65605	3
56540	65623	3
56540	65679	3
56540	65730	1
56540	65757	1
56540	66003	11
56540	66040	4
56540	66237	17
56540	66266	3
56540	66351	9
56540	66472	1
56540	66504	3
56540	66804	2
56540	67058	1
56540	67129	1
56540	67147	1
56540	67165	3
56540	67189	4
56540	67215	3
56540	67249	1
56540	67268	3
56540	67285	2
56540	67308	6
56540	67336	23
56540	67371	1
56540	67422	2
56540	67474	11
56540	67482	2
56540	67494	1
56540	67653	3
56540	67670	8
56540	67733	1
56540	67768	2
56540	67977	2
56540	67980	6
56540	68095	2
56554	56583	23
56554	56936	48
56554	56954	6
56554	57001	12
56554	57208	35
56554	57325	57
56554	57374	62
56554	57382	25
56554	57587	7
56554	57593	19
56554	57631	14
56554	57645	20
56554	57742	15
56554	57822	161
56554	57825	34
56554	57832	47
56554	57878	8
56554	57957	31
56554	58401	36
56554	58477	111
56554	59087	365
56554	59418	37
56554	59667	52
56554	59727	166
56554	60025	28
56554	60096	19
56554	60326	214
56554	60894	314
56554	60976	192
56554	61013	12
56554	61242	70
56554	61279	37
56554	61585	81
56554	61697	41
56554	62162	34
56554	62521	36
56554	62563	27
56554	62582	40
56554	62596	16
56554	62605	8
56554	62619	21
56554	62650	67
56554	62696	35
56554	62762	22
56554	62791	10
56554	62799	33
56554	62828	44
56554	62860	69
56554	62898	42
56554	63525	80
56554	63932	35
56554	63933	60
56554	64231	28
56554	64294	12
56554	64532	4
56554	64552	105
56554	64569	11
56554	64610	24
56554	64675	30
56554	64726	17
56554	64744	32
56554	64805	14
56554	65135	9
56554	65150	10
56554	65157	13
56554	65180	13
56554	65190	12
56554	65399	24
56554	65477	41
56554	65505	37
56554	65524	7
56554	65568	24
56554	65588	16
56554	65594	84
56554	65605	15
56554	65623	7
56554	65679	48
56554	65730	24
56554	65757	28
56554	66003	170
56554	66040	30
56554	66237	16
56554	66266	57
56554	66351	59
56554	66433	11
56554	66472	10
56554	66504	22
56554	66804	48
56554	67058	7
56554	67129	4
56554	67147	1
56554	67165	35
56554	67189	26
56554	67209	7
56554	67215	18
56554	67249	13
56554	67260	8
56554	67268	3
56554	67277	13
56554	67285	22
56554	67308	38
56554	67336	76
56554	67371	11
56554	67422	8
56554	67474	8
56554	67482	8
56554	67494	6
56554	67653	11
56554	67670	8
56554	67733	10
56554	67768	26
56554	67977	2
56554	67980	39
56554	68095	18
56583	56936	10
56583	57001	9
56583	57325	4
56583	57382	21
56583	57587	8
56583	57593	1
56583	57631	2
56583	57822	5
56583	57825	3
56583	57832	1
56583	57878	2
56583	57957	1
56583	58401	16
56583	58477	22
56583	59087	11
56583	59418	2
56583	59727	1
56583	60025	1
56583	60096	1
56583	60326	1
56583	60894	7
56583	60976	8
56583	61013	4
56583	61242	1
56583	61697	1
56583	62521	36
56583	62596	3
56583	62605	5
56583	62619	10
56583	62650	5
56583	62696	8
56583	62762	5
56583	62791	2
56583	62799	6
56583	62828	11
56583	62860	10
56583	62898	16
56583	63525	4
56583	63932	3
56583	63933	80
56583	64231	4
56583	64294	21
56583	64532	1
56583	64552	59
56583	64569	1
56583	64675	1
56583	64744	11
56583	64805	26
56583	65135	10
56583	65157	2
56583	65180	6
56583	65477	11
56583	65505	2
56583	65524	1
56583	65568	12
56583	65588	5
56583	65594	105
56583	65679	38
56583	65730	3
56583	65757	2
56583	66003	7
56583	66040	2
56583	66266	2
56583	66433	2
56583	66472	17
56583	67129	1
56583	67147	3
56583	67165	2
56583	67189	3
56583	67209	1
56583	67249	1
56583	67268	2
56583	67277	1
56583	67285	5
56583	67308	8
56583	67336	23
56583	67371	10
56583	67422	5
56583	67474	10
56583	67482	1
56583	67494	11
56583	67653	5
56583	67670	1
56583	67733	12
56583	67768	9
56583	68095	2
56936	56954	7
56936	57001	8
56936	57208	1
56936	57325	32
56936	57374	5
56936	57382	6
56936	57587	7
56936	57593	3
56936	57631	7
56936	57645	5
56936	57742	4
56936	57822	41
56936	57825	7
56936	57832	2
56936	57878	4
56936	57957	2
56936	58401	29
56936	58477	12
56936	59087	40
56936	59418	9
56936	59667	8
56936	60025	5
56936	60096	3
56936	60326	33
56936	60894	16
56936	60976	20
56936	61013	8
56936	61242	5
56936	61279	5
56936	61585	13
56936	61697	5
56936	62162	1
56936	62521	15
56936	62563	21
56936	62582	5
56936	62596	9
56936	62605	21
56936	62619	21
56936	62650	22
56936	62696	19
56936	62762	12
56936	62791	6
56936	62799	12
56936	62828	23
56936	62860	34
56936	62898	29
56936	63525	7
56936	63932	2
56936	63933	28
56936	64231	5
56936	64294	10
56936	64532	5
56936	64552	107
56936	64569	9
56936	64610	2
56936	64675	4
56936	64726	1
56936	64744	4
56936	64805	7
56936	65135	9
56936	65150	4
56936	65157	1
56936	65180	20
56936	65190	5
56936	65399	8
56936	65477	14
56936	65505	13
56936	65524	3
56936	65568	19
56936	65588	10
56936	65594	40
56936	65605	4
56936	65623	5
56936	65679	45
56936	65730	4
56936	65757	12
56936	66003	62
56936	66040	8
56936	66237	3
56936	66266	10
56936	66351	6
56936	66433	8
56936	66472	12
56936	66504	7
56936	66804	12
56936	67058	4
56936	67129	4
56936	67147	9
56936	67165	18
56936	67189	21
56936	67209	5
56936	67215	15
56936	67249	4
56936	67260	9
56936	67268	5
56936	67277	5
56936	67285	7
56936	67308	20
56936	67336	34
56936	67371	25
56936	67422	5
56936	67474	2
56936	67482	2
56936	67494	5
56936	67653	10
56936	67670	2
56936	67733	8
56936	67768	19
56936	67977	3
56936	67980	2
56936	68095	12
56954	57001	3
56954	57325	8
56954	57631	1
56954	57822	19
56954	57825	2
56954	57878	2
56954	58401	7
56954	58477	1
56954	59087	8
56954	59418	10
56954	59667	2
56954	60025	3
56954	60326	5
56954	60894	2
56954	60976	1
56954	61013	2
56954	61242	4
56954	61279	1
56954	61585	1
56954	61697	2
56954	62521	5
56954	62563	5
56954	62582	9
56954	62596	3
56954	62605	4
56954	62619	11
56954	62650	10
56954	62696	1
56954	62762	14
56954	62791	3
56954	62799	18
56954	62828	5
56954	62860	18
56954	62898	10
56954	63525	1
56954	63933	5
56954	64294	4
56954	64552	11
56954	64610	1
56954	64675	3
56954	64805	1
56954	65135	2
56954	65157	1
56954	65180	1
56954	65190	5
56954	65399	2
56954	65477	6
56954	65505	3
56954	65524	1
56954	65568	17
56954	65588	6
56954	65594	10
56954	65605	6
56954	65623	6
56954	65679	10
56954	65757	1
56954	66003	15
56954	66266	5
56954	66351	1
56954	66433	6
56954	66504	2
56954	66804	15
56954	67129	4
56954	67147	5
56954	67165	2
56954	67189	2
56954	67209	2
56954	67215	2
56954	67249	3
56954	67268	2
56954	67277	2
56954	67285	4
56954	67308	6
56954	67336	9
56954	67371	13
56954	67422	2
56954	67482	1
56954	67494	2
56954	67653	19
56954	67733	4
56954	67768	1
56954	67980	1
56954	68095	1
57001	57325	3
57001	57382	4
57001	57587	4
57001	57593	1
57001	57645	3
57001	57822	10
57001	57825	5
57001	57832	2
57001	57878	3
57001	57957	2
57001	58401	22
57001	58477	1
57001	59087	4
57001	59418	5
57001	59667	2
57001	60025	4
57001	60096	1
57001	60326	3
57001	60894	1
57001	60976	1
57001	61013	7
57001	61279	3
57001	62521	20
57001	62563	10
57001	62582	5
57001	62596	2
57001	62605	5
57001	62619	8
57001	62650	13
57001	62696	15
57001	62762	1
57001	62791	1
57001	62799	7
57001	62828	10
57001	62860	11
57001	62898	8
57001	63932	1
57001	63933	12
57001	64294	2
57001	64532	2
57001	64552	27
57001	64569	2
57001	64610	2
57001	64675	4
57001	64744	1
57001	64805	3
57001	65135	2
57001	65157	3
57001	65180	7
57001	65190	6
57001	65399	1
57001	65477	8
57001	65524	3
57001	65568	8
57001	65588	2
57001	65594	17
57001	65605	6
57001	65623	1
57001	65679	21
57001	65730	1
57001	65757	6
57001	66003	5
57001	66266	3
57001	66433	1
57001	66472	5
57001	66504	2
57001	66804	4
57001	67129	4
57001	67147	2
57001	67165	7
57001	67189	17
57001	67209	5
57001	67215	4
57001	67249	5
57001	67260	1
57001	67268	4
57001	67277	3
57001	67285	5
57001	67308	12
57001	67336	18
57001	67371	11
57001	67422	4
57001	67474	4
57001	67482	5
57001	67494	3
57001	67653	2
57001	67670	2
57001	67733	4
57001	67768	2
57001	68095	1
57208	57325	8
57208	57374	4
57208	57587	1
57208	57593	4
57208	57631	1
57208	57742	2
57208	57822	23
57208	57832	1
57208	57957	31
57208	58477	22
57208	59087	3
57208	59418	11
57208	59667	8
57208	59727	1
57208	60025	8
57208	60096	14
57208	60326	19
57208	60894	11
57208	60976	2
57208	61585	1
57208	61697	2
57208	62563	1
57208	62582	1
57208	62596	1
57208	62650	3
57208	62696	1
57208	62799	1
57208	62828	2
57208	62860	1
57208	62898	4
57208	63525	11
57208	63932	2
57208	63933	4
57208	64231	5
57208	64552	1
57208	64610	1
57208	64675	1
57208	64726	4
57208	64744	2
57208	65150	4
57208	65157	1
57208	65180	1
57208	65190	1
57208	65399	1
57208	65477	1
57208	65568	3
57208	65594	5
57208	66003	24
57208	66040	4
57208	66237	1
57208	66266	6
57208	66472	2
57208	66804	4
57208	67058	1
57208	67268	1
57208	67308	3
57208	67336	3
57208	67371	7
57208	67474	26
57208	67653	2
57208	67768	7
57208	67980	9
57325	57374	8
57325	57382	10
57325	57587	8
57325	57593	6
57325	57631	4
57325	57645	1
57325	57742	3
57325	57822	64
57325	57825	12
57325	57832	3
57325	57878	4
57325	57957	15
57325	58401	43
57325	58477	31
57325	59087	30
57325	59418	28
57325	59667	50
57325	59727	3
57325	60025	18
57325	60096	24
57325	60326	65
57325	60894	22
57325	60976	40
57325	61013	1
57325	61242	15
57325	61279	1
57325	61585	1
57325	61697	4
57325	62162	2
57325	62582	3
57325	62596	1
57325	62605	5
57325	62619	8
57325	62650	5
57325	62696	6
57325	62762	4
57325	62791	4
57325	62799	5
57325	62828	5
57325	62860	12
57325	62898	6
57325	63525	9
57325	63932	2
57325	63933	8
57325	64231	3
57325	64294	3
57325	64552	49
57325	64569	1
57325	64610	2
57325	64675	12
57325	64726	31
57325	64744	5
57325	64805	3
57325	65135	2
57325	65150	11
57325	65157	1
57325	65180	3
57325	65399	23
57325	65477	1
57325	65505	20
57325	65568	14
57325	65588	2
57325	65594	20
57325	65605	2
57325	65679	17
57325	65730	2
57325	66003	31
57325	66040	6
57325	66237	4
57325	66266	36
57325	66351	2
57325	66433	6
57325	66804	28
57325	67058	1
57325	67165	3
57325	67189	4
57325	67249	1
57325	67268	2
57325	67277	4
57325	67285	3
57325	67308	5
57325	67336	6
57325	67371	12
57325	67422	6
57325	67482	1
57325	67653	13
57325	67670	1
57325	67733	2
57325	67768	3
57325	67980	3
57325	68095	48
57374	57382	18
57374	57593	1
57374	57631	1
57374	57742	1
57374	57822	24
57374	57832	2
57374	58477	39
57374	59087	15
57374	59667	5
57374	59727	2
57374	60025	1
57374	60096	3
57374	60326	112
57374	60894	25
57374	60976	81
57374	61242	42
57374	61585	1
57374	61697	8
57374	62162	7
57374	62563	3
57374	62582	5
57374	62596	1
57374	62605	2
57374	62650	7
57374	62696	5
57374	62762	2
57374	62799	6
57374	62828	1
57374	62860	3
57374	62898	3
57374	63525	3
57374	63933	4
57374	64231	5
57374	64532	2
57374	64552	1
57374	64569	2
57374	64610	2
57374	64675	16
57374	64726	4
57374	64744	3
57374	65135	2
57374	65150	2
57374	65180	1
57374	65190	16
57374	65477	1
57374	65505	8
57374	65524	10
57374	65568	1
57374	65594	1
57374	65605	2
57374	65679	3
57374	65730	40
57374	66003	29
57374	66040	6
57374	66266	21
57374	66472	5
57374	66504	5
57374	66804	2
57374	67058	1
57374	67129	1
57374	67147	3
57374	67165	15
57374	67189	11
57374	67209	2
57374	67215	5
57374	67249	1
57374	67260	2
57374	67268	3
57374	67277	2
57374	67285	4
57374	67308	31
57374	67336	10
57374	67371	1
57374	67422	7
57374	67482	2
57374	67494	3
57374	67653	1
57374	67733	5
57374	67980	3
57374	68095	5
57382	57645	8
57382	57742	17
57382	57822	18
57382	57825	81
57382	57878	15
57382	58401	1
57382	58477	9
57382	59087	7
57382	59418	3
57382	59667	80
57382	59727	21
57382	60096	9
57382	60326	18
57382	60894	5
57382	60976	48
57382	61013	1
57382	61585	1
57382	62521	8
57382	62563	3
57382	62582	1
57382	62605	11
57382	62619	18
57382	62696	11
57382	62762	1
57382	62791	28
57382	62799	74
57382	62898	32
57382	63933	30
57382	64294	3
57382	64532	8
57382	64552	52
57382	64569	2
57382	64675	1
57382	64744	3
57382	64805	10
57382	65135	9
57382	65157	1
57382	65190	1
57382	65399	28
57382	65477	15
57382	65505	7
57382	65568	4
57382	65594	88
57382	65679	55
57382	65757	3
57382	66003	26
57382	66266	12
57382	66433	29
57382	66472	7
57382	66504	1
57382	66804	56
57382	67129	28
57382	67147	9
57382	67189	66
57382	67209	2
57382	67249	23
57382	67260	1
57382	67268	73
57382	67308	46
57382	67336	65
57382	67474	4
57382	67494	28
57382	67733	1
57382	67768	30
57382	68095	2
57587	57822	37
57587	57825	10
57587	57832	2
57587	57957	3
57587	58401	84
57587	58477	4
57587	59087	4
57587	59418	23
57587	60025	6
57587	60326	18
57587	60894	5
57587	60976	3
57587	61013	3
57587	61242	1
57587	62521	25
57587	62563	2
57587	62605	3
57587	62619	2
57587	62650	3
57587	62696	35
57587	62762	1
57587	62799	17
57587	62828	4
57587	62898	6
57587	63933	6
57587	64294	6
57587	64532	3
57587	64552	62
57587	64569	2
57587	64726	1
57587	64744	2
57587	64805	4
57587	65150	18
57587	65157	3
57587	65180	5
57587	65190	2
57587	65477	1
57587	65568	10
57587	65588	3
57587	65594	32
57587	65679	30
57587	66003	10
57587	66266	4
57587	66433	28
57587	66472	16
57587	66504	1
57587	66804	1
57587	67147	2
57587	67165	2
57587	67189	1
57587	67249	4
57587	67285	3
57587	67308	5
57587	67371	2
57587	67474	1
57587	67482	1
57587	67494	1
57587	67653	2
57587	67733	7
57587	67768	4
57587	68095	11
57593	57631	10
57593	57742	11
57593	57822	22
57593	57825	3
57593	57832	6
57593	57957	5
57593	58477	7
57593	59087	7
57593	59418	8
57593	59667	5
57593	60025	7
57593	60096	6
57593	60326	13
57593	60894	14
57593	60976	1
57593	61013	1
57593	61242	3
57593	61279	1
57593	61585	1
57593	62162	1
57593	62521	1
57593	62563	1
57593	62596	2
57593	62605	2
57593	62650	18
57593	62696	2
57593	62762	1
57593	62791	2
57593	62799	2
57593	62828	40
57593	62860	4
57593	62898	4
57593	63525	3
57593	63932	1
57593	63933	1
57593	64231	2
57593	64532	1
57593	64552	8
57593	64675	1
57593	64726	5
57593	64744	1
57593	65135	1
57593	65150	1
57593	65180	1
57593	65190	1
57593	65399	4
57593	65477	4
57593	65568	4
57593	65588	1
57593	65594	3
57593	65605	2
57593	65623	4
57593	65679	2
57593	66003	10
57593	66040	3
57593	66237	4
57593	66266	5
57593	66351	1
57593	66504	2
57593	66804	10
57593	67058	1
57593	67147	2
57593	67165	4
57593	67189	2
57593	67308	2
57593	67336	7
57593	67422	1
57593	67482	1
57593	67494	1
57593	67670	14
57593	67768	3
57593	67980	1
57593	68095	1
57631	57645	6
57631	57742	2
57631	57822	14
57631	57825	5
57631	57832	1
57631	58477	10
57631	59087	7
57631	59418	3
57631	59667	5
57631	59727	2
57631	60096	4
57631	60326	13
57631	60894	12
57631	60976	17
57631	61242	2
57631	61279	1
57631	61585	1
57631	61697	4
57631	62521	1
57631	62563	3
57631	62596	1
57631	62605	1
57631	62619	3
57631	62650	2
57631	62696	3
57631	62799	1
57631	62828	1
57631	62860	6
57631	62898	1
57631	63525	4
57631	63932	4
57631	63933	5
57631	64294	3
57631	64552	5
57631	64569	1
57631	64610	2
57631	64726	1
57631	64744	1
57631	64805	2
57631	65150	1
57631	65180	1
57631	65399	6
57631	65505	5
57631	65524	1
57631	65568	3
57631	65588	3
57631	65594	2
57631	65605	2
57631	65623	1
57631	65757	2
57631	66003	7
57631	66237	3
57631	66266	4
57631	66351	1
57631	66472	3
57631	66504	3
57631	66804	31
57631	67129	1
57631	67189	2
57631	67215	2
57631	67249	1
57631	67277	1
57631	67285	3
57631	67308	3
57631	67336	6
57631	67482	1
57631	67653	1
57631	67670	2
57631	67980	3
57631	68095	1
57645	57822	16
57645	57832	1
57645	57878	1
57645	59087	9
57645	59418	2
57645	59727	9
57645	60025	1
57645	60096	3
57645	60326	15
57645	60894	6
57645	60976	1
57645	61242	3
57645	61279	3
57645	61585	1
57645	62162	4
57645	62563	3
57645	62582	3
57645	62596	2
57645	62605	2
57645	62619	3
57645	62650	12
57645	62696	4
57645	62762	6
57645	62799	6
57645	62828	6
57645	62860	8
57645	63525	13
57645	63932	7
57645	64532	1
57645	64552	2
57645	64569	4
57645	64610	1
57645	64726	1
57645	64744	2
57645	65135	1
57645	65150	1
57645	65157	1
57645	65180	1
57645	65190	2
57645	65399	5
57645	65477	4
57645	65505	2
57645	65568	3
57645	65588	2
57645	65605	2
57645	65623	1
57645	65679	2
57645	65757	1
57645	66003	4
57645	66237	22
57645	66266	8
57645	66351	7
57645	66433	1
57645	66504	2
57645	66804	10
57645	67058	4
57645	67147	1
57645	67165	4
57645	67189	6
57645	67215	3
57645	67249	2
57645	67260	2
57645	67268	1
57645	67308	2
57645	67336	7
57645	67474	2
57645	67482	1
57645	67494	2
57645	67670	5
57645	67768	1
57645	67977	1
57645	67980	4
57742	57822	32
57742	57825	17
57742	57878	1
57742	58477	11
57742	59087	11
57742	59667	2
57742	59727	1
57742	60025	2
57742	60096	3
57742	60326	1
57742	60894	15
57742	60976	1
57742	61013	1
57742	61279	7
57742	61585	1
57742	62521	1
57742	62563	1
57742	62582	1
57742	62596	1
57742	62619	1
57742	62696	2
57742	62791	1
57742	62799	2
57742	62828	1
57742	62860	1
57742	62898	3
57742	63525	3
57742	63932	10
57742	63933	2
57742	64231	3
57742	64552	6
57742	64675	1
57742	64744	3
57742	65135	1
57742	65180	1
57742	65190	1
57742	65399	1
57742	65477	3
57742	65505	2
57742	65524	1
57742	65568	3
57742	65594	4
57742	65605	1
57742	65679	4
57742	66003	58
57742	66040	2
57742	66266	14
57742	66433	1
57742	66504	1
57742	66804	3
57742	67058	1
57742	67189	2
57742	67215	2
57742	67249	1
57742	67260	1
57742	67308	2
57742	67494	1
57742	67653	1
57742	67768	1
57742	67980	2
57742	68095	2
57822	57825	24
57822	57832	8
57822	57878	15
57822	57957	15
57822	58401	91
57822	58477	113
57822	59087	131
57822	59418	84
57822	59667	42
57822	59727	8
57822	60025	53
57822	60096	28
57822	60326	114
57822	60894	72
57822	60976	55
57822	61013	8
57822	61242	73
57822	61279	4
57822	61585	10
57822	61697	17
57822	62162	2
57822	62521	5
57822	62563	18
57822	62582	26
57822	62596	10
57822	62605	10
57822	62619	9
57822	62650	42
57822	62696	29
57822	62762	30
57822	62791	5
57822	62799	20
57822	62828	19
57822	62860	23
57822	62898	65
57822	63525	51
57822	63932	20
57822	63933	31
57822	64231	21
57822	64294	9
57822	64532	2
57822	64552	39
57822	64569	3
57822	64610	20
57822	64675	13
57822	64726	12
57822	64744	13
57822	65135	4
57822	65150	23
57822	65157	11
57822	65180	11
57822	65190	24
57822	65399	23
57822	65477	11
57822	65505	41
57822	65524	9
57822	65568	16
57822	65588	12
57822	65594	29
57822	65605	4
57822	65623	10
57822	65679	27
57822	65730	1
57822	65757	21
57822	66003	180
57822	66040	23
57822	66237	6
57822	66266	46
57822	66351	6
57822	66433	17
57822	66472	7
57822	66504	12
57822	66804	34
57822	67058	8
57822	67129	2
57822	67147	5
57822	67165	18
57822	67189	16
57822	67209	3
57822	67215	6
57822	67249	5
57822	67260	3
57822	67268	6
57822	67277	7
57822	67285	19
57822	67308	35
57822	67336	30
57822	67371	14
57822	67422	6
57822	67474	2
57822	67482	3
57822	67494	7
57822	67653	55
57822	67670	3
57822	67733	1
57822	67768	9
57822	67977	1
57822	67980	19
57822	68095	8
57825	57878	6
57825	58401	57
57825	58477	13
57825	59087	9
57825	59418	10
57825	59667	29
57825	59727	2
57825	60025	9
57825	60096	4
57825	60326	44
57825	60894	3
57825	60976	9
57825	61013	4
57825	61242	5
57825	61585	2
57825	61697	1
57825	62521	8
57825	62563	2
57825	62605	2
57825	62619	5
57825	62650	1
57825	62696	5
57825	62762	6
57825	62791	4
57825	62799	7
57825	62828	6
57825	62860	6
57825	62898	10
57825	63933	13
57825	64294	5
57825	64532	5
57825	64552	59
57825	64569	4
57825	64726	3
57825	64744	3
57825	64805	13
57825	65135	2
57825	65150	2
57825	65157	3
57825	65180	4
57825	65399	3
57825	65477	8
57825	65505	5
57825	65568	11
57825	65588	2
57825	65594	43
57825	65679	40
57825	65730	8
57825	65757	3
57825	66003	6
57825	66040	4
57825	66266	21
57825	66433	8
57825	66472	1
57825	66804	7
57825	67129	1
57825	67165	7
57825	67189	10
57825	67209	2
57825	67249	10
57825	67260	1
57825	67268	3
57825	67277	1
57825	67285	4
57825	67308	7
57825	67336	11
57825	67371	7
57825	67422	4
57825	67474	3
57825	67494	3
57825	67653	3
57825	67733	12
57825	67768	15
57825	68095	4
57832	57878	1
57832	57957	1
57832	58401	13
57832	58477	17
57832	59087	9
57832	59418	1
57832	59667	3
57832	59727	16
57832	60025	1
57832	60096	2
57832	60326	5
57832	60894	16
57832	60976	2
57832	61242	1
57832	61585	3
57832	61697	1
57832	62162	6
57832	62582	2
57832	62605	1
57832	62650	1
57832	62696	1
57832	62762	1
57832	62828	6
57832	62860	1
57832	62898	2
57832	63525	5
57832	63932	5
57832	63933	5
57832	64231	3
57832	64552	3
57832	64569	2
57832	64610	2
57832	64675	1
57832	64726	2
57832	64744	1
57832	65150	3
57832	65180	2
57832	65524	1
57832	65568	1
57832	65594	5
57832	65605	1
57832	65679	3
57832	65757	1
57832	66003	10
57832	66040	3
57832	66237	3
57832	66266	2
57832	66351	1
57832	66504	1
57832	67129	1
57832	67147	1
57832	67165	1
57832	67189	1
57832	67249	1
57832	67260	1
57832	67268	1
57832	67285	1
57832	67336	4
57832	67422	1
57832	67482	1
57832	67494	2
57832	67653	2
57832	67670	2
57832	67768	2
57832	67980	4
57878	58401	1
57878	58477	5
57878	59087	7
57878	59418	6
57878	59667	5
57878	59727	1
57878	60025	9
57878	60326	1
57878	60894	2
57878	60976	9
57878	61013	3
57878	61242	2
57878	61697	1
57878	62521	2
57878	62563	2
57878	62582	2
57878	62605	3
57878	62619	4
57878	62650	4
57878	62696	6
57878	62762	6
57878	62791	3
57878	62799	4
57878	62828	4
57878	62860	12
57878	62898	12
57878	63525	8
57878	63932	2
57878	63933	13
57878	64294	3
57878	64552	14
57878	64744	1
57878	64805	3
57878	65135	2
57878	65157	1
57878	65180	7
57878	65399	2
57878	65477	3
57878	65524	2
57878	65568	1
57878	65594	4
57878	65605	3
57878	65679	12
57878	66003	5
57878	66237	1
57878	66266	2
57878	66433	5
57878	66472	10
57878	66504	2
57878	67058	1
57878	67129	2
57878	67147	1
57878	67165	9
57878	67189	4
57878	67215	6
57878	67249	10
57878	67260	5
57878	67268	3
57878	67277	3
57878	67285	9
57878	67308	10
57878	67336	9
57878	67371	7
57878	67422	2
57878	67474	1
57878	67482	3
57878	67494	9
57878	67653	10
57878	67733	1
57878	67768	2
57878	67977	7
57878	68095	1
57957	58401	34
57957	58477	4
57957	59087	2
57957	59418	13
57957	59667	9
57957	59727	1
57957	60025	48
57957	60096	5
57957	60326	31
57957	60894	2
57957	60976	2
57957	61013	1
57957	61242	3
57957	62521	1
57957	62563	3
57957	62650	2
57957	62799	1
57957	62828	5
57957	62898	5
57957	63525	2
57957	63933	5
57957	64294	2
57957	64552	13
57957	64726	1
57957	64805	1
57957	65150	3
57957	65477	1
57957	65568	6
57957	65594	7
57957	65623	1
57957	65679	3
57957	65730	1
57957	66003	3
57957	66237	9
57957	66266	8
57957	66804	1
57957	67129	2
57957	67165	2
57957	67189	1
57957	67215	1
57957	67268	8
57957	67285	1
57957	67308	4
57957	67336	2
57957	67371	1
57957	67474	25
57957	67768	4
57957	67980	1
57957	68095	3
58401	58477	19
58401	59087	4
58401	59418	17
58401	59667	9
58401	60025	46
58401	60096	1
58401	60326	92
58401	60976	32
58401	61013	10
58401	62521	64
58401	62563	3
58401	62605	16
58401	62619	2
58401	62696	8
58401	62762	3
58401	62791	2
58401	62799	3
58401	62828	2
58401	62860	7
58401	62898	17
58401	63932	1
58401	63933	31
58401	64294	19
58401	64532	2
58401	64552	159
58401	64569	1
58401	64744	1
58401	64805	3
58401	65135	1
58401	65150	31
58401	65157	1
58401	65180	9
58401	65190	6
58401	65399	3
58401	65477	3
58401	65505	3
58401	65568	45
58401	65588	1
58401	65594	112
58401	65679	31
58401	65730	2
58401	66003	6
58401	66266	81
58401	66433	2
58401	66472	6
58401	66804	6
58401	67147	1
58401	67165	3
58401	67189	1
58401	67209	5
58401	67249	5
58401	67268	1
58401	67285	1
58401	67308	2
58401	67336	5
58401	67371	4
58401	67422	1
58401	67474	5
58401	67494	2
58401	67653	6
58401	67733	3
58401	67768	10
58401	68095	3
58477	59087	52
58477	59418	15
58477	59667	36
58477	59727	11
58477	60025	14
58477	60096	47
58477	60326	26
58477	60894	93
58477	60976	21
58477	61013	4
58477	61242	27
58477	61585	11
58477	61697	12
58477	62162	13
58477	62521	18
58477	62563	8
58477	62582	7
58477	62596	11
58477	62605	3
58477	62619	2
58477	62650	3
58477	62696	20
58477	62762	9
58477	62791	10
58477	62799	11
58477	62828	6
58477	62860	15
58477	62898	23
58477	63525	15
58477	63932	13
58477	63933	65
58477	64231	64
58477	64294	9
58477	64532	2
58477	64552	45
58477	64569	2
58477	64610	6
58477	64675	8
58477	64726	19
58477	64744	37
58477	64805	7
58477	65135	2
58477	65150	7
58477	65180	12
58477	65399	12
58477	65477	24
58477	65505	2
58477	65568	20
58477	65588	2
58477	65594	51
58477	65605	3
58477	65679	24
58477	65730	2
58477	65757	7
58477	66003	113
58477	66040	45
58477	66237	3
58477	66266	20
58477	66351	2
58477	66433	2
58477	66472	10
58477	66504	1
58477	66804	25
58477	67058	7
58477	67129	1
58477	67147	2
58477	67165	11
58477	67189	2
58477	67209	3
58477	67215	1
58477	67249	8
58477	67260	3
58477	67268	1
58477	67277	3
58477	67285	12
58477	67308	6
58477	67336	9
58477	67371	4
58477	67422	4
58477	67474	6
58477	67482	1
58477	67494	3
58477	67653	15
58477	67670	2
58477	67733	9
58477	67768	16
58477	67980	17
59087	59418	15
59087	59667	59
59087	59727	31
59087	60025	4
59087	60096	6
59087	60326	62
59087	60894	74
59087	60976	49
59087	61013	3
59087	61242	39
59087	61279	21
59087	61585	2
59087	61697	16
59087	62162	31
59087	62521	18
59087	62563	9
59087	62582	51
59087	62596	12
59087	62605	5
59087	62619	14
59087	62650	107
59087	62696	38
59087	62762	20
59087	62791	5
59087	62799	29
59087	62828	42
59087	62860	82
59087	62898	38
59087	63525	32
59087	63932	22
59087	63933	28
59087	64231	10
59087	64294	5
59087	64532	5
59087	64552	45
59087	64569	9
59087	64610	28
59087	64675	13
59087	64726	2
59087	64744	11
59087	64805	8
59087	65135	6
59087	65150	9
59087	65157	26
59087	65180	6
59087	65190	13
59087	65399	3
59087	65477	59
59087	65505	19
59087	65524	19
59087	65568	22
59087	65588	6
59087	65594	29
59087	65605	8
59087	65623	5
59087	65679	20
59087	65730	5
59087	65757	118
59087	66003	94
59087	66040	10
59087	66237	4
59087	66266	40
59087	66351	46
59087	66433	18
59087	66472	4
59087	66504	19
59087	66804	7
59087	67129	6
59087	67147	9
59087	67165	44
59087	67189	16
59087	67209	4
59087	67215	8
59087	67249	8
59087	67260	8
59087	67268	4
59087	67277	4
59087	67285	16
59087	67308	28
59087	67336	82
59087	67371	19
59087	67422	13
59087	67474	3
59087	67482	10
59087	67494	3
59087	67653	14
59087	67670	3
59087	67733	3
59087	67768	6
59087	67977	2
59087	67980	14
59087	68095	3
59418	59667	18
59418	59727	1
59418	60025	30
59418	60096	13
59418	60326	35
59418	60894	14
59418	60976	18
59418	61013	3
59418	61242	39
59418	61279	2
59418	61697	4
59418	62162	1
59418	62521	1
59418	62563	11
59418	62582	3
59418	62650	1
59418	62696	4
59418	62762	2
59418	62791	3
59418	62799	2
59418	62828	6
59418	62860	8
59418	62898	14
59418	63525	7
59418	63932	2
59418	63933	9
59418	64294	2
59418	64552	7
59418	64569	1
59418	64675	2
59418	64726	4
59418	64744	3
59418	65135	1
59418	65150	6
59418	65157	1
59418	65190	4
59418	65399	5
59418	65505	11
59418	65524	1
59418	65568	1
59418	65588	2
59418	65594	4
59418	65605	1
59418	65623	1
59418	65679	8
59418	65757	1
59418	66003	19
59418	66237	1
59418	66266	12
59418	66351	4
59418	66433	9
59418	66504	1
59418	66804	2
59418	67129	1
59418	67165	2
59418	67189	2
59418	67268	4
59418	67277	2
59418	67285	2
59418	67308	4
59418	67336	5
59418	67371	10
59418	67474	3
59418	67482	2
59418	67494	2
59418	67653	34
59418	67768	3
59418	67980	3
59667	59727	3
59667	60025	12
59667	60096	34
59667	60326	23
59667	60894	29
59667	60976	11
59667	61013	1
59667	61242	5
59667	61585	4
59667	61697	3
59667	62563	3
59667	62582	1
59667	62596	4
59667	62619	6
59667	62650	1
59667	62696	3
59667	62762	2
59667	62791	2
59667	62799	8
59667	62828	7
59667	62860	4
59667	62898	3
59667	63525	6
59667	63932	3
59667	63933	11
59667	64231	13
59667	64294	1
59667	64552	25
59667	64610	5
59667	64675	1
59667	64726	8
59667	64744	7
59667	64805	4
59667	65150	3
59667	65157	3
59667	65180	4
59667	65399	18
59667	65477	6
59667	65505	6
59667	65568	8
59667	65588	2
59667	65594	18
59667	65605	1
59667	65679	9
59667	65730	2
59667	65757	3
59667	66003	27
59667	66040	20
59667	66266	8
59667	66433	5
59667	66472	1
59667	66504	2
59667	66804	32
59667	67058	1
59667	67129	3
59667	67147	1
59667	67189	5
59667	67249	1
59667	67268	6
59667	67277	1
59667	67285	4
59667	67308	3
59667	67336	26
59667	67371	3
59667	67422	4
59667	67494	3
59667	67653	8
59667	67768	5
59667	67980	2
59727	60096	3
59727	60326	3
59727	60894	49
59727	60976	2
59727	61013	1
59727	61242	1
59727	61279	4
59727	61585	32
59727	61697	4
59727	62162	5
59727	62582	8
59727	62596	1
59727	62619	1
59727	62650	6
59727	62696	4
59727	62762	1
59727	62791	2
59727	62799	3
59727	62828	7
59727	62860	4
59727	62898	5
59727	63525	16
59727	63932	10
59727	63933	6
59727	64231	5
59727	64294	1
59727	64552	4
59727	64569	6
59727	64610	5
59727	64675	1
59727	64726	3
59727	64744	3
59727	64805	1
59727	65150	1
59727	65157	4
59727	65180	1
59727	65190	1
59727	65477	3
59727	65524	1
59727	65594	1
59727	65679	1
59727	65757	7
59727	66003	3
59727	66040	2
59727	66266	8
59727	66351	11
59727	66504	3
59727	66804	1
59727	67165	5
59727	67189	2
59727	67209	1
59727	67215	1
59727	67249	1
59727	67260	2
59727	67268	1
59727	67285	3
59727	67308	1
59727	67336	8
59727	67371	1
59727	67422	1
59727	67670	2
59727	67980	14
60025	60096	7
60025	60326	27
60025	60894	8
60025	60976	5
60025	61013	2
60025	61242	6
60025	61585	1
60025	62521	2
60025	62563	2
60025	62582	2
60025	62596	1
60025	62696	2
60025	62762	3
60025	62799	1
60025	62828	4
60025	62860	3
60025	62898	6
60025	63525	2
60025	63933	6
60025	64231	3
60025	64294	3
60025	64552	12
60025	64726	3
60025	64744	1
60025	65150	3
60025	65157	2
60025	65180	1
60025	65399	6
60025	65477	1
60025	65505	3
60025	65568	7
60025	65588	2
60025	65594	9
60025	65605	2
60025	65623	1
60025	65679	6
60025	66003	12
60025	66040	3
60025	66237	4
60025	66266	8
60025	66433	3
60025	66472	2
60025	66804	10
60025	67058	1
60025	67165	2
60025	67189	1
60025	67249	3
60025	67268	1
60025	67277	3
60025	67285	6
60025	67308	5
60025	67336	6
60025	67371	3
60025	67422	2
60025	67494	3
60025	67653	9
60025	67768	4
60025	67980	1
60025	68095	1
60096	60326	3
60096	60894	25
60096	60976	7
60096	61242	1
60096	61279	1
60096	61585	4
60096	61697	3
60096	62162	1
60096	62521	1
60096	62582	2
60096	62596	2
60096	62605	1
60096	62619	1
60096	62650	2
60096	62696	8
60096	62799	1
60096	62828	5
60096	62860	5
60096	62898	3
60096	63525	2
60096	63932	1
60096	63933	6
60096	64231	14
60096	64294	2
60096	64532	1
60096	64552	11
60096	64610	1
60096	64675	1
60096	64726	5
60096	64744	3
60096	65150	2
60096	65157	1
60096	65180	3
60096	65399	4
60096	65477	1
60096	65505	3
60096	65568	2
60096	65594	4
60096	65679	3
60096	66003	17
60096	66040	7
60096	66237	2
60096	66266	4
60096	66804	5
60096	67058	1
60096	67249	1
60096	67268	3
60096	67285	2
60096	67336	4
60096	67422	1
60096	67653	3
60096	67670	1
60096	67768	1
60096	67980	2
60326	60894	79
60326	60976	580
60326	61242	71
60326	61697	17
60326	62162	9
60326	62521	1
60326	62563	139
60326	62582	7
60326	62596	10
60326	62605	9
60326	62619	2
60326	62650	17
60326	62696	29
60326	62762	17
60326	62791	9
60326	62799	10
60326	62828	10
60326	62860	96
60326	62898	18
60326	63525	11
60326	63932	6
60326	63933	9
60326	64231	4
60326	64294	6
60326	64532	2
60326	64552	46
60326	64569	14
60326	64610	2
60326	64675	81
60326	64726	19
60326	64744	6
60326	65135	5
60326	65150	9
60326	65180	4
60326	65190	20
60326	65399	6
60326	65505	146
60326	65524	15
60326	65568	14
60326	65588	22
60326	65594	18
60326	65605	18
60326	65623	3
60326	65679	61
60326	65730	55
60326	66003	68
60326	66040	4
60326	66237	7
60326	66266	86
60326	66433	13
60326	66472	7
60326	66504	12
60326	66804	11
60326	67129	2
60326	67147	2
60326	67165	16
60326	67189	45
60326	67209	2
60326	67215	20
60326	67249	14
60326	67260	1
60326	67268	3
60326	67277	8
60326	67285	5
60326	67308	65
60326	67336	44
60326	67371	5
60326	67422	9
60326	67482	6
60326	67494	3
60326	67653	14
60326	67670	7
60326	67733	12
60326	67768	5
60326	67980	3
60326	68095	37
60894	60976	90
60894	61013	2
60894	61242	17
60894	61279	9
60894	61585	55
60894	61697	20
60894	62521	2
60894	62563	6
60894	62582	7
60894	62596	6
60894	62619	6
60894	62650	13
60894	62696	18
60894	62762	10
60894	62791	1
60894	62799	8
60894	62828	19
60894	62860	23
60894	62898	10
60894	63525	34
60894	63932	16
60894	63933	23
60894	64231	18
60894	64294	6
60894	64532	1
60894	64552	22
60894	64569	8
60894	64610	10
60894	64675	14
60894	64726	15
60894	64744	21
60894	64805	2
60894	65135	1
60894	65150	13
60894	65180	9
60894	65190	1
60894	65399	12
60894	65477	10
60894	65505	17
60894	65524	1
60894	65568	6
60894	65588	15
60894	65594	18
60894	65605	3
60894	65623	1
60894	65679	5
60894	65730	1
60894	65757	11
60894	66003	116
60894	66040	17
60894	66237	10
60894	66266	19
60894	66351	21
60894	66433	4
60894	66472	2
60894	66504	5
60894	66804	22
60894	67058	6
60894	67147	1
60894	67165	5
60894	67189	7
60894	67209	1
60894	67215	5
60894	67249	1
60894	67260	4
60894	67277	5
60894	67285	6
60894	67308	8
60894	67336	26
60894	67371	5
60894	67474	12
60894	67482	6
60894	67494	1
60894	67653	7
60894	67670	2
60894	67768	8
60894	67977	1
60894	67980	20
60894	68095	5
60976	61013	2
60976	61242	45
60976	61279	2
60976	61585	1
60976	61697	16
60976	62162	16
60976	62521	3
60976	62563	80
60976	62582	3
60976	62596	2
60976	62605	9
60976	62619	2
60976	62650	10
60976	62696	16
60976	62762	13
60976	62791	3
60976	62799	7
60976	62828	10
60976	62860	58
60976	62898	8
60976	63525	10
60976	63932	12
60976	63933	14
60976	64231	3
60976	64294	4
60976	64552	28
60976	64569	2
60976	64610	2
60976	64675	47
60976	64726	8
60976	64744	6
60976	64805	4
60976	65135	5
60976	65150	3
60976	65157	1
60976	65180	3
60976	65190	2
60976	65399	12
60976	65505	101
60976	65524	4
60976	65568	6
60976	65588	10
60976	65594	13
60976	65605	14
60976	65623	3
60976	65679	36
60976	65730	11
60976	65757	2
60976	66003	33
60976	66040	2
60976	66237	2
60976	66266	46
60976	66351	1
60976	66433	9
60976	66472	7
60976	66504	7
60976	66804	44
60976	67058	3
60976	67129	6
60976	67165	8
60976	67189	20
60976	67209	1
60976	67215	18
60976	67249	16
60976	67260	3
60976	67268	3
60976	67277	4
60976	67285	7
60976	67308	18
60976	67336	30
60976	67371	8
60976	67422	3
60976	67474	2
60976	67482	1
60976	67494	7
60976	67653	6
60976	67733	3
60976	67768	7
60976	67977	1
60976	67980	2
60976	68095	17
61013	61585	1
61013	61697	1
61013	62521	23
61013	62563	3
61013	62582	1
61013	62596	1
61013	62605	1
61013	62619	4
61013	62650	6
61013	62696	5
61013	62762	3
61013	62791	3
61013	62799	8
61013	62828	5
61013	62860	2
61013	62898	8
61013	63525	1
61013	63933	14
61013	64294	6
61013	64532	4
61013	64552	58
61013	64569	1
61013	64675	1
61013	64744	1
61013	64805	4
61013	65135	3
61013	65150	1
61013	65157	1
61013	65180	18
61013	65190	2
61013	65399	4
61013	65477	8
61013	65505	1
61013	65524	2
61013	65568	25
61013	65588	5
61013	65594	44
61013	65605	2
61013	65679	36
61013	65730	2
61013	65757	1
61013	66003	5
61013	66266	1
61013	66433	1
61013	66472	2
61013	66504	1
61013	66804	7
61013	67147	4
61013	67165	3
61013	67189	5
61013	67209	1
61013	67215	1
61013	67249	4
61013	67260	3
61013	67277	2
61013	67285	4
61013	67308	9
61013	67336	8
61013	67371	7
61013	67474	32
61013	67482	2
61013	67494	9
61013	67653	5
61013	67733	7
61013	67768	15
61013	68095	2
61242	61279	2
61242	61697	10
61242	62162	9
61242	62563	14
61242	62619	1
61242	62650	2
61242	62696	1
61242	62762	2
61242	62791	5
61242	62828	2
61242	62860	6
61242	62898	11
61242	63525	9
61242	63932	3
61242	63933	8
61242	64294	1
61242	64552	2
61242	64569	3
61242	64726	2
61242	64744	5
61242	65135	2
61242	65150	1
61242	65190	11
61242	65399	4
61242	65505	11
61242	65588	3
61242	65594	2
61242	65605	4
61242	65623	1
61242	65679	5
61242	65730	3
61242	66003	28
61242	66237	1
61242	66266	10
61242	66351	2
61242	66433	6
61242	66472	1
61242	66504	1
61242	66804	2
61242	67058	1
61242	67129	3
61242	67165	22
61242	67189	5
61242	67209	3
61242	67215	2
61242	67268	5
61242	67277	1
61242	67285	1
61242	67308	3
61242	67336	3
61242	67371	7
61242	67474	1
61242	67653	18
61242	67768	1
61242	68095	1
61279	61585	6
61279	61697	4
61279	62162	1
61279	62582	4
61279	62619	5
61279	62650	23
61279	62696	3
61279	62762	1
61279	62799	3
61279	62828	2
61279	62860	10
61279	62898	3
61279	63525	9
61279	63932	12
61279	64231	8
61279	64532	3
61279	64552	1
61279	64569	1
61279	64610	2
61279	64675	1
61279	64744	1
61279	65135	1
61279	65150	1
61279	65157	1
61279	65180	1
61279	65477	1
61279	65524	4
61279	65568	1
61279	65588	2
61279	65605	3
61279	65623	4
61279	65679	2
61279	65757	20
61279	66003	3
61279	66040	4
61279	66237	1
61279	66266	1
61279	66351	5
61279	66433	2
61279	66472	1
61279	66504	2
61279	67058	3
61279	67129	2
61279	67165	7
61279	67189	3
61279	67215	2
61279	67260	4
61279	67268	2
61279	67277	2
61279	67285	1
61279	67308	3
61279	67336	4
61279	67371	2
61279	67422	3
61279	67474	2
61279	67482	5
61279	67494	2
61279	67768	1
61279	67977	1
61279	67980	6
61585	61697	4
61585	62582	1
61585	62596	1
61585	62619	3
61585	62650	3
61585	62696	3
61585	62799	3
61585	62828	1
61585	62860	4
61585	62898	1
61585	63525	6
61585	63932	4
61585	63933	6
61585	64231	2
61585	64552	2
61585	64726	3
61585	64744	4
61585	65135	1
61585	65180	17
61585	65399	1
61585	65477	3
61585	65568	1
61585	65588	4
61585	65594	3
61585	65757	6
61585	66003	10
61585	66040	5
61585	66351	1
61585	66504	2
61585	66804	16
61585	67058	1
61585	67209	1
61585	67215	1
61585	67260	2
61585	67285	2
61585	67336	6
61585	67371	1
61585	67670	2
61585	67980	2
61697	62563	6
61697	62582	4
61697	62596	2
61697	62605	2
61697	62619	2
61697	62650	9
61697	62696	3
61697	62791	1
61697	62828	4
61697	62860	8
61697	62898	4
61697	63525	2
61697	63933	5
61697	64231	2
61697	64294	1
61697	64552	2
61697	64569	1
61697	64610	1
61697	64675	4
61697	64726	5
61697	64744	2
61697	65150	1
61697	65157	3
61697	65180	4
61697	65568	1
61697	65588	1
61697	65605	1
61697	65679	2
61697	65730	2
61697	65757	1
61697	66003	7
61697	66040	2
61697	66266	7
61697	66351	3
61697	66433	3
61697	66472	1
61697	66504	2
61697	67147	1
61697	67165	3
61697	67189	5
61697	67260	2
61697	67285	3
61697	67308	1
61697	67336	12
61697	67371	1
61697	67482	1
61697	67653	4
61697	67977	1
61697	67980	2
61697	68095	3
62162	62521	1
62162	62582	6
62162	62596	1
62162	62619	2
62162	62650	15
62162	62762	5
62162	62799	4
62162	62828	2
62162	62860	7
62162	63525	4
62162	63932	3
62162	63933	1
62162	64532	1
62162	64610	1
62162	64675	1
62162	64726	3
62162	65150	1
62162	65157	1
62162	65399	1
62162	65477	1
62162	65505	1
62162	65524	1
62162	65568	1
62162	65605	2
62162	65623	1
62162	65679	1
62162	65757	1
62162	66040	1
62162	66351	1
62162	66504	3
62162	67058	3
62162	67129	2
62162	67165	4
62162	67189	3
62162	67260	10
62162	67336	14
62162	67371	4
62162	67733	1
62162	67977	2
62162	67980	4
62521	62563	9
62521	62596	10
62521	62605	15
62521	62619	40
62521	62650	21
62521	62696	7
62521	62762	7
62521	62791	2
62521	62799	19
62521	62828	11
62521	62860	9
62521	62898	33
62521	63525	1
62521	63932	1
62521	63933	62
62521	64294	30
62521	64532	3
62521	64552	253
62521	64569	8
62521	64726	1
62521	64744	4
62521	64805	41
62521	65135	8
62521	65157	1
62521	65180	91
62521	65190	4
62521	65399	2
62521	65477	39
62521	65505	1
62521	65524	1
62521	65568	52
62521	65588	26
62521	65594	171
62521	65679	136
62521	65730	3
62521	66003	7
62521	66237	1
62521	66266	5
62521	66472	37
62521	66504	1
62521	66804	1
62521	67129	10
62521	67147	16
62521	67165	22
62521	67189	30
62521	67209	9
62521	67215	2
62521	67249	10
62521	67268	1
62521	67277	12
62521	67285	2
62521	67308	29
62521	67336	15
62521	67371	13
62521	67422	5
62521	67474	2
62521	67482	9
62521	67494	2
62521	67670	18
62521	67733	57
62521	67768	23
62521	68095	4
62563	62582	10
62563	62596	6
62563	62605	11
62563	62619	12
62563	62650	32
62563	62696	10
62563	62762	16
62563	62791	11
62563	62799	15
62563	62828	15
62563	62860	48
62563	62898	24
62563	63525	1
62563	63932	2
62563	63933	7
62563	64294	1
62563	64532	1
62563	64552	23
62563	64569	7
62563	64675	12
62563	64744	2
62563	64805	5
62563	65135	8
62563	65150	2
62563	65157	4
62563	65180	6
62563	65190	7
62563	65477	7
62563	65505	30
62563	65524	7
62563	65568	12
62563	65588	9
62563	65594	16
62563	65605	3
62563	65623	2
62563	65679	18
62563	65730	16
62563	65757	3
62563	66003	14
62563	66266	18
62563	66433	8
62563	66472	5
62563	66504	1
62563	66804	1
62563	67058	4
62563	67129	4
62563	67147	5
62563	67165	23
62563	67189	27
62563	67209	8
62563	67215	16
62563	67249	16
62563	67260	5
62563	67268	7
62563	67277	6
62563	67285	33
62563	67308	27
62563	67336	17
62563	67371	9
62563	67422	3
62563	67474	1
62563	67482	7
62563	67494	1
62563	67653	7
62563	67670	1
62563	67733	8
62563	67768	8
62563	67977	3
62563	67980	1
62563	68095	9
62582	62596	3
62582	62605	5
62582	62619	10
62582	62650	57
62582	62696	25
62582	62762	9
62582	62791	5
62582	62799	21
62582	62828	12
62582	62860	18
62582	62898	21
62582	63525	13
62582	63932	1
62582	63933	5
62582	64231	3
62582	64294	1
62582	64532	2
62582	64552	9
62582	64569	4
62582	64610	11
62582	64675	11
62582	64726	2
62582	64744	1
62582	65135	4
62582	65150	3
62582	65157	7
62582	65180	1
62582	65190	6
62582	65399	1
62582	65477	8
62582	65505	2
62582	65524	14
62582	65568	9
62582	65588	2
62582	65594	4
62582	65605	4
62582	65623	2
62582	65679	6
62582	65730	1
62582	65757	6
62582	66003	11
62582	66040	2
62582	66266	5
62582	66351	1
62582	66433	2
62582	66472	2
62582	66504	3
62582	67058	1
62582	67129	4
62582	67147	2
62582	67165	24
62582	67189	10
62582	67209	10
62582	67215	3
62582	67249	12
62582	67260	2
62582	67268	5
62582	67277	6
62582	67285	45
62582	67308	29
62582	67336	37
62582	67371	5
62582	67422	4
62582	67474	3
62582	67482	5
62582	67494	4
62582	67653	6
62582	67733	5
62582	67768	8
62582	67977	2
62582	67980	3
62596	62605	4
62596	62619	7
62596	62650	19
62596	62696	21
62596	62762	9
62596	62791	4
62596	62799	14
62596	62828	18
62596	62860	15
62596	62898	14
62596	63525	1
62596	63932	1
62596	63933	7
62596	64231	1
62596	64294	2
62596	64532	1
62596	64552	15
62596	64569	2
62596	64610	10
62596	64675	3
62596	64744	5
62596	64805	4
62596	65135	3
62596	65150	2
62596	65157	11
62596	65180	5
62596	65190	4
62596	65477	25
62596	65505	3
62596	65524	2
62596	65568	5
62596	65588	2
62596	65594	4
62596	65605	3
62596	65623	1
62596	65679	11
62596	66003	13
62596	66040	2
62596	66433	1
62596	66472	9
62596	66504	7
62596	66804	3
62596	67058	23
62596	67129	6
62596	67147	11
62596	67165	16
62596	67189	5
62596	67209	2
62596	67215	2
62596	67268	3
62596	67277	3
62596	67285	6
62596	67308	13
62596	67336	15
62596	67371	11
62596	67422	4
62596	67494	1
62596	67653	2
62596	67670	1
62596	67733	3
62596	67768	7
62596	67977	8
62596	67980	2
62596	68095	1
62605	62619	12
62605	62650	19
62605	62696	8
62605	62762	20
62605	62791	6
62605	62799	9
62605	62828	10
62605	62860	12
62605	62898	16
62605	63933	18
62605	64294	9
62605	64532	5
62605	64552	93
62605	64569	1
62605	64805	14
62605	65135	2
62605	65150	1
62605	65157	3
62605	65180	16
62605	65190	7
62605	65477	17
62605	65505	1
62605	65524	2
62605	65568	15
62605	65588	4
62605	65594	54
62605	65605	4
62605	65623	2
62605	65679	25
62605	65730	23
62605	65757	4
62605	66003	7
62605	66266	1
62605	66433	3
62605	66472	2
62605	66504	2
62605	66804	1
62605	67129	3
62605	67147	6
62605	67165	11
62605	67189	7
62605	67209	2
62605	67215	2
62605	67249	9
62605	67260	1
62605	67268	6
62605	67277	5
62605	67285	9
62605	67308	35
62605	67336	17
62605	67371	5
62605	67422	5
62605	67474	3
62605	67482	5
62605	67494	4
62605	67653	11
62605	67733	12
62605	67768	4
62605	67977	2
62605	68095	3
62619	62650	52
62619	62696	32
62619	62762	24
62619	62791	3
62619	62799	24
62619	62828	25
62619	62860	27
62619	62898	23
62619	63525	9
62619	63932	3
62619	63933	17
62619	64294	18
62619	64532	6
62619	64552	64
62619	64569	10
62619	64610	5
62619	64675	7
62619	64744	2
62619	64805	11
62619	65135	6
62619	65150	1
62619	65157	6
62619	65180	22
62619	65190	8
62619	65399	1
62619	65477	31
62619	65505	1
62619	65524	9
62619	65568	41
62619	65588	11
62619	65594	70
62619	65605	5
62619	65623	3
62619	65679	45
62619	65730	6
62619	65757	7
62619	66003	7
62619	66237	1
62619	66266	1
62619	66351	4
62619	66433	8
62619	66472	15
62619	66504	5
62619	66804	16
62619	67058	2
62619	67129	2
62619	67147	6
62619	67165	24
62619	67189	21
62619	67209	14
62619	67215	11
62619	67249	8
62619	67260	5
62619	67268	6
62619	67277	6
62619	67285	12
62619	67308	27
62619	67336	32
62619	67371	23
62619	67422	5
62619	67474	5
62619	67482	4
62619	67494	3
62619	67653	1
62619	67670	3
62619	67733	34
62619	67768	13
62619	67977	2
62619	67980	4
62619	68095	1
62650	62696	73
62650	62762	87
62650	62791	13
62650	62799	78
62650	62828	79
62650	62860	135
62650	62898	51
62650	63525	16
62650	63932	10
62650	63933	7
62650	64294	7
62650	64532	47
62650	64552	60
62650	64569	16
62650	64610	21
62650	64675	13
62650	64726	2
62650	64744	4
62650	64805	4
62650	65135	20
62650	65150	5
62650	65157	44
62650	65180	17
62650	65190	30
62650	65399	2
62650	65477	56
62650	65524	36
62650	65568	45
62650	65588	9
62650	65594	32
62650	65605	26
62650	65623	134
62650	65679	41
62650	65730	25
62650	65757	38
62650	66003	11
62650	66237	2
62650	66266	10
62650	66351	12
62650	66433	26
62650	66472	12
62650	66504	60
62650	67058	16
62650	67129	23
62650	67147	18
62650	67165	115
62650	67189	62
62650	67209	28
62650	67215	32
62650	67249	13
62650	67260	11
62650	67268	23
62650	67277	22
62650	67285	71
62650	67308	75
62650	67336	100
62650	67371	23
62650	67422	29
62650	67474	3
62650	67482	13
62650	67494	36
62650	67653	7
62650	67670	6
62650	67733	29
62650	67768	23
62650	67977	34
62650	67980	6
62650	68095	5
62696	62762	28
62696	62791	8
62696	62799	26
62696	62828	37
62696	62860	54
62696	62898	46
62696	63525	7
62696	63932	6
62696	63933	21
62696	64231	1
62696	64294	9
62696	64532	9
62696	64552	28
62696	64569	5
62696	64610	15
62696	64675	12
62696	64726	2
62696	64744	5
62696	64805	4
62696	65135	6
62696	65150	3
62696	65157	32
62696	65180	7
62696	65190	14
62696	65399	1
62696	65477	53
62696	65505	2
62696	65524	27
62696	65568	16
62696	65588	7
62696	65594	22
62696	65605	9
62696	65623	9
62696	65679	25
62696	65730	7
62696	65757	18
62696	66003	22
62696	66040	3
62696	66237	2
62696	66266	8
62696	66351	3
62696	66433	12
62696	66472	3
62696	66504	18
62696	66804	5
62696	67058	3
62696	67129	7
62696	67147	18
62696	67165	65
62696	67189	31
62696	67209	14
62696	67215	16
62696	67249	19
62696	67260	9
62696	67268	11
62696	67277	13
62696	67285	30
62696	67308	42
62696	67336	40
62696	67371	14
62696	67422	9
62696	67474	5
62696	67482	8
62696	67494	14
62696	67653	4
62696	67670	2
62696	67733	10
62696	67768	19
62696	67977	18
62696	67980	6
62696	68095	3
62762	62791	9
62762	62799	20
62762	62828	20
62762	62860	33
62762	62898	25
62762	63525	3
62762	63932	1
62762	63933	6
62762	64294	12
62762	64532	5
62762	64552	32
62762	64569	7
62762	64610	4
62762	64675	2
62762	64744	3
62762	64805	5
62762	65135	3
62762	65157	8
62762	65180	8
62762	65190	9
62762	65399	4
62762	65477	12
62762	65505	12
62762	65524	3
62762	65568	21
62762	65588	12
62762	65594	20
62762	65605	10
62762	65623	18
62762	65679	21
62762	65730	23
62762	65757	3
62762	66003	16
62762	66266	4
62762	66351	1
62762	66433	10
62762	66472	6
62762	66504	6
62762	66804	9
62762	67058	4
62762	67129	8
62762	67147	22
62762	67165	27
62762	67189	15
62762	67209	3
62762	67215	20
62762	67249	13
62762	67260	1
62762	67268	7
62762	67277	9
62762	67285	18
62762	67308	47
62762	67336	34
62762	67371	37
62762	67422	11
62762	67474	1
62762	67482	7
62762	67494	6
62762	67653	18
62762	67670	3
62762	67733	4
62762	67768	6
62762	67977	7
62762	68095	2
62791	62799	8
62791	62828	8
62791	62860	16
62791	62898	11
62791	63933	5
62791	64294	2
62791	64532	1
62791	64552	8
62791	64569	2
62791	64675	2
62791	64726	1
62791	64744	1
62791	64805	2
62791	65135	1
62791	65157	2
62791	65180	2
62791	65190	7
62791	65399	3
62791	65477	9
62791	65524	4
62791	65568	2
62791	65588	2
62791	65594	8
62791	65605	2
62791	65623	3
62791	65679	11
62791	65730	2
62791	66003	8
62791	66266	1
62791	66433	5
62791	66472	1
62791	66804	5
62791	67058	8
62791	67129	4
62791	67165	7
62791	67189	3
62791	67209	3
62791	67215	2
62791	67249	5
62791	67260	2
62791	67268	6
62791	67277	1
62791	67285	17
62791	67308	7
62791	67336	12
62791	67371	10
62791	67422	4
62791	67474	1
62791	67482	4
62791	67494	2
62791	67653	8
62791	67733	2
62791	67768	7
62791	67977	5
62791	68095	1
62799	62828	25
62799	62860	38
62799	62898	43
62799	63525	7
62799	63932	7
62799	63933	15
62799	64294	6
62799	64532	6
62799	64552	42
62799	64569	5
62799	64610	2
62799	64675	5
62799	64726	1
62799	64744	2
62799	64805	1
62799	65135	6
62799	65150	2
62799	65157	7
62799	65180	6
62799	65190	23
62799	65399	4
62799	65477	32
62799	65505	9
62799	65524	17
62799	65568	20
62799	65588	10
62799	65594	26
62799	65605	5
62799	65623	10
62799	65679	20
62799	65730	1
62799	65757	7
62799	66003	22
62799	66237	3
62799	66266	3
62799	66351	3
62799	66433	6
62799	66472	5
62799	66504	10
62799	66804	6
62799	67058	14
62799	67129	9
62799	67147	8
62799	67165	24
62799	67189	19
62799	67209	5
62799	67215	5
62799	67249	12
62799	67260	5
62799	67268	9
62799	67277	6
62799	67285	12
62799	67308	31
62799	67336	49
62799	67371	13
62799	67422	10
62799	67474	1
62799	67482	9
62799	67494	6
62799	67653	11
62799	67670	1
62799	67733	8
62799	67768	17
62799	67977	5
62799	67980	4
62799	68095	7
62828	62860	35
62828	62898	29
62828	63525	8
62828	63932	4
62828	63933	29
62828	64294	8
62828	64532	6
62828	64552	43
62828	64569	3
62828	64610	11
62828	64675	8
62828	64726	2
62828	64744	3
62828	64805	4
62828	65135	10
62828	65150	4
62828	65157	16
62828	65180	16
62828	65190	16
62828	65399	3
62828	65477	23
62828	65505	6
62828	65524	10
62828	65568	33
62828	65588	19
62828	65594	22
62828	65605	9
62828	65623	10
62828	65679	29
62828	65730	1
62828	65757	8
62828	66003	20
62828	66040	1
62828	66237	15
62828	66266	13
62828	66351	6
62828	66433	4
62828	66472	8
62828	66504	4
62828	66804	9
62828	67058	7
62828	67129	12
62828	67147	8
62828	67165	26
62828	67189	18
62828	67209	11
62828	67215	4
62828	67249	14
62828	67260	3
62828	67268	10
62828	67277	7
62828	67285	28
62828	67308	36
62828	67336	54
62828	67371	16
62828	67422	12
62828	67474	1
62828	67482	2
62828	67494	16
62828	67653	6
62828	67670	14
62828	67733	9
62828	67768	18
62828	67977	4
62828	67980	3
62828	68095	6
62860	62898	37
62860	63525	6
62860	63932	3
62860	63933	11
62860	64294	6
62860	64532	11
62860	64552	37
62860	64569	11
62860	64610	8
62860	64675	17
62860	64744	4
62860	64805	10
62860	65135	10
62860	65150	3
62860	65157	19
62860	65180	7
62860	65190	11
62860	65399	3
62860	65477	31
62860	65505	17
62860	65524	23
62860	65568	18
62860	65588	14
62860	65594	15
62860	65605	13
62860	65623	22
62860	65679	43
62860	65730	5
62860	65757	10
62860	66003	22
62860	66237	8
62860	66266	6
62860	66351	17
62860	66433	23
62860	66472	9
62860	66504	11
62860	66804	3
62860	67058	8
62860	67129	22
62860	67147	10
62860	67165	57
62860	67189	57
62860	67209	6
62860	67215	25
62860	67249	12
62860	67260	10
62860	67268	22
62860	67277	15
62860	67285	32
62860	67308	40
62860	67336	80
62860	67371	39
62860	67422	14
62860	67474	2
62860	67482	4
62860	67494	15
62860	67653	13
62860	67670	4
62860	67733	4
62860	67768	14
62860	67977	14
62860	67980	6
62860	68095	15
62898	63525	7
62898	63932	8
62898	63933	37
62898	64231	1
62898	64294	9
62898	64532	6
62898	64552	75
62898	64569	3
62898	64610	11
62898	64675	11
62898	64726	1
62898	64744	8
62898	64805	13
62898	65135	8
62898	65150	4
62898	65157	30
62898	65180	12
62898	65190	20
62898	65399	4
62898	65477	25
62898	65505	10
62898	65524	14
62898	65568	21
62898	65588	12
62898	65594	72
62898	65605	6
62898	65623	7
62898	65679	51
62898	65730	27
62898	65757	21
62898	66003	42
62898	66040	2
62898	66266	7
62898	66351	3
62898	66433	16
62898	66472	11
62898	66504	11
62898	66804	9
62898	67058	1
62898	67129	15
62898	67147	8
62898	67165	63
62898	67189	31
62898	67209	12
62898	67215	8
62898	67249	13
62898	67260	4
62898	67268	6
62898	67277	11
62898	67285	24
62898	67308	67
62898	67336	32
62898	67371	20
62898	67422	15
62898	67474	6
62898	67482	5
62898	67494	12
62898	67653	35
62898	67670	3
62898	67733	13
62898	67768	21
62898	67977	9
62898	67980	2
62898	68095	5
63525	63932	40
63525	63933	14
63525	64231	5
63525	64294	1
63525	64532	1
63525	64552	12
63525	64569	4
63525	64610	5
63525	64675	2
63525	64726	4
63525	64744	3
63525	64805	1
63525	65150	5
63525	65180	2
63525	65190	3
63525	65399	2
63525	65477	11
63525	65505	9
63525	65524	5
63525	65568	5
63525	65588	1
63525	65594	6
63525	65605	3
63525	65623	1
63525	65679	3
63525	65730	1
63525	65757	3
63525	66003	23
63525	66040	5
63525	66237	7
63525	66266	10
63525	66351	6
63525	66472	2
63525	66504	3
63525	66804	4
63525	67058	4
63525	67129	3
63525	67147	1
63525	67165	10
63525	67189	4
63525	67209	3
63525	67215	2
63525	67249	3
63525	67260	3
63525	67277	2
63525	67285	3
63525	67308	2
63525	67336	15
63525	67371	2
63525	67422	1
63525	67474	3
63525	67482	2
63525	67494	3
63525	67653	1
63525	67670	3
63525	67733	2
63525	67768	2
63525	67977	1
63525	67980	48
63525	68095	1
63932	63933	2
63932	64231	7
63932	64532	1
63932	64552	5
63932	64569	2
63932	64610	3
63932	64675	2
63932	64726	3
63932	64744	2
63932	65157	4
63932	65180	1
63932	65190	2
63932	65399	1
63932	65477	3
63932	65568	4
63932	65588	2
63932	65594	1
63932	65605	1
63932	65623	4
63932	65679	4
63932	65757	12
63932	66003	11
63932	66040	3
63932	66237	4
63932	66266	1
63932	66351	4
63932	66433	1
63932	66472	2
63932	66504	2
63932	67058	3
63932	67147	1
63932	67165	1
63932	67189	2
63932	67215	1
63932	67260	3
63932	67277	1
63932	67285	3
63932	67308	3
63932	67336	6
63932	67422	3
63932	67474	1
63932	67494	3
63932	67768	4
63932	67977	1
63932	67980	23
63933	64231	10
63933	64294	38
63933	64532	4
63933	64552	180
63933	64569	2
63933	64610	2
63933	64675	2
63933	64726	4
63933	64744	14
63933	64805	50
63933	65135	17
63933	65150	7
63933	65180	19
63933	65190	4
63933	65399	1
63933	65477	38
63933	65505	6
63933	65568	29
63933	65588	12
63933	65594	220
63933	65605	9
63933	65623	1
63933	65679	62
63933	65730	5
63933	65757	7
63933	66003	25
63933	66040	6
63933	66237	2
63933	66266	9
63933	66433	4
63933	66472	29
63933	66504	3
63933	66804	1
63933	67147	6
63933	67165	17
63933	67189	3
63933	67209	4
63933	67249	19
63933	67268	1
63933	67277	2
63933	67285	11
63933	67308	18
63933	67336	33
63933	67371	5
63933	67422	3
63933	67474	32
63933	67482	3
63933	67494	25
63933	67653	13
63933	67670	1
63933	67733	21
63933	67768	30
63933	67980	5
63933	68095	1
64231	64294	6
64231	64552	4
64231	64569	1
64231	64610	3
64231	64675	2
64231	64726	4
64231	64744	3
64231	65150	3
64231	65180	1
64231	65477	1
64231	65568	1
64231	65588	1
64231	65594	7
64231	65605	3
64231	65757	5
64231	66003	16
64231	66040	88
64231	66237	1
64231	66266	2
64231	66472	9
64231	66804	2
64231	67058	1
64231	67285	3
64231	67653	2
64231	67980	3
64294	64532	2
64294	64552	89
64294	64744	5
64294	64805	10
64294	65135	3
64294	65157	2
64294	65180	10
64294	65190	1
64294	65399	3
64294	65477	14
64294	65505	3
64294	65524	2
64294	65568	9
64294	65588	10
64294	65594	59
64294	65605	2
64294	65679	23
64294	65730	3
64294	65757	1
64294	66003	22
64294	66040	2
64294	66266	4
64294	66433	4
64294	66472	12
64294	66504	1
64294	66804	2
64294	67129	1
64294	67147	3
64294	67165	6
64294	67189	6
64294	67209	3
64294	67215	1
64294	67249	6
64294	67260	1
64294	67268	2
64294	67277	1
64294	67285	8
64294	67308	8
64294	67336	6
64294	67371	7
64294	67422	2
64294	67482	2
64294	67494	5
64294	67653	8
64294	67670	2
64294	67733	18
64294	67768	20
64294	68095	1
64532	64552	11
64532	64610	1
64532	64675	2
64532	64744	1
64532	64805	4
64532	65135	2
64532	65150	2
64532	65157	4
64532	65180	1
64532	65477	9
64532	65524	1
64532	65568	4
64532	65588	2
64532	65594	9
64532	65605	2
64532	65623	7
64532	65679	13
64532	65730	24
64532	65757	3
64532	66003	5
64532	66266	1
64532	66433	1
64532	66472	3
64532	66504	8
64532	67129	3
64532	67165	15
64532	67189	4
64532	67209	3
64532	67215	3
64532	67249	4
64532	67260	1
64532	67268	8
64532	67277	2
64532	67285	5
64532	67308	11
64532	67336	7
64532	67371	2
64532	67422	4
64532	67482	5
64532	67494	2
64532	67653	1
64532	67733	2
64532	67768	10
64532	67980	1
64532	68095	1
64552	64569	14
64552	64610	1
64552	64675	7
64552	64726	5
64552	64744	18
64552	64805	90
64552	65135	10
64552	65150	16
64552	65157	9
64552	65180	80
64552	65190	33
64552	65399	14
64552	65477	84
64552	65505	13
64552	65524	5
64552	65568	147
64552	65588	40
64552	65594	461
64552	65605	9
64552	65623	4
64552	65679	312
64552	65730	22
64552	65757	8
64552	66003	56
64552	66040	6
64552	66237	3
64552	66266	17
64552	66351	1
64552	66433	13
64552	66472	47
64552	66504	8
64552	66804	32
64552	67058	2
64552	67129	5
64552	67147	26
64552	67165	38
64552	67189	34
64552	67209	24
64552	67215	14
64552	67249	33
64552	67260	4
64552	67268	4
64552	67277	23
64552	67285	34
64552	67308	59
64552	67336	52
64552	67371	15
64552	67422	15
64552	67474	26
64552	67482	10
64552	67494	27
64552	67653	11
64552	67670	7
64552	67733	97
64552	67768	90
64552	67977	1
64552	67980	1
64552	68095	23
64569	64610	4
64569	64675	6
64569	65135	1
64569	65150	1
64569	65157	1
64569	65180	1
64569	65190	6
64569	65477	2
64569	65505	6
64569	65524	1
64569	65568	4
64569	65588	5
64569	65594	3
64569	65605	1
64569	65623	1
64569	65679	18
64569	65730	1
64569	66003	11
64569	66266	2
64569	66472	7
64569	66504	5
64569	67058	5
64569	67129	6
64569	67147	2
64569	67165	11
64569	67189	7
64569	67209	2
64569	67215	5
64569	67249	1
64569	67260	2
64569	67268	5
64569	67277	2
64569	67285	3
64569	67308	5
64569	67336	10
64569	67371	5
64569	67422	4
64569	67474	1
64569	67482	2
64569	67494	3
64569	67653	1
64569	67670	1
64569	67733	7
64569	67768	5
64569	67980	1
64569	68095	1
64610	64675	3
64610	64726	2
64610	64744	3
64610	65150	1
64610	65157	16
64610	65180	1
64610	65190	5
64610	65477	16
64610	65505	1
64610	65524	10
64610	65568	1
64610	65588	1
64610	65605	1
64610	65623	1
64610	65679	2
64610	65757	4
64610	66003	10
64610	66040	2
64610	66266	6
64610	66351	2
64610	66504	10
64610	67129	1
64610	67165	12
64610	67189	2
64610	67209	3
64610	67215	2
64610	67249	1
64610	67260	2
64610	67268	2
64610	67285	3
64610	67308	11
64610	67336	11
64610	67371	1
64610	67422	4
64610	67494	1
64610	67977	2
64610	67980	2
64675	64726	6
64675	64744	3
64675	65150	4
64675	65157	3
64675	65180	2
64675	65190	4
64675	65477	2
64675	65505	6
64675	65524	4
64675	65588	4
64675	65594	2
64675	65605	2
64675	65623	2
64675	65679	7
64675	65730	1
64675	65757	1
64675	66003	12
64675	66040	2
64675	66266	7
64675	66433	1
64675	66472	1
64675	67058	3
64675	67129	3
64675	67147	1
64675	67165	8
64675	67189	11
64675	67209	1
64675	67215	6
64675	67249	9
64675	67285	8
64675	67308	9
64675	67336	10
64675	67371	2
64675	67422	4
64675	67482	11
64675	67494	1
64675	67653	1
64675	67670	4
64675	67733	1
64675	67768	4
64675	67980	1
64675	68095	8
64726	64744	3
64726	65135	1
64726	65150	4
64726	65180	3
64726	65399	6
64726	65568	1
64726	65588	2
64726	65594	3
64726	65679	6
64726	66003	9
64726	66040	5
64726	66237	1
64726	66266	11
64726	66804	1
64726	67058	1
64726	67285	2
64726	67336	1
64726	67422	1
64726	67482	1
64726	67494	1
64726	67768	2
64726	67980	2
64726	68095	3
64744	64805	2
64744	65135	3
64744	65150	1
64744	65157	3
64744	65180	2
64744	65190	2
64744	65399	2
64744	65477	6
64744	65568	9
64744	65594	19
64744	65679	18
64744	65730	1
64744	65757	9
64744	66003	46
64744	66040	5
64744	66237	1
64744	66266	3
64744	66351	1
64744	66433	2
64744	66472	2
64744	66504	5
64744	66804	4
64744	67058	1
64744	67147	2
64744	67165	7
64744	67189	2
64744	67209	3
64744	67215	3
64744	67249	4
64744	67260	2
64744	67268	1
64744	67277	2
64744	67285	4
64744	67308	1
64744	67336	3
64744	67371	3
64744	67422	1
64744	67474	1
64744	67494	1
64744	67670	1
64744	67733	4
64744	67768	11
64744	67980	2
64805	65135	7
64805	65157	1
64805	65180	10
64805	65190	1
64805	65477	28
64805	65568	19
64805	65588	4
64805	65594	121
64805	65605	1
64805	65679	36
64805	65730	11
64805	65757	1
64805	66003	10
64805	66266	1
64805	66433	1
64805	66472	17
64805	66504	1
64805	67129	5
64805	67147	1
64805	67165	11
64805	67189	1
64805	67209	4
64805	67215	1
64805	67249	6
64805	67260	1
64805	67268	1
64805	67277	6
64805	67285	10
64805	67308	14
64805	67336	15
64805	67371	6
64805	67422	1
64805	67474	4
64805	67482	1
64805	67494	4
64805	67653	1
64805	67670	5
64805	67733	21
64805	67768	13
64805	68095	1
65135	65150	1
65135	65157	2
65135	65180	6
65135	65477	7
65135	65505	2
65135	65568	7
65135	65588	1
65135	65594	25
65135	65605	2
65135	65623	4
65135	65679	20
65135	65730	2
65135	65757	1
65135	66003	16
65135	66266	1
65135	66351	3
65135	66472	3
65135	66504	2
65135	66804	1
65135	67058	3
65135	67129	3
65135	67147	4
65135	67165	5
65135	67189	4
65135	67209	2
65135	67215	2
65135	67249	6
65135	67260	7
65135	67268	1
65135	67277	1
65135	67285	2
65135	67308	12
65135	67336	8
65135	67371	3
65135	67422	3
65135	67474	2
65135	67482	1
65135	67494	5
65135	67653	2
65135	67733	6
65135	67768	7
65135	67977	2
65135	68095	2
65150	65157	2
65150	65180	1
65150	65190	2
65150	65399	1
65150	65568	2
65150	65588	1
65150	65594	11
65150	65623	2
65150	65679	2
65150	65757	3
65150	66003	12
65150	66040	6
65150	66266	5
65150	66433	2
65150	66804	4
65150	67058	4
65150	67129	1
65150	67147	2
65150	67165	2
65150	67189	3
65150	67209	1
65150	67215	5
65150	67260	1
65150	67285	2
65150	67308	1
65150	67336	1
65150	67371	1
65150	67482	3
65150	67494	1
65150	67653	2
65150	67768	5
65150	67977	19
65150	67980	2
65150	68095	2
65157	65180	3
65157	65190	11
65157	65399	3
65157	65477	22
65157	65524	16
65157	65568	6
65157	65588	3
65157	65594	2
65157	65605	1
65157	65623	1
65157	65679	12
65157	65757	4
65157	66003	5
65157	66040	2
65157	66266	4
65157	66351	3
65157	66433	4
65157	66504	13
65157	66804	5
65157	67129	1
65157	67147	5
65157	67165	25
65157	67189	9
65157	67209	6
65157	67215	7
65157	67249	2
65157	67260	2
65157	67268	1
65157	67277	1
65157	67285	11
65157	67308	15
65157	67336	10
65157	67371	3
65157	67422	4
65157	67474	2
65157	67482	1
65157	67494	4
65157	67653	5
65157	67733	3
65157	67768	2
65180	65190	5
65180	65399	2
65180	65477	23
65180	65524	1
65180	65568	23
65180	65588	10
65180	65594	47
65180	65623	1
65180	65679	70
65180	65730	1
65180	65757	2
65180	66003	16
65180	66040	3
65180	66266	1
65180	66433	2
65180	66472	10
65180	66504	1
65180	66804	2
65180	67058	2
65180	67129	6
65180	67147	16
65180	67165	15
65180	67189	11
65180	67209	8
65180	67215	6
65180	67249	6
65180	67260	4
65180	67268	1
65180	67277	9
65180	67285	4
65180	67308	30
65180	67336	25
65180	67371	16
65180	67422	8
65180	67474	3
65180	67482	5
65180	67494	4
65180	67653	2
65180	67670	3
65180	67733	29
65180	67768	25
65180	67977	7
65180	67980	3
65180	68095	3
65190	65399	1
65190	65477	6
65190	65505	3
65190	65524	31
65190	65568	6
65190	65588	4
65190	65594	10
65190	65605	4
65190	65679	14
65190	65730	2
65190	65757	5
65190	66003	6
65190	66266	4
65190	66351	2
65190	66433	1
65190	66472	5
65190	66504	11
65190	66804	3
65190	67058	2
65190	67129	8
65190	67147	5
65190	67165	13
65190	67189	5
65190	67209	7
65190	67215	9
65190	67249	4
65190	67260	3
65190	67268	1
65190	67277	1
65190	67285	11
65190	67308	10
65190	67336	23
65190	67371	7
65190	67422	5
65190	67474	1
65190	67482	1
65190	67494	2
65190	67653	1
65190	67733	21
65190	67768	3
65399	65477	3
65399	65505	5
65399	65568	7
65399	65588	2
65399	65594	5
65399	65605	2
65399	65679	15
65399	66003	3
65399	66237	4
65399	66266	16
65399	66351	4
65399	66433	4
65399	66804	312
65399	67058	1
65399	67129	3
65399	67165	3
65399	67189	5
65399	67249	1
65399	67260	3
65399	67268	2
65399	67277	4
65399	67285	4
65399	67308	7
65399	67336	2
65399	67371	2
65399	67422	1
65399	67474	1
65399	67494	2
65399	67653	3
65399	67768	1
65399	67980	2
65399	68095	1
65477	65524	21
65477	65568	27
65477	65588	6
65477	65594	90
65477	65605	4
65477	65623	4
65477	65679	42
65477	65730	5
65477	65757	7
65477	66003	18
65477	66040	2
65477	66266	3
65477	66433	12
65477	66472	17
65477	66504	19
65477	66804	9
65477	67058	5
65477	67129	17
65477	67147	6
65477	67165	39
65477	67189	14
65477	67209	15
65477	67215	3
65477	67249	18
65477	67260	1
65477	67268	1
65477	67277	11
65477	67285	16
65477	67308	33
65477	67336	38
65477	67371	12
65477	67422	14
65477	67474	2
65477	67482	1
65477	67494	12
65477	67653	6
65477	67670	4
65477	67733	31
65477	67768	31
65477	67977	3
65477	67980	2
65505	65524	4
65505	65568	2
65505	65588	8
65505	65594	3
65505	65679	13
65505	65730	2
65505	65757	3
65505	66003	14
65505	66237	1
65505	66266	20
65505	66433	4
65505	66472	2
65505	66504	3
65505	66804	12
65505	67129	1
65505	67189	8
65505	67209	1
65505	67215	2
65505	67249	4
65505	67260	2
65505	67277	2
65505	67308	7
65505	67336	4
65505	67371	5
65505	67653	7
65505	67980	2
65505	68095	4
65524	65568	6
65524	65588	3
65524	65594	2
65524	65623	2
65524	65679	8
65524	65730	4
65524	66003	5
65524	66266	1
65524	66351	3
65524	66433	8
65524	66472	3
65524	66504	10
65524	66804	1
65524	67129	2
65524	67147	2
65524	67165	24
65524	67189	3
65524	67209	2
65524	67215	2
65524	67249	3
65524	67268	2
65524	67277	7
65524	67285	33
65524	67308	20
65524	67336	16
65524	67371	9
65524	67422	7
65524	67474	3
65524	67482	3
65524	67653	2
65524	67670	4
65524	67733	11
65524	67768	1
65524	67977	1
65524	67980	2
65524	68095	1
65568	65588	13
65568	65594	111
65568	65605	3
65568	65623	4
65568	65679	97
65568	65730	6
65568	65757	3
65568	66003	21
65568	66040	3
65568	66237	4
65568	66266	8
65568	66351	1
65568	66433	8
65568	66472	8
65568	66504	7
65568	66804	17
65568	67058	1
65568	67129	5
65568	67147	11
65568	67165	24
65568	67189	18
65568	67209	8
65568	67215	13
65568	67249	14
65568	67260	5
65568	67268	2
65568	67277	8
65568	67285	20
65568	67308	33
65568	67336	31
65568	67371	12
65568	67422	4
65568	67474	16
65568	67482	5
65568	67494	10
65568	67653	1
65568	67670	11
65568	67733	50
65568	67768	33
65568	67980	3
65568	68095	7
65588	65594	22
65588	65605	3
65588	65623	4
65588	65679	15
65588	65730	2
65588	65757	1
65588	66003	13
65588	66266	4
65588	66433	4
65588	66472	6
65588	66504	2
65588	66804	8
65588	67058	10
65588	67129	2
65588	67147	4
65588	67165	7
65588	67189	10
65588	67209	4
65588	67215	8
65588	67249	3
65588	67260	3
65588	67268	5
65588	67277	2
65588	67285	6
65588	67308	12
65588	67336	9
65588	67371	4
65588	67422	2
65588	67474	3
65588	67482	7
65588	67494	3
65588	67653	7
65588	67670	4
65588	67733	4
65588	67768	5
65588	67980	1
65588	68095	3
65594	65605	4
65594	65623	1
65594	65679	185
65594	65730	28
65594	65757	5
65594	66003	36
65594	66040	7
65594	66266	18
65594	66433	6
65594	66472	44
65594	66504	1
65594	66804	7
65594	67129	5
65594	67147	11
65594	67165	41
65594	67189	15
65594	67209	13
65594	67215	6
65594	67249	30
65594	67260	1
65594	67268	4
65594	67277	12
65594	67285	14
65594	67308	62
65594	67336	58
65594	67371	12
65594	67422	10
65594	67474	43
65594	67482	7
65594	67494	19
65594	67653	9
65594	67670	6
65594	67733	96
65594	67768	71
65594	68095	2
65605	65623	5
65605	65679	11
65605	65730	18
65605	66003	10
65605	66040	2
65605	66237	1
65605	66266	2
65605	66433	3
65605	66472	2
65605	66504	2
65605	66804	2
65605	67058	2
65605	67129	4
65605	67147	3
65605	67165	9
65605	67189	4
65605	67209	1
65605	67215	4
65605	67249	4
65605	67268	2
65605	67277	2
65605	67285	7
65605	67308	31
65605	67336	10
65605	67371	5
65605	67422	7
65605	67474	1
65605	67482	3
65605	67494	1
65605	67653	4
65605	67670	2
65605	67733	1
65605	67977	2
65605	68095	1
65623	65679	3
65623	66003	4
65623	66266	1
65623	66433	1
65623	66472	1
65623	66504	8
65623	67058	1
65623	67129	7
65623	67147	5
65623	67165	13
65623	67189	6
65623	67215	2
65623	67268	2
65623	67277	4
65623	67285	1
65623	67308	4
65623	67336	6
65623	67371	1
65623	67422	2
65623	67474	1
65623	67482	2
65623	67494	4
65623	67653	1
65623	67733	1
65623	67768	2
65623	67980	1
65679	65730	26
65679	65757	5
65679	66003	25
65679	66040	2
65679	66266	7
65679	66351	1
65679	66433	14
65679	66472	20
65679	66504	13
65679	66804	30
65679	67058	3
65679	67129	7
65679	67147	15
65679	67165	45
65679	67189	27
65679	67209	14
65679	67215	12
65679	67249	20
65679	67260	11
65679	67268	11
65679	67277	19
65679	67285	34
65679	67308	58
65679	67336	58
65679	67371	40
65679	67422	13
65679	67474	7
65679	67482	9
65679	67494	13
65679	67653	12
65679	67670	6
65679	67733	86
65679	67768	57
65679	67980	1
65679	68095	14
65730	66003	1
65730	66266	6
65730	66433	4
65730	66472	1
65730	66504	18
65730	67129	1
65730	67165	29
65730	67189	4
65730	67209	2
65730	67215	4
65730	67249	4
65730	67260	1
65730	67268	1
65730	67277	18
65730	67285	21
65730	67308	184
65730	67336	2
65730	67422	37
65730	67474	1
65730	67482	18
65730	67494	1
65730	67670	1
65730	67733	5
65730	67768	8
65730	68095	21
65757	66003	14
65757	66040	3
65757	66237	1
65757	66266	2
65757	66351	10
65757	66433	1
65757	66472	3
65757	66504	9
65757	66804	3
65757	67058	2
65757	67129	4
65757	67165	25
65757	67189	15
65757	67209	1
65757	67215	4
65757	67249	3
65757	67260	1
65757	67268	1
65757	67277	4
65757	67285	4
65757	67308	4
65757	67336	16
65757	67371	2
65757	67422	3
65757	67474	1
65757	67482	5
65757	67653	4
65757	67768	3
65757	67977	34
65757	67980	3
66003	66040	24
66003	66237	1
66003	66266	18
66003	66351	7
66003	66433	16
66003	66472	40
66003	66504	2
66003	66804	17
66003	67058	9
66003	67129	2
66003	67147	9
66003	67165	18
66003	67189	60
66003	67209	6
66003	67215	9
66003	67249	6
66003	67260	11
66003	67268	11
66003	67277	7
66003	67285	15
66003	67308	23
66003	67336	34
66003	67371	8
66003	67422	4
66003	67474	10
66003	67482	5
66003	67494	3
66003	67653	21
66003	67670	3
66003	67733	7
66003	67768	48
66003	67977	2
66003	67980	13
66003	68095	2
66040	66237	1
66040	66266	2
66040	66472	5
66040	66804	5
66040	67058	2
66040	67285	6
66040	67336	1
66040	67371	1
66040	67422	1
66040	67768	1
66040	67980	4
66237	66266	2
66237	66472	2
66237	66504	2
66237	66804	8
66237	67165	1
66237	67189	1
66237	67209	1
66237	67268	1
66237	67285	5
66237	67422	2
66237	67474	5
66237	67482	2
66237	67670	4
66237	67768	2
66237	67977	13
66237	68095	2
66266	66351	3
66266	66433	3
66266	66472	1
66266	66504	3
66266	66804	19
66266	67058	3
66266	67129	2
66266	67147	1
66266	67165	8
66266	67189	1
66266	67209	3
66266	67215	6
66266	67249	4
66266	67260	1
66266	67268	1
66266	67277	1
66266	67285	6
66266	67308	7
66266	67336	8
66266	67371	2
66266	67422	1
66266	67474	1
66266	67482	1
66266	67494	2
66266	67653	5
66266	67670	3
66266	67733	3
66266	67768	7
66266	67977	6
66266	67980	5
66266	68095	3
66351	66433	1
66351	66504	2
66351	66804	5
66351	67058	3
66351	67165	5
66351	67209	1
66351	67215	2
66351	67260	1
66351	67285	1
66351	67308	4
66351	67336	13
66351	67494	1
66351	67653	1
66351	67977	4
66351	67980	5
66433	66472	3
66433	66504	4
66433	66804	4
66433	67058	3
66433	67129	5
66433	67147	1
66433	67165	18
66433	67189	11
66433	67209	8
66433	67215	11
66433	67249	1
66433	67268	8
66433	67277	3
66433	67285	15
66433	67308	11
66433	67336	12
66433	67371	16
66433	67422	5
66433	67474	1
66433	67482	1
66433	67494	2
66433	67653	11
66433	67670	1
66433	67733	1
66433	67768	3
66433	67977	11
66433	68095	5
66472	67058	4
66472	67129	5
66472	67147	4
66472	67165	10
66472	67189	4
66472	67209	8
66472	67215	2
66472	67249	7
66472	67268	5
66472	67277	6
66472	67285	13
66472	67308	21
66472	67336	15
66472	67371	10
66472	67422	3
66472	67474	1
66472	67482	1
66472	67494	3
66472	67653	7
66472	67670	2
66472	67733	14
66472	67768	14
66504	66804	1
66504	67129	4
66504	67147	3
66504	67165	24
66504	67189	9
66504	67209	2
66504	67215	5
66504	67249	1
66504	67260	4
66504	67268	4
66504	67277	3
66504	67285	6
66504	67308	17
66504	67336	15
66504	67371	6
66504	67422	2
66504	67482	5
66504	67494	2
66504	67653	2
66504	67733	4
66504	67768	1
66504	68095	3
66804	67058	2
66804	67129	18
66804	67165	4
66804	67189	15
66804	67260	5
66804	67268	4
66804	67277	5
66804	67285	10
66804	67308	17
66804	67336	5
66804	67371	1
66804	67422	5
66804	67494	3
66804	67653	5
66804	67768	3
66804	67980	2
67058	67129	24
67058	67147	1
67058	67165	6
67058	67189	6
67058	67209	2
67058	67215	5
67058	67260	7
67058	67277	5
67058	67308	11
67058	67336	3
67058	67371	10
67058	67474	2
67058	67494	2
67058	67768	2
67058	67977	61
67058	67980	7
67129	67147	2
67129	67165	10
67129	67189	14
67129	67209	2
67129	67215	6
67129	67249	3
67129	67260	3
67129	67268	8
67129	67277	6
67129	67285	7
67129	67308	18
67129	67336	15
67129	67371	5
67129	67422	7
67129	67474	1
67129	67482	6
67129	67494	5
67129	67653	2
67129	67670	3
67129	67733	9
67129	67768	3
67129	67977	11
67129	67980	2
67147	67165	6
67147	67189	15
67147	67209	2
67147	67249	4
67147	67260	4
67147	67268	1
67147	67277	3
67147	67285	10
67147	67308	15
67147	67336	13
67147	67371	12
67147	67422	6
67147	67482	4
67147	67494	2
67147	67653	2
67147	67670	2
67147	67733	10
67147	67768	5
67147	67977	2
67147	67980	1
67147	68095	2
67165	67189	36
67165	67209	28
67165	67215	28
67165	67249	14
67165	67260	6
67165	67268	14
67165	67277	16
67165	67285	27
67165	67308	72
67165	67336	36
67165	67371	27
67165	67422	21
67165	67474	2
67165	67482	8
67165	67494	6
67165	67653	5
67165	67670	9
67165	67733	38
67165	67768	22
67165	67977	27
67165	67980	1
67165	68095	2
67189	67209	10
67189	67215	10
67189	67249	9
67189	67260	26
67189	67268	13
67189	67277	6
67189	67285	11
67189	67308	20
67189	67336	47
67189	67371	23
67189	67422	9
67189	67474	1
67189	67482	10
67189	67494	13
67189	67653	1
67189	67670	2
67189	67733	18
67189	67768	22
67189	67977	3
67189	67980	2
67189	68095	5
67209	67215	4
67209	67249	10
67209	67260	3
67209	67268	2
67209	67277	2
67209	67285	10
67209	67308	11
67209	67336	10
67209	67371	9
67209	67422	6
67209	67474	1
67209	67482	1
67209	67494	12
67209	67670	3
67209	67733	10
67209	67768	15
67209	67977	13
67209	67980	2
67209	68095	2
67215	67249	2
67215	67260	1
67215	67268	4
67215	67277	3
67215	67285	6
67215	67308	17
67215	67336	15
67215	67371	3
67215	67422	1
67215	67482	10
67215	67494	5
67215	67733	1
67215	67768	3
67215	67977	46
67249	67260	1
67249	67268	4
67249	67277	4
67249	67285	12
67249	67308	22
67249	67336	15
67249	67371	4
67249	67422	4
67249	67482	2
67249	67494	6
67249	67653	5
67249	67733	8
67249	67768	19
67249	67977	2
67249	68095	3
67260	67268	8
67260	67285	9
67260	67308	9
67260	67336	16
67260	67371	4
67260	67422	3
67260	67474	1
67260	67482	1
67260	67494	1
67260	67653	1
67260	67733	1
67260	67768	10
67260	67977	2
67260	67980	1
67260	68095	2
67268	67277	3
67268	67285	9
67268	67308	9
67268	67336	13
67268	67371	6
67268	67422	2
67268	67474	6
67268	67482	5
67268	67494	3
67268	67653	4
67268	67670	2
67268	67768	2
67268	67977	2
67268	67980	1
67268	68095	1
67277	67285	15
67277	67308	24
67277	67336	12
67277	67371	13
67277	67422	5
67277	67474	2
67277	67482	3
67277	67494	4
67277	67653	3
67277	67670	3
67277	67733	12
67277	67768	4
67277	67980	2
67277	68095	1
67285	67308	53
67285	67336	34
67285	67371	13
67285	67422	10
67285	67474	2
67285	67482	14
67285	67494	12
67285	67653	12
67285	67670	1
67285	67733	4
67285	67768	8
67285	67977	20
67285	67980	1
67285	68095	2
67308	67336	42
67308	67371	29
67308	67422	34
67308	67474	1
67308	67482	25
67308	67494	9
67308	67653	19
67308	67670	6
67308	67733	48
67308	67768	20
67308	67977	20
67308	67980	1
67308	68095	15
67336	67371	27
67336	67422	13
67336	67474	2
67336	67482	4
67336	67494	16
67336	67653	12
67336	67670	7
67336	67733	22
67336	67768	27
67336	67977	6
67336	67980	5
67336	68095	2
67371	67422	11
67371	67474	2
67371	67482	3
67371	67494	5
67371	67653	20
67371	67670	4
67371	67733	17
67371	67768	13
67371	67977	2
67371	67980	1
67371	68095	4
67422	67474	1
67422	67482	4
67422	67494	4
67422	67653	1
67422	67733	5
67422	67768	8
67422	67977	2
67422	67980	1
67422	68095	3
67474	67482	2
67474	67494	5
67474	67653	1
67474	67768	16
67474	67980	1
67482	67494	1
67482	67653	2
67482	67768	2
67482	67977	6
67482	67980	1
67482	68095	1
67494	67653	4
67494	67670	1
67494	67733	7
67494	67768	12
67494	67977	8
67494	67980	1
67653	67768	1
67653	67977	2
67653	68095	2
67670	67733	8
67670	67768	1
67733	67768	24
67733	68095	1
67768	67977	17
67977	67980	8
