764	809	2
764	1122	2
764	1580	19
764	1632	2
764	2085	1
764	2087	2
764	2374	13
764	2885	1
764	3076	3
764	3434	24
764	3448	3
764	4573	19
764	4828	28
764	4856	1
764	5327	15
764	5855	4
764	6375	22
764	7185	2
764	7250	7
764	7462	2
764	7917	1
764	8274	65
764	9129	5
764	9189	1
764	9218	1
764	9238	3
764	9295	2
764	9392	1
764	9510	9
764	10020	4
764	10023	7
764	10973	5
764	10999	12
764	11647	5
764	11875	2
764	11977	13
764	12630	1
764	13554	7
764	13784	2
764	13944	1
764	14831	8
764	15167	1
764	16454	39
764	18048	58
764	18338	2
764	18350	2
764	18608	1
764	18695	3
764	18753	7
764	18806	2
764	19525	1
764	19683	1
764	20089	1
764	20297	39
764	20391	1
764	20728	9
764	20743	2
764	20883	1
764	21024	3
764	21173	5
764	21280	2
764	21353	3
764	22072	1
764	22114	16
764	22532	2
764	22772	2
764	23010	1
764	23056	1
764	24028	2
764	24513	2
764	24631	8
764	24650	110
764	25093	11
764	25970	17
764	26201	1
764	27512	15
764	27689	1
764	27812	2
764	28005	5
764	28155	1
764	28409	13
764	28636	25
764	28980	4
764	29008	1
764	29164	9
764	29184	2
764	29262	27
764	29313	9
764	29576	45
764	29801	3
764	29855	5
764	30303	1
764	30321	1
764	30479	1
764	30937	1
764	30955	3
764	30978	2
764	31002	1
764	31025	3
764	31063	4
764	31109	2
764	31137	1
764	31170	2
764	31361	5
764	31800	1
764	31826	1
764	31848	1
764	31880	1
764	31891	1
764	31911	4
764	31972	5
764	31998	1
764	32024	4
764	32070	1
764	32230	1
764	32327	37
764	32560	1
764	32564	12
764	32653	1
764	32659	25
764	32723	18
764	33074	11
764	33332	28
764	33573	1
764	34120	2
764	34125	46
764	34247	3
764	34483	27
764	34621	2
764	35760	7
764	36134	4
764	37556	1
764	37971	11
764	38017	2
764	38228	4
764	39660	1
764	40155	24
764	40250	1
764	40285	143
764	40983	1
764	41174	47
764	41179	6
764	41492	1
764	41575	10
764	41600	14
764	42020	5
764	42168	4
764	43479	8
764	43794	1
764	44019	15
764	45000	33
764	45766	5
764	46424	1
764	46751	1
764	46756	25
764	47199	1
764	48454	20
764	48571	3
764	48621	19
764	48633	17
764	48720	6
764	49021	4
764	50277	3
764	50550	12
764	51116	15
764	51385	7
764	51506	6
764	51626	1
764	51676	15
764	51954	1
764	52286	5
764	52378	3
764	52675	14
764	52688	17
764	53044	4
764	53406	4
764	53457	28
764	53692	9
764	53706	15
764	53875	7
764	53878	1
764	54003	4
764	54416	2
764	54487	1
764	55041	11
764	55347	2
764	55577	3
764	55906	5
764	55970	1
764	56177	14
764	56705	5
764	56783	5
764	57350	3
764	58308	1
764	58352	2
764	58495	3
764	58523	7
764	58554	6
764	58590	1
764	59180	2
764	59546	2
764	60118	4
764	60172	3
764	60694	2
764	60921	3
764	60998	1
764	61024	10
764	61043	4
764	61085	3
764	61109	2
764	61120	3
764	61194	1
764	61244	1
764	61727	37
764	61755	3
764	61836	1
764	61914	1
764	61985	4
764	62270	10
764	62577	1
764	62636	2
764	62705	1
764	62713	2
764	62730	2
764	62752	1
764	62779	4
764	62863	3
764	62930	1
764	63096	9
764	63189	1
764	63497	1
809	1122	1
809	1580	35
809	1632	15
809	2085	14
809	2087	22
809	3050	4
809	3076	7
809	3434	67
809	3448	6
809	3912	5
809	4513	57
809	4573	12
809	4828	24
809	4856	17
809	5327	43
809	5855	38
809	6375	11
809	7250	6
809	7462	75
809	7917	11
809	8015	1
809	8274	20
809	8617	8
809	9189	6
809	9197	1
809	9218	1
809	9238	7
809	9324	1
809	9344	6
809	9361	14
809	9392	1
809	9510	5
809	9750	17
809	9756	3
809	10020	21
809	10023	11
809	10750	1
809	10973	10
809	10999	4
809	11647	26
809	11875	8
809	11977	5
809	12331	2
809	12630	3
809	13554	60
809	13784	18
809	13894	3
809	14752	8
809	14831	9
809	15167	1
809	15177	16
809	15409	12
809	15676	1
809	16454	87
809	16992	22
809	17616	4
809	17749	6
809	18048	16
809	18350	37
809	18608	3
809	18695	21
809	18753	4
809	18806	5
809	19525	3
809	19683	27
809	20089	2
809	20297	95
809	20391	10
809	20728	3
809	20743	1
809	20865	23
809	20883	1
809	21024	11
809	21173	6
809	21280	16
809	21335	4
809	21353	26
809	21827	2
809	22048	21
809	22072	36
809	22075	10
809	22114	51
809	22143	3
809	22532	27
809	22772	1
809	23040	18
809	23056	2
809	23430	10
809	23440	1
809	23754	5
809	24028	17
809	24513	33
809	24631	11
809	24650	343
809	24838	1
809	25093	14
809	25105	7
809	25436	38
809	25970	2
809	27512	36
809	27608	2
809	27633	1
809	27689	25
809	27929	9
809	28005	7
809	28409	3
809	28636	16
809	28980	12
809	29008	23
809	29184	23
809	29262	14
809	29313	5
809	29576	23
809	29801	11
809	29812	1
809	29855	22
809	30303	5
809	30311	2
809	30321	3
809	30374	1
809	30409	1
809	30479	15
809	30653	3
809	30913	17
809	30937	1
809	30955	9
809	30978	3
809	31002	2
809	31015	3
809	31025	4
809	31032	62
809	31063	6
809	31092	15
809	31109	29
809	31137	12
809	31170	3
809	31361	9
809	31787	5
809	31800	3
809	31842	2
809	31848	2
809	31864	4
809	31871	13
809	31880	6
809	31891	6
809	31911	8
809	31950	4
809	31972	8
809	31998	3
809	32024	8
809	32327	10
809	32560	8
809	32564	50
809	32653	5
809	32659	1
809	32723	30
809	33074	240
809	33332	6
809	34120	5
809	34125	185
809	34247	13
809	34483	79
809	34558	4
809	35107	2
809	35710	1
809	35722	1
809	35760	26
809	35856	3
809	36134	3
809	36201	16
809	36290	8
809	36440	4
809	36817	1
809	37556	23
809	37971	99
809	37989	7
809	38017	1
809	38228	37
809	39660	4
809	39669	11
809	40155	31
809	40250	38
809	40285	76
809	40769	1
809	40820	10
809	40983	3
809	41174	12
809	41179	15
809	41492	1
809	41575	7
809	41600	22
809	41723	2
809	41930	1
809	42020	13
809	42168	98
809	42694	26
809	43479	13
809	43794	4
809	43860	7
809	44019	4
809	44080	7
809	45000	1
809	45307	2
809	45766	3
809	46424	1
809	46584	23
809	46751	39
809	46756	1
809	47199	5
809	48454	39
809	48571	6
809	48621	95
809	48633	2
809	48832	1
809	49021	27
809	50019	9
809	50040	2
809	50543	1
809	50550	24
809	51116	10
809	51139	2
809	51385	17
809	51506	91
809	51591	9
809	51626	29
809	51676	18
809	51782	7
809	51888	3
809	51954	31
809	52257	8
809	52286	27
809	52378	5
809	52419	3
809	52451	5
809	52675	22
809	52688	74
809	52712	10
809	53044	17
809	53107	1
809	53297	12
809	53406	11
809	53449	7
809	53457	6
809	53656	19
809	53692	6
809	53875	52
809	53878	3
809	53926	7
809	54003	10
809	54416	1
809	54487	29
809	55041	43
809	55347	7
809	55577	9
809	55630	24
809	55906	4
809	55970	4
809	56177	17
809	56705	46
809	56783	14
809	56817	2
809	57029	7
809	57350	17
809	58230	3
809	58286	3
809	58300	4
809	58308	2
809	58321	5
809	58352	17
809	58397	10
809	58461	2
809	58495	6
809	58523	19
809	58554	15
809	58590	8
809	58667	5
809	59180	27
809	59545	15
809	59546	24
809	59819	10
809	59876	1
809	60099	3
809	60118	9
809	60133	4
809	60172	6
809	60237	1
809	60281	14
809	60299	8
809	60359	3
809	60673	3
809	60694	3
809	60714	12
809	60722	1
809	60921	2
809	60998	4
809	61024	2
809	61085	10
809	61109	23
809	61120	3
809	61194	10
809	61269	5
809	61501	44
809	61538	12
809	61727	12
809	61755	14
809	61836	3
809	61914	3
809	61953	9
809	61985	5
809	62270	7
809	62508	3
809	62577	2
809	62585	2
809	62594	1
809	62612	4
809	62636	2
809	62656	2
809	62662	4
809	62695	2
809	62705	1
809	62713	2
809	62730	2
809	62752	1
809	62779	12
809	62813	4
809	62863	2
809	62878	2
809	62911	9
809	62919	2
809	62930	4
809	63080	2
809	63096	9
809	63158	3
809	63189	3
809	63390	18
1122	1632	5
1122	3050	7
1122	3076	2
1122	3434	18
1122	3448	1
1122	4573	12
1122	5327	1
1122	5855	4
1122	6375	10
1122	7185	9
1122	7250	1
1122	7917	1
1122	8274	5
1122	8617	6
1122	9129	3
1122	9189	3
1122	9197	5
1122	9218	2
1122	9238	7
1122	9295	2
1122	9344	2
1122	9361	5
1122	9392	3
1122	9756	2
1122	10020	18
1122	10023	9
1122	10750	14
1122	10999	1
1122	11647	2
1122	13554	1
1122	13784	1
1122	13894	4
1122	13944	1
1122	14752	15
1122	15177	15
1122	15409	5
1122	16454	36
1122	16992	1
1122	18048	3
1122	18608	10
1122	18695	8
1122	18806	7
1122	19683	24
1122	20089	1
1122	20297	17
1122	20743	2
1122	20883	3
1122	21024	1
1122	21173	2
1122	21280	3
1122	21335	1
1122	21353	5
1122	21827	1
1122	22114	31
1122	22532	1
1122	22772	2
1122	23040	5
1122	23056	2
1122	23430	3
1122	23754	7
1122	24028	2
1122	24513	1
1122	24631	2
1122	24650	65
1122	25970	7
1122	26201	3
1122	27633	8
1122	27689	3
1122	27812	14
1122	27929	8
1122	28005	18
1122	28409	66
1122	28636	1
1122	28980	17
1122	29164	2
1122	29262	2
1122	29801	3
1122	29812	1
1122	30311	1
1122	30409	7
1122	30479	1
1122	30653	5
1122	30937	1
1122	30955	4
1122	30978	1
1122	31002	5
1122	31032	2
1122	31063	9
1122	31109	2
1122	31137	7
1122	31170	1
1122	31361	1
1122	31826	7
1122	31848	1
1122	31864	1
1122	31871	4
1122	31880	3
1122	31891	12
1122	31911	1
1122	31972	1
1122	31998	1
1122	32070	3
1122	32230	1
1122	32327	6
1122	32560	12
1122	32564	23
1122	32659	1
1122	32723	21
1122	33074	27
1122	33332	3
1122	34120	13
1122	34125	39
1122	34483	18
1122	34558	1
1122	34621	1
1122	35710	1
1122	35722	1
1122	35760	2
1122	35856	6
1122	36134	2
1122	36201	10
1122	36290	7
1122	37971	26
1122	37989	1
1122	38017	2
1122	38228	4
1122	39660	23
1122	39669	3
1122	40155	17
1122	40285	7
1122	40769	5
1122	40983	1
1122	41174	2
1122	41575	1
1122	41600	11
1122	41930	9
1122	42168	12
1122	43794	3
1122	43860	10
1122	44019	3
1122	44080	3
1122	45000	3
1122	45307	5
1122	45766	3
1122	46751	7
1122	46756	4
1122	48454	3
1122	48621	12
1122	48633	1
1122	48720	3
1122	49021	1
1122	50040	1
1122	51116	2
1122	51385	11
1122	51506	2
1122	51591	6
1122	51626	1
1122	51676	5
1122	51782	7
1122	51954	4
1122	52257	3
1122	52378	43
1122	52419	2
1122	52451	1
1122	52675	2
1122	52688	17
1122	52712	5
1122	53044	9
1122	53406	17
1122	53457	104
1122	53656	1
1122	53692	1
1122	53706	7
1122	53875	6
1122	53878	4
1122	53926	5
1122	54416	3
1122	54487	9
1122	55041	10
1122	55347	5
1122	55577	31
1122	55906	7
1122	55970	10
1122	56177	1
1122	56705	13
1122	56783	4
1122	56817	5
1122	57029	1
1122	57350	1
1122	58230	1
1122	58397	3
1122	58461	1
1122	58495	2
1122	58523	2
1122	58554	6
1122	58590	1
1122	58667	6
1122	59180	2
1122	59546	6
1122	59819	2
1122	59876	7
1122	60099	6
1122	60118	17
1122	60237	2
1122	60299	1
1122	60359	2
1122	60694	7
1122	60714	6
1122	60921	16
1122	61024	3
1122	61085	3
1122	61109	7
1122	61194	4
1122	61538	5
1122	61727	1
1122	61755	2
1122	61914	1
1122	62270	28
1122	62577	1
1122	62585	1
1122	62636	2
1122	62695	6
1122	62713	8
1122	62722	4
1122	62730	2
1122	62752	8
1122	62779	6
1122	62813	7
1122	62911	2
1122	62930	3
1122	63080	8
1122	63096	2
1122	63158	1
1122	63189	2
1580	1632	2
1580	2087	1
1580	2374	16
1580	3050	3
1580	3076	6
1580	3238	2
1580	3434	43
1580	3448	6
1580	3912	2
1580	4513	12
1580	4573	11
1580	4828	25
1580	5327	29
1580	5855	11
1580	6375	16
1580	7250	7
1580	7462	13
1580	7917	8
1580	8015	1
1580	8274	51
1580	8617	1
1580	9129	4
1580	9189	7
1580	9197	1
1580	9218	1
1580	9238	26
1580	9344	3
1580	9361	7
1580	9392	2
1580	9510	12
1580	9756	1
1580	9794	1
1580	10020	17
1580	10023	6
1580	10750	2
1580	10973	4
1580	10999	1
1580	11647	11
1580	11812	2
1580	11875	10
1580	11977	14
1580	12630	1
1580	13554	15
1580	13784	7
1580	13894	1
1580	14752	5
1580	14831	2
1580	15167	6
1580	15177	2
1580	15409	6
1580	15676	1
1580	16454	80
1580	16992	3
1580	17616	4
1580	17749	3
1580	17756	1
1580	18048	26
1580	18350	21
1580	18608	6
1580	18695	1
1580	18753	6
1580	18806	13
1580	19525	12
1580	19683	10
1580	20089	1
1580	20297	59
1580	20391	1
1580	20728	9
1580	20743	1
1580	20865	4
1580	20883	2
1580	21024	8
1580	21173	1
1580	21280	3
1580	21353	3
1580	21827	1
1580	22048	3
1580	22072	21
1580	22075	7
1580	22114	80
1580	22143	4
1580	22532	27
1580	22772	3
1580	23010	1
1580	23040	15
1580	23320	4
1580	23430	8
1580	23440	2
1580	23754	4
1580	24028	18
1580	24513	16
1580	24631	7
1580	24650	212
1580	25093	8
1580	25281	4
1580	25436	6
1580	25970	10
1580	26201	1
1580	27512	26
1580	27608	6
1580	27633	1
1580	27689	19
1580	27929	2
1580	28005	12
1580	28155	3
1580	28409	3
1580	28636	9
1580	28980	6
1580	29008	1
1580	29164	1
1580	29184	21
1580	29262	42
1580	29313	9
1580	29576	64
1580	29801	11
1580	29855	8
1580	30311	1
1580	30374	6
1580	30479	9
1580	30913	4
1580	30955	5
1580	30978	2
1580	31002	3
1580	31025	1
1580	31032	2
1580	31063	4
1580	31109	3
1580	31137	1
1580	31170	2
1580	31361	3
1580	31848	2
1580	31871	4
1580	31880	3
1580	31891	5
1580	31911	2
1580	31950	7
1580	31972	6
1580	31998	3
1580	32024	1
1580	32327	20
1580	32560	2
1580	32564	26
1580	32659	48
1580	32723	16
1580	33074	64
1580	33332	10
1580	34120	1
1580	34125	85
1580	34247	2
1580	34483	45
1580	34621	10
1580	35107	4
1580	35760	20
1580	36201	8
1580	36440	2
1580	36817	2
1580	37556	8
1580	37971	68
1580	37989	1
1580	38017	1
1580	38228	21
1580	39660	1
1580	39669	7
1580	40155	5
1580	40250	15
1580	40285	115
1580	40820	1
1580	40983	2
1580	41174	34
1580	41179	5
1580	41492	2
1580	41575	12
1580	41600	35
1580	41930	1
1580	42020	6
1580	42168	21
1580	42603	3
1580	42694	3
1580	43479	7
1580	43794	1
1580	43860	1
1580	44019	3
1580	44080	4
1580	45000	25
1580	45307	2
1580	45766	1
1580	46424	2
1580	46482	1
1580	46584	3
1580	46751	2
1580	46756	15
1580	48454	28
1580	48571	2
1580	48621	40
1580	48633	5
1580	48832	10
1580	49021	29
1580	50019	2
1580	50040	2
1580	50277	1
1580	50550	32
1580	51116	19
1580	51385	8
1580	51506	31
1580	51591	3
1580	51626	7
1580	51676	24
1580	51954	6
1580	52257	4
1580	52286	7
1580	52378	2
1580	52419	3
1580	52451	4
1580	52675	12
1580	52688	50
1580	52712	5
1580	53044	4
1580	53107	2
1580	53297	1
1580	53406	4
1580	53457	9
1580	53650	2
1580	53656	8
1580	53692	14
1580	53706	10
1580	53875	50
1580	53878	6
1580	53926	3
1580	54003	1
1580	54416	2
1580	54487	2
1580	55041	15
1580	55347	1
1580	55577	5
1580	55630	5
1580	55906	1
1580	55970	2
1580	56177	25
1580	56705	12
1580	56783	14
1580	56817	1
1580	57029	2
1580	57350	1
1580	58230	5
1580	58270	2
1580	58286	4
1580	58321	1
1580	58352	8
1580	58397	1
1580	58461	2
1580	58495	2
1580	58523	20
1580	58554	7
1580	58590	4
1580	58667	1
1580	59180	21
1580	59545	3
1580	59546	9
1580	59819	2
1580	60118	7
1580	60172	2
1580	60237	2
1580	60359	2
1580	60673	2
1580	60694	3
1580	60714	1
1580	60722	3
1580	60998	1
1580	61024	10
1580	61043	3
1580	61085	1
1580	61109	13
1580	61194	7
1580	61244	1
1580	61269	2
1580	61501	5
1580	61538	2
1580	61727	14
1580	61755	19
1580	61836	4
1580	61953	2
1580	61985	8
1580	62270	5
1580	62508	1
1580	62577	1
1580	62594	1
1580	62612	2
1580	62636	2
1580	62656	2
1580	62662	1
1580	62695	1
1580	62730	3
1580	62779	4
1580	62813	3
1580	62863	1
1580	62878	1
1580	62911	1
1580	62919	3
1580	63080	1
1580	63096	3
1580	63189	2
1580	63390	10
1632	2085	2
1632	2885	5
1632	3050	83
1632	3076	10
1632	3434	9
1632	3448	36
1632	3912	1
1632	4513	1
1632	4573	11
1632	4828	1
1632	4856	1
1632	5327	1
1632	5855	12
1632	6375	3
1632	7185	18
1632	7250	2
1632	7462	1
1632	7917	2
1632	8274	5
1632	8617	11
1632	9189	2
1632	9197	2
1632	9218	5
1632	9238	4
1632	9295	2
1632	9324	2
1632	9344	15
1632	9361	17
1632	9392	2
1632	9510	3
1632	9750	1
1632	9756	7
1632	9794	2
1632	10020	2
1632	10023	3
1632	10750	2
1632	10973	1
1632	10999	1
1632	11647	2
1632	11812	3
1632	11875	2
1632	13554	8
1632	13784	2
1632	13894	5
1632	13944	4
1632	14752	3
1632	14831	1
1632	15177	1
1632	15409	3
1632	16454	77
1632	17616	4
1632	17749	1
1632	18048	2
1632	18608	3
1632	18695	59
1632	18753	1
1632	18806	4
1632	19525	2
1632	19683	32
1632	20089	8
1632	20297	38
1632	20391	5
1632	20743	28
1632	20859	2
1632	20865	2
1632	20883	7
1632	21173	6
1632	21280	5
1632	21335	2
1632	21827	8
1632	22048	2
1632	22072	18
1632	22075	2
1632	22114	77
1632	22143	1
1632	22532	1
1632	22906	1
1632	23010	2
1632	23040	6
1632	23056	18
1632	23320	3
1632	23430	9
1632	23440	22
1632	23754	8
1632	24028	2
1632	24631	6
1632	24650	87
1632	24838	1
1632	25093	3
1632	25105	1
1632	25970	1
1632	26201	1
1632	27512	2
1632	27633	2
1632	27689	10
1632	27812	37
1632	27929	7
1632	28005	13
1632	28409	10
1632	28636	7
1632	28980	15
1632	29008	3
1632	29164	35
1632	29184	5
1632	29313	1
1632	29576	5
1632	29801	3
1632	29812	5
1632	29855	10
1632	30303	1
1632	30311	7
1632	30374	3
1632	30409	4
1632	30479	1
1632	30653	12
1632	30913	4
1632	30937	1
1632	30955	11
1632	30978	2
1632	31002	2
1632	31025	1
1632	31032	4
1632	31042	2
1632	31063	5
1632	31092	3
1632	31109	4
1632	31137	6
1632	31170	3
1632	31361	8
1632	31787	1
1632	31826	2
1632	31842	2
1632	31848	3
1632	31864	8
1632	31871	3
1632	31880	19
1632	31891	6
1632	31911	1
1632	31950	2
1632	31972	6
1632	31998	2
1632	32230	6
1632	32327	2
1632	32560	10
1632	32564	95
1632	32653	1
1632	32659	9
1632	32723	9
1632	33074	17
1632	33332	3
1632	34120	3
1632	34125	28
1632	34247	2
1632	34483	71
1632	34558	5
1632	34621	27
1632	35107	2
1632	35710	4
1632	35722	3
1632	35760	12
1632	35856	3
1632	36201	2
1632	36290	7
1632	36440	4
1632	36817	6
1632	37971	126
1632	38017	12
1632	38228	11
1632	39660	3
1632	39669	2
1632	40155	9
1632	40250	1
1632	40285	13
1632	40769	9
1632	40820	1
1632	40983	8
1632	41174	1
1632	41179	14
1632	41492	1
1632	41575	1
1632	41600	7
1632	41723	1
1632	41930	26
1632	42020	3
1632	42168	60
1632	43794	1
1632	43860	3
1632	44019	2
1632	44080	4
1632	45000	5
1632	45307	2
1632	45766	38
1632	46482	2
1632	46584	9
1632	46751	1
1632	46756	2
1632	47199	1
1632	48454	3
1632	48621	9
1632	48633	2
1632	48720	1
1632	49021	1
1632	50019	3
1632	50040	1
1632	50543	1
1632	51116	1
1632	51139	2
1632	51385	7
1632	51506	1
1632	51591	4
1632	51626	3
1632	51676	20
1632	51888	1
1632	51954	1
1632	52257	3
1632	52286	3
1632	52378	6
1632	52419	5
1632	52451	4
1632	52675	2
1632	52688	21
1632	52712	4
1632	53044	16
1632	53107	5
1632	53297	1
1632	53406	19
1632	53449	1
1632	53457	32
1632	53650	20
1632	53656	4
1632	53692	1
1632	53875	36
1632	53878	60
1632	54003	3
1632	54416	183
1632	54487	18
1632	55041	9
1632	55347	10
1632	55577	14
1632	55906	13
1632	55970	2
1632	56177	27
1632	56705	9
1632	56783	8
1632	56817	5
1632	57029	2
1632	57350	1
1632	58230	19
1632	58270	2
1632	58300	1
1632	58308	2
1632	58321	6
1632	58352	1
1632	58397	4
1632	58461	2
1632	58495	6
1632	58523	3
1632	58554	3
1632	58590	7
1632	58667	2
1632	59180	2
1632	59546	13
1632	59819	1
1632	59876	9
1632	60099	1
1632	60118	74
1632	60133	2
1632	60299	5
1632	60359	7
1632	60673	2
1632	60694	1
1632	60714	8
1632	60921	6
1632	60998	5
1632	61024	6
1632	61085	17
1632	61109	40
1632	61120	2
1632	61194	27
1632	61244	3
1632	61501	12
1632	61538	2
1632	61755	21
1632	61836	2
1632	61914	3
1632	61985	1
1632	62270	12
1632	62508	1
1632	62577	1
1632	62585	3
1632	62594	3
1632	62612	3
1632	62636	2
1632	62656	1
1632	62695	5
1632	62705	1
1632	62713	2
1632	62722	2
1632	62730	1
1632	62752	3
1632	62779	3
1632	62813	1
1632	62878	1
1632	62911	4
1632	62919	1
1632	62930	2
1632	63080	7
1632	63158	5
1632	63189	9
1632	63390	1
1632	63497	16
2085	2087	15
2085	3076	2
2085	3434	16
2085	3448	2
2085	4513	5
2085	4573	2
2085	4856	3
2085	5327	29
2085	5855	13
2085	6375	3
2085	7250	1
2085	7462	3
2085	7917	4
2085	8274	3
2085	8617	2
2085	9129	2
2085	9189	3
2085	9197	7
2085	9218	8
2085	9238	9
2085	9295	6
2085	9324	8
2085	9344	43
2085	9361	9
2085	9392	1
2085	9510	2
2085	9750	5
2085	9794	4
2085	10023	1
2085	10750	3
2085	10973	37
2085	10999	1
2085	11647	3
2085	11812	2
2085	12331	2
2085	12630	13
2085	13554	14
2085	13784	4
2085	14831	10
2085	15409	4
2085	15676	2
2085	16454	15
2085	16992	4
2085	17616	6
2085	17756	10
2085	18048	8
2085	18608	5
2085	18695	2
2085	18753	2
2085	18806	10
2085	19683	9
2085	20297	55
2085	20391	2
2085	20728	30
2085	20865	46
2085	21024	18
2085	21173	2
2085	21280	5
2085	21335	6
2085	21353	13
2085	22048	6
2085	22072	18
2085	22075	4
2085	22114	23
2085	22143	13
2085	22532	7
2085	22772	1
2085	23010	4
2085	23040	1
2085	24028	2
2085	24631	2
2085	24650	256
2085	25093	21
2085	25436	57
2085	25970	2
2085	27512	19
2085	27608	3
2085	27633	2
2085	27929	2
2085	28409	2
2085	28636	8
2085	29008	15
2085	29184	6
2085	29262	3
2085	29313	2
2085	29576	3
2085	29855	15
2085	30303	1
2085	30311	3
2085	30321	6
2085	30374	9
2085	30479	4
2085	30653	2
2085	30913	32
2085	30937	8
2085	30955	8
2085	30978	6
2085	31002	7
2085	31015	1
2085	31025	3
2085	31032	16
2085	31042	2
2085	31063	8
2085	31092	28
2085	31109	9
2085	31137	40
2085	31170	1
2085	31361	4
2085	31800	14
2085	31826	27
2085	31842	18
2085	31864	5
2085	31871	12
2085	31880	5
2085	31891	3
2085	31911	22
2085	31950	5
2085	31972	10
2085	31998	7
2085	32024	2
2085	32327	4
2085	32560	3
2085	32564	6
2085	32653	45
2085	32659	1
2085	32723	32
2085	33074	22
2085	33332	11
2085	34125	42
2085	34247	5
2085	34483	24
2085	35760	48
2085	36290	2
2085	36817	1
2085	37971	8
2085	38228	3
2085	39660	2
2085	40155	4
2085	40250	2
2085	40285	27
2085	41174	12
2085	41179	9
2085	41575	2
2085	41600	68
2085	41723	2
2085	41882	8
2085	42020	3
2085	42168	7
2085	42603	1
2085	43479	12
2085	46424	1
2085	46482	1
2085	46584	11
2085	46751	3
2085	46756	1
2085	47199	13
2085	48454	23
2085	48621	20
2085	48720	1
2085	48832	1
2085	49021	19
2085	50040	5
2085	50543	8
2085	50550	49
2085	51116	6
2085	51506	2
2085	51591	21
2085	51626	4
2085	51676	5
2085	51888	4
2085	51954	7
2085	52257	2
2085	52286	39
2085	52675	7
2085	52688	56
2085	53044	8
2085	53297	3
2085	53406	2
2085	53449	2
2085	53656	2
2085	53692	2
2085	53875	29
2085	54487	16
2085	55041	60
2085	55577	6
2085	55630	28
2085	55906	2
2085	55970	2
2085	56177	1
2085	56705	15
2085	56783	1
2085	57350	4
2085	58270	2
2085	58286	13
2085	58300	23
2085	58308	1
2085	58321	8
2085	58352	45
2085	58397	63
2085	58461	2
2085	58495	39
2085	58523	20
2085	58554	19
2085	58590	19
2085	59180	13
2085	59545	7
2085	59546	1
2085	59819	2
2085	60099	7
2085	60118	6
2085	60133	4
2085	60172	15
2085	60237	2
2085	60299	5
2085	60673	2
2085	60684	1
2085	60694	28
2085	60714	3
2085	60722	18
2085	60998	49
2085	61043	7
2085	61085	5
2085	61120	2
2085	61194	2
2085	61244	1
2085	61269	11
2085	61501	24
2085	61538	4
2085	61755	2
2085	61836	2
2085	61914	2
2085	61953	1
2085	61985	17
2085	62270	4
2085	62508	16
2085	62577	5
2085	62594	6
2085	62612	35
2085	62636	6
2085	62656	4
2085	62662	5
2085	62695	2
2085	62705	8
2085	62713	8
2085	62722	3
2085	62730	3
2085	62752	9
2085	62779	33
2085	62813	11
2085	62863	7
2085	62878	4
2085	62911	1
2085	62930	4
2085	63189	2
2085	63388	13
2085	63390	3
2087	3076	2
2087	3434	33
2087	3448	3
2087	3912	6
2087	4513	22
2087	4573	2
2087	4828	3
2087	5327	52
2087	5855	3
2087	6375	9
2087	7250	6
2087	7462	1
2087	8274	3
2087	9129	1
2087	9197	2
2087	9218	1
2087	9238	1
2087	9295	2
2087	9344	2
2087	9361	5
2087	9510	4
2087	10020	1
2087	10973	13
2087	10999	8
2087	11647	2
2087	11812	1
2087	11977	3
2087	12331	1
2087	12630	6
2087	13554	10
2087	13784	2
2087	14831	5
2087	16454	20
2087	16992	18
2087	17616	19
2087	18048	17
2087	18338	1
2087	18350	1
2087	18608	1
2087	18753	2
2087	18806	5
2087	19683	2
2087	20297	62
2087	20391	2
2087	20728	20
2087	20865	6
2087	21024	11
2087	21173	1
2087	21280	4
2087	21353	14
2087	22048	6
2087	22072	16
2087	22075	3
2087	22114	18
2087	22532	9
2087	24631	1
2087	24650	210
2087	25093	55
2087	25436	11
2087	25970	3
2087	27512	23
2087	27608	3
2087	27633	1
2087	28005	1
2087	28636	4
2087	29008	6
2087	29262	11
2087	29313	5
2087	29576	12
2087	29801	16
2087	30303	1
2087	30321	10
2087	30479	19
2087	30913	4
2087	30937	4
2087	30955	3
2087	30978	3
2087	31002	4
2087	31015	3
2087	31042	1
2087	31063	6
2087	31092	21
2087	31109	5
2087	31137	16
2087	31170	3
2087	31800	4
2087	31826	6
2087	31842	1
2087	31864	1
2087	31871	3
2087	31880	4
2087	31891	1
2087	31911	2
2087	31950	5
2087	31972	5
2087	31998	4
2087	32024	24
2087	32327	5
2087	32560	1
2087	32564	6
2087	32653	3
2087	32659	1
2087	32723	29
2087	33074	64
2087	33332	2
2087	34125	48
2087	34247	5
2087	34483	32
2087	35760	96
2087	36134	2
2087	37556	11
2087	37989	1
2087	38228	27
2087	40155	53
2087	40250	4
2087	40285	50
2087	41174	10
2087	41179	7
2087	41575	1
2087	41600	49
2087	41723	1
2087	42020	4
2087	42168	23
2087	42694	6
2087	43479	13
2087	44019	2
2087	45000	11
2087	45766	2
2087	46424	1
2087	46584	4
2087	46751	1
2087	47199	20
2087	48454	31
2087	48571	4
2087	48621	74
2087	48633	2
2087	49021	7
2087	50019	1
2087	50040	1
2087	50543	4
2087	50550	26
2087	51116	1
2087	51385	5
2087	51506	36
2087	51591	1
2087	51626	19
2087	51676	5
2087	51888	17
2087	51954	5
2087	52257	8
2087	52286	14
2087	52378	1
2087	52675	7
2087	52688	52
2087	52712	1
2087	53044	3
2087	53107	3
2087	53650	1
2087	53656	1
2087	53692	1
2087	53706	4
2087	53875	7
2087	54487	9
2087	55041	81
2087	55630	13
2087	55970	4
2087	56177	1
2087	56705	10
2087	56783	5
2087	57029	2
2087	57350	1
2087	58286	16
2087	58300	4
2087	58308	1
2087	58321	1
2087	58352	15
2087	58397	11
2087	58461	3
2087	58495	4
2087	58523	9
2087	58554	13
2087	58590	8
2087	59180	7
2087	59545	7
2087	59819	8
2087	60099	1
2087	60118	1
2087	60133	1
2087	60172	11
2087	60237	3
2087	60299	4
2087	60673	1
2087	60694	8
2087	60722	1
2087	60998	11
2087	61043	4
2087	61194	2
2087	61269	8
2087	61501	17
2087	61538	4
2087	61755	18
2087	61836	10
2087	61953	1
2087	61985	10
2087	62270	1
2087	62577	1
2087	62612	12
2087	62636	3
2087	62656	4
2087	62662	2
2087	62695	1
2087	62705	2
2087	62713	2
2087	62722	3
2087	62730	2
2087	62752	10
2087	62779	9
2087	62813	3
2087	62863	2
2087	62878	4
2087	62919	1
2087	62930	1
2087	63096	1
2087	63189	1
2087	63388	3
2087	63390	5
2374	3076	2
2374	3434	11
2374	4513	4
2374	4573	8
2374	4828	43
2374	5327	2
2374	5855	1
2374	6375	10
2374	7185	1
2374	7250	3
2374	8274	30
2374	8617	1
2374	9129	2
2374	9189	2
2374	9238	3
2374	9361	1
2374	9510	12
2374	10023	1
2374	11647	2
2374	11977	11
2374	13554	4
2374	13784	3
2374	16454	47
2374	17616	7
2374	18048	31
2374	18338	1
2374	18608	2
2374	18753	10
2374	18806	3
2374	19525	4
2374	19683	4
2374	20089	1
2374	20297	19
2374	20728	2
2374	20883	1
2374	21173	2
2374	22114	11
2374	22532	1
2374	22772	6
2374	23040	2
2374	24513	1
2374	24631	2
2374	24650	46
2374	25093	6
2374	25970	12
2374	27512	3
2374	27633	2
2374	27812	1
2374	27929	3
2374	28005	5
2374	28155	1
2374	28409	2
2374	28636	10
2374	28980	3
2374	29008	5
2374	29184	33
2374	29262	17
2374	29313	11
2374	29576	108
2374	29855	1
2374	30479	1
2374	30913	2
2374	31025	1
2374	31032	1
2374	31063	11
2374	31109	7
2374	31170	1
2374	31361	3
2374	31864	1
2374	32024	10
2374	32327	21
2374	32564	5
2374	32659	26
2374	32723	6
2374	33074	7
2374	33332	4
2374	34120	1
2374	34125	43
2374	34247	2
2374	34483	11
2374	34621	6
2374	35107	1
2374	35760	2
2374	36201	16
2374	36290	2
2374	37971	97
2374	38228	4
2374	39660	2
2374	40155	12
2374	40285	117
2374	41174	28
2374	41179	1
2374	41492	2
2374	41575	9
2374	41600	4
2374	42020	2
2374	42168	15
2374	42603	4
2374	44019	2
2374	45000	44
2374	46756	6
2374	48571	1
2374	48621	13
2374	48633	4
2374	48720	1
2374	48832	3
2374	50277	2
2374	50543	1
2374	50550	11
2374	51116	10
2374	51676	12
2374	51954	3
2374	52378	2
2374	52675	4
2374	52688	28
2374	53044	1
2374	53656	4
2374	53692	3
2374	53706	1
2374	53875	2
2374	53878	2
2374	54003	2
2374	54487	3
2374	55041	2
2374	55577	1
2374	56177	11
2374	56783	3
2374	58270	2
2374	58397	1
2374	58523	28
2374	58554	3
2374	58590	1
2374	59180	2
2374	59545	1
2374	59546	2
2374	60118	7
2374	60281	2
2374	60673	6
2374	60921	2
2374	60998	1
2374	61024	7
2374	61043	2
2374	61085	3
2374	61120	1
2374	61244	1
2374	61727	23
2374	61985	2
2374	62270	13
2374	62577	1
2374	62636	1
2374	62662	2
2374	62730	1
2374	62752	1
2374	62779	1
2374	63096	1
2374	63497	4
2885	3050	17
2885	3448	2
2885	4573	2
2885	4856	1
2885	5327	3
2885	5855	5
2885	7185	6
2885	7462	1
2885	8274	2
2885	8617	18
2885	9129	4
2885	9197	3
2885	9218	17
2885	9238	10
2885	9295	2
2885	9324	4
2885	9344	16
2885	9361	9
2885	9392	6
2885	9510	1
2885	9756	15
2885	9794	4
2885	10020	4
2885	10023	5
2885	10999	1
2885	11812	5
2885	11875	14
2885	13554	2
2885	13784	1
2885	13944	4
2885	14752	15
2885	15177	1
2885	15409	1
2885	15676	1
2885	16454	19
2885	16992	2
2885	17749	2
2885	18695	11
2885	18806	1
2885	19683	8
2885	20089	11
2885	20297	5
2885	20391	1
2885	20743	36
2885	20859	13
2885	20883	10
2885	21335	1
2885	21827	20
2885	22072	12
2885	22075	1
2885	22114	20
2885	22532	1
2885	22906	4
2885	23010	3
2885	23040	24
2885	23056	9
2885	23320	1
2885	23430	16
2885	23440	19
2885	23754	11
2885	24650	21
2885	24838	5
2885	25105	15
2885	25281	7
2885	27633	11
2885	27689	43
2885	27812	2
2885	28005	3
2885	28409	1
2885	28636	1
2885	29008	3
2885	29164	13
2885	29313	1
2885	29812	6
2885	29855	1
2885	30311	14
2885	30374	6
2885	30409	7
2885	30653	2
2885	30937	2
2885	30955	9
2885	30978	4
2885	31002	5
2885	31042	3
2885	31063	3
2885	31092	8
2885	31109	4
2885	31137	13
2885	31170	3
2885	31787	5
2885	31842	4
2885	31848	8
2885	31864	8
2885	31871	4
2885	31880	14
2885	31891	15
2885	31911	1
2885	31950	1
2885	31972	11
2885	31998	14
2885	32230	7
2885	32327	1
2885	32560	19
2885	32564	68
2885	32659	1
2885	32723	1
2885	33074	7
2885	34125	11
2885	34483	6
2885	34558	2
2885	34621	5
2885	35710	3
2885	35722	6
2885	35760	1
2885	35856	25
2885	37971	3
2885	38017	6
2885	40285	7
2885	40769	2
2885	40820	2
2885	41179	2
2885	41600	3
2885	41723	2
2885	41930	1
2885	42020	1
2885	42168	1
2885	43479	1
2885	43794	1
2885	43860	2
2885	44080	6
2885	45307	11
2885	45766	9
2885	46482	5
2885	46756	1
2885	48454	7
2885	48621	3
2885	50019	2
2885	50040	2
2885	51385	2
2885	51676	3
2885	52286	1
2885	52378	2
2885	52419	4
2885	52451	1
2885	52675	1
2885	52688	5
2885	52712	2
2885	53044	7
2885	53406	1
2885	53457	19
2885	53650	77
2885	53875	2
2885	53878	4
2885	53926	1
2885	54416	2
2885	54487	8
2885	55041	6
2885	55577	1
2885	55630	1
2885	56705	1
2885	56817	2
2885	58230	26
2885	58270	3
2885	58300	2
2885	58308	8
2885	58321	6
2885	58352	9
2885	58397	8
2885	58461	2
2885	58495	4
2885	58523	2
2885	58554	1
2885	58590	3
2885	58667	7
2885	59546	18
2885	59876	5
2885	60099	2
2885	60118	52
2885	60133	1
2885	60299	3
2885	60359	11
2885	60673	2
2885	60694	2
2885	60714	10
2885	60722	3
2885	60921	2
2885	60998	16
2885	61085	16
2885	61109	51
2885	61194	33
2885	61244	1
2885	61501	2
2885	61755	2
2885	61914	3
2885	61953	6
2885	62577	2
2885	62585	4
2885	62594	6
2885	62612	9
2885	62636	1
2885	62656	3
2885	62662	1
2885	62695	5
2885	62722	6
2885	62730	3
2885	62752	11
2885	62779	5
2885	62813	7
2885	62863	2
2885	62911	1
2885	62930	2
2885	63096	3
2885	63158	20
2885	63189	11
3050	3076	8
3050	3434	8
3050	3448	43
3050	4573	7
3050	4828	4
3050	4856	6
3050	5327	3
3050	5855	22
3050	7185	64
3050	7250	1
3050	7917	1
3050	8015	1
3050	8274	3
3050	8617	45
3050	9189	7
3050	9197	5
3050	9218	15
3050	9238	11
3050	9295	2
3050	9324	11
3050	9344	59
3050	9361	24
3050	9510	2
3050	9756	50
3050	9794	16
3050	10020	50
3050	10023	35
3050	10973	1
3050	10999	7
3050	11647	2
3050	11812	2
3050	11875	21
3050	13554	6
3050	13894	9
3050	13944	8
3050	14752	40
3050	14831	1
3050	15177	33
3050	15409	10
3050	16454	111
3050	16992	1
3050	17616	1
3050	17749	1
3050	18350	1
3050	18695	221
3050	18806	13
3050	19683	81
3050	20089	27
3050	20297	54
3050	20391	9
3050	20728	1
3050	20743	154
3050	20859	15
3050	20883	17
3050	21024	2
3050	21173	3
3050	21280	1
3050	21827	42
3050	22072	47
3050	22075	3
3050	22114	144
3050	22532	16
3050	22906	10
3050	23010	22
3050	23040	62
3050	23056	46
3050	23430	51
3050	23440	115
3050	23754	37
3050	24028	8
3050	24513	2
3050	24631	2
3050	24650	121
3050	24838	13
3050	25281	2
3050	26201	2
3050	27608	5
3050	27633	13
3050	27689	112
3050	27812	30
3050	27929	1
3050	28005	11
3050	28409	8
3050	28636	2
3050	28980	29
3050	29008	18
3050	29164	77
3050	29801	4
3050	29812	34
3050	29855	10
3050	30311	30
3050	30374	16
3050	30409	14
3050	30479	2
3050	30653	19
3050	30913	1
3050	30955	16
3050	30978	7
3050	31002	5
3050	31032	2
3050	31042	15
3050	31063	4
3050	31092	18
3050	31109	11
3050	31137	14
3050	31170	2
3050	31787	3
3050	31842	12
3050	31848	11
3050	31864	6
3050	31871	7
3050	31880	76
3050	31891	29
3050	31950	4
3050	31972	36
3050	31998	7
3050	32230	13
3050	32327	1
3050	32560	87
3050	32564	256
3050	32653	1
3050	32659	4
3050	32723	8
3050	33074	21
3050	34125	68
3050	34247	1
3050	34483	79
3050	34558	24
3050	34621	33
3050	35107	24
3050	35710	15
3050	35722	23
3050	35760	8
3050	35856	21
3050	36134	1
3050	36201	1
3050	36290	1
3050	36440	19
3050	36817	10
3050	37556	7
3050	37971	54
3050	38017	72
3050	38228	25
3050	39660	1
3050	39669	8
3050	40155	2
3050	40285	10
3050	40769	4
3050	40820	7
3050	40983	3
3050	41179	12
3050	41600	15
3050	41723	7
3050	42020	7
3050	42168	64
3050	42694	21
3050	43479	1
3050	43794	20
3050	43860	6
3050	44080	20
3050	45307	23
3050	45766	78
3050	46482	13
3050	46584	5
3050	46751	4
3050	48454	14
3050	48621	30
3050	50019	15
3050	50040	10
3050	50550	3
3050	51116	1
3050	51385	11
3050	51506	9
3050	51626	1
3050	51676	15
3050	51782	17
3050	51954	27
3050	52257	13
3050	52286	12
3050	52378	10
3050	52419	43
3050	52451	15
3050	52675	16
3050	52688	61
3050	52712	45
3050	53044	9
3050	53107	18
3050	53406	13
3050	53457	17
3050	53650	15
3050	53656	2
3050	53692	4
3050	53875	20
3050	53878	76
3050	53926	2
3050	54003	1
3050	54416	383
3050	54487	45
3050	55041	13
3050	55347	16
3050	55577	4
3050	55906	12
3050	55970	3
3050	56177	17
3050	56705	14
3050	56783	3
3050	56817	15
3050	57029	2
3050	57350	2
3050	58230	53
3050	58270	6
3050	58300	3
3050	58308	13
3050	58321	20
3050	58352	6
3050	58397	19
3050	58461	4
3050	58495	11
3050	58523	12
3050	58554	7
3050	58590	26
3050	58667	18
3050	59180	4
3050	59546	129
3050	59876	29
3050	60099	7
3050	60118	138
3050	60133	1
3050	60281	1
3050	60299	12
3050	60359	27
3050	60673	10
3050	60714	17
3050	60722	3
3050	60998	23
3050	61085	44
3050	61109	184
3050	61194	50
3050	61244	10
3050	61269	3
3050	61501	14
3050	61538	3
3050	61755	40
3050	61914	1
3050	61953	11
3050	62270	1
3050	62585	10
3050	62594	10
3050	62612	15
3050	62636	2
3050	62656	7
3050	62662	1
3050	62695	20
3050	62713	1
3050	62722	5
3050	62730	13
3050	62752	15
3050	62779	17
3050	62863	1
3050	62911	7
3050	62919	2
3050	62930	14
3050	63080	8
3050	63096	1
3050	63158	26
3050	63189	37
3050	63390	6
3076	3238	36
3076	3434	17
3076	3448	3
3076	3912	4
3076	4513	4
3076	4573	13
3076	4828	10
3076	4856	8
3076	5327	20
3076	5855	87
3076	6375	7
3076	7185	6
3076	7250	41
3076	7462	5
3076	7917	5
3076	8274	16
3076	8617	9
3076	9129	15
3076	9189	6
3076	9197	1
3076	9218	5
3076	9238	6
3076	9295	4
3076	9324	1
3076	9344	6
3076	9361	25
3076	9392	11
3076	9510	2
3076	9750	4
3076	9756	1
3076	9794	5
3076	10020	14
3076	10023	9
3076	10750	6
3076	10973	6
3076	10999	2
3076	11647	19
3076	11812	6
3076	11875	3
3076	11977	5
3076	12630	2
3076	13554	8
3076	13784	3
3076	13894	39
3076	14752	5
3076	14831	3
3076	15167	24
3076	15409	11
3076	15676	7
3076	16454	321
3076	16992	5
3076	17616	9
3076	17749	3
3076	17756	1
3076	18048	29
3076	18338	19
3076	18350	1
3076	18608	18
3076	18695	4
3076	18753	4
3076	18806	26
3076	19683	12
3076	20089	11
3076	20297	107
3076	20391	4
3076	20728	5
3076	20865	3
3076	20883	41
3076	21024	4
3076	21173	19
3076	21280	4
3076	21335	2
3076	21353	9
3076	22048	4
3076	22072	37
3076	22075	12
3076	22114	35
3076	22532	15
3076	22906	5
3076	23010	1
3076	23056	2
3076	23320	19
3076	23430	1
3076	23440	1
3076	23754	3
3076	24028	7
3076	24513	3
3076	24631	26
3076	24650	370
3076	25093	8
3076	25105	2
3076	25436	2
3076	25970	7
3076	26201	7
3076	27512	11
3076	27608	5
3076	27633	8
3076	27689	4
3076	27812	1
3076	27929	12
3076	28005	4
3076	28155	21
3076	28409	5
3076	28980	6
3076	29008	12
3076	29164	2
3076	29184	4
3076	29262	10
3076	29313	2
3076	29576	16
3076	29801	3
3076	29812	4
3076	29855	183
3076	30303	9
3076	30311	1
3076	30321	1
3076	30479	8
3076	30913	8
3076	30937	1
3076	30955	7
3076	30978	10
3076	31002	4
3076	31015	4
3076	31025	19
3076	31032	26
3076	31042	2
3076	31063	11
3076	31092	5
3076	31109	19
3076	31137	10
3076	31170	2
3076	31361	10
3076	31787	8
3076	31800	1
3076	31826	4
3076	31842	4
3076	31848	8
3076	31864	22
3076	31871	13
3076	31880	3
3076	31891	3
3076	31911	6
3076	31950	5
3076	31972	3
3076	31998	10
3076	32024	2
3076	32070	3
3076	32327	7
3076	32560	11
3076	32564	46
3076	32659	70
3076	32723	29
3076	33074	62
3076	33332	4
3076	33573	12
3076	34120	20
3076	34125	145
3076	34247	17
3076	34483	237
3076	35107	12
3076	35760	19
3076	36134	33
3076	36201	14
3076	36290	4
3076	36440	2
3076	36817	42
3076	37556	2
3076	37971	86
3076	38017	2
3076	38228	18
3076	39660	4
3076	39669	5
3076	40155	31
3076	40250	1
3076	40285	45
3076	40820	4
3076	40983	117
3076	41174	8
3076	41179	18
3076	41492	16
3076	41575	5
3076	41600	33
3076	41723	1
3076	41930	26
3076	42020	32
3076	42168	46
3076	42694	2
3076	43479	5
3076	43794	1
3076	43860	9
3076	43884	3
3076	44019	5
3076	44080	1
3076	45000	6
3076	45307	2
3076	45766	20
3076	46424	37
3076	46482	1
3076	46584	8
3076	46756	28
3076	47199	3
3076	48454	31
3076	48571	9
3076	48621	47
3076	48633	1
3076	48720	1
3076	48832	56
3076	49021	3
3076	50019	2
3076	50040	4
3076	50277	26
3076	50543	8
3076	50550	8
3076	51116	6
3076	51139	5
3076	51385	15
3076	51506	7
3076	51591	4
3076	51626	7
3076	51676	139
3076	51782	1
3076	51954	21
3076	52257	12
3076	52286	10
3076	52378	6
3076	52419	3
3076	52451	9
3076	52675	10
3076	52688	85
3076	52712	4
3076	53044	19
3076	53107	2
3076	53297	4
3076	53406	47
3076	53449	32
3076	53457	3
3076	53650	16
3076	53656	7
3076	53692	3
3076	53706	4
3076	53875	139
3076	53878	14
3076	53926	6
3076	54003	10
3076	54416	3
3076	54487	23
3076	55041	73
3076	55347	67
3076	55577	25
3076	55906	23
3076	55970	10
3076	56177	144
3076	56705	25
3076	56783	62
3076	56817	5
3076	57029	106
3076	57350	2
3076	58270	25
3076	58286	6
3076	58308	1
3076	58321	2
3076	58352	6
3076	58397	4
3076	58461	10
3076	58495	8
3076	58523	7
3076	58554	17
3076	58590	27
3076	58667	2
3076	59180	11
3076	59545	3
3076	59546	16
3076	59819	2
3076	59876	7
3076	60099	2
3076	60118	20
3076	60133	4
3076	60237	7
3076	60281	11
3076	60299	5
3076	60359	1
3076	60673	3
3076	60684	1
3076	60694	1
3076	60714	1
3076	60722	9
3076	60921	10
3076	61024	43
3076	61043	2
3076	61085	4
3076	61109	7
3076	61120	5
3076	61194	10
3076	61244	7
3076	61269	10
3076	61501	99
3076	61538	10
3076	61727	2
3076	61755	26
3076	61836	2
3076	61914	13
3076	61953	10
3076	61985	4
3076	62270	7
3076	62508	1
3076	62577	2
3076	62612	18
3076	62636	9
3076	62656	1
3076	62662	7
3076	62705	1
3076	62713	4
3076	62722	1
3076	62730	3
3076	62752	16
3076	62779	15
3076	62813	14
3076	62863	3
3076	62878	3
3076	62911	1
3076	62919	3
3076	62930	4
3076	63080	38
3076	63096	1
3076	63388	1
3076	63497	10
3238	4573	4
3238	4828	1
3238	5327	1
3238	5855	91
3238	6375	3
3238	7250	28
3238	7917	4
3238	8274	3
3238	9129	6
3238	9189	3
3238	9197	5
3238	9218	2
3238	9238	1
3238	9295	9
3238	9344	2
3238	9361	5
3238	9392	1
3238	9510	1
3238	9750	2
3238	10020	1
3238	10023	3
3238	10750	4
3238	10999	1
3238	11647	11
3238	11977	1
3238	12630	1
3238	13894	1
3238	14752	1
3238	15167	21
3238	15676	4
3238	16454	222
3238	17756	1
3238	18048	11
3238	18338	3
3238	18608	11
3238	18753	1
3238	18806	6
3238	19525	9
3238	19683	7
3238	20297	31
3238	20883	52
3238	21173	15
3238	21353	2
3238	22072	6
3238	22075	3
3238	22114	12
3238	22532	1
3238	22906	11
3238	23010	1
3238	23040	1
3238	23056	1
3238	23320	9
3238	23430	3
3238	24513	1
3238	24631	14
3238	24650	81
3238	24838	2
3238	25093	1
3238	25281	1
3238	25970	2
3238	26201	1
3238	27608	1
3238	27689	1
3238	27812	2
3238	28005	4
3238	28155	19
3238	28409	1
3238	29262	2
3238	29313	1
3238	29576	1
3238	29855	48
3238	30303	5
3238	30479	1
3238	30937	1
3238	31002	4
3238	31015	1
3238	31025	21
3238	31032	17
3238	31063	5
3238	31092	2
3238	31109	5
3238	31170	5
3238	31787	5
3238	31800	1
3238	31826	1
3238	31842	1
3238	31848	6
3238	31871	2
3238	31911	1
3238	31950	2
3238	31972	4
3238	32070	3
3238	32327	5
3238	32564	5
3238	32659	71
3238	33074	4
3238	33573	2
3238	34120	1
3238	34125	46
3238	34247	1
3238	34483	120
3238	35107	1
3238	35710	1
3238	35760	1
3238	36134	4
3238	36817	1
3238	37971	10
3238	38228	3
3238	39660	2
3238	40155	6
3238	40285	19
3238	40820	1
3238	40983	17
3238	41174	5
3238	41179	2
3238	41492	50
3238	41575	1
3238	41600	7
3238	42020	27
3238	42168	3
3238	42694	1
3238	43860	20
3238	43884	14
3238	45000	4
3238	45307	1
3238	45766	1
3238	46424	15
3238	46751	1
3238	46756	17
3238	48571	9
3238	48621	10
3238	48832	39
3238	49021	1
3238	50040	1
3238	50277	11
3238	50543	2
3238	51116	2
3238	51139	13
3238	51385	4
3238	51626	1
3238	51676	47
3238	51954	1
3238	52257	3
3238	52286	2
3238	52378	1
3238	52675	5
3238	52688	19
3238	53044	6
3238	53406	5
3238	53449	30
3238	53457	1
3238	53692	3
3238	53875	20
3238	55041	8
3238	55347	2
3238	55577	1
3238	55906	3
3238	56177	104
3238	56705	9
3238	56783	60
3238	57029	13
3238	57350	1
3238	58230	1
3238	58270	20
3238	58286	5
3238	58308	2
3238	58321	3
3238	58352	2
3238	58397	2
3238	58495	2
3238	58523	2
3238	58554	8
3238	59545	1
3238	59546	1
3238	60118	3
3238	60133	2
3238	60237	3
3238	60673	1
3238	60684	2
3238	60722	2
3238	60921	2
3238	61024	37
3238	61085	4
3238	61109	1
3238	61120	2
3238	61244	2
3238	61501	8
3238	61755	6
3238	61836	1
3238	61914	1
3238	61953	4
3238	62270	14
3238	62612	3
3238	62636	6
3238	62656	1
3238	62662	3
3238	62695	4
3238	62705	1
3238	62722	1
3238	62752	11
3238	62779	7
3238	62813	2
3238	62863	1
3238	63080	1
3238	63158	2
3434	3448	5
3434	3912	6
3434	4513	20
3434	4573	12
3434	4828	32
3434	4856	2
3434	5327	61
3434	5855	15
3434	6375	15
3434	7185	12
3434	7250	10
3434	7462	46
3434	7917	3
3434	8274	33
3434	9129	1
3434	9189	13
3434	9218	6
3434	9238	4
3434	9295	2
3434	9324	5
3434	9344	3
3434	9361	5
3434	9392	2
3434	9510	11
3434	9750	3
3434	9794	1
3434	10020	8
3434	10023	4
3434	10750	2
3434	10973	18
3434	10999	6
3434	11647	11
3434	11875	1
3434	11977	10
3434	12331	1
3434	12630	5
3434	13554	53
3434	13784	18
3434	13894	2
3434	14752	4
3434	14831	7
3434	15177	1
3434	15409	9
3434	16454	75
3434	16992	20
3434	17616	19
3434	17749	2
3434	18048	22
3434	18338	1
3434	18350	33
3434	18608	9
3434	18695	16
3434	18753	4
3434	18806	29
3434	19683	30
3434	20089	2
3434	20297	118
3434	20391	6
3434	20728	13
3434	20743	2
3434	20865	15
3434	20883	1
3434	21024	18
3434	21173	6
3434	21280	5
3434	21335	4
3434	21353	43
3434	22048	7
3434	22072	25
3434	22075	8
3434	22114	62
3434	22143	1
3434	22532	13
3434	23040	2
3434	23056	1
3434	23320	1
3434	23754	2
3434	24028	4
3434	24513	6
3434	24631	7
3434	24650	463
3434	25093	28
3434	25281	1
3434	25436	24
3434	25970	9
3434	26201	1
3434	27512	64
3434	27608	1
3434	27689	2
3434	27812	2
3434	27929	7
3434	28005	13
3434	28155	1
3434	28409	11
3434	28636	11
3434	28980	20
3434	29008	6
3434	29164	14
3434	29184	18
3434	29262	19
3434	29313	4
3434	29576	17
3434	29801	20
3434	29855	6
3434	30303	2
3434	30321	6
3434	30409	1
3434	30479	32
3434	30653	2
3434	30913	16
3434	30937	8
3434	30955	7
3434	30978	6
3434	31002	16
3434	31015	7
3434	31025	1
3434	31032	12
3434	31042	1
3434	31063	5
3434	31092	22
3434	31109	9
3434	31137	16
3434	31170	1
3434	31361	4
3434	31787	1
3434	31800	9
3434	31826	1
3434	31842	9
3434	31864	2
3434	31871	7
3434	31880	2
3434	31891	6
3434	31911	4
3434	31950	11
3434	31972	6
3434	31998	2
3434	32024	10
3434	32070	7
3434	32230	1
3434	32327	27
3434	32560	1
3434	32564	16
3434	32653	12
3434	32659	24
3434	32723	50
3434	33074	140
3434	33332	14
3434	34120	7
3434	34125	105
3434	34247	12
3434	34483	63
3434	34621	4
3434	35107	3
3434	35760	136
3434	36134	2
3434	36201	31
3434	36290	6
3434	36440	2
3434	36817	1
3434	37556	42
3434	37971	72
3434	37989	2
3434	38017	14
3434	38228	49
3434	39660	9
3434	39669	2
3434	40155	30
3434	40250	23
3434	40285	89
3434	41174	24
3434	41179	19
3434	41575	4
3434	41600	81
3434	41723	1
3434	41930	5
3434	42020	3
3434	42168	54
3434	42694	27
3434	43479	28
3434	43860	3
3434	44019	4
3434	45000	23
3434	45766	7
3434	46424	3
3434	46482	1
3434	46584	12
3434	46751	5
3434	46756	10
3434	47199	13
3434	48454	37
3434	48621	92
3434	48633	15
3434	48720	6
3434	48832	3
3434	49021	35
3434	50550	63
3434	51116	10
3434	51385	16
3434	51506	96
3434	51591	25
3434	51626	21
3434	51676	21
3434	51888	13
3434	51954	63
3434	52257	6
3434	52286	36
3434	52378	14
3434	52419	1
3434	52451	4
3434	52675	33
3434	52688	114
3434	52712	1
3434	53044	15
3434	53297	6
3434	53406	14
3434	53449	1
3434	53457	29
3434	53650	1
3434	53656	11
3434	53692	9
3434	53706	8
3434	53875	47
3434	53878	2
3434	53926	1
3434	54003	6
3434	54416	2
3434	54487	16
3434	55041	117
3434	55347	6
3434	55577	30
3434	55630	20
3434	55906	3
3434	55970	1
3434	56177	21
3434	56705	30
3434	56783	11
3434	57029	2
3434	57350	2
3434	58286	22
3434	58300	5
3434	58321	3
3434	58352	33
3434	58397	15
3434	58461	5
3434	58495	14
3434	58523	12
3434	58554	22
3434	58590	14
3434	59180	22
3434	59545	7
3434	59546	4
3434	59819	3
3434	60118	4
3434	60133	2
3434	60172	9
3434	60237	1
3434	60281	2
3434	60299	5
3434	60359	1
3434	60673	1
3434	60694	7
3434	60714	2
3434	60722	6
3434	60921	4
3434	60998	20
3434	61024	8
3434	61043	5
3434	61085	4
3434	61109	6
3434	61120	4
3434	61194	4
3434	61269	6
3434	61501	20
3434	61538	3
3434	61727	22
3434	61755	22
3434	61836	20
3434	61914	3
3434	61953	2
3434	61985	18
3434	62270	14
3434	62508	1
3434	62577	2
3434	62594	3
3434	62612	14
3434	62636	9
3434	62656	3
3434	62662	2
3434	62713	5
3434	62730	4
3434	62752	10
3434	62779	31
3434	62813	6
3434	62863	1
3434	62878	1
3434	62911	2
3434	62919	5
3434	62930	1
3434	63080	2
3434	63096	7
3434	63158	1
3434	63189	3
3434	63390	4
3448	4513	1
3448	4573	5
3448	4828	1
3448	4856	1
3448	5327	2
3448	5855	13
3448	6375	3
3448	7185	28
3448	7250	3
3448	7462	1
3448	7917	3
3448	8274	3
3448	8617	10
3448	9129	1
3448	9197	1
3448	9218	2
3448	9238	2
3448	9295	2
3448	9324	1
3448	9344	8
3448	9361	4
3448	9510	2
3448	9750	1
3448	9756	5
3448	9794	2
3448	10020	1
3448	10023	2
3448	10973	1
3448	10999	1
3448	11647	1
3448	11977	1
3448	13554	6
3448	13894	2
3448	13944	1
3448	14752	2
3448	15409	6
3448	16454	46
3448	17616	2
3448	18048	4
3448	18350	1
3448	18608	1
3448	18695	35
3448	18753	1
3448	18806	2
3448	19683	24
3448	20089	2
3448	20297	25
3448	20391	3
3448	20743	28
3448	20859	2
3448	20865	1
3448	20883	3
3448	21173	13
3448	21280	2
3448	21353	2
3448	21827	5
3448	22048	2
3448	22072	9
3448	22075	1
3448	22114	56
3448	22143	1
3448	22532	2
3448	22906	1
3448	23010	1
3448	23040	2
3448	23056	12
3448	23320	1
3448	23430	6
3448	23440	15
3448	23754	4
3448	24028	6
3448	24513	4
3448	24631	2
3448	24650	61
3448	24838	1
3448	25093	2
3448	25281	1
3448	26201	5
3448	27512	3
3448	27633	6
3448	27689	6
3448	27812	22
3448	27929	5
3448	28005	2
3448	28409	10
3448	28636	2
3448	28980	14
3448	29008	3
3448	29164	17
3448	29184	4
3448	29313	2
3448	29576	4
3448	29801	4
3448	29812	4
3448	29855	3
3448	30311	5
3448	30409	1
3448	30479	1
3448	30653	7
3448	30913	4
3448	30937	2
3448	30955	9
3448	30978	2
3448	31025	1
3448	31032	3
3448	31042	2
3448	31063	4
3448	31092	3
3448	31109	7
3448	31137	2
3448	31170	1
3448	31361	3
3448	31826	1
3448	31842	1
3448	31848	2
3448	31864	4
3448	31871	4
3448	31880	11
3448	31891	2
3448	31911	3
3448	31950	1
3448	31972	3
3448	31998	1
3448	32230	4
3448	32560	5
3448	32564	45
3448	32653	1
3448	32659	1
3448	32723	3
3448	33074	19
3448	33332	2
3448	34120	1
3448	34125	24
3448	34247	2
3448	34483	52
3448	34558	2
3448	34621	11
3448	35107	3
3448	35710	2
3448	35722	3
3448	35760	6
3448	35856	4
3448	36290	2
3448	36440	1
3448	37971	54
3448	38017	10
3448	38228	10
3448	39660	2
3448	39669	3
3448	40155	7
3448	40250	1
3448	40285	7
3448	40769	2
3448	40820	3
3448	40983	3
3448	41174	2
3448	41179	11
3448	41575	2
3448	41600	5
3448	41723	1
3448	41930	6
3448	42020	3
3448	42168	26
3448	42603	1
3448	43479	1
3448	43794	1
3448	43860	1
3448	44019	1
3448	44080	2
3448	45000	3
3448	45766	23
3448	46424	3
3448	46482	2
3448	46584	7
3448	46751	2
3448	46756	1
3448	47199	1
3448	48454	3
3448	48621	14
3448	48633	1
3448	49021	2
3448	50019	2
3448	50040	1
3448	51116	1
3448	51139	4
3448	51385	4
3448	51506	1
3448	51591	3
3448	51626	1
3448	51676	9
3448	51888	1
3448	51954	4
3448	52257	2
3448	52286	3
3448	52378	7
3448	52419	1
3448	52451	5
3448	52675	2
3448	52688	17
3448	52712	1
3448	53044	4
3448	53107	2
3448	53297	1
3448	53406	11
3448	53449	1
3448	53457	28
3448	53650	7
3448	53656	2
3448	53692	1
3448	53875	29
3448	53878	27
3448	53926	2
3448	54003	2
3448	54416	114
3448	54487	12
3448	55041	18
3448	55347	5
3448	55577	14
3448	55906	14
3448	55970	3
3448	56177	13
3448	56705	10
3448	56783	7
3448	56817	3
3448	57350	1
3448	58230	3
3448	58270	1
3448	58286	1
3448	58300	1
3448	58321	1
3448	58397	3
3448	58461	1
3448	58495	3
3448	58523	3
3448	58554	2
3448	58590	6
3448	59180	1
3448	59546	9
3448	59819	1
3448	59876	2
3448	60099	1
3448	60118	28
3448	60281	2
3448	60299	3
3448	60359	1
3448	60673	1
3448	60714	2
3448	60921	5
3448	60998	4
3448	61085	8
3448	61109	26
3448	61120	1
3448	61194	10
3448	61244	1
3448	61501	17
3448	61538	3
3448	61755	15
3448	61914	2
3448	62270	10
3448	62508	1
3448	62577	1
3448	62585	1
3448	62594	1
3448	62612	3
3448	62636	3
3448	62656	1
3448	62695	6
3448	62713	2
3448	62722	1
3448	62730	4
3448	62752	3
3448	62779	6
3448	62813	1
3448	62863	1
3448	62911	2
3448	62930	2
3448	63080	3
3448	63158	3
3448	63189	8
3448	63390	1
3448	63497	2
3912	4513	3
3912	4573	1
3912	5327	56
3912	5855	17
3912	6375	4
3912	7250	3
3912	7462	1
3912	7917	1
3912	8274	2
3912	9189	1
3912	9218	1
3912	9238	5
3912	9295	3
3912	9344	3
3912	9361	5
3912	9510	7
3912	9750	1
3912	9794	1
3912	10020	1
3912	10973	3
3912	10999	7
3912	11647	11
3912	11977	1
3912	12630	3
3912	13554	1
3912	13784	4
3912	13894	2
3912	14752	2
3912	14831	1
3912	15167	1
3912	15177	1
3912	15409	7
3912	15676	2
3912	16454	18
3912	16992	7
3912	17616	4
3912	17749	2
3912	17756	2
3912	18048	5
3912	18338	2
3912	18608	2
3912	18695	1
3912	18753	2
3912	18806	8
3912	19683	6
3912	20297	35
3912	20391	4
3912	20728	5
3912	20865	3
3912	21024	8
3912	21173	3
3912	21280	1
3912	21335	2
3912	21353	1
3912	22048	1
3912	22072	20
3912	22075	6
3912	22114	18
3912	23040	1
3912	23056	1
3912	23430	5
3912	23754	1
3912	24028	2
3912	24513	1
3912	24631	1
3912	24650	107
3912	25093	17
3912	25105	3
3912	25281	3
3912	25436	3
3912	26201	1
3912	27512	14
3912	27608	1
3912	27633	2
3912	27689	2
3912	28005	3
3912	28155	1
3912	28636	10
3912	28980	3
3912	29008	2
3912	29184	4
3912	29313	3
3912	29576	4
3912	29801	1
3912	29855	5
3912	30321	2
3912	30374	1
3912	30479	4
3912	30653	2
3912	30913	4
3912	30955	7
3912	30978	1
3912	31002	1
3912	31032	2
3912	31042	2
3912	31063	4
3912	31092	9
3912	31109	6
3912	31137	7
3912	31170	1
3912	31800	1
3912	31826	2
3912	31842	1
3912	31871	2
3912	31880	2
3912	31911	5
3912	31950	1
3912	31972	5
3912	31998	4
3912	32024	1
3912	32327	3
3912	32560	1
3912	32564	9
3912	32723	19
3912	33074	9
3912	33332	5
3912	34120	2
3912	34125	27
3912	34247	6
3912	34483	17
3912	34621	1
3912	35107	1
3912	35760	37
3912	36134	2
3912	36201	3
3912	36290	1
3912	36817	1
3912	37971	14
3912	37989	1
3912	38228	4
3912	39669	1
3912	40285	30
3912	40820	2
3912	40983	3
3912	41174	10
3912	41179	3
3912	41492	1
3912	41575	3
3912	41600	30
3912	41723	4
3912	41930	6
3912	42020	2
3912	42168	15
3912	42694	1
3912	43479	2
3912	43794	1
3912	43860	2
3912	44019	1
3912	44080	1
3912	45000	3
3912	45307	1
3912	45766	5
3912	46584	5
3912	46751	3
3912	47199	3
3912	48454	44
3912	48571	2
3912	48621	15
3912	48633	1
3912	48720	7
3912	48832	1
3912	49021	1
3912	50019	9
3912	50040	2
3912	50550	12
3912	51116	4
3912	51139	1
3912	51385	2
3912	51506	4
3912	51591	3
3912	51676	6
3912	51782	1
3912	51888	4
3912	51954	1
3912	52257	1
3912	52286	2
3912	52378	1
3912	52451	2
3912	52675	2
3912	52688	21
3912	52712	1
3912	53044	9
3912	53107	1
3912	53297	1
3912	53406	4
3912	53449	3
3912	53692	2
3912	53706	1
3912	53875	22
3912	53878	1
3912	53926	1
3912	54487	9
3912	55041	13
3912	55347	5
3912	55577	2
3912	55630	2
3912	55906	1
3912	55970	5
3912	56177	2
3912	56705	11
3912	56783	6
3912	57029	8
3912	58270	1
3912	58286	3
3912	58352	9
3912	58397	3
3912	58461	2
3912	58495	3
3912	58523	2
3912	58554	1
3912	58590	6
3912	59180	6
3912	59545	6
3912	59546	1
3912	59819	6
3912	59876	1
3912	60099	3
3912	60118	3
3912	60133	1
3912	60172	1
3912	60237	1
3912	60299	2
3912	60694	1
3912	60722	1
3912	60998	4
3912	61024	1
3912	61085	3
3912	61109	2
3912	61269	7
3912	61501	9
3912	61538	7
3912	61755	2
3912	61836	1
3912	61953	1
3912	61985	6
3912	62270	1
3912	62577	1
3912	62612	2
3912	62636	3
3912	62662	5
3912	62705	1
3912	62713	2
3912	62730	3
3912	62752	1
3912	62779	5
3912	62813	1
3912	62878	2
3912	62911	2
3912	62919	2
3912	63080	1
3912	63096	1
3912	63189	1
3912	63388	1
3912	63390	6
4513	4573	2
4513	4828	5
4513	5327	20
4513	5855	6
4513	6375	6
4513	7250	4
4513	7462	24
4513	7917	2
4513	8274	9
4513	9189	2
4513	9218	1
4513	9238	2
4513	9344	2
4513	9361	2
4513	9510	3
4513	9750	2
4513	10973	1
4513	11647	4
4513	11977	1
4513	13554	35
4513	13784	7
4513	14831	1
4513	15409	2
4513	16454	11
4513	16992	8
4513	17616	11
4513	18048	4
4513	18350	17
4513	18608	3
4513	18695	1
4513	18753	1
4513	18806	1
4513	19683	4
4513	20297	34
4513	20728	2
4513	20865	1
4513	21024	1
4513	21173	1
4513	21280	3
4513	21335	1
4513	21353	9
4513	22048	4
4513	22072	14
4513	22075	1
4513	22114	10
4513	22143	1
4513	22532	6
4513	22772	3
4513	24028	2
4513	24513	4
4513	24631	1
4513	24650	144
4513	25093	10
4513	25436	2
4513	25970	2
4513	27512	20
4513	27929	1
4513	28005	3
4513	28409	1
4513	28636	8
4513	29008	5
4513	29184	8
4513	29262	13
4513	29313	1
4513	29576	4
4513	29801	10
4513	29855	2
4513	30321	1
4513	30479	12
4513	30653	1
4513	30913	3
4513	30955	1
4513	31025	1
4513	31032	3
4513	31042	1
4513	31063	1
4513	31092	2
4513	31109	2
4513	31361	2
4513	31871	2
4513	31891	2
4513	31950	4
4513	31998	1
4513	32024	15
4513	32327	3
4513	32564	5
4513	32653	1
4513	32659	1
4513	32723	12
4513	33074	78
4513	33332	1
4513	34125	50
4513	34247	6
4513	34483	27
4513	35760	14
4513	36201	4
4513	36290	1
4513	37556	11
4513	37971	15
4513	37989	2
4513	38228	15
4513	39660	1
4513	40155	27
4513	40250	33
4513	40285	43
4513	41174	5
4513	41179	8
4513	41575	2
4513	41600	13
4513	41882	2
4513	42020	3
4513	42168	15
4513	42694	3
4513	43479	4
4513	44019	3
4513	45000	1
4513	46584	4
4513	46751	2
4513	47199	9
4513	48454	25
4513	48571	3
4513	48621	43
4513	49021	14
4513	50019	1
4513	50550	7
4513	51116	2
4513	51385	5
4513	51506	64
4513	51591	1
4513	51626	13
4513	51676	4
4513	51888	1
4513	51954	13
4513	52257	9
4513	52286	13
4513	52378	1
4513	52675	9
4513	52688	26
4513	53044	5
4513	53297	1
4513	53406	4
4513	53449	1
4513	53656	3
4513	53692	3
4513	53875	21
4513	54487	7
4513	55041	24
4513	55577	1
4513	55906	1
4513	55970	1
4513	56177	2
4513	56705	19
4513	56783	2
4513	57029	2
4513	57350	2
4513	58300	1
4513	58321	1
4513	58352	4
4513	58397	1
4513	58495	1
4513	58523	2
4513	58554	6
4513	58590	1
4513	59180	8
4513	59545	1
4513	59819	2
4513	60133	4
4513	60299	1
4513	60714	3
4513	60998	1
4513	61085	2
4513	61120	1
4513	61501	8
4513	61538	2
4513	61727	6
4513	61755	9
4513	61836	1
4513	61985	3
4513	62270	2
4513	62508	1
4513	62656	1
4513	62705	1
4513	62730	2
4513	62752	1
4513	62779	2
4513	62919	2
4513	63096	3
4513	63390	3
4573	4828	9
4573	4856	1
4573	5327	8
4573	5855	20
4573	6375	42
4573	7250	10
4573	7462	2
4573	7917	3
4573	8015	1
4573	8274	32
4573	8617	11
4573	9129	14
4573	9189	5
4573	9197	3
4573	9218	6
4573	9238	14
4573	9295	4
4573	9324	2
4573	9344	6
4573	9361	10
4573	9392	3
4573	9510	19
4573	9750	2
4573	9756	8
4573	9794	7
4573	10020	10
4573	10023	12
4573	10750	6
4573	10973	3
4573	10999	6
4573	11647	4
4573	11812	2
4573	11875	7
4573	11977	10
4573	12630	1
4573	13554	9
4573	13894	4
4573	13944	6
4573	14752	2
4573	14831	2
4573	15167	4
4573	15177	19
4573	15409	5
4573	15676	2
4573	16454	74
4573	16992	1
4573	17616	5
4573	17749	5
4573	17756	1
4573	18048	59
4573	18350	1
4573	18608	10
4573	18695	5
4573	18753	7
4573	18806	18
4573	19683	24
4573	20089	12
4573	20297	51
4573	20391	5
4573	20728	7
4573	20743	6
4573	20859	1
4573	20865	2
4573	20883	12
4573	21024	2
4573	21173	10
4573	21280	3
4573	21335	1
4573	21353	6
4573	21827	3
4573	22048	5
4573	22072	9
4573	22075	1
4573	22114	46
4573	22143	1
4573	22532	4
4573	22906	1
4573	23010	6
4573	23040	14
4573	23056	12
4573	23320	5
4573	23430	28
4573	23440	21
4573	23754	13
4573	24028	2
4573	24513	5
4573	24631	7
4573	24650	132
4573	24838	7
4573	25093	12
4573	25105	10
4573	25281	1
4573	25436	2
4573	25970	5
4573	26201	2
4573	27512	10
4573	27608	3
4573	27633	3
4573	27689	89
4573	27812	8
4573	27929	5
4573	28005	11
4573	28155	1
4573	28409	11
4573	28636	19
4573	28980	5
4573	29008	12
4573	29164	3
4573	29184	3
4573	29262	6
4573	29313	21
4573	29576	22
4573	29801	4
4573	29812	5
4573	29855	14
4573	30311	2
4573	30374	8
4573	30409	4
4573	30479	2
4573	30653	3
4573	30913	5
4573	30937	3
4573	30955	12
4573	30978	5
4573	31002	5
4573	31015	1
4573	31025	5
4573	31032	7
4573	31063	6
4573	31092	4
4573	31109	19
4573	31137	12
4573	31170	3
4573	31361	15
4573	31787	1
4573	31826	2
4573	31842	5
4573	31848	3
4573	31864	4
4573	31871	6
4573	31880	14
4573	31891	20
4573	31911	5
4573	31950	3
4573	31972	14
4573	31998	10
4573	32024	2
4573	32070	5
4573	32230	7
4573	32327	34
4573	32560	12
4573	32564	71
4573	32653	1
4573	32659	65
4573	32723	19
4573	33074	27
4573	33332	14
4573	34120	5
4573	34125	62
4573	34247	7
4573	34483	65
4573	34558	5
4573	34621	2
4573	35107	1
4573	35710	1
4573	35722	3
4573	35760	20
4573	35856	11
4573	36134	1
4573	36201	8
4573	36290	4
4573	36440	1
4573	36817	9
4573	37556	1
4573	37971	38
4573	38228	8
4573	39660	13
4573	39669	1
4573	40155	46
4573	40250	2
4573	40285	107
4573	40820	3
4573	40983	4
4573	41174	26
4573	41179	9
4573	41492	2
4573	41575	9
4573	41600	15
4573	41723	1
4573	41930	3
4573	42020	15
4573	42168	11
4573	42603	1
4573	42694	4
4573	43479	1
4573	43794	4
4573	43860	4
4573	43884	2
4573	44019	6
4573	44080	13
4573	45000	41
4573	45307	4
4573	45766	10
4573	46424	5
4573	46584	5
4573	46751	3
4573	46756	11
4573	47199	1
4573	48454	19
4573	48571	1
4573	48621	22
4573	48633	7
4573	48720	6
4573	48832	6
4573	49021	2
4573	50040	1
4573	50277	1
4573	50543	2
4573	50550	8
4573	51116	15
4573	51139	2
4573	51385	7
4573	51506	3
4573	51591	4
4573	51626	2
4573	51676	28
4573	51782	8
4573	51888	1
4573	51954	2
4573	52257	2
4573	52286	5
4573	52378	6
4573	52419	1
4573	52451	1
4573	52675	6
4573	52688	23
4573	52712	8
4573	53044	17
4573	53107	1
4573	53297	2
4573	53406	14
4573	53449	1
4573	53457	44
4573	53650	4
4573	53656	2
4573	53692	4
4573	53706	10
4573	53875	36
4573	53878	5
4573	53926	3
4573	54003	2
4573	54416	16
4573	54487	15
4573	55041	18
4573	55347	2
4573	55577	10
4573	55630	5
4573	55906	3
4573	55970	5
4573	56177	25
4573	56705	4
4573	56783	20
4573	56817	5
4573	57029	2
4573	57350	7
4573	58230	18
4573	58270	4
4573	58286	3
4573	58300	6
4573	58308	4
4573	58321	3
4573	58352	18
4573	58397	8
4573	58461	5
4573	58495	8
4573	58523	10
4573	58554	10
4573	58590	9
4573	58667	6
4573	59180	5
4573	59545	3
4573	59546	17
4573	59819	1
4573	59876	2
4573	60099	1
4573	60118	35
4573	60133	1
4573	60172	1
4573	60281	1
4573	60299	5
4573	60359	4
4573	60673	2
4573	60684	1
4573	60694	2
4573	60714	10
4573	60722	3
4573	60921	14
4573	60998	8
4573	61024	16
4573	61043	1
4573	61085	15
4573	61109	24
4573	61194	16
4573	61244	3
4573	61501	18
4573	61538	2
4573	61727	8
4573	61755	7
4573	61914	4
4573	61953	2
4573	61985	3
4573	62270	23
4573	62508	1
4573	62577	2
4573	62585	2
4573	62594	2
4573	62612	4
4573	62636	8
4573	62662	8
4573	62695	2
4573	62705	1
4573	62713	2
4573	62722	2
4573	62730	12
4573	62752	7
4573	62779	9
4573	62813	3
4573	62863	1
4573	62878	3
4573	62911	1
4573	62919	1
4573	62930	7
4573	63080	3
4573	63096	3
4573	63158	5
4573	63189	6
4573	63390	4
4573	63497	4
4828	4856	4
4828	5327	16
4828	5855	7
4828	6375	25
4828	7185	2
4828	7250	3
4828	7462	8
4828	7917	3
4828	8274	58
4828	9129	3
4828	9189	9
4828	9197	2
4828	9238	12
4828	9344	1
4828	9361	2
4828	9392	1
4828	9510	5
4828	9750	1
4828	9794	1
4828	10020	3
4828	10023	1
4828	10973	4
4828	10999	2
4828	11647	13
4828	11977	13
4828	12630	2
4828	13554	13
4828	13784	11
4828	13894	5
4828	14752	2
4828	14831	11
4828	15167	1
4828	15409	3
4828	16454	50
4828	16992	2
4828	17616	1
4828	17749	1
4828	18048	56
4828	18350	11
4828	18608	3
4828	18695	5
4828	18753	10
4828	18806	4
4828	19525	17
4828	19683	1
4828	20297	44
4828	20728	4
4828	20859	1
4828	20865	1
4828	21024	9
4828	21173	6
4828	21280	2
4828	21353	5
4828	21827	3
4828	22048	5
4828	22075	2
4828	22114	20
4828	22532	13
4828	22772	6
4828	23010	1
4828	23040	3
4828	23320	1
4828	23430	5
4828	23754	1
4828	24028	3
4828	24513	7
4828	24631	7
4828	24650	114
4828	25093	7
4828	25436	3
4828	25970	10
4828	26201	1
4828	27512	11
4828	27689	2
4828	27929	3
4828	28005	5
4828	28409	1
4828	28636	6
4828	28980	3
4828	29008	11
4828	29164	3
4828	29184	28
4828	29262	33
4828	29313	26
4828	29576	162
4828	29801	2
4828	29855	12
4828	30479	7
4828	30955	2
4828	30978	1
4828	31002	3
4828	31025	1
4828	31032	4
4828	31042	1
4828	31063	8
4828	31092	1
4828	31109	7
4828	31137	1
4828	31170	1
4828	31361	1
4828	31787	1
4828	31842	2
4828	31871	4
4828	31880	2
4828	31891	2
4828	31950	5
4828	31972	4
4828	32024	9
4828	32070	1
4828	32230	1
4828	32327	26
4828	32560	2
4828	32564	7
4828	32653	5
4828	32659	30
4828	32723	11
4828	33074	36
4828	33332	5
4828	33573	1
4828	34125	62
4828	34247	1
4828	34483	25
4828	34621	4
4828	35107	2
4828	35760	6
4828	36201	28
4828	36290	2
4828	36440	4
4828	36817	1
4828	37556	5
4828	37971	56
4828	38017	3
4828	38228	12
4828	39660	2
4828	40155	19
4828	40250	12
4828	40285	191
4828	40983	1
4828	41174	32
4828	41179	2
4828	41492	1
4828	41575	11
4828	41600	12
4828	41930	1
4828	42020	4
4828	42168	20
4828	42603	4
4828	42694	8
4828	43479	1
4828	43794	1
4828	44019	6
4828	44080	4
4828	45000	36
4828	45307	1
4828	45766	4
4828	46424	2
4828	46584	4
4828	46751	4
4828	46756	9
4828	48454	15
4828	48571	13
4828	48621	26
4828	48633	8
4828	48720	2
4828	49021	7
4828	50277	1
4828	50543	1
4828	50550	7
4828	51116	14
4828	51385	2
4828	51506	14
4828	51626	5
4828	51676	13
4828	51782	1
4828	51954	53
4828	52286	4
4828	52378	4
4828	52419	1
4828	52675	23
4828	52688	26
4828	53044	6
4828	53406	4
4828	53656	5
4828	53692	2
4828	53706	4
4828	53875	23
4828	54003	4
4828	54416	2
4828	54487	3
4828	55041	15
4828	55347	1
4828	55577	1
4828	55630	1
4828	55970	1
4828	56177	12
4828	56705	9
4828	56783	4
4828	57029	9
4828	58270	2
4828	58286	1
4828	58300	2
4828	58352	3
4828	58397	4
4828	58461	3
4828	58495	1
4828	58523	45
4828	58554	5
4828	59180	7
4828	59546	5
4828	59876	1
4828	60118	12
4828	60281	1
4828	60299	2
4828	60673	2
4828	60722	1
4828	61024	5
4828	61043	1
4828	61085	7
4828	61109	2
4828	61194	3
4828	61244	1
4828	61501	10
4828	61727	42
4828	61755	4
4828	61836	1
4828	61953	1
4828	61985	3
4828	62270	1
4828	62577	1
4828	62612	5
4828	62662	1
4828	62713	1
4828	62722	1
4828	62730	2
4828	62779	4
4828	62813	3
4828	62863	1
4828	62878	1
4828	62919	1
4828	62930	1
4828	63080	1
4828	63096	8
4828	63497	5
4856	5327	4
4856	5855	19
4856	7185	3
4856	7250	1
4856	7917	3
4856	8617	8
4856	9189	1
4856	9197	1
4856	9218	1
4856	9324	3
4856	9344	7
4856	9361	10
4856	9750	18
4856	9756	5
4856	9794	1
4856	10020	3
4856	10023	2
4856	10973	2
4856	10999	1
4856	11647	5
4856	11875	4
4856	12630	1
4856	13554	5
4856	13784	2
4856	13894	2
4856	14752	1
4856	14831	2
4856	15409	2
4856	16454	24
4856	16992	1
4856	17749	1
4856	18048	1
4856	18350	6
4856	18695	15
4856	18806	3
4856	19683	1
4856	20089	1
4856	20297	7
4856	20391	7
4856	20743	21
4856	20859	2
4856	20865	2
4856	20883	2
4856	21024	2
4856	21173	1
4856	21280	1
4856	21353	3
4856	21827	4
4856	22048	1
4856	22072	4
4856	22075	6
4856	22114	8
4856	22532	9
4856	22906	1
4856	23010	2
4856	23040	5
4856	23056	6
4856	23320	2
4856	23430	4
4856	23440	10
4856	23754	4
4856	24028	34
4856	24513	7
4856	24631	3
4856	24650	62
4856	24838	1
4856	25436	3
4856	27512	2
4856	27633	2
4856	27689	1
4856	28005	1
4856	28409	4
4856	28980	2
4856	29008	31
4856	29164	1
4856	29184	1
4856	29262	1
4856	29801	1
4856	29812	4
4856	29855	5
4856	30311	4
4856	30321	1
4856	30409	1
4856	30479	4
4856	30653	3
4856	30913	1
4856	30955	5
4856	30978	3
4856	31002	2
4856	31015	2
4856	31032	67
4856	31042	2
4856	31063	2
4856	31092	3
4856	31109	19
4856	31137	2
4856	31787	1
4856	31826	5
4856	31842	10
4856	31848	1
4856	31871	7
4856	31880	6
4856	31891	1
4856	31911	6
4856	31972	4
4856	31998	1
4856	32230	1
4856	32560	8
4856	32564	16
4856	32653	1
4856	32723	1
4856	33074	50
4856	33332	2
4856	34125	63
4856	34247	2
4856	34483	17
4856	34558	2
4856	34621	1
4856	35107	4
4856	35710	3
4856	35722	3
4856	35760	2
4856	35856	4
4856	36134	2
4856	36201	6
4856	36440	1
4856	36817	2
4856	37971	1
4856	37989	2
4856	38017	3
4856	38228	4
4856	40155	2
4856	40250	1
4856	40285	2
4856	40983	2
4856	41600	3
4856	41723	1
4856	42020	5
4856	42168	6
4856	42694	1
4856	43479	1
4856	43794	4
4856	43860	2
4856	45766	1
4856	46482	2
4856	46584	11
4856	46751	26
4856	48454	15
4856	48571	1
4856	48621	14
4856	49021	2
4856	50019	8
4856	50040	2
4856	50543	1
4856	50550	1
4856	51385	2
4856	51506	5
4856	51591	2
4856	51626	1
4856	51676	5
4856	51954	9
4856	52257	2
4856	52286	4
4856	52378	1
4856	52419	2
4856	52451	1
4856	52675	2
4856	52688	18
4856	52712	2
4856	53044	1
4856	53297	2
4856	53406	1
4856	53449	3
4856	53457	3
4856	53692	1
4856	53875	14
4856	53878	2
4856	54416	1
4856	54487	17
4856	55041	18
4856	55347	1
4856	55577	2
4856	55630	11
4856	55970	1
4856	56177	16
4856	56705	43
4856	56783	3
4856	56817	3
4856	57029	3
4856	57350	33
4856	58230	1
4856	58270	2
4856	58286	1
4856	58321	1
4856	58352	4
4856	58397	6
4856	58461	2
4856	58495	3
4856	58523	1
4856	58554	3
4856	58590	2
4856	59180	2
4856	59545	5
4856	59546	6
4856	59819	2
4856	59876	1
4856	60099	1
4856	60118	8
4856	60172	1
4856	60237	1
4856	60281	4
4856	60299	7
4856	60359	1
4856	60673	1
4856	60684	1
4856	60714	5
4856	60998	5
4856	61085	3
4856	61109	9
4856	61194	4
4856	61244	1
4856	61269	4
4856	61501	45
4856	61538	2
4856	61755	2
4856	61953	2
4856	61985	1
4856	62585	3
4856	62612	8
4856	62656	1
4856	62695	3
4856	62705	3
4856	62730	2
4856	62752	5
4856	62779	2
4856	62813	1
4856	62863	1
4856	62911	1
4856	62930	2
4856	63080	1
4856	63158	2
4856	63189	5
4856	63390	1
5327	5855	33
5327	6375	30
5327	7185	5
5327	7250	13
5327	7462	16
5327	7917	4
5327	8274	27
5327	8617	14
5327	9129	3
5327	9189	13
5327	9197	17
5327	9218	14
5327	9238	44
5327	9295	9
5327	9324	3
5327	9344	25
5327	9361	16
5327	9392	4
5327	9510	8
5327	9750	3
5327	9794	5
5327	10020	8
5327	10023	5
5327	10750	2
5327	10973	50
5327	10999	91
5327	11647	16
5327	11812	1
5327	11875	2
5327	11977	19
5327	12331	23
5327	12630	19
5327	13554	32
5327	13784	23
5327	13894	2
5327	13944	3
5327	14752	10
5327	14831	26
5327	15409	2
5327	15676	5
5327	16454	107
5327	16992	66
5327	17616	35
5327	17749	7
5327	17756	3
5327	18048	33
5327	18338	2
5327	18350	22
5327	18608	17
5327	18695	15
5327	18753	5
5327	18806	39
5327	19525	17
5327	19683	10
5327	20089	3
5327	20297	230
5327	20391	35
5327	20728	33
5327	20743	3
5327	20859	5
5327	20865	11
5327	20883	1
5327	21024	27
5327	21173	6
5327	21280	22
5327	21335	19
5327	21353	34
5327	21827	4
5327	22048	21
5327	22072	179
5327	22075	52
5327	22114	70
5327	22143	6
5327	22532	17
5327	22772	25
5327	22906	2
5327	23010	5
5327	23040	5
5327	23056	2
5327	23430	3
5327	23440	2
5327	23754	7
5327	24028	5
5327	24513	12
5327	24631	19
5327	24650	872
5327	25093	96
5327	25281	13
5327	25436	20
5327	25970	4
5327	27512	64
5327	27608	8
5327	27633	7
5327	27689	12
5327	27812	2
5327	27929	8
5327	28005	8
5327	28155	2
5327	28409	2
5327	28636	52
5327	28980	3
5327	29008	24
5327	29164	6
5327	29184	5
5327	29262	18
5327	29313	30
5327	29576	42
5327	29801	14
5327	29812	1
5327	29855	27
5327	30303	12
5327	30311	2
5327	30321	5
5327	30374	6
5327	30409	1
5327	30479	14
5327	30913	28
5327	30937	2
5327	30955	41
5327	30978	20
5327	31002	13
5327	31015	16
5327	31025	2
5327	31032	20
5327	31042	9
5327	31063	17
5327	31092	44
5327	31109	44
5327	31137	53
5327	31170	16
5327	31361	2
5327	31787	6
5327	31800	6
5327	31826	21
5327	31842	31
5327	31848	1
5327	31864	13
5327	31871	46
5327	31880	7
5327	31891	21
5327	31911	16
5327	31950	14
5327	31972	41
5327	31998	25
5327	32024	24
5327	32070	2
5327	32230	4
5327	32327	33
5327	32560	11
5327	32564	34
5327	32653	10
5327	32659	11
5327	32723	127
5327	33074	150
5327	33332	40
5327	33573	2
5327	34120	2
5327	34125	195
5327	34247	52
5327	34483	95
5327	34621	5
5327	35107	4
5327	35760	293
5327	35856	3
5327	36134	3
5327	36201	6
5327	36440	3
5327	36817	1
5327	37556	11
5327	37971	22
5327	37989	24
5327	38017	7
5327	38228	29
5327	39660	3
5327	40155	87
5327	40250	17
5327	40285	204
5327	40769	1
5327	40820	8
5327	40983	9
5327	41174	41
5327	41179	20
5327	41575	2
5327	41600	221
5327	41723	7
5327	41882	40
5327	41930	1
5327	42020	8
5327	42168	29
5327	42603	28
5327	42694	6
5327	43479	54
5327	43860	3
5327	43884	5
5327	44019	11
5327	44080	6
5327	45000	13
5327	45307	3
5327	45766	7
5327	46424	7
5327	46482	2
5327	46584	14
5327	46751	20
5327	46756	8
5327	47199	28
5327	48454	384
5327	48571	6
5327	48621	169
5327	48633	20
5327	48720	37
5327	48832	2
5327	49021	21
5327	50019	4
5327	50040	8
5327	50277	2
5327	50543	25
5327	50550	119
5327	51116	14
5327	51139	5
5327	51385	21
5327	51506	51
5327	51591	25
5327	51626	34
5327	51676	20
5327	51888	65
5327	51954	18
5327	52257	16
5327	52286	48
5327	52378	5
5327	52419	2
5327	52675	16
5327	52688	169
5327	52712	2
5327	53044	51
5327	53107	23
5327	53297	1
5327	53406	3
5327	53449	1
5327	53457	2
5327	53656	12
5327	53692	8
5327	53706	20
5327	53875	72
5327	53878	4
5327	53926	10
5327	54003	3
5327	54487	17
5327	55041	141
5327	55347	7
5327	55577	9
5327	55630	19
5327	55906	2
5327	55970	1
5327	56177	20
5327	56705	57
5327	56783	16
5327	57029	14
5327	57350	6
5327	58230	11
5327	58270	8
5327	58286	44
5327	58300	12
5327	58308	3
5327	58321	26
5327	58352	112
5327	58397	40
5327	58461	16
5327	58495	27
5327	58523	30
5327	58554	48
5327	58590	11
5327	58667	2
5327	59180	57
5327	59545	46
5327	59546	7
5327	59819	16
5327	59876	4
5327	60099	7
5327	60118	15
5327	60133	6
5327	60172	35
5327	60237	2
5327	60281	2
5327	60299	3
5327	60359	4
5327	60673	2
5327	60684	2
5327	60694	13
5327	60714	4
5327	60722	13
5327	60921	4
5327	60998	33
5327	61024	5
5327	61043	5
5327	61085	15
5327	61109	12
5327	61120	13
5327	61194	19
5327	61244	1
5327	61269	40
5327	61501	134
5327	61538	28
5327	61727	22
5327	61755	17
5327	61836	17
5327	61914	4
5327	61953	13
5327	61985	27
5327	62270	3
5327	62508	13
5327	62577	15
5327	62585	1
5327	62594	5
5327	62612	26
5327	62636	30
5327	62656	10
5327	62662	12
5327	62695	9
5327	62705	7
5327	62713	6
5327	62722	7
5327	62730	10
5327	62752	24
5327	62779	48
5327	62813	16
5327	62863	7
5327	62878	8
5327	62911	7
5327	62919	11
5327	62930	16
5327	63080	1
5327	63096	5
5327	63158	6
5327	63189	23
5327	63388	30
5327	63390	43
5855	6375	13
5855	7185	23
5855	7250	171
5855	7462	8
5855	7917	52
5855	8015	7
5855	8274	21
5855	8617	29
5855	9129	57
5855	9189	8
5855	9197	14
5855	9218	19
5855	9238	8
5855	9295	36
5855	9324	6
5855	9344	24
5855	9361	49
5855	9392	4
5855	9750	15
5855	9756	12
5855	9794	6
5855	10020	43
5855	10023	9
5855	10750	26
5855	10973	8
5855	10999	15
5855	11647	265
5855	11812	2
5855	11875	8
5855	11977	5
5855	12630	9
5855	13554	59
5855	13784	20
5855	13894	14
5855	13944	2
5855	14752	9
5855	14831	3
5855	15167	69
5855	15409	42
5855	15676	50
5855	16454	1421
5855	16992	7
5855	17616	11
5855	17749	3
5855	17756	1
5855	18048	85
5855	18338	37
5855	18608	125
5855	18695	81
5855	18753	10
5855	18806	36
5855	19525	4
5855	19683	131
5855	20089	9
5855	20297	334
5855	20391	17
5855	20728	6
5855	20743	49
5855	20859	4
5855	20865	5
5855	20883	127
5855	21024	6
5855	21173	74
5855	21280	26
5855	21335	5
5855	21353	16
5855	21827	11
5855	22048	14
5855	22072	125
5855	22075	29
5855	22114	240
5855	22143	5
5855	22532	28
5855	22772	24
5855	22906	50
5855	23010	7
5855	23040	12
5855	23056	16
5855	23320	56
5855	23430	19
5855	23440	25
5855	23754	9
5855	24028	26
5855	24513	14
5855	24631	143
5855	24650	636
5855	24838	6
5855	25093	9
5855	25105	1
5855	25281	5
5855	25436	11
5855	25970	8
5855	26201	3
5855	27512	32
5855	27608	13
5855	27633	8
5855	27689	37
5855	27812	3
5855	27929	22
5855	28005	24
5855	28155	33
5855	28409	29
5855	28636	12
5855	28980	23
5855	29008	58
5855	29164	9
5855	29184	25
5855	29262	22
5855	29313	1
5855	29576	11
5855	29801	5
5855	29812	9
5855	29855	339
5855	30303	15
5855	30311	12
5855	30321	2
5855	30374	15
5855	30409	6
5855	30479	16
5855	30653	13
5855	30913	16
5855	30937	3
5855	30955	26
5855	30978	10
5855	31002	10
5855	31015	10
5855	31025	33
5855	31032	98
5855	31042	7
5855	31063	27
5855	31092	17
5855	31109	37
5855	31137	17
5855	31170	13
5855	31361	22
5855	31787	32
5855	31800	7
5855	31826	19
5855	31842	13
5855	31848	15
5855	31864	8
5855	31871	28
5855	31880	23
5855	31891	13
5855	31911	3
5855	31950	9
5855	31972	19
5855	31998	2
5855	32024	5
5855	32070	13
5855	32230	7
5855	32327	8
5855	32560	14
5855	32564	107
5855	32653	8
5855	32659	130
5855	32723	44
5855	33074	229
5855	33332	3
5855	33573	26
5855	34120	15
5855	34125	435
5855	34247	43
5855	34483	1268
5855	34558	5
5855	34621	7
5855	35107	9
5855	35710	6
5855	35722	7
5855	35760	39
5855	35856	12
5855	36134	105
5855	36201	9
5855	36290	18
5855	36440	12
5855	36817	6
5855	37556	3
5855	37971	157
5855	37989	13
5855	38017	9
5855	38228	48
5855	39660	16
5855	39669	15
5855	40155	133
5855	40250	7
5855	40285	119
5855	40820	9
5855	40983	52
5855	41174	26
5855	41179	30
5855	41492	238
5855	41575	12
5855	41600	69
5855	41723	4
5855	41882	1
5855	41930	22
5855	42020	151
5855	42168	138
5855	42603	26
5855	42694	6
5855	43479	12
5855	43794	14
5855	43860	195
5855	43884	54
5855	44019	14
5855	44080	9
5855	45000	2
5855	45307	2
5855	45766	14
5855	46424	143
5855	46482	5
5855	46584	50
5855	46751	21
5855	46756	105
5855	47199	3
5855	48454	67
5855	48571	28
5855	48621	210
5855	48633	6
5855	48720	1
5855	48832	144
5855	49021	15
5855	50019	8
5855	50040	13
5855	50277	32
5855	50543	20
5855	50550	11
5855	51116	15
5855	51139	71
5855	51385	71
5855	51506	28
5855	51591	14
5855	51626	32
5855	51676	240
5855	51782	1
5855	51888	7
5855	51954	28
5855	52257	30
5855	52286	42
5855	52378	24
5855	52419	3
5855	52451	13
5855	52675	12
5855	52688	266
5855	52712	6
5855	53044	43
5855	53107	8
5855	53297	30
5855	53406	75
5855	53449	247
5855	53457	19
5855	53650	12
5855	53656	9
5855	53692	10
5855	53706	12
5855	53875	104
5855	53878	14
5855	53926	4
5855	54003	5
5855	54416	7
5855	54487	156
5855	55041	71
5855	55347	20
5855	55577	37
5855	55630	8
5855	55906	12
5855	55970	34
5855	56177	440
5855	56705	141
5855	56783	409
5855	56817	7
5855	57029	119
5855	57350	9
5855	58230	26
5855	58270	84
5855	58286	20
5855	58300	6
5855	58308	5
5855	58321	15
5855	58352	23
5855	58397	34
5855	58461	10
5855	58495	17
5855	58523	9
5855	58554	36
5855	58590	15
5855	58667	4
5855	59180	31
5855	59545	16
5855	59546	32
5855	59819	25
5855	59876	12
5855	60099	5
5855	60118	70
5855	60133	11
5855	60172	9
5855	60237	54
5855	60281	30
5855	60299	25
5855	60359	8
5855	60673	6
5855	60684	14
5855	60694	1
5855	60714	14
5855	60722	13
5855	60921	22
5855	60998	13
5855	61024	53
5855	61043	1
5855	61085	30
5855	61109	52
5855	61120	13
5855	61194	40
5855	61244	17
5855	61269	3
5855	61501	106
5855	61538	30
5855	61727	7
5855	61755	54
5855	61836	7
5855	61914	8
5855	61953	13
5855	61985	12
5855	62270	79
5855	62508	5
5855	62577	5
5855	62585	2
5855	62594	4
5855	62612	26
5855	62636	32
5855	62656	15
5855	62662	22
5855	62695	19
5855	62705	6
5855	62713	13
5855	62722	2
5855	62730	7
5855	62752	42
5855	62779	27
5855	62813	14
5855	62863	16
5855	62878	3
5855	62911	4
5855	62919	9
5855	62930	4
5855	63080	9
5855	63096	6
5855	63158	12
5855	63189	15
5855	63390	15
5855	63497	14
6375	7250	3
6375	7462	4
6375	7917	3
6375	8015	1
6375	8274	34
6375	8617	1
6375	9129	8
6375	9189	5
6375	9197	1
6375	9238	21
6375	9361	6
6375	9392	2
6375	9510	15
6375	9750	3
6375	9756	1
6375	10020	11
6375	10023	2
6375	10750	6
6375	10973	5
6375	10999	6
6375	11647	3
6375	11812	5
6375	11875	2
6375	11977	27
6375	12630	4
6375	13554	12
6375	13784	3
6375	13894	3
6375	13944	1
6375	14831	2
6375	15167	2
6375	15177	2
6375	15409	3
6375	15676	2
6375	16454	67
6375	16992	4
6375	17616	5
6375	18048	82
6375	18338	3
6375	18350	6
6375	18608	19
6375	18695	2
6375	18753	11
6375	18806	19
6375	19525	17
6375	19683	14
6375	20089	1
6375	20297	76
6375	20728	7
6375	20865	4
6375	20883	1
6375	21173	7
6375	21280	3
6375	21335	6
6375	21353	3
6375	22048	10
6375	22072	9
6375	22075	5
6375	22114	38
6375	22143	1
6375	22532	4
6375	22906	1
6375	23040	1
6375	23056	1
6375	23320	2
6375	23430	1
6375	23754	1
6375	24028	1
6375	24513	4
6375	24631	11
6375	24650	160
6375	25093	20
6375	25281	1
6375	25436	1
6375	25970	10
6375	26201	5
6375	27512	18
6375	27633	3
6375	27689	5
6375	27812	3
6375	27929	4
6375	28005	10
6375	28155	1
6375	28409	3
6375	28636	39
6375	28980	3
6375	29008	3
6375	29184	5
6375	29262	24
6375	29313	28
6375	29576	141
6375	29801	5
6375	29812	1
6375	29855	19
6375	30374	1
6375	30479	5
6375	30653	2
6375	30913	4
6375	30955	11
6375	30978	3
6375	31002	2
6375	31025	3
6375	31032	5
6375	31063	4
6375	31092	5
6375	31109	8
6375	31137	9
6375	31170	3
6375	31361	3
6375	31787	4
6375	31800	1
6375	31842	3
6375	31848	2
6375	31864	2
6375	31871	23
6375	31880	1
6375	31891	8
6375	31911	3
6375	31950	7
6375	31972	9
6375	31998	2
6375	32024	7
6375	32070	1
6375	32327	37
6375	32560	1
6375	32564	12
6375	32653	1
6375	32659	39
6375	32723	33
6375	33074	28
6375	33332	24
6375	33573	1
6375	34120	3
6375	34125	75
6375	34247	5
6375	34483	44
6375	34621	2
6375	35722	2
6375	35760	20
6375	36134	5
6375	36201	3
6375	36290	5
6375	36440	1
6375	36817	3
6375	37556	3
6375	37971	29
6375	37989	3
6375	38228	11
6375	39660	9
6375	40155	69
6375	40250	7
6375	40285	240
6375	40983	4
6375	41174	45
6375	41179	3
6375	41492	2
6375	41575	13
6375	41600	21
6375	41930	3
6375	42020	5
6375	42168	11
6375	42603	2
6375	42694	2
6375	43479	3
6375	43794	2
6375	43860	2
6375	43884	1
6375	44019	14
6375	44080	1
6375	45000	40
6375	45766	2
6375	46424	11
6375	46584	5
6375	46751	1
6375	46756	12
6375	47199	1
6375	48454	31
6375	48571	10
6375	48621	33
6375	48633	18
6375	48720	13
6375	48832	2
6375	49021	5
6375	50277	2
6375	50543	4
6375	50550	15
6375	51116	28
6375	51385	9
6375	51506	13
6375	51591	7
6375	51626	3
6375	51676	13
6375	51888	1
6375	51954	3
6375	52257	2
6375	52286	8
6375	52378	3
6375	52675	12
6375	52688	24
6375	53044	16
6375	53107	2
6375	53297	2
6375	53406	12
6375	53449	1
6375	53457	1
6375	53656	3
6375	53692	5
6375	53706	18
6375	53875	36
6375	54416	3
6375	54487	8
6375	55041	29
6375	55347	3
6375	55577	4
6375	55906	3
6375	55970	2
6375	56177	11
6375	56705	10
6375	56783	5
6375	56817	1
6375	57029	4
6375	57350	1
6375	58230	1
6375	58270	2
6375	58286	5
6375	58300	4
6375	58308	3
6375	58321	2
6375	58352	12
6375	58397	3
6375	58461	4
6375	58495	12
6375	58523	21
6375	58554	8
6375	58590	3
6375	58667	1
6375	59180	4
6375	59545	4
6375	59546	2
6375	59819	1
6375	60118	17
6375	60133	3
6375	60172	4
6375	60237	1
6375	60281	1
6375	60299	2
6375	60673	4
6375	60694	3
6375	60714	3
6375	60722	6
6375	60921	8
6375	60998	4
6375	61024	11
6375	61043	1
6375	61085	10
6375	61120	4
6375	61194	4
6375	61244	2
6375	61269	1
6375	61501	30
6375	61538	2
6375	61727	13
6375	61755	5
6375	61836	5
6375	61953	2
6375	61985	3
6375	62270	15
6375	62508	1
6375	62577	1
6375	62612	4
6375	62636	7
6375	62662	1
6375	62722	1
6375	62730	7
6375	62752	5
6375	62779	10
6375	62813	1
6375	62878	2
6375	62919	2
6375	62930	1
6375	63080	2
6375	63096	4
6375	63189	2
6375	63390	4
7185	7917	4
7185	8274	2
7185	8617	42
7185	9129	10
7185	9197	3
7185	9218	6
7185	9238	5
7185	9324	3
7185	9344	22
7185	9361	12
7185	9510	3
7185	9756	16
7185	9794	8
7185	10020	22
7185	10023	16
7185	10999	4
7185	11875	4
7185	13554	5
7185	13944	12
7185	14752	21
7185	14831	1
7185	15177	1
7185	15409	8
7185	16454	63
7185	17616	1
7185	18048	2
7185	18695	246
7185	18806	5
7185	19525	3
7185	19683	87
7185	20089	7
7185	20297	8
7185	20728	1
7185	20743	68
7185	20859	6
7185	20883	7
7185	21173	2
7185	21280	4
7185	21335	4
7185	21827	14
7185	22072	5
7185	22075	2
7185	22114	82
7185	22532	4
7185	22906	3
7185	23010	4
7185	23040	8
7185	23056	15
7185	23320	1
7185	23430	18
7185	23440	33
7185	23754	47
7185	24631	16
7185	24650	132
7185	24838	5
7185	27512	10
7185	27633	8
7185	27689	16
7185	27812	3
7185	27929	5
7185	28005	4
7185	28409	6
7185	28636	2
7185	28980	7
7185	29008	7
7185	29164	136
7185	29313	2
7185	29801	1
7185	29812	12
7185	29855	3
7185	30311	12
7185	30409	3
7185	30479	3
7185	30653	7
7185	30913	1
7185	30937	1
7185	30955	10
7185	30978	3
7185	31042	8
7185	31063	5
7185	31092	10
7185	31109	1
7185	31137	8
7185	31170	1
7185	31361	1
7185	31787	1
7185	31826	2
7185	31842	7
7185	31848	8
7185	31871	6
7185	31880	24
7185	31891	5
7185	31972	15
7185	32230	13
7185	32327	2
7185	32560	53
7185	32564	107
7185	32659	5
7185	32723	7
7185	33074	14
7185	34120	1
7185	34125	50
7185	34483	42
7185	34558	6
7185	34621	27
7185	35107	17
7185	35710	3
7185	35722	17
7185	35760	12
7185	35856	13
7185	36134	1
7185	36201	1
7185	36290	3
7185	36440	21
7185	37556	25
7185	37971	40
7185	38017	109
7185	38228	3
7185	39660	5
7185	40155	2
7185	40285	6
7185	40769	2
7185	40983	2
7185	41179	38
7185	41600	9
7185	41723	3
7185	42020	13
7185	42168	15
7185	42694	48
7185	43479	4
7185	43794	17
7185	43860	3
7185	44080	1
7185	45000	1
7185	45307	1
7185	45766	206
7185	46424	1
7185	46482	6
7185	46584	3
7185	46756	1
7185	48454	7
7185	48621	30
7185	50019	6
7185	50040	5
7185	51116	1
7185	51385	15
7185	51506	1
7185	51676	11
7185	51954	61
7185	52257	2
7185	52286	3
7185	52378	18
7185	52419	4
7185	52451	3
7185	52675	8
7185	52688	10
7185	52712	19
7185	53044	10
7185	53406	8
7185	53449	2
7185	53457	10
7185	53656	4
7185	53692	3
7185	53875	10
7185	53878	68
7185	53926	3
7185	54003	1
7185	54416	9
7185	54487	20
7185	55041	7
7185	55577	63
7185	55906	4
7185	55970	6
7185	56177	15
7185	56705	12
7185	56817	4
7185	58230	12
7185	58270	4
7185	58308	4
7185	58321	16
7185	58397	7
7185	58461	9
7185	58495	11
7185	58523	8
7185	58554	3
7185	58590	12
7185	58667	9
7185	59546	39
7185	59876	5
7185	60099	3
7185	60118	56
7185	60281	4
7185	60299	4
7185	60359	37
7185	60673	3
7185	60714	5
7185	60722	1
7185	60921	3
7185	60998	9
7185	61024	1
7185	61085	11
7185	61109	127
7185	61194	23
7185	61244	6
7185	61501	6
7185	61538	4
7185	61755	26
7185	61914	1
7185	62270	14
7185	62577	1
7185	62585	11
7185	62594	1
7185	62612	6
7185	62636	2
7185	62656	3
7185	62662	1
7185	62695	9
7185	62713	1
7185	62730	4
7185	62752	5
7185	62779	38
7185	62863	4
7185	62911	1
7185	62930	3
7185	63096	3
7185	63158	7
7185	63189	19
7250	7462	4
7250	7917	8
7250	8015	3
7250	8274	18
7250	8617	2
7250	9129	11
7250	9189	2
7250	9197	4
7250	9218	2
7250	9238	7
7250	9295	1
7250	9324	1
7250	9344	3
7250	9361	9
7250	9392	3
7250	9510	5
7250	9750	2
7250	9756	1
7250	10020	4
7250	10023	2
7250	10750	23
7250	10973	2
7250	10999	5
7250	11647	36
7250	11812	1
7250	11977	2
7250	13554	1
7250	13784	2
7250	13894	5
7250	13944	1
7250	14752	18
7250	15167	34
7250	15177	1
7250	15409	4
7250	15676	16
7250	16454	432
7250	16992	2
7250	17616	5
7250	18048	41
7250	18338	14
7250	18608	79
7250	18695	4
7250	18753	8
7250	18806	23
7250	19683	35
7250	20089	3
7250	20297	114
7250	20391	7
7250	20728	4
7250	20743	1
7250	20883	42
7250	21024	3
7250	21173	20
7250	21280	2
7250	21335	1
7250	21353	4
7250	22048	3
7250	22072	78
7250	22075	24
7250	22114	64
7250	22532	2
7250	22772	2
7250	22906	6
7250	23010	4
7250	23040	2
7250	23056	3
7250	23320	14
7250	23430	5
7250	23754	1
7250	24028	6
7250	24513	4
7250	24631	60
7250	24650	239
7250	25093	6
7250	25281	2
7250	25436	3
7250	25970	9
7250	27512	8
7250	27608	1
7250	27633	4
7250	27689	24
7250	27929	7
7250	28005	6
7250	28155	19
7250	28409	4
7250	28636	3
7250	28980	5
7250	29008	3
7250	29164	2
7250	29184	2
7250	29262	9
7250	29313	1
7250	29576	11
7250	29801	1
7250	29855	110
7250	30303	9
7250	30374	1
7250	30479	7
7250	30913	3
7250	30937	3
7250	30955	2
7250	31002	2
7250	31015	4
7250	31025	15
7250	31032	14
7250	31063	24
7250	31092	1
7250	31109	16
7250	31137	4
7250	31170	2
7250	31361	6
7250	31787	4
7250	31842	1
7250	31848	2
7250	31864	2
7250	31871	7
7250	31891	1
7250	31911	4
7250	31950	5
7250	31972	5
7250	32070	1
7250	32230	1
7250	32327	10
7250	32560	3
7250	32564	12
7250	32653	2
7250	32659	98
7250	32723	13
7250	33074	33
7250	33332	1
7250	33573	12
7250	34120	5
7250	34125	117
7250	34247	9
7250	34483	306
7250	34558	2
7250	35107	4
7250	35760	25
7250	36134	38
7250	36201	2
7250	36290	2
7250	36817	3
7250	37971	40
7250	37989	5
7250	38228	11
7250	40155	15
7250	40285	53
7250	40820	2
7250	40983	18
7250	41174	21
7250	41179	7
7250	41492	25
7250	41575	5
7250	41600	33
7250	41930	57
7250	42020	54
7250	42168	29
7250	43479	4
7250	43794	1
7250	43860	46
7250	43884	31
7250	44019	4
7250	44080	4
7250	45000	10
7250	45307	2
7250	45766	3
7250	46424	69
7250	46584	27
7250	46751	3
7250	46756	50
7250	48454	21
7250	48571	16
7250	48621	63
7250	48633	1
7250	48832	51
7250	49021	1
7250	50040	2
7250	50277	14
7250	50543	8
7250	50550	5
7250	51116	10
7250	51139	77
7250	51385	18
7250	51506	9
7250	51591	6
7250	51626	1
7250	51676	99
7250	51782	1
7250	51954	1
7250	52257	5
7250	52286	6
7250	52378	7
7250	52451	1
7250	52675	1
7250	52688	71
7250	52712	1
7250	53044	7
7250	53107	1
7250	53297	3
7250	53406	28
7250	53449	31
7250	53457	4
7250	53656	2
7250	53692	3
7250	53706	5
7250	53875	32
7250	53926	4
7250	54003	1
7250	54416	1
7250	54487	6
7250	55041	36
7250	55347	16
7250	55577	10
7250	55630	2
7250	55906	7
7250	55970	2
7250	56177	205
7250	56705	36
7250	56783	157
7250	56817	3
7250	57029	21
7250	58230	1
7250	58270	12
7250	58286	7
7250	58300	2
7250	58308	1
7250	58321	1
7250	58352	2
7250	58397	7
7250	58461	9
7250	58495	2
7250	58523	2
7250	58554	18
7250	58590	9
7250	59180	15
7250	59545	11
7250	59546	2
7250	60118	11
7250	60133	3
7250	60237	9
7250	60281	5
7250	60299	4
7250	60684	2
7250	60694	1
7250	60722	7
7250	60921	7
7250	60998	1
7250	61024	54
7250	61043	5
7250	61085	3
7250	61109	7
7250	61120	13
7250	61194	15
7250	61244	3
7250	61269	1
7250	61501	26
7250	61538	1
7250	61727	2
7250	61755	24
7250	61914	7
7250	61953	3
7250	61985	3
7250	62270	4
7250	62577	3
7250	62594	2
7250	62612	5
7250	62636	4
7250	62656	2
7250	62662	2
7250	62695	6
7250	62705	3
7250	62722	3
7250	62730	7
7250	62752	15
7250	62779	19
7250	62813	5
7250	62863	2
7250	62878	1
7250	62930	7
7250	63080	8
7250	63096	6
7250	63189	2
7250	63390	1
7250	63497	5
7462	7917	2
7462	8274	6
7462	9189	6
7462	9238	3
7462	9361	2
7462	9510	3
7462	9750	2
7462	9794	1
7462	10020	3
7462	10023	1
7462	10973	3
7462	11647	8
7462	11977	4
7462	13554	48
7462	13784	14
7462	15409	4
7462	15676	1
7462	16454	29
7462	16992	6
7462	17616	1
7462	18048	1
7462	18350	24
7462	18608	3
7462	18695	11
7462	18753	1
7462	19683	6
7462	20089	1
7462	20297	41
7462	20728	1
7462	20743	1
7462	20865	1
7462	21024	6
7462	21173	1
7462	21280	5
7462	21353	19
7462	22048	3
7462	22072	9
7462	22114	14
7462	22143	1
7462	22532	8
7462	23440	2
7462	24028	1
7462	24513	6
7462	24631	2
7462	24650	118
7462	25093	4
7462	25436	4
7462	25970	1
7462	27512	15
7462	27633	1
7462	27812	1
7462	27929	3
7462	28005	4
7462	28409	1
7462	28636	4
7462	28980	9
7462	29008	2
7462	29184	13
7462	29262	1
7462	29576	1
7462	29801	3
7462	29855	3
7462	30479	10
7462	30653	1
7462	30913	3
7462	30955	1
7462	31025	1
7462	31032	19
7462	31063	1
7462	31092	1
7462	31109	3
7462	31137	1
7462	31170	1
7462	31361	2
7462	31800	1
7462	31871	1
7462	31880	2
7462	31891	3
7462	31911	2
7462	31950	3
7462	32070	1
7462	32230	2
7462	32327	6
7462	32560	3
7462	32564	7
7462	32653	1
7462	32723	7
7462	33074	96
7462	34120	2
7462	34125	46
7462	34247	3
7462	34483	20
7462	35760	10
7462	36201	5
7462	36290	6
7462	36440	1
7462	37556	7
7462	37971	32
7462	37989	1
7462	38228	22
7462	39660	2
7462	40155	5
7462	40250	20
7462	40285	24
7462	41174	2
7462	41179	7
7462	41492	1
7462	41575	1
7462	41600	7
7462	42020	2
7462	42168	72
7462	42694	4
7462	43479	7
7462	44019	1
7462	46584	8
7462	46751	9
7462	48454	21
7462	48621	24
7462	48633	4
7462	49021	21
7462	50019	1
7462	50543	1
7462	50550	10
7462	51116	1
7462	51139	1
7462	51385	12
7462	51506	41
7462	51591	3
7462	51626	7
7462	51676	7
7462	51888	1
7462	51954	9
7462	52257	3
7462	52286	10
7462	52378	2
7462	52675	7
7462	52688	29
7462	53044	5
7462	53297	5
7462	53406	4
7462	53449	1
7462	53656	23
7462	53692	8
7462	53875	17
7462	54003	2
7462	54416	2
7462	54487	7
7462	55041	10
7462	55347	2
7462	55577	4
7462	55630	3
7462	55906	2
7462	55970	1
7462	56177	7
7462	56705	12
7462	56783	1
7462	57350	1
7462	58230	1
7462	58300	1
7462	58352	1
7462	58397	3
7462	58495	1
7462	58523	3
7462	58554	3
7462	58590	1
7462	58667	1
7462	59180	7
7462	59545	8
7462	59546	1
7462	59819	2
7462	60118	1
7462	60133	2
7462	60281	2
7462	60299	1
7462	60714	1
7462	60998	1
7462	61085	2
7462	61109	6
7462	61194	1
7462	61501	8
7462	61538	3
7462	61727	8
7462	61755	3
7462	61985	3
7462	62270	2
7462	62508	1
7462	62730	1
7462	62779	4
7462	62813	1
7462	62919	3
7462	63096	1
7462	63390	3
7917	8274	3
7917	8617	6
7917	9129	11
7917	9189	4
7917	9197	1
7917	9218	1
7917	9238	3
7917	9295	4
7917	9344	1
7917	9361	8
7917	9750	6
7917	9794	1
7917	10020	1
7917	10023	2
7917	10750	5
7917	10973	3
7917	11647	7
7917	11875	4
7917	12331	1
7917	12630	3
7917	13554	7
7917	13784	1
7917	13944	1
7917	14752	2
7917	14831	1
7917	15167	4
7917	15409	2
7917	15676	5
7917	16454	107
7917	16992	2
7917	17616	2
7917	18048	7
7917	18608	10
7917	18695	12
7917	18753	1
7917	18806	6
7917	19683	13
7917	20089	1
7917	20297	40
7917	20391	3
7917	20728	4
7917	20743	4
7917	20865	1
7917	20883	10
7917	21024	5
7917	21173	4
7917	21280	3
7917	21335	1
7917	21353	6
7917	22048	3
7917	22072	12
7917	22075	4
7917	22114	27
7917	22143	1
7917	22532	10
7917	22906	7
7917	23010	3
7917	23056	2
7917	23320	5
7917	23430	1
7917	24028	2
7917	24513	4
7917	24631	9
7917	24650	106
7917	25093	1
7917	25436	2
7917	27512	2
7917	27633	1
7917	27689	5
7917	27812	2
7917	27929	4
7917	28005	3
7917	28155	3
7917	28409	9
7917	28980	4
7917	29008	10
7917	29184	5
7917	29262	1
7917	29576	5
7917	29801	2
7917	29855	31
7917	30303	2
7917	30321	1
7917	30374	2
7917	30409	2
7917	30479	2
7917	30653	2
7917	30913	3
7917	30937	1
7917	30955	3
7917	30978	1
7917	31002	1
7917	31015	3
7917	31025	5
7917	31032	12
7917	31063	3
7917	31092	1
7917	31109	4
7917	31137	4
7917	31170	2
7917	31361	4
7917	31787	4
7917	31826	1
7917	31842	2
7917	31848	1
7917	31864	1
7917	31871	12
7917	31880	1
7917	31891	2
7917	31911	1
7917	31950	1
7917	31972	6
7917	31998	1
7917	32230	3
7917	32327	3
7917	32560	5
7917	32564	20
7917	32653	6
7917	32659	13
7917	32723	13
7917	33074	39
7917	33573	3
7917	34125	63
7917	34247	7
7917	34483	79
7917	34621	2
7917	35107	3
7917	35760	7
7917	35856	1
7917	36134	3
7917	36290	2
7917	36440	4
7917	37971	18
7917	37989	5
7917	38017	1
7917	38228	4
7917	39660	3
7917	40155	7
7917	40250	1
7917	40285	12
7917	40820	1
7917	40983	4
7917	41174	1
7917	41179	4
7917	41492	1
7917	41575	3
7917	41600	8
7917	42020	13
7917	42168	18
7917	43479	7
7917	43794	1
7917	43860	11
7917	43884	1
7917	44080	1
7917	45766	5
7917	46424	6
7917	46482	3
7917	46584	8
7917	46751	2
7917	46756	20
7917	47199	1
7917	48454	24
7917	48571	7
7917	48621	27
7917	48832	8
7917	49021	2
7917	50277	3
7917	50543	1
7917	50550	4
7917	51116	2
7917	51385	6
7917	51506	1
7917	51591	6
7917	51626	3
7917	51676	21
7917	51888	1
7917	51954	1
7917	52257	4
7917	52286	9
7917	52378	3
7917	52451	1
7917	52675	3
7917	52688	40
7917	53044	4
7917	53107	1
7917	53297	1
7917	53406	8
7917	53449	13
7917	53457	28
7917	53656	3
7917	53692	3
7917	53706	3
7917	53875	11
7917	53878	4
7917	54003	1
7917	54416	3
7917	54487	12
7917	55041	12
7917	55347	4
7917	55577	8
7917	55906	3
7917	55970	4
7917	56177	36
7917	56705	15
7917	56783	13
7917	57029	2
7917	57350	4
7917	58270	5
7917	58300	1
7917	58321	1
7917	58352	5
7917	58397	5
7917	58461	1
7917	58495	8
7917	58523	4
7917	58554	4
7917	58590	2
7917	59180	4
7917	59545	3
7917	59546	2
7917	59819	1
7917	60118	5
7917	60133	1
7917	60237	5
7917	60281	2
7917	60299	7
7917	60684	4
7917	60714	2
7917	60722	1
7917	60921	1
7917	60998	3
7917	61024	4
7917	61085	3
7917	61109	7
7917	61120	1
7917	61194	3
7917	61244	1
7917	61501	32
7917	61538	3
7917	61755	3
7917	61914	3
7917	61953	2
7917	62270	5
7917	62508	1
7917	62577	1
7917	62612	1
7917	62636	5
7917	62695	3
7917	62705	1
7917	62713	3
7917	62722	1
7917	62730	3
7917	62752	3
7917	62779	5
7917	62863	2
7917	62919	1
7917	62930	1
7917	63189	2
7917	63388	1
7917	63390	3
7917	63497	1
8015	8274	1
8015	8617	4
8015	9197	1
8015	9295	1
8015	9324	4
8015	9344	1
8015	9361	2
8015	9510	1
8015	10750	26
8015	11812	1
8015	11977	1
8015	14831	1
8015	15167	1
8015	16454	10
8015	18608	257
8015	19683	2
8015	20089	1
8015	20297	8
8015	20391	1
8015	20743	2
8015	21173	1
8015	22048	1
8015	22072	1
8015	22114	8
8015	22906	2
8015	23010	3
8015	23040	1
8015	23056	26
8015	23430	2
8015	23440	1
8015	24631	3
8015	24650	3
8015	25281	1
8015	27633	1
8015	27689	3
8015	28005	1
8015	28636	1
8015	29576	3
8015	30937	1
8015	30955	1
8015	31002	4
8015	31015	1
8015	31025	1
8015	31032	1
8015	31092	1
8015	31109	3
8015	31137	2
8015	31787	1
8015	31842	1
8015	31848	1
8015	31871	3
8015	31880	1
8015	31891	1
8015	31950	1
8015	31972	2
8015	31998	76
8015	32230	3
8015	32564	3
8015	33074	2
8015	34125	4
8015	34483	13
8015	34621	25
8015	35710	1
8015	37971	1
8015	40155	2
8015	40285	7
8015	41174	1
8015	41492	1
8015	41575	1
8015	42020	1
8015	42168	2
8015	43860	1
8015	43884	153
8015	44080	1
8015	45307	1
8015	46424	1
8015	46756	2
8015	48454	2
8015	48832	1
8015	50040	1
8015	50543	2
8015	51676	25
8015	52688	3
8015	53044	3
8015	53449	50
8015	53706	3
8015	53875	1
8015	54416	2
8015	56177	63
8015	56783	1
8015	58230	3
8015	58286	1
8015	58300	1
8015	58321	2
8015	58352	28
8015	58397	3
8015	58495	26
8015	58523	1
8015	58554	1
8015	59545	1
8015	59546	1
8015	60118	3
8015	60133	1
8015	60684	25
8015	60722	150
8015	60998	1
8015	61043	125
8015	61085	2
8015	61109	1
8015	61501	2
8015	61727	6
8015	61953	2
8015	61985	25
8015	62585	3
8015	62636	2
8015	62695	1
8015	62713	2
8015	62722	1
8015	62730	27
8015	62752	1
8015	62779	52
8015	62813	1
8015	62930	1
8015	63158	50
8015	63189	1
8274	8617	2
8274	9129	37
8274	9189	18
8274	9197	2
8274	9218	7
8274	9238	13
8274	9295	4
8274	9344	5
8274	9361	6
8274	9392	9
8274	9510	20
8274	9750	1
8274	10020	14
8274	10023	25
8274	10750	1
8274	10999	12
8274	11647	21
8274	11875	6
8274	11977	36
8274	12331	1
8274	13554	15
8274	13784	4
8274	13894	1
8274	13944	4
8274	14752	2
8274	14831	5
8274	15167	12
8274	15409	4
8274	16454	197
8274	16992	4
8274	17616	5
8274	18048	144
8274	18338	1
8274	18350	9
8274	18608	7
8274	18695	7
8274	18753	20
8274	18806	18
8274	19525	37
8274	19683	10
8274	20297	139
8274	20391	4
8274	20728	10
8274	20743	2
8274	20883	6
8274	21024	2
8274	21173	6
8274	21280	5
8274	21335	3
8274	21827	2
8274	22048	4
8274	22072	12
8274	22075	1
8274	22114	56
8274	22532	5
8274	22772	18
8274	22906	2
8274	23040	2
8274	23320	6
8274	23440	1
8274	23754	1
8274	24028	3
8274	24513	2
8274	24631	34
8274	24650	277
8274	24838	2
8274	25093	22
8274	25281	2
8274	25436	2
8274	25970	61
8274	26201	3
8274	27512	32
8274	27608	3
8274	27689	2
8274	27812	2
8274	27929	1
8274	28005	11
8274	28155	6
8274	28409	7
8274	28636	42
8274	28980	4
8274	29008	3
8274	29164	13
8274	29184	16
8274	29262	98
8274	29313	33
8274	29576	206
8274	29801	18
8274	29855	42
8274	30311	1
8274	30321	1
8274	30409	3
8274	30479	5
8274	30653	2
8274	30913	1
8274	30937	1
8274	30955	10
8274	30978	4
8274	31002	8
8274	31015	6
8274	31025	4
8274	31032	2
8274	31042	1
8274	31063	9
8274	31092	4
8274	31109	19
8274	31137	16
8274	31170	2
8274	31361	6
8274	31787	6
8274	31800	3
8274	31826	3
8274	31842	3
8274	31848	6
8274	31864	2
8274	31871	15
8274	31880	6
8274	31891	4
8274	31911	6
8274	31950	3
8274	31972	6
8274	31998	4
8274	32024	14
8274	32327	85
8274	32560	2
8274	32564	13
8274	32653	3
8274	32659	96
8274	32723	44
8274	33074	42
8274	33332	74
8274	33573	15
8274	34120	5
8274	34125	144
8274	34247	24
8274	34483	137
8274	34621	7
8274	35107	1
8274	35722	1
8274	35760	11
8274	36134	13
8274	36201	1
8274	36290	2
8274	36440	2
8274	36817	3
8274	37556	3
8274	37971	66
8274	37989	4
8274	38017	3
8274	38228	18
8274	39660	3
8274	40155	63
8274	40250	11
8274	40285	462
8274	40769	8
8274	40983	6
8274	41174	163
8274	41179	9
8274	41492	5
8274	41575	74
8274	41600	22
8274	41723	1
8274	41930	27
8274	42020	29
8274	42168	28
8274	42603	13
8274	42694	4
8274	43479	6
8274	43794	1
8274	43884	1
8274	44019	36
8274	44080	2
8274	45000	75
8274	45307	1
8274	45766	6
8274	46424	4
8274	46584	1
8274	46751	3
8274	46756	59
8274	48454	39
8274	48571	23
8274	48621	75
8274	48633	24
8274	48720	16
8274	48832	10
8274	49021	11
8274	50040	1
8274	50277	7
8274	50543	3
8274	50550	25
8274	51116	98
8274	51385	8
8274	51506	17
8274	51591	3
8274	51626	7
8274	51676	74
8274	51782	2
8274	51954	11
8274	52257	3
8274	52286	6
8274	52378	7
8274	52451	2
8274	52675	29
8274	52688	54
8274	53044	10
8274	53107	1
8274	53297	2
8274	53406	42
8274	53449	5
8274	53650	2
8274	53656	6
8274	53692	18
8274	53706	18
8274	53875	29
8274	53878	2
8274	54003	9
8274	54416	3
8274	54487	3
8274	55041	46
8274	55347	2
8274	55577	5
8274	55630	3
8274	55906	7
8274	55970	5
8274	56177	47
8274	56705	10
8274	56783	11
8274	56817	1
8274	57029	4
8274	57350	2
8274	58230	1
8274	58270	9
8274	58286	1
8274	58300	1
8274	58308	2
8274	58352	10
8274	58397	3
8274	58461	7
8274	58495	2
8274	58523	38
8274	58554	11
8274	58590	8
8274	59180	7
8274	59545	2
8274	59546	1
8274	60099	2
8274	60118	11
8274	60133	2
8274	60172	1
8274	60281	4
8274	60299	7
8274	60673	3
8274	60684	7
8274	60714	1
8274	60921	9
8274	60998	3
8274	61024	25
8274	61043	5
8274	61085	21
8274	61109	8
8274	61120	3
8274	61194	4
8274	61244	21
8274	61269	1
8274	61501	11
8274	61538	1
8274	61727	56
8274	61755	27
8274	61836	1
8274	61985	10
8274	62270	26
8274	62577	3
8274	62612	8
8274	62636	6
8274	62656	1
8274	62662	3
8274	62713	3
8274	62722	2
8274	62730	2
8274	62752	18
8274	62779	4
8274	62813	1
8274	62863	4
8274	62878	13
8274	62919	5
8274	62930	3
8274	63080	1
8274	63096	25
8274	63189	3
8274	63497	4
8617	9129	1
8617	9189	3
8617	9197	34
8617	9218	38
8617	9238	58
8617	9295	5
8617	9324	29
8617	9344	77
8617	9361	33
8617	9392	5
8617	9756	29
8617	9794	22
8617	10020	8
8617	10023	14
8617	10999	4
8617	11812	38
8617	11875	25
8617	11977	1
8617	12630	2
8617	13554	4
8617	13894	3
8617	13944	55
8617	14752	42
8617	14831	1
8617	15177	19
8617	15409	5
8617	15676	8
8617	16454	74
8617	16992	1
8617	17616	2
8617	17749	9
8617	17756	3
8617	18350	3
8617	18608	6
8617	18695	53
8617	18806	7
8617	19683	34
8617	20089	31
8617	20297	12
8617	20391	3
8617	20743	151
8617	20859	21
8617	20865	2
8617	20883	15
8617	21173	2
8617	21280	6
8617	21353	2
8617	21827	43
8617	22048	2
8617	22072	22
8617	22075	4
8617	22114	75
8617	22532	5
8617	22772	1
8617	22906	49
8617	23010	74
8617	23040	84
8617	23056	86
8617	23320	6
8617	23430	58
8617	23440	61
8617	23754	52
8617	24028	11
8617	24513	5
8617	24631	4
8617	24650	85
8617	24838	21
8617	25093	4
8617	25105	18
8617	25281	19
8617	25436	1
8617	27512	3
8617	27608	11
8617	27633	36
8617	27689	147
8617	27812	13
8617	27929	7
8617	28005	10
8617	28409	8
8617	28636	7
8617	28980	8
8617	29008	13
8617	29164	11
8617	29262	2
8617	29576	1
8617	29812	43
8617	29855	11
8617	30303	7
8617	30311	36
8617	30374	27
8617	30409	31
8617	30479	1
8617	30653	14
8617	30913	3
8617	30937	12
8617	30955	30
8617	30978	13
8617	31002	16
8617	31015	19
8617	31032	3
8617	31042	26
8617	31063	9
8617	31092	17
8617	31109	16
8617	31137	40
8617	31170	7
8617	31361	1
8617	31787	5
8617	31800	3
8617	31826	5
8617	31842	33
8617	31848	39
8617	31864	8
8617	31871	13
8617	31880	104
8617	31891	39
8617	31911	7
8617	31950	14
8617	31972	68
8617	31998	56
8617	32230	80
8617	32327	1
8617	32560	34
8617	32564	262
8617	32659	9
8617	32723	9
8617	33074	20
8617	34120	3
8617	34125	35
8617	34247	2
8617	34483	35
8617	34558	40
8617	34621	21
8617	35107	18
8617	35710	66
8617	35722	32
8617	35760	9
8617	35856	21
8617	36134	1
8617	36201	6
8617	36290	1
8617	36440	14
8617	36817	6
8617	37971	21
8617	37989	2
8617	38017	20
8617	39660	6
8617	39669	6
8617	40155	6
8617	40285	7
8617	40769	6
8617	40820	11
8617	40983	3
8617	41174	3
8617	41179	5
8617	41492	2
8617	41600	16
8617	41723	15
8617	41882	16
8617	42020	6
8617	42168	12
8617	43479	8
8617	43794	14
8617	43860	11
8617	44080	36
8617	45307	23
8617	45766	58
8617	46424	1
8617	46482	9
8617	46584	6
8617	46751	6
8617	46756	1
8617	48454	16
8617	48621	13
8617	48633	1
8617	48720	1
8617	49021	3
8617	50019	19
8617	50040	8
8617	50550	2
8617	51116	1
8617	51139	6
8617	51385	12
8617	51591	1
8617	51626	2
8617	51676	11
8617	51782	9
8617	51954	2
8617	52286	5
8617	52378	13
8617	52419	7
8617	52451	8
8617	52675	1
8617	52688	28
8617	52712	21
8617	53044	37
8617	53107	10
8617	53406	30
8617	53449	1
8617	53457	12
8617	53650	18
8617	53656	7
8617	53875	7
8617	53878	34
8617	53926	5
8617	54416	19
8617	54487	16
8617	55041	22
8617	55347	3
8617	55577	17
8617	55906	6
8617	55970	5
8617	56177	6
8617	56705	7
8617	56783	5
8617	56817	40
8617	57350	1
8617	58230	94
8617	58270	13
8617	58286	8
8617	58300	6
8617	58308	17
8617	58321	40
8617	58352	56
8617	58397	22
8617	58461	12
8617	58495	40
8617	58523	35
8617	58554	27
8617	58590	65
8617	58667	7
8617	59180	1
8617	59545	2
8617	59546	46
8617	59876	26
8617	60099	10
8617	60118	250
8617	60133	6
8617	60172	1
8617	60281	8
8617	60299	10
8617	60359	23
8617	60673	13
8617	60694	8
8617	60714	60
8617	60722	14
8617	60921	4
8617	60998	39
8617	61024	6
8617	61043	3
8617	61085	109
8617	61109	161
8617	61120	5
8617	61194	193
8617	61244	5
8617	61269	1
8617	61501	7
8617	61538	6
8617	61755	7
8617	61914	7
8617	61953	11
8617	61985	5
8617	62270	7
8617	62577	3
8617	62585	49
8617	62594	29
8617	62612	35
8617	62636	33
8617	62656	11
8617	62662	9
8617	62695	19
8617	62705	6
8617	62713	3
8617	62722	5
8617	62730	20
8617	62752	38
8617	62779	47
8617	62813	23
8617	62863	22
8617	62911	1
8617	62919	5
8617	62930	16
8617	63080	7
8617	63096	4
8617	63158	120
8617	63189	54
8617	63497	10
9129	9189	1
9129	9197	15
9129	9218	14
9129	9238	2
9129	9295	23
9129	9344	57
9129	9361	19
9129	9392	29
9129	9510	5
9129	10020	1
9129	10023	1
9129	10750	5
9129	10999	2
9129	11647	3
9129	11875	1
9129	11977	2
9129	13554	2
9129	13784	1
9129	15167	70
9129	15409	1
9129	15676	1
9129	16454	245
9129	16992	1
9129	17749	1
9129	18048	71
9129	18338	4
9129	18608	10
9129	18695	4
9129	18753	4
9129	18806	4
9129	19683	27
9129	20297	46
9129	20391	2
9129	20728	1
9129	20883	40
9129	21173	4
9129	21280	1
9129	21353	2
9129	22048	1
9129	22072	7
9129	22075	3
9129	22114	30
9129	22906	50
9129	23040	1
9129	23320	6
9129	23754	1
9129	24631	59
9129	24650	54
9129	25093	3
9129	25281	14
9129	25436	1
9129	25970	5
9129	26201	19
9129	27512	2
9129	27689	1
9129	27812	3
9129	27929	1
9129	28005	9
9129	28155	20
9129	28409	1
9129	28636	1
9129	28980	1
9129	29164	1
9129	29184	1
9129	29262	4
9129	29313	2
9129	29576	3
9129	29855	377
9129	30653	1
9129	30913	2
9129	30955	2
9129	30978	2
9129	31002	1
9129	31015	71
9129	31025	12
9129	31032	5
9129	31063	1
9129	31092	14
9129	31109	5
9129	31137	2
9129	31170	14
9129	31361	5
9129	31787	27
9129	31800	42
9129	31826	1
9129	31842	14
9129	31848	56
9129	31871	3
9129	31891	1
9129	31950	1
9129	31972	1
9129	32024	3
9129	32327	8
9129	32560	15
9129	32564	10
9129	32659	41
9129	32723	4
9129	33074	1
9129	33332	4
9129	33573	258
9129	34120	2
9129	34125	64
9129	34247	1
9129	34483	267
9129	34621	1
9129	35107	1
9129	35760	7
9129	35856	3
9129	36134	25
9129	36290	3
9129	36817	1
9129	37971	10
9129	37989	1
9129	38017	2
9129	38228	3
9129	39660	2
9129	40155	23
9129	40285	59
9129	40769	113
9129	40983	11
9129	41174	14
9129	41179	2
9129	41492	1
9129	41575	13
9129	41600	7
9129	41723	14
9129	41930	3
9129	42020	69
9129	42168	1
9129	43479	3
9129	43860	2
9129	43884	3
9129	44019	5
9129	45000	9
9129	45766	2
9129	46424	25
9129	46584	1
9129	46751	1
9129	46756	289
9129	48454	4
9129	48571	80
9129	48621	4
9129	48633	1
9129	48720	4
9129	48832	36
9129	50277	71
9129	50543	1
9129	50550	1
9129	51116	19
9129	51139	2
9129	51385	2
9129	51506	1
9129	51591	1
9129	51626	1
9129	51676	81
9129	51954	4
9129	52257	1
9129	52286	2
9129	52378	2
9129	52451	4
9129	52675	6
9129	52688	39
9129	53044	4
9129	53406	14
9129	53449	47
9129	53457	2
9129	53692	3
9129	53875	6
9129	54003	1
9129	54416	1
9129	55041	8
9129	55347	1
9129	55577	4
9129	56177	109
9129	56705	2
9129	56783	39
9129	57029	3
9129	58230	6
9129	58270	9
9129	58300	1
9129	58308	15
9129	58352	23
9129	58397	2
9129	58461	16
9129	58495	2
9129	58523	1
9129	58554	10
9129	58590	14
9129	59545	1
9129	59546	1
9129	60099	14
9129	60118	13
9129	60133	1
9129	60237	10
9129	60673	2
9129	60684	99
9129	60921	3
9129	61024	20
9129	61043	2
9129	61085	13
9129	61109	1
9129	61120	15
9129	61194	21
9129	61244	267
9129	61501	12
9129	61727	3
9129	61755	5
9129	61953	1
9129	61985	16
9129	62270	8
9129	62594	1
9129	62612	17
9129	62636	1
9129	62662	2
9129	62722	14
9129	62730	15
9129	62752	141
9129	62779	2
9129	62863	29
9129	62878	56
9129	62919	14
9129	63497	23
9189	9197	3
9189	9218	5
9189	9238	6
9189	9324	1
9189	9344	6
9189	9361	8
9189	9392	5
9189	9510	1
9189	9750	1
9189	9756	2
9189	9794	1
9189	10020	6
9189	10023	5
9189	10750	1
9189	10973	6
9189	10999	4
9189	11647	2
9189	11812	2
9189	11875	2
9189	11977	3
9189	12331	2
9189	12630	3
9189	13554	7
9189	13784	4
9189	13894	1
9189	14752	1
9189	15167	3
9189	15409	1
9189	16454	30
9189	16992	2
9189	17749	2
9189	18048	4
9189	18350	7
9189	18608	4
9189	18695	4
9189	18753	1
9189	18806	7
9189	19525	13
9189	19683	4
9189	20089	1
9189	20297	23
9189	20391	1
9189	20728	2
9189	20743	2
9189	20865	2
9189	20883	3
9189	21024	5
9189	21173	1
9189	21280	3
9189	21335	1
9189	21353	4
9189	21827	1
9189	22048	1
9189	22072	1
9189	22075	2
9189	22114	12
9189	22532	3
9189	22906	2
9189	23010	5
9189	23040	2
9189	23056	4
9189	23320	1
9189	23430	1
9189	23440	1
9189	23754	3
9189	24028	3
9189	24513	1
9189	24631	4
9189	24650	77
9189	25093	4
9189	25281	2
9189	25436	1
9189	25970	2
9189	26201	2
9189	27512	5
9189	27633	2
9189	27689	3
9189	27812	1
9189	28005	3
9189	28155	2
9189	28636	2
9189	29008	3
9189	29184	5
9189	29262	20
9189	29576	7
9189	29801	2
9189	29855	12
9189	30303	6
9189	30311	1
9189	30321	1
9189	30374	1
9189	30479	3
9189	30653	1
9189	30913	4
9189	30937	2
9189	30955	11
9189	30978	4
9189	31002	8
9189	31015	3
9189	31025	2
9189	31032	3
9189	31042	2
9189	31063	4
9189	31092	6
9189	31109	10
9189	31137	19
9189	31170	2
9189	31787	7
9189	31800	1
9189	31826	7
9189	31842	3
9189	31848	2
9189	31864	2
9189	31871	9
9189	31891	7
9189	31911	3
9189	31950	7
9189	31972	10
9189	31998	8
9189	32327	8
9189	32560	5
9189	32564	5
9189	32659	7
9189	32723	8
9189	33074	14
9189	33332	3
9189	33573	1
9189	34120	1
9189	34125	20
9189	34247	3
9189	34483	18
9189	34621	1
9189	35107	2
9189	35760	15
9189	36201	1
9189	36290	1
9189	36440	3
9189	36817	2
9189	37556	3
9189	37971	8
9189	37989	4
9189	38228	6
9189	39660	2
9189	40155	2
9189	40250	6
9189	40285	41
9189	40769	1
9189	40820	1
9189	40983	2
9189	41174	9
9189	41179	2
9189	41492	2
9189	41575	2
9189	41600	11
9189	41723	1
9189	41930	16
9189	42020	1
9189	42168	4
9189	42603	1
9189	42694	2
9189	43479	4
9189	43794	1
9189	44019	4
9189	44080	1
9189	45000	7
9189	45307	1
9189	45766	1
9189	46424	1
9189	46751	2
9189	46756	12
9189	48454	9
9189	48571	3
9189	48621	14
9189	48633	3
9189	48720	3
9189	48832	1
9189	49021	5
9189	50019	1
9189	50040	7
9189	50277	2
9189	50543	3
9189	50550	5
9189	51116	5
9189	51139	2
9189	51385	2
9189	51506	7
9189	51591	3
9189	51626	2
9189	51676	4
9189	51782	2
9189	51954	12
9189	52286	4
9189	52378	3
9189	52419	1
9189	52675	10
9189	52688	9
9189	52712	2
9189	53044	7
9189	53107	6
9189	53297	1
9189	53406	5
9189	53656	1
9189	53692	1
9189	53706	1
9189	53875	7
9189	53878	1
9189	53926	2
9189	54416	2
9189	54487	1
9189	55041	13
9189	55347	1
9189	55577	3
9189	55630	1
9189	55970	2
9189	56177	15
9189	56705	8
9189	56783	5
9189	57029	2
9189	58230	1
9189	58270	9
9189	58286	10
9189	58300	1
9189	58308	3
9189	58321	7
9189	58352	15
9189	58397	10
9189	58461	7
9189	58495	8
9189	58523	15
9189	58554	15
9189	58590	4
9189	59180	3
9189	59546	3
9189	59876	1
9189	60118	2
9189	60172	2
9189	60237	5
9189	60299	2
9189	60359	1
9189	60673	1
9189	60714	2
9189	60722	3
9189	60998	1
9189	61024	6
9189	61043	2
9189	61085	4
9189	61109	2
9189	61120	2
9189	61194	3
9189	61269	4
9189	61501	10
9189	61727	3
9189	61755	2
9189	61836	3
9189	61914	3
9189	61953	3
9189	61985	4
9189	62508	2
9189	62577	3
9189	62594	2
9189	62612	4
9189	62636	7
9189	62656	1
9189	62695	4
9189	62705	3
9189	62713	3
9189	62722	3
9189	62730	17
9189	62752	13
9189	62779	12
9189	62813	10
9189	62863	3
9189	62878	2
9189	62911	1
9189	62919	8
9189	62930	1
9189	63080	2
9189	63096	8
9189	63189	7
9189	63388	2
9189	63390	1
9189	63497	1
9197	9218	9
9197	9238	12
9197	9295	1
9197	9324	10
9197	9344	26
9197	9361	9
9197	9392	6
9197	9750	1
9197	9756	1
9197	9794	4
9197	10020	14
9197	10023	7
9197	10750	4
9197	10973	3
9197	10999	2
9197	11647	3
9197	11812	4
9197	11875	8
9197	12630	10
9197	13944	11
9197	14752	3
9197	14831	3
9197	15167	4
9197	15676	5
9197	16454	45
9197	16992	2
9197	17616	1
9197	17749	3
9197	17756	17
9197	18048	4
9197	18608	9
9197	18695	8
9197	18806	2
9197	19683	18
9197	20089	8
9197	20297	37
9197	20391	1
9197	20728	5
9197	20743	15
9197	20859	4
9197	20865	2
9197	20883	11
9197	21024	1
9197	21173	3
9197	21353	2
9197	21827	5
9197	22072	13
9197	22075	6
9197	22114	26
9197	22143	17
9197	22532	1
9197	22906	18
9197	23010	24
9197	23040	18
9197	23056	28
9197	23320	3
9197	23430	24
9197	23440	2
9197	23754	10
9197	24028	4
9197	24513	2
9197	24631	2
9197	24650	105
9197	24838	4
9197	25093	13
9197	25281	12
9197	25436	5
9197	25970	1
9197	26201	1
9197	27512	8
9197	27608	4
9197	27633	12
9197	27689	40
9197	27812	6
9197	27929	1
9197	28005	7
9197	28155	1
9197	28409	1
9197	28636	2
9197	28980	2
9197	29008	5
9197	29164	1
9197	29812	5
9197	29855	28
9197	30303	6
9197	30311	8
9197	30321	2
9197	30374	7
9197	30409	9
9197	30479	1
9197	30653	6
9197	30913	7
9197	30937	5
9197	30955	16
9197	30978	17
9197	31002	8
9197	31015	13
9197	31025	2
9197	31032	2
9197	31042	7
9197	31063	4
9197	31092	17
9197	31109	14
9197	31137	35
9197	31170	8
9197	31361	1
9197	31787	2
9197	31800	10
9197	31826	9
9197	31842	11
9197	31848	13
9197	31864	3
9197	31871	9
9197	31880	16
9197	31891	9
9197	31911	2
9197	31950	16
9197	31972	25
9197	31998	8
9197	32024	1
9197	32230	24
9197	32327	2
9197	32560	5
9197	32564	66
9197	32653	2
9197	32659	6
9197	32723	11
9197	33074	9
9197	33573	15
9197	34125	27
9197	34247	1
9197	34483	25
9197	34558	9
9197	34621	4
9197	35107	2
9197	35710	6
9197	35722	1
9197	35760	5
9197	36290	1
9197	36440	2
9197	36817	1
9197	37971	8
9197	38228	2
9197	39660	1
9197	39669	2
9197	40155	16
9197	40285	13
9197	40769	11
9197	40820	6
9197	40983	2
9197	41174	2
9197	41179	1
9197	41492	9
9197	41600	24
9197	41723	2
9197	42020	7
9197	42168	4
9197	43479	6
9197	43794	1
9197	43860	15
9197	43884	4
9197	44080	8
9197	45307	8
9197	45766	12
9197	46424	2
9197	46584	2
9197	46751	7
9197	46756	12
9197	47199	1
9197	48454	16
9197	48571	4
9197	48621	9
9197	48720	1
9197	48832	6
9197	49021	1
9197	50019	2
9197	50040	2
9197	50277	5
9197	50543	5
9197	50550	12
9197	51116	1
9197	51385	2
9197	51591	8
9197	51626	1
9197	51676	4
9197	51782	1
9197	52286	2
9197	52378	3
9197	52419	2
9197	52451	2
9197	52675	1
9197	52688	17
9197	52712	11
9197	53044	27
9197	53107	11
9197	53449	3
9197	53457	4
9197	53650	2
9197	53656	1
9197	53692	1
9197	53875	4
9197	53926	6
9197	54416	7
9197	54487	2
9197	55041	30
9197	55577	2
9197	55970	1
9197	56177	12
9197	56705	2
9197	56783	4
9197	56817	11
9197	57029	1
9197	57350	1
9197	58230	13
9197	58270	6
9197	58286	5
9197	58300	8
9197	58308	9
9197	58321	8
9197	58352	28
9197	58397	24
9197	58461	10
9197	58495	14
9197	58523	16
9197	58554	17
9197	58590	24
9197	58667	1
9197	59180	1
9197	59545	4
9197	59546	11
9197	59876	3
9197	60099	2
9197	60118	56
9197	60133	6
9197	60172	1
9197	60237	6
9197	60299	1
9197	60359	5
9197	60673	5
9197	60684	11
9197	60694	6
9197	60714	25
9197	60722	10
9197	60921	1
9197	60998	10
9197	61024	6
9197	61043	2
9197	61085	20
9197	61109	29
9197	61120	6
9197	61194	44
9197	61244	18
9197	61269	104
9197	61501	6
9197	61836	6
9197	61914	5
9197	61953	10
9197	61985	1
9197	62508	23
9197	62577	8
9197	62585	4
9197	62594	8
9197	62612	21
9197	62636	10
9197	62656	7
9197	62662	7
9197	62695	2
9197	62705	4
9197	62713	1
9197	62722	9
9197	62730	15
9197	62752	30
9197	62779	12
9197	62813	10
9197	62863	4
9197	62878	4
9197	62911	2
9197	62919	6
9197	62930	6
9197	63080	1
9197	63096	1
9197	63158	10
9197	63189	14
9197	63388	5
9197	63497	3
9218	9238	13
9218	9295	7
9218	9324	14
9218	9344	23
9218	9361	20
9218	9392	12
9218	9510	1
9218	9756	13
9218	9794	6
9218	10020	13
9218	10023	13
9218	10973	4
9218	10999	4
9218	11812	2
9218	11875	17
9218	12331	7
9218	13554	1
9218	13944	4
9218	14752	10
9218	14831	2
9218	15167	4
9218	15177	3
9218	15409	6
9218	16454	57
9218	16992	2
9218	17616	2
9218	17749	3
9218	17756	14
9218	18048	7
9218	18350	2
9218	18608	1
9218	18695	13
9218	18753	1
9218	18806	4
9218	19525	2
9218	19683	27
9218	20089	13
9218	20297	30
9218	20391	4
9218	20728	4
9218	20743	31
9218	20859	3
9218	20883	14
9218	21024	2
9218	21173	2
9218	21280	1
9218	21335	5
9218	21353	11
9218	21827	15
9218	22072	16
9218	22075	5
9218	22114	39
9218	22143	21
9218	22532	4
9218	22772	10
9218	22906	11
9218	23010	6
9218	23040	21
9218	23056	17
9218	23320	1
9218	23430	47
9218	23440	28
9218	23754	11
9218	24028	4
9218	24513	3
9218	24631	5
9218	24650	111
9218	24838	11
9218	25093	5
9218	25105	51
9218	25281	7
9218	25436	3
9218	25970	1
9218	26201	1
9218	27512	7
9218	27608	10
9218	27633	11
9218	27689	77
9218	27812	8
9218	27929	2
9218	28005	5
9218	28155	2
9218	28409	17
9218	28636	6
9218	28980	3
9218	29008	3
9218	29164	5
9218	29262	2
9218	29313	1
9218	29576	2
9218	29801	2
9218	29812	7
9218	29855	22
9218	30303	4
9218	30311	21
9218	30321	4
9218	30374	12
9218	30409	5
9218	30479	1
9218	30653	5
9218	30913	7
9218	30937	5
9218	30955	18
9218	30978	12
9218	31002	11
9218	31015	12
9218	31025	7
9218	31032	4
9218	31042	8
9218	31063	16
9218	31092	12
9218	31109	35
9218	31137	36
9218	31170	7
9218	31361	1
9218	31787	6
9218	31800	10
9218	31826	13
9218	31842	10
9218	31848	13
9218	31864	13
9218	31871	9
9218	31880	40
9218	31891	21
9218	31911	7
9218	31950	8
9218	31972	31
9218	31998	15
9218	32024	1
9218	32070	2
9218	32230	20
9218	32327	1
9218	32560	20
9218	32564	90
9218	32653	3
9218	32659	1
9218	32723	11
9218	33074	14
9218	33573	15
9218	34120	1
9218	34125	30
9218	34247	2
9218	34483	25
9218	34558	4
9218	34621	6
9218	35107	2
9218	35710	4
9218	35722	4
9218	35760	13
9218	35856	32
9218	36134	1
9218	36290	3
9218	36440	8
9218	36817	4
9218	37556	1
9218	37971	22
9218	37989	3
9218	38017	6
9218	38228	4
9218	39669	5
9218	40155	14
9218	40285	17
9218	40769	11
9218	40820	3
9218	40983	3
9218	41174	3
9218	41179	6
9218	41492	7
9218	41575	3
9218	41600	8
9218	41723	5
9218	41930	1
9218	42020	4
9218	42168	7
9218	42603	12
9218	42694	2
9218	43479	7
9218	43794	2
9218	43860	3
9218	44019	1
9218	44080	7
9218	45000	2
9218	45307	8
9218	45766	15
9218	46424	1
9218	46482	2
9218	46584	7
9218	46751	4
9218	46756	14
9218	47199	1
9218	48454	17
9218	48571	5
9218	48621	9
9218	48832	3
9218	49021	3
9218	50019	10
9218	50040	4
9218	50277	3
9218	50543	2
9218	50550	7
9218	51116	3
9218	51139	6
9218	51385	4
9218	51506	1
9218	51591	3
9218	51626	1
9218	51676	11
9218	51888	2
9218	51954	6
9218	52257	1
9218	52286	2
9218	52378	13
9218	52419	5
9218	52451	5
9218	52675	1
9218	52688	15
9218	52712	17
9218	53044	19
9218	53107	8
9218	53297	1
9218	53406	13
9218	53449	2
9218	53457	47
9218	53650	92
9218	53656	1
9218	53706	1
9218	53875	12
9218	53878	10
9218	53926	6
9218	54003	5
9218	54416	7
9218	54487	3
9218	55041	13
9218	55347	4
9218	55577	9
9218	55630	1
9218	55906	4
9218	56177	13
9218	56705	9
9218	56783	7
9218	56817	8
9218	57350	2
9218	58230	31
9218	58270	10
9218	58286	8
9218	58300	4
9218	58308	17
9218	58321	11
9218	58352	31
9218	58397	17
9218	58461	11
9218	58495	17
9218	58523	15
9218	58554	31
9218	58590	25
9218	58667	3
9218	59180	3
9218	59545	1
9218	59546	12
9218	59876	15
9218	60099	10
9218	60118	70
9218	60133	10
9218	60172	2
9218	60237	4
9218	60281	1
9218	60299	3
9218	60359	18
9218	60673	6
9218	60684	8
9218	60694	8
9218	60714	14
9218	60722	5
9218	60921	4
9218	60998	20
9218	61024	1
9218	61043	6
9218	61085	21
9218	61109	54
9218	61120	6
9218	61194	48
9218	61244	19
9218	61269	4
9218	61501	7
9218	61727	1
9218	61755	4
9218	61836	1
9218	61914	14
9218	61953	19
9218	61985	4
9218	62270	8
9218	62508	19
9218	62577	10
9218	62585	8
9218	62594	5
9218	62612	15
9218	62636	21
9218	62656	10
9218	62662	5
9218	62695	11
9218	62705	3
9218	62713	12
9218	62722	5
9218	62730	12
9218	62752	30
9218	62779	26
9218	62813	28
9218	62863	7
9218	62878	4
9218	62911	4
9218	62919	8
9218	62930	7
9218	63080	8
9218	63096	1
9218	63158	12
9218	63189	21
9218	63388	26
9218	63390	2
9218	63497	12
9238	9295	6
9238	9324	10
9238	9344	9
9238	9361	7
9238	9392	3
9238	9510	1
9238	9750	1
9238	9756	8
9238	9794	5
9238	10020	13
9238	10023	2
9238	10973	6
9238	10999	5
9238	11647	2
9238	11812	3
9238	11875	5
9238	11977	8
9238	12630	2
9238	13554	1
9238	13784	2
9238	13944	19
9238	14752	3
9238	14831	2
9238	15177	6
9238	15409	3
9238	15676	2
9238	16454	36
9238	16992	5
9238	17616	1
9238	17749	4
9238	17756	1
9238	18048	17
9238	18338	2
9238	18350	1
9238	18608	8
9238	18695	10
9238	18753	7
9238	18806	10
9238	19525	17
9238	19683	8
9238	20089	8
9238	20297	53
9238	20728	7
9238	20743	17
9238	20859	4
9238	20865	15
9238	20883	12
9238	21173	8
9238	21280	3
9238	21335	3
9238	21353	1
9238	21827	7
9238	22048	3
9238	22072	9
9238	22075	1
9238	22114	36
9238	22532	3
9238	22772	10
9238	22906	12
9238	23010	26
9238	23040	19
9238	23056	24
9238	23320	2
9238	23430	27
9238	23440	10
9238	23754	10
9238	24028	3
9238	24513	1
9238	24631	7
9238	24650	141
9238	24838	8
9238	25093	13
9238	25105	45
9238	25281	6
9238	25436	3
9238	25970	3
9238	26201	2
9238	27512	13
9238	27608	6
9238	27633	11
9238	27689	119
9238	27812	7
9238	27929	3
9238	28005	5
9238	28155	4
9238	28636	25
9238	28980	1
9238	29008	5
9238	29164	3
9238	29184	4
9238	29262	21
9238	29313	6
9238	29576	53
9238	29801	1
9238	29812	4
9238	29855	10
9238	30303	2
9238	30311	9
9238	30374	13
9238	30409	10
9238	30653	1
9238	30913	6
9238	30937	6
9238	30955	8
9238	30978	4
9238	31002	10
9238	31015	6
9238	31025	2
9238	31032	7
9238	31042	3
9238	31063	18
9238	31092	13
9238	31109	23
9238	31137	34
9238	31170	6
9238	31787	3
9238	31800	1
9238	31826	7
9238	31842	8
9238	31848	5
9238	31864	2
9238	31871	13
9238	31880	20
9238	31891	28
9238	31911	9
9238	31950	10
9238	31972	38
9238	31998	13
9238	32024	2
9238	32230	18
9238	32327	12
9238	32560	8
9238	32564	45
9238	32659	27
9238	32723	17
9238	33074	18
9238	33332	9
9238	34120	2
9238	34125	50
9238	34247	8
9238	34483	21
9238	34558	12
9238	34621	2
9238	35710	3
9238	35722	4
9238	35760	20
9238	35856	20
9238	36134	2
9238	36201	1
9238	36290	1
9238	36440	3
9238	36817	3
9238	37971	28
9238	37989	4
9238	38017	3
9238	38228	8
9238	39660	1
9238	39669	1
9238	40155	10
9238	40285	99
9238	40769	1
9238	40820	6
9238	40983	3
9238	41174	16
9238	41179	1
9238	41492	3
9238	41575	3
9238	41600	33
9238	41723	4
9238	42020	3
9238	42168	15
9238	42603	14
9238	43479	2
9238	43794	2
9238	43860	2
9238	44019	6
9238	44080	13
9238	45000	7
9238	45307	7
9238	45766	15
9238	46424	1
9238	46584	2
9238	46751	7
9238	46756	1
9238	47199	2
9238	48454	31
9238	48571	1
9238	48621	27
9238	48633	4
9238	48832	3
9238	49021	5
9238	50019	7
9238	50040	4
9238	50543	3
9238	50550	17
9238	51116	14
9238	51139	2
9238	51385	4
9238	51506	3
9238	51591	12
9238	51676	6
9238	51782	1
9238	51954	5
9238	52257	1
9238	52286	1
9238	52378	3
9238	52419	1
9238	52675	1
9238	52688	31
9238	52712	4
9238	53044	12
9238	53107	9
9238	53297	1
9238	53406	4
9238	53457	2
9238	53650	3
9238	53656	7
9238	53692	1
9238	53706	25
9238	53875	35
9238	53878	5
9238	53926	6
9238	54003	1
9238	54487	2
9238	55041	11
9238	55347	3
9238	55577	3
9238	55906	4
9238	55970	4
9238	56177	18
9238	56705	7
9238	56783	6
9238	56817	9
9238	57029	2
9238	58230	19
9238	58270	11
9238	58286	10
9238	58300	15
9238	58308	9
9238	58321	18
9238	58352	41
9238	58397	21
9238	58461	12
9238	58495	18
9238	58523	23
9238	58554	10
9238	58590	16
9238	59180	5
9238	59545	4
9238	59546	9
9238	59876	6
9238	60099	7
9238	60118	52
9238	60133	2
9238	60172	6
9238	60237	1
9238	60281	4
9238	60299	6
9238	60359	6
9238	60673	7
9238	60694	7
9238	60714	14
9238	60722	8
9238	60921	4
9238	60998	20
9238	61024	7
9238	61043	3
9238	61085	22
9238	61109	22
9238	61120	4
9238	61194	34
9238	61244	1
9238	61269	4
9238	61501	14
9238	61538	1
9238	61727	1
9238	61755	8
9238	61836	1
9238	61914	4
9238	61953	5
9238	61985	6
9238	62270	1
9238	62508	1
9238	62577	10
9238	62585	20
9238	62594	15
9238	62612	13
9238	62636	19
9238	62656	7
9238	62662	6
9238	62695	7
9238	62705	6
9238	62713	2
9238	62722	4
9238	62730	17
9238	62752	17
9238	62779	21
9238	62813	11
9238	62863	8
9238	62878	7
9238	62911	1
9238	62919	4
9238	62930	6
9238	63080	1
9238	63096	2
9238	63158	10
9238	63189	16
9238	63388	1
9238	63497	7
9295	9324	2
9295	9344	6
9295	9361	4
9295	9392	6
9295	9794	3
9295	10020	2
9295	10023	2
9295	10750	1
9295	10973	3
9295	10999	2
9295	11647	7
9295	11812	1
9295	12630	2
9295	13894	3
9295	13944	1
9295	14752	2
9295	15167	5
9295	15177	1
9295	15676	3
9295	16454	34
9295	17749	1
9295	18048	5
9295	18338	1
9295	18350	1
9295	18608	2
9295	18753	1
9295	18806	2
9295	19683	4
9295	20089	5
9295	20297	23
9295	20391	3
9295	20728	3
9295	20743	7
9295	20859	3
9295	20883	10
9295	21024	2
9295	21173	2
9295	21280	1
9295	21335	4
9295	21353	4
9295	22072	2
9295	22075	1
9295	22114	9
9295	22906	13
9295	23010	1
9295	23040	2
9295	23056	6
9295	23320	1
9295	23430	2
9295	23440	2
9295	23754	1
9295	24513	3
9295	24631	6
9295	24650	52
9295	25093	12
9295	25281	2
9295	25436	2
9295	26201	1
9295	27512	2
9295	27608	1
9295	27633	3
9295	27689	14
9295	27812	3
9295	28005	3
9295	28155	2
9295	28409	16
9295	28636	2
9295	29008	1
9295	29262	4
9295	29576	6
9295	29801	3
9295	29812	2
9295	29855	32
9295	30303	4
9295	30311	1
9295	30321	1
9295	30374	3
9295	30409	3
9295	30913	3
9295	30937	8
9295	30955	7
9295	30978	5
9295	31002	6
9295	31015	11
9295	31025	4
9295	31032	2
9295	31042	3
9295	31063	8
9295	31092	7
9295	31109	8
9295	31137	16
9295	31170	4
9295	31361	2
9295	31787	4
9295	31800	6
9295	31826	7
9295	31842	8
9295	31848	5
9295	31864	3
9295	31871	9
9295	31880	4
9295	31891	8
9295	31911	6
9295	31950	6
9295	31972	9
9295	31998	4
9295	32024	1
9295	32230	4
9295	32327	1
9295	32560	2
9295	32564	15
9295	32659	4
9295	32723	5
9295	33074	4
9295	33332	1
9295	33573	18
9295	34120	1
9295	34125	23
9295	34483	38
9295	34621	2
9295	35107	1
9295	35710	1
9295	35722	1
9295	35760	6
9295	36134	3
9295	36440	1
9295	36817	3
9295	37971	4
9295	37989	2
9295	40155	2
9295	40285	8
9295	40769	8
9295	40820	1
9295	40983	1
9295	41174	1
9295	41492	38
9295	41575	2
9295	41600	4
9295	41723	2
9295	42020	6
9295	42168	4
9295	42694	2
9295	43479	6
9295	43794	1
9295	43860	11
9295	43884	1
9295	45766	2
9295	46424	7
9295	46482	1
9295	46751	1
9295	46756	25
9295	47199	4
9295	48454	14
9295	48571	6
9295	48621	3
9295	48720	4
9295	48832	3
9295	49021	5
9295	50019	4
9295	50040	2
9295	50277	5
9295	50543	3
9295	50550	6
9295	51116	1
9295	51385	2
9295	51591	3
9295	51676	9
9295	52286	2
9295	52378	4
9295	52419	1
9295	52688	9
9295	53044	10
9295	53107	1
9295	53406	1
9295	53449	15
9295	53457	56
9295	53650	1
9295	53706	1
9295	53875	2
9295	53878	2
9295	54487	3
9295	55041	3
9295	55347	2
9295	55577	4
9295	56177	10
9295	56783	6
9295	56817	1
9295	57029	2
9295	58230	3
9295	58270	13
9295	58286	3
9295	58300	4
9295	58308	4
9295	58321	6
9295	58352	15
9295	58397	8
9295	58461	7
9295	58495	9
9295	58523	10
9295	58554	11
9295	58590	5
9295	59180	1
9295	59545	1
9295	59546	5
9295	60099	3
9295	60118	9
9295	60133	2
9295	60172	1
9295	60237	3
9295	60359	1
9295	60673	2
9295	60684	9
9295	60694	3
9295	60714	4
9295	60722	2
9295	60921	2
9295	60998	4
9295	61024	1
9295	61043	3
9295	61109	6
9295	61120	5
9295	61194	12
9295	61244	19
9295	61269	5
9295	61501	6
9295	61755	4
9295	61914	4
9295	61953	1
9295	61985	4
9295	62270	4
9295	62577	3
9295	62585	2
9295	62594	1
9295	62612	9
9295	62636	9
9295	62662	7
9295	62695	3
9295	62705	3
9295	62713	5
9295	62722	5
9295	62730	3
9295	62752	24
9295	62779	15
9295	62813	7
9295	62863	5
9295	62878	4
9295	62911	1
9295	62919	2
9295	62930	4
9295	63080	2
9295	63158	1
9295	63189	7
9295	63390	2
9295	63497	3
9324	9344	18
9324	9361	10
9324	9392	6
9324	9510	1
9324	9756	6
9324	9794	1
9324	10020	6
9324	10023	2
9324	10973	3
9324	10999	2
9324	11647	2
9324	11812	2
9324	11875	5
9324	13554	1
9324	13784	2
9324	13894	2
9324	13944	3
9324	14752	10
9324	14831	1
9324	15177	1
9324	15409	1
9324	15676	2
9324	16454	6
9324	17616	2
9324	17749	8
9324	17756	48
9324	18338	1
9324	18350	1
9324	18608	2
9324	18695	3
9324	18806	3
9324	19683	3
9324	20089	3
9324	20297	13
9324	20728	6
9324	20743	22
9324	20859	5
9324	20883	2
9324	21024	2
9324	21173	1
9324	21353	3
9324	21827	6
9324	22072	6
9324	22075	1
9324	22114	9
9324	22143	69
9324	22532	2
9324	22906	6
9324	23010	12
9324	23040	4
9324	23056	10
9324	23320	1
9324	23430	8
9324	23440	11
9324	23754	6
9324	24028	1
9324	24513	2
9324	24650	50
9324	24838	3
9324	25093	1
9324	25105	5
9324	25281	4
9324	25436	1
9324	27512	1
9324	27608	2
9324	27633	4
9324	27689	22
9324	27812	1
9324	28005	2
9324	28409	1
9324	28636	2
9324	28980	1
9324	29008	4
9324	29164	1
9324	29812	6
9324	29855	13
9324	30303	4
9324	30311	7
9324	30374	13
9324	30409	5
9324	30653	2
9324	30913	5
9324	30937	1
9324	30955	6
9324	30978	9
9324	31002	3
9324	31015	7
9324	31025	1
9324	31032	2
9324	31042	7
9324	31063	7
9324	31092	7
9324	31109	8
9324	31137	18
9324	31170	9
9324	31787	3
9324	31800	5
9324	31826	6
9324	31842	19
9324	31848	5
9324	31864	2
9324	31871	1
9324	31880	13
9324	31891	12
9324	31911	5
9324	31950	4
9324	31972	14
9324	31998	30
9324	32024	4
9324	32230	3
9324	32560	7
9324	32564	28
9324	32659	2
9324	32723	7
9324	33074	3
9324	34125	7
9324	34247	1
9324	34483	3
9324	34558	7
9324	34621	1
9324	35107	2
9324	35710	9
9324	35722	7
9324	35760	7
9324	35856	5
9324	36817	1
9324	37971	2
9324	37989	1
9324	38017	3
9324	38228	1
9324	40285	2
9324	40820	4
9324	41174	4
9324	41492	1
9324	41600	7
9324	41723	6
9324	42020	2
9324	42168	1
9324	43794	1
9324	43860	2
9324	44080	4
9324	45307	5
9324	45766	6
9324	46424	1
9324	46482	6
9324	46751	2
9324	48454	6
9324	48621	13
9324	49021	1
9324	50019	2
9324	50040	6
9324	50550	2
9324	51116	2
9324	51139	2
9324	51385	1
9324	51506	1
9324	51591	4
9324	51676	1
9324	51954	2
9324	52286	3
9324	52378	1
9324	52419	1
9324	52451	1
9324	52688	3
9324	53044	3
9324	53107	3
9324	53449	2
9324	53457	1
9324	53650	3
9324	53656	2
9324	53692	1
9324	53706	1
9324	53875	2
9324	53878	2
9324	53926	5
9324	54416	1
9324	54487	2
9324	55041	6
9324	55906	1
9324	56705	3
9324	56783	1
9324	56817	4
9324	58230	6
9324	58270	7
9324	58286	5
9324	58300	6
9324	58308	2
9324	58321	16
9324	58352	22
9324	58397	10
9324	58461	5
9324	58495	14
9324	58523	9
9324	58554	11
9324	58590	11
9324	59180	2
9324	59545	1
9324	59546	8
9324	59876	5
9324	60099	1
9324	60118	25
9324	60133	7
9324	60172	2
9324	60237	3
9324	60299	1
9324	60359	2
9324	60673	3
9324	60684	1
9324	60694	2
9324	60714	3
9324	60722	9
9324	60998	12
9324	61024	1
9324	61043	7
9324	61085	13
9324	61109	17
9324	61120	1
9324	61194	21
9324	61244	2
9324	61269	1
9324	61501	4
9324	61755	1
9324	61836	2
9324	61914	4
9324	61953	6
9324	61985	3
9324	62508	44
9324	62577	11
9324	62585	12
9324	62594	3
9324	62612	16
9324	62636	7
9324	62656	3
9324	62662	8
9324	62695	7
9324	62705	4
9324	62722	4
9324	62730	5
9324	62752	14
9324	62779	14
9324	62813	11
9324	62878	2
9324	62919	1
9324	62930	11
9324	63080	1
9324	63096	1
9324	63158	21
9324	63189	8
9324	63388	6
9324	63497	2
9344	9361	41
9344	9392	12
9344	9510	1
9344	9756	41
9344	9794	15
9344	10020	13
9344	10023	8
9344	10750	1
9344	10973	13
9344	10999	9
9344	11647	2
9344	11812	10
9344	11875	12
9344	11977	2
9344	12331	7
9344	12630	2
9344	13554	9
9344	13784	1
9344	13894	5
9344	13944	11
9344	14752	16
9344	14831	4
9344	15167	16
9344	15177	2
9344	15409	20
9344	15676	1
9344	16454	83
9344	16992	1
9344	17616	2
9344	17749	4
9344	17756	2
9344	18048	10
9344	18350	1
9344	18608	2
9344	18695	24
9344	18753	1
9344	18806	10
9344	19683	28
9344	20089	27
9344	20297	23
9344	20391	3
9344	20728	7
9344	20743	164
9344	20859	18
9344	20865	3
9344	20883	24
9344	21024	4
9344	21173	1
9344	21280	4
9344	21335	1
9344	21353	3
9344	21827	41
9344	22048	3
9344	22072	22
9344	22075	2
9344	22114	42
9344	22143	5
9344	22532	4
9344	22772	1
9344	22906	25
9344	23010	42
9344	23040	29
9344	23056	49
9344	23430	60
9344	23440	91
9344	23754	44
9344	24028	13
9344	24513	1
9344	24631	13
9344	24650	144
9344	24838	23
9344	25093	19
9344	25105	5
9344	25281	8
9344	25436	3
9344	26201	4
9344	27512	5
9344	27608	3
9344	27633	20
9344	27689	68
9344	27812	6
9344	27929	1
9344	28005	17
9344	28155	7
9344	28409	9
9344	28636	7
9344	28980	4
9344	29008	16
9344	29164	14
9344	29262	1
9344	29812	34
9344	29855	80
9344	30303	8
9344	30311	42
9344	30321	2
9344	30374	13
9344	30409	24
9344	30479	2
9344	30653	17
9344	30913	35
9344	30937	3
9344	30955	29
9344	30978	14
9344	31002	14
9344	31015	25
9344	31025	3
9344	31032	11
9344	31042	18
9344	31063	7
9344	31092	37
9344	31109	20
9344	31137	38
9344	31170	15
9344	31361	4
9344	31787	14
9344	31800	18
9344	31826	16
9344	31842	30
9344	31848	32
9344	31864	9
9344	31871	21
9344	31880	77
9344	31891	28
9344	31911	16
9344	31950	14
9344	31972	55
9344	31998	17
9344	32230	24
9344	32327	2
9344	32560	52
9344	32564	149
9344	32653	6
9344	32659	2
9344	32723	8
9344	33074	15
9344	33332	2
9344	33573	60
9344	34120	3
9344	34125	54
9344	34247	4
9344	34483	48
9344	34558	25
9344	34621	19
9344	35107	17
9344	35710	23
9344	35722	38
9344	35760	23
9344	35856	18
9344	36201	2
9344	36290	1
9344	36440	11
9344	36817	7
9344	37556	2
9344	37971	17
9344	37989	1
9344	38017	19
9344	38228	3
9344	39660	2
9344	39669	13
9344	40155	9
9344	40250	4
9344	40285	14
9344	40769	37
9344	40820	9
9344	40983	7
9344	41174	2
9344	41179	3
9344	41492	1
9344	41575	2
9344	41600	36
9344	41723	15
9344	41882	20
9344	42020	16
9344	42168	8
9344	43479	5
9344	43794	8
9344	43860	7
9344	44080	23
9344	45307	22
9344	45766	27
9344	46424	3
9344	46482	12
9344	46584	9
9344	46751	7
9344	46756	50
9344	47199	1
9344	48454	27
9344	48571	16
9344	48621	23
9344	48633	4
9344	48832	1
9344	49021	3
9344	50019	19
9344	50040	7
9344	50277	12
9344	50550	9
9344	51116	2
9344	51139	1
9344	51385	6
9344	51506	4
9344	51591	3
9344	51626	2
9344	51676	8
9344	51888	1
9344	51954	5
9344	52286	8
9344	52378	9
9344	52419	6
9344	52451	13
9344	52675	1
9344	52688	36
9344	52712	8
9344	53044	15
9344	53107	5
9344	53406	5
9344	53449	8
9344	53457	30
9344	53650	17
9344	53656	3
9344	53706	3
9344	53875	24
9344	53878	19
9344	53926	5
9344	54416	13
9344	54487	14
9344	55041	27
9344	55347	9
9344	55577	1
9344	55630	1
9344	55906	1
9344	56177	17
9344	56705	6
9344	56783	5
9344	56817	16
9344	57029	4
9344	58230	80
9344	58270	14
9344	58286	6
9344	58300	9
9344	58308	17
9344	58321	23
9344	58352	47
9344	58397	23
9344	58461	30
9344	58495	33
9344	58523	23
9344	58554	34
9344	58590	29
9344	58667	3
9344	59180	1
9344	59545	1
9344	59546	53
9344	59876	28
9344	60099	17
9344	60118	129
9344	60133	11
9344	60172	3
9344	60237	6
9344	60299	9
9344	60359	19
9344	60673	14
9344	60684	30
9344	60694	8
9344	60714	37
9344	60722	14
9344	60921	4
9344	60998	37
9344	61024	4
9344	61043	9
9344	61085	56
9344	61109	128
9344	61120	5
9344	61194	84
9344	61244	82
9344	61269	10
9344	61501	20
9344	61755	10
9344	61914	4
9344	61953	5
9344	61985	14
9344	62270	3
9344	62508	3
9344	62577	7
9344	62585	17
9344	62594	12
9344	62612	37
9344	62636	12
9344	62656	10
9344	62662	7
9344	62695	22
9344	62705	4
9344	62713	6
9344	62722	11
9344	62730	29
9344	62752	66
9344	62779	59
9344	62813	16
9344	62863	10
9344	62878	17
9344	62911	3
9344	62919	13
9344	62930	12
9344	63080	5
9344	63096	2
9344	63158	33
9344	63189	43
9344	63388	1
9344	63390	1
9344	63497	6
9361	9392	8
9361	9510	1
9361	9750	7
9361	9756	18
9361	9794	7
9361	10020	10
9361	10023	16
9361	10750	2
9361	10973	9
9361	10999	5
9361	11647	14
9361	11812	6
9361	11875	8
9361	11977	1
9361	12331	21
9361	12630	6
9361	13554	11
9361	13784	4
9361	13894	7
9361	13944	3
9361	14752	15
9361	15167	6
9361	15177	15
9361	15409	11
9361	15676	5
9361	16454	77
9361	16992	8
9361	17616	5
9361	17749	19
9361	18048	8
9361	18338	2
9361	18350	3
9361	18608	4
9361	18695	21
9361	18753	2
9361	18806	16
9361	19525	5
9361	19683	25
9361	20089	12
9361	20297	50
9361	20391	5
9361	20728	16
9361	20743	61
9361	20859	12
9361	20865	2
9361	20883	14
9361	21024	12
9361	21173	4
9361	21280	4
9361	21335	3
9361	21353	7
9361	21827	31
9361	22048	2
9361	22072	28
9361	22075	8
9361	22114	52
9361	22143	2
9361	22532	10
9361	22906	7
9361	23010	9
9361	23040	23
9361	23056	23
9361	23320	3
9361	23430	21
9361	23440	33
9361	23754	30
9361	24028	19
9361	24513	9
9361	24631	9
9361	24650	174
9361	24838	6
9361	25093	10
9361	25281	13
9361	25436	1
9361	25970	1
9361	26201	2
9361	27512	14
9361	27608	4
9361	27633	9
9361	27689	61
9361	27812	2
9361	27929	3
9361	28005	7
9361	28155	2
9361	28409	4
9361	28636	5
9361	28980	4
9361	29008	33
9361	29164	13
9361	29184	4
9361	29262	6
9361	29313	7
9361	29576	5
9361	29801	1
9361	29812	15
9361	29855	51
9361	30303	7
9361	30311	18
9361	30321	9
9361	30374	8
9361	30409	15
9361	30479	4
9361	30653	9
9361	30913	17
9361	30937	1
9361	30955	25
9361	30978	18
9361	31002	15
9361	31015	10
9361	31025	13
9361	31032	37
9361	31042	8
9361	31063	19
9361	31092	18
9361	31109	27
9361	31137	24
9361	31170	22
9361	31361	2
9361	31787	10
9361	31800	14
9361	31826	19
9361	31842	19
9361	31848	11
9361	31864	14
9361	31871	23
9361	31880	39
9361	31891	29
9361	31911	13
9361	31950	15
9361	31972	32
9361	31998	16
9361	32024	1
9361	32230	12
9361	32327	6
9361	32560	33
9361	32564	98
9361	32653	2
9361	32659	23
9361	32723	21
9361	33074	39
9361	33332	2
9361	33573	15
9361	34120	2
9361	34125	63
9361	34247	7
9361	34483	80
9361	34558	8
9361	34621	9
9361	35107	12
9361	35710	10
9361	35722	7
9361	35760	53
9361	35856	10
9361	36134	14
9361	36201	1
9361	36290	4
9361	36440	11
9361	36817	3
9361	37971	18
9361	37989	3
9361	38017	7
9361	38228	7
9361	39660	3
9361	39669	5
9361	40155	9
9361	40250	1
9361	40285	13
9361	40769	11
9361	40820	11
9361	40983	12
9361	41174	2
9361	41179	3
9361	41492	3
9361	41575	1
9361	41600	27
9361	41723	7
9361	41882	9
9361	42020	15
9361	42168	21
9361	43479	7
9361	43794	6
9361	43860	8
9361	43884	3
9361	44019	7
9361	44080	22
9361	45000	5
9361	45307	6
9361	45766	18
9361	46424	12
9361	46482	15
9361	46584	18
9361	46751	11
9361	46756	17
9361	47199	5
9361	48454	22
9361	48571	5
9361	48621	36
9361	48720	1
9361	48832	8
9361	49021	4
9361	50019	10
9361	50040	8
9361	50277	4
9361	50543	3
9361	50550	13
9361	51116	3
9361	51139	4
9361	51385	8
9361	51506	2
9361	51591	7
9361	51626	4
9361	51676	29
9361	51782	7
9361	51888	16
9361	52257	4
9361	52286	10
9361	52378	5
9361	52419	8
9361	52451	6
9361	52675	5
9361	52688	43
9361	52712	15
9361	53044	23
9361	53107	6
9361	53297	5
9361	53406	17
9361	53449	13
9361	53457	3
9361	53650	4
9361	53656	1
9361	53692	1
9361	53706	3
9361	53875	32
9361	53878	17
9361	53926	13
9361	54003	2
9361	54416	7
9361	54487	45
9361	55041	30
9361	55347	6
9361	55577	11
9361	55630	1
9361	55906	9
9361	55970	6
9361	56177	35
9361	56705	15
9361	56783	17
9361	56817	9
9361	57029	9
9361	57350	1
9361	58230	67
9361	58270	18
9361	58286	10
9361	58300	10
9361	58308	8
9361	58321	23
9361	58352	36
9361	58397	28
9361	58461	16
9361	58495	20
9361	58523	23
9361	58554	48
9361	58590	15
9361	58667	7
9361	59180	10
9361	59545	8
9361	59546	38
9361	59819	5
9361	59876	16
9361	60099	6
9361	60118	76
9361	60133	7
9361	60172	4
9361	60237	7
9361	60281	4
9361	60299	17
9361	60359	20
9361	60673	7
9361	60684	9
9361	60694	2
9361	60714	23
9361	60722	7
9361	60921	3
9361	60998	22
9361	61024	7
9361	61043	4
9361	61085	22
9361	61109	55
9361	61120	3
9361	61194	40
9361	61244	25
9361	61269	10
9361	61501	47
9361	61538	4
9361	61755	6
9361	61836	2
9361	61914	9
9361	61953	21
9361	61985	8
9361	62270	7
9361	62508	1
9361	62577	10
9361	62585	6
9361	62594	6
9361	62612	25
9361	62636	16
9361	62656	7
9361	62662	13
9361	62695	14
9361	62705	47
9361	62713	8
9361	62722	11
9361	62730	14
9361	62752	40
9361	62779	45
9361	62813	16
9361	62863	12
9361	62878	9
9361	62911	1
9361	62919	4
9361	62930	9
9361	63080	5
9361	63096	3
9361	63158	19
9361	63189	30
9361	63390	7
9361	63497	6
9392	9750	1
9392	9756	5
9392	9794	3
9392	10020	3
9392	10750	5
9392	10973	2
9392	10999	2
9392	11647	6
9392	11812	4
9392	11875	17
9392	11977	1
9392	12331	9
9392	13554	2
9392	13894	10
9392	13944	1
9392	14752	5
9392	15167	12
9392	15177	1
9392	15409	7
9392	15676	3
9392	16454	36
9392	16992	1
9392	17616	3
9392	17749	5
9392	17756	17
9392	18048	7
9392	18350	1
9392	18608	6
9392	18753	1
9392	18806	1
9392	19683	11
9392	20089	2
9392	20297	23
9392	20391	1
9392	20728	3
9392	20743	5
9392	20859	3
9392	20865	2
9392	20883	1
9392	21173	2
9392	21280	1
9392	21827	4
9392	22072	5
9392	22075	1
9392	22114	17
9392	22143	4
9392	22532	2
9392	22906	7
9392	23010	2
9392	23040	4
9392	23056	3
9392	23320	3
9392	23430	1
9392	23440	2
9392	23754	6
9392	24028	2
9392	24513	3
9392	24631	6
9392	24650	56
9392	25093	3
9392	25105	1
9392	25281	8
9392	25970	2
9392	26201	3
9392	27512	3
9392	27608	2
9392	27633	11
9392	27689	9
9392	27929	3
9392	28005	2
9392	28155	4
9392	28409	3
9392	28636	3
9392	28980	2
9392	29008	2
9392	29262	6
9392	29313	1
9392	29576	3
9392	29812	3
9392	29855	42
9392	30303	3
9392	30311	3
9392	30374	3
9392	30409	3
9392	30913	10
9392	30937	1
9392	30955	11
9392	30978	5
9392	31002	6
9392	31015	15
9392	31025	4
9392	31032	1
9392	31042	3
9392	31063	7
9392	31092	9
9392	31109	3
9392	31137	14
9392	31170	6
9392	31361	2
9392	31787	5
9392	31800	8
9392	31826	19
9392	31842	9
9392	31848	9
9392	31864	16
9392	31871	3
9392	31880	2
9392	31891	4
9392	31911	6
9392	31950	5
9392	31972	11
9392	31998	10
9392	32024	1
9392	32070	1
9392	32327	3
9392	32560	11
9392	32564	23
9392	32659	14
9392	32723	13
9392	33074	4
9392	33573	30
9392	34120	4
9392	34125	20
9392	34247	1
9392	34483	31
9392	35107	2
9392	35710	1
9392	35722	3
9392	35760	7
9392	35856	4
9392	36134	1
9392	36201	1
9392	36290	1
9392	36440	1
9392	36817	9
9392	37971	24
9392	38228	2
9392	40155	15
9392	40285	18
9392	40769	17
9392	40820	3
9392	40983	4
9392	41174	2
9392	41179	2
9392	41492	2
9392	41575	1
9392	41600	10
9392	41723	4
9392	42020	8
9392	42168	4
9392	43794	2
9392	43884	1
9392	44080	4
9392	45000	2
9392	45307	1
9392	45766	2
9392	46424	5
9392	46482	2
9392	46584	1
9392	46751	7
9392	46756	25
9392	48454	10
9392	48571	10
9392	48621	5
9392	48633	2
9392	48720	2
9392	48832	4
9392	49021	2
9392	50019	2
9392	50040	3
9392	50277	7
9392	50543	4
9392	50550	3
9392	51116	3
9392	51139	2
9392	51591	3
9392	51626	1
9392	51676	13
9392	51782	5
9392	51954	3
9392	52257	1
9392	52286	1
9392	52378	3
9392	52419	2
9392	52451	3
9392	52675	2
9392	52688	7
9392	52712	5
9392	53044	5
9392	53107	3
9392	53406	5
9392	53449	6
9392	53650	29
9392	53656	2
9392	53692	1
9392	53706	1
9392	53875	17
9392	53878	3
9392	53926	2
9392	54003	1
9392	54416	1
9392	54487	4
9392	55041	8
9392	55347	6
9392	55577	3
9392	55906	3
9392	55970	1
9392	56177	8
9392	56705	1
9392	56783	4
9392	56817	2
9392	57029	4
9392	58230	9
9392	58270	8
9392	58286	5
9392	58300	2
9392	58308	9
9392	58321	6
9392	58352	13
9392	58397	9
9392	58461	16
9392	58495	5
9392	58523	8
9392	58554	20
9392	58590	14
9392	58667	1
9392	59180	1
9392	59545	1
9392	59546	4
9392	59876	4
9392	60099	2
9392	60118	11
9392	60133	1
9392	60237	1
9392	60299	1
9392	60359	3
9392	60673	2
9392	60684	14
9392	60694	5
9392	60714	3
9392	60722	4
9392	60921	4
9392	60998	7
9392	61024	8
9392	61043	1
9392	61085	8
9392	61109	7
9392	61120	7
9392	61194	11
9392	61244	37
9392	61269	1
9392	61501	5
9392	61755	3
9392	61836	2
9392	61914	6
9392	61953	5
9392	61985	2
9392	62270	7
9392	62508	18
9392	62577	4
9392	62585	1
9392	62594	4
9392	62612	12
9392	62636	4
9392	62656	2
9392	62662	4
9392	62695	8
9392	62705	2
9392	62713	6
9392	62722	6
9392	62730	9
9392	62752	42
9392	62779	12
9392	62813	15
9392	62863	6
9392	62878	10
9392	62911	1
9392	62919	4
9392	62930	4
9392	63080	15
9392	63096	2
9392	63158	7
9392	63189	1
9392	63388	7
9392	63390	1
9392	63497	5
9510	9756	1
9510	9794	1
9510	10020	2
9510	10023	1
9510	10973	3
9510	10999	1
9510	11647	5
9510	11875	1
9510	11977	4
9510	12630	2
9510	13554	5
9510	13784	2
9510	13894	1
9510	14831	1
9510	15177	3
9510	16454	17
9510	16992	1
9510	17616	4
9510	17749	1
9510	18048	26
9510	18338	1
9510	18350	6
9510	18608	2
9510	18695	5
9510	18753	3
9510	18806	13
9510	19525	1
9510	19683	8
9510	20089	2
9510	20297	16
9510	20391	1
9510	20728	7
9510	20743	2
9510	20883	3
9510	21024	1
9510	21173	1
9510	22048	4
9510	22072	1
9510	22114	8
9510	22532	1
9510	22772	7
9510	23040	1
9510	23056	3
9510	23320	1
9510	23430	5
9510	23440	3
9510	23754	1
9510	24513	2
9510	24631	1
9510	24650	78
9510	25093	19
9510	25105	4
9510	25436	1
9510	25970	4
9510	26201	1
9510	27512	20
9510	27608	1
9510	27689	9
9510	27812	4
9510	27929	1
9510	28005	5
9510	28409	3
9510	28636	6
9510	29008	2
9510	29164	10
9510	29184	1
9510	29262	4
9510	29313	7
9510	29576	8
9510	29801	2
9510	29855	3
9510	30479	2
9510	30913	3
9510	30937	3
9510	30955	13
9510	30978	3
9510	31015	1
9510	31025	5
9510	31032	1
9510	31042	2
9510	31063	1
9510	31092	2
9510	31109	6
9510	31361	3
9510	31800	1
9510	31842	1
9510	31880	2
9510	31891	5
9510	31911	1
9510	31950	2
9510	31972	6
9510	32024	1
9510	32327	18
9510	32560	3
9510	32564	14
9510	32659	25
9510	32723	18
9510	33074	15
9510	33332	24
9510	34125	17
9510	34483	20
9510	34558	1
9510	34621	4
9510	35760	15
9510	35856	2
9510	36201	6
9510	37556	2
9510	37971	8
9510	38017	3
9510	38228	2
9510	40155	9
9510	40250	4
9510	40285	70
9510	41174	42
9510	41179	1
9510	41575	8
9510	41600	11
9510	41723	2
9510	42020	4
9510	42168	6
9510	42603	5
9510	43479	1
9510	44019	1
9510	45000	25
9510	45307	1
9510	45766	6
9510	46424	1
9510	46756	2
9510	47199	2
9510	48454	13
9510	48621	9
9510	48633	2
9510	48720	2
9510	49021	4
9510	50040	1
9510	50543	2
9510	50550	13
9510	51116	8
9510	51385	2
9510	51506	7
9510	51591	4
9510	51626	3
9510	51676	11
9510	51782	1
9510	52257	2
9510	52286	3
9510	52378	2
9510	52675	2
9510	52688	14
9510	53044	10
9510	53297	1
9510	53406	3
9510	53457	1
9510	53650	1
9510	53656	1
9510	53692	5
9510	53875	10
9510	54003	1
9510	54416	23
9510	54487	1
9510	55041	9
9510	55347	1
9510	55630	1
9510	56177	7
9510	56705	3
9510	56783	2
9510	57350	1
9510	58270	1
9510	58286	3
9510	58300	1
9510	58308	2
9510	58352	5
9510	58397	5
9510	58461	1
9510	58495	9
9510	58523	3
9510	58554	7
9510	58590	4
9510	59180	2
9510	59545	3
9510	59546	3
9510	60118	8
9510	60172	1
9510	60237	1
9510	60673	1
9510	60694	1
9510	60714	1
9510	60921	2
9510	60998	2
9510	61024	5
9510	61043	2
9510	61085	5
9510	61109	4
9510	61120	1
9510	61194	1
9510	61727	3
9510	61914	2
9510	61985	3
9510	62270	4
9510	62585	1
9510	62636	1
9510	62713	2
9510	62730	1
9510	62779	7
9510	62813	1
9510	62863	1
9510	62878	8
9510	62919	1
9510	62930	1
9510	63158	1
9510	63189	2
9510	63390	5
9750	10020	5
9750	11647	6
9750	11977	1
9750	12630	2
9750	13554	10
9750	13784	2
9750	13894	2
9750	13944	1
9750	14752	2
9750	15167	2
9750	15177	1
9750	15409	9
9750	16454	38
9750	16992	1
9750	17616	1
9750	18048	6
9750	18350	13
9750	18608	2
9750	18695	4
9750	18753	1
9750	18806	6
9750	19683	7
9750	20297	11
9750	20391	4
9750	20743	1
9750	20865	5
9750	20883	3
9750	21024	4
9750	21173	2
9750	21280	2
9750	21335	1
9750	21353	1
9750	22048	2
9750	22072	3
9750	22075	5
9750	22114	17
9750	22143	1
9750	22532	6
9750	23010	1
9750	23040	1
9750	23056	1
9750	23430	2
9750	23754	1
9750	24028	9
9750	24513	9
9750	24631	2
9750	24650	77
9750	25093	2
9750	25281	2
9750	25436	11
9750	26201	2
9750	27512	2
9750	27608	1
9750	27689	5
9750	27929	1
9750	28409	4
9750	28636	2
9750	28980	1
9750	29008	27
9750	29164	2
9750	29184	4
9750	29576	1
9750	29801	1
9750	29855	9
9750	30321	3
9750	30479	4
9750	30653	1
9750	30913	7
9750	30955	4
9750	31002	1
9750	31025	5
9750	31032	92
9750	31063	3
9750	31092	2
9750	31109	12
9750	31137	2
9750	31170	1
9750	31361	2
9750	31787	5
9750	31826	1
9750	31842	1
9750	31864	1
9750	31871	12
9750	31880	1
9750	31891	1
9750	31911	1
9750	31950	5
9750	31998	1
9750	32230	1
9750	32560	6
9750	32564	10
9750	32653	1
9750	32659	1
9750	32723	5
9750	33074	68
9750	34120	1
9750	34125	82
9750	34247	4
9750	34483	37
9750	35107	4
9750	35760	5
9750	36134	3
9750	36201	2
9750	36290	2
9750	36440	2
9750	36817	2
9750	37971	11
9750	37989	6
9750	38017	1
9750	38228	8
9750	39660	2
9750	40155	4
9750	40250	1
9750	40285	4
9750	40820	6
9750	40983	3
9750	41174	1
9750	41179	1
9750	41575	1
9750	41600	5
9750	41882	2
9750	41930	1
9750	42020	5
9750	42168	13
9750	42694	3
9750	43479	1
9750	43794	2
9750	43860	1
9750	45766	1
9750	46482	6
9750	46584	16
9750	46751	24
9750	48454	16
9750	48571	3
9750	48621	15
9750	48832	3
9750	49021	4
9750	50019	1
9750	50040	1
9750	50543	3
9750	50550	1
9750	51116	1
9750	51385	1
9750	51506	2
9750	51591	8
9750	51626	5
9750	51676	8
9750	51782	5
9750	51888	1
9750	51954	1
9750	52257	5
9750	52286	8
9750	52419	1
9750	52451	1
9750	52675	4
9750	52688	27
9750	52712	1
9750	53044	5
9750	53297	2
9750	53406	5
9750	53449	3
9750	53457	2
9750	53656	1
9750	53692	2
9750	53875	16
9750	54003	2
9750	54487	20
9750	55041	10
9750	55347	3
9750	55577	2
9750	55630	8
9750	55906	2
9750	55970	3
9750	56177	8
9750	56705	65
9750	56783	4
9750	56817	1
9750	57029	3
9750	57350	28
9750	58230	1
9750	58270	1
9750	58286	1
9750	58300	2
9750	58321	2
9750	58352	2
9750	58397	4
9750	58495	1
9750	58523	1
9750	58554	2
9750	58590	2
9750	59180	2
9750	59545	4
9750	59546	6
9750	59819	3
9750	60118	4
9750	60133	1
9750	60172	3
9750	60237	1
9750	60281	5
9750	60299	8
9750	60359	1
9750	60673	2
9750	60694	1
9750	60714	11
9750	60998	3
9750	61024	1
9750	61085	4
9750	61109	3
9750	61194	2
9750	61244	1
9750	61269	7
9750	61501	45
9750	61538	4
9750	61755	2
9750	61836	1
9750	61953	5
9750	62270	2
9750	62508	1
9750	62612	5
9750	62713	1
9750	62779	5
9750	62813	1
9750	63080	2
9750	63189	5
9750	63390	3
9756	9794	13
9756	10023	13
9756	10999	7
9756	11875	2
9756	13554	5
9756	13894	1
9756	13944	3
9756	14752	21
9756	15177	40
9756	15409	5
9756	16454	19
9756	17616	1
9756	17749	3
9756	18048	1
9756	18695	15
9756	18806	5
9756	19683	19
9756	20089	34
9756	20297	2
9756	20743	122
9756	20859	15
9756	20883	18
9756	21827	25
9756	22072	10
9756	22114	33
9756	22532	1
9756	22906	10
9756	23010	7
9756	23040	38
9756	23056	26
9756	23430	78
9756	23440	98
9756	23754	38
9756	24028	1
9756	24650	24
9756	24838	11
9756	25093	1
9756	25105	30
9756	25281	1
9756	27512	1
9756	27608	8
9756	27633	14
9756	27689	301
9756	27812	2
9756	28005	8
9756	28409	5
9756	28636	2
9756	28980	2
9756	29008	10
9756	29164	5
9756	29812	28
9756	29855	5
9756	30303	1
9756	30311	28
9756	30374	15
9756	30409	5
9756	30653	5
9756	30937	2
9756	30955	14
9756	30978	9
9756	31002	1
9756	31015	2
9756	31032	2
9756	31042	11
9756	31063	3
9756	31092	19
9756	31109	15
9756	31137	10
9756	31170	1
9756	31787	3
9756	31800	1
9756	31826	6
9756	31842	6
9756	31848	21
9756	31864	4
9756	31871	5
9756	31880	64
9756	31891	31
9756	31911	2
9756	31950	5
9756	31972	33
9756	31998	8
9756	32230	7
9756	32560	50
9756	32564	109
9756	32659	3
9756	33074	1
9756	34125	8
9756	34483	9
9756	34558	15
9756	34621	8
9756	35710	9
9756	35722	30
9756	35760	5
9756	35856	31
9756	36817	2
9756	37971	4
9756	38017	15
9756	39669	2
9756	40285	6
9756	40769	3
9756	40820	2
9756	40983	1
9756	41179	1
9756	41492	1
9756	41600	7
9756	41723	6
9756	42020	5
9756	42168	5
9756	43794	12
9756	43860	5
9756	44080	17
9756	45307	10
9756	45766	17
9756	46482	11
9756	46751	4
9756	48454	5
9756	48621	11
9756	50019	11
9756	50040	8
9756	51139	2
9756	51385	5
9756	51782	17
9756	52257	1
9756	52286	5
9756	52378	6
9756	52419	8
9756	52451	10
9756	52688	12
9756	52712	19
9756	53044	9
9756	53406	2
9756	53457	3
9756	53650	5
9756	53878	11
9756	53926	1
9756	54416	10
9756	54487	11
9756	55041	6
9756	56783	1
9756	56817	8
9756	58230	18
9756	58270	5
9756	58286	2
9756	58300	2
9756	58308	15
9756	58321	14
9756	58352	10
9756	58397	14
9756	58461	5
9756	58495	5
9756	58523	11
9756	58554	13
9756	58590	12
9756	58667	14
9756	59180	3
9756	59546	43
9756	59876	27
9756	60099	12
9756	60118	78
9756	60133	1
9756	60299	8
9756	60359	18
9756	60673	5
9756	60694	4
9756	60714	10
9756	60722	3
9756	60998	29
9756	61085	18
9756	61109	64
9756	61194	32
9756	61244	6
9756	61269	1
9756	61501	5
9756	61755	6
9756	61914	1
9756	61953	3
9756	62585	7
9756	62612	15
9756	62636	5
9756	62656	8
9756	62695	15
9756	62713	1
9756	62722	3
9756	62730	5
9756	62752	19
9756	62779	15
9756	62813	6
9756	62863	1
9756	62911	3
9756	62930	11
9756	63080	2
9756	63158	21
9756	63189	45
9756	63497	1
9794	10020	10
9794	10023	2
9794	10750	1
9794	10973	1
9794	10999	1
9794	11647	2
9794	11812	2
9794	11875	6
9794	12331	1
9794	13554	1
9794	13894	8
9794	13944	2
9794	14752	7
9794	15177	3
9794	15409	1
9794	15676	1
9794	16454	16
9794	17616	1
9794	17749	7
9794	17756	1
9794	18608	1
9794	18695	11
9794	18753	2
9794	18806	1
9794	19683	9
9794	20089	17
9794	20297	7
9794	20391	2
9794	20743	34
9794	20859	4
9794	20883	6
9794	21024	1
9794	21280	1
9794	21335	1
9794	21827	9
9794	22072	7
9794	22075	1
9794	22114	25
9794	22532	3
9794	22906	4
9794	23010	2
9794	23040	17
9794	23056	8
9794	23430	55
9794	23440	31
9794	23754	32
9794	24028	1
9794	24650	32
9794	24838	4
9794	25093	2
9794	25105	10
9794	25281	3
9794	25436	2
9794	27512	2
9794	27608	4
9794	27633	12
9794	27689	96
9794	27812	4
9794	27929	2
9794	28005	4
9794	28409	3
9794	28636	1
9794	28980	2
9794	29008	4
9794	29164	3
9794	29576	1
9794	29812	7
9794	29855	1
9794	30303	3
9794	30311	8
9794	30321	1
9794	30374	2
9794	30409	3
9794	30653	2
9794	30913	6
9794	30955	5
9794	30978	3
9794	31002	5
9794	31015	1
9794	31032	1
9794	31042	4
9794	31063	2
9794	31092	4
9794	31109	9
9794	31137	11
9794	31170	1
9794	31787	1
9794	31800	1
9794	31826	1
9794	31842	3
9794	31848	6
9794	31864	7
9794	31871	3
9794	31880	30
9794	31891	15
9794	31911	2
9794	31972	19
9794	31998	6
9794	32070	5
9794	32230	12
9794	32327	3
9794	32560	28
9794	32564	87
9794	32659	1
9794	32723	4
9794	33074	8
9794	34125	12
9794	34247	1
9794	34483	6
9794	34558	7
9794	34621	5
9794	35107	4
9794	35710	4
9794	35722	12
9794	35760	9
9794	35856	15
9794	36134	3
9794	36290	1
9794	36440	3
9794	36817	7
9794	37971	11
9794	38017	4
9794	39660	1
9794	39669	1
9794	40155	1
9794	40285	5
9794	40769	2
9794	40820	3
9794	40983	1
9794	41600	6
9794	41723	5
9794	42020	1
9794	42168	2
9794	43479	1
9794	43794	3
9794	43860	1
9794	44080	9
9794	45000	1
9794	45307	6
9794	45766	15
9794	46482	3
9794	46584	1
9794	46751	5
9794	48454	5
9794	48621	4
9794	49021	1
9794	50019	4
9794	50040	4
9794	51385	3
9794	51506	1
9794	51591	2
9794	51676	4
9794	51782	1
9794	51954	1
9794	52257	1
9794	52286	1
9794	52378	2
9794	52451	2
9794	52688	6
9794	52712	6
9794	53044	8
9794	53406	2
9794	53449	1
9794	53457	12
9794	53650	5
9794	53656	1
9794	53875	10
9794	53878	5
9794	53926	2
9794	54416	2
9794	54487	11
9794	55041	4
9794	55347	2
9794	55577	3
9794	55906	2
9794	55970	2
9794	56705	2
9794	56783	1
9794	56817	6
9794	57029	2
9794	58230	26
9794	58270	2
9794	58286	1
9794	58300	3
9794	58308	23
9794	58321	5
9794	58352	3
9794	58397	3
9794	58461	4
9794	58495	11
9794	58523	4
9794	58554	6
9794	58590	13
9794	58667	6
9794	59546	26
9794	59876	12
9794	60099	4
9794	60118	76
9794	60133	1
9794	60281	1
9794	60299	1
9794	60359	6
9794	60673	1
9794	60694	2
9794	60714	12
9794	60722	2
9794	60921	1
9794	60998	18
9794	61085	10
9794	61109	63
9794	61194	34
9794	61244	1
9794	61269	3
9794	61501	7
9794	61538	1
9794	61755	1
9794	61914	1
9794	61953	7
9794	61985	2
9794	62270	4
9794	62577	2
9794	62585	2
9794	62594	3
9794	62612	3
9794	62636	1
9794	62656	2
9794	62662	1
9794	62695	5
9794	62705	1
9794	62713	2
9794	62722	1
9794	62730	4
9794	62752	3
9794	62779	11
9794	62813	4
9794	62863	2
9794	62878	1
9794	62919	2
9794	62930	3
9794	63080	13
9794	63158	8
9794	63189	13
10020	10023	77
10020	10750	1
10020	10973	3
10020	10999	5
10020	11647	13
10020	11812	5
10020	11875	64
10020	11977	9
10020	12630	3
10020	13554	10
10020	13784	7
10020	13894	11
10020	13944	4
10020	14752	16
10020	14831	2
10020	15167	1
10020	15177	2
10020	15409	8
10020	15676	2
10020	16454	122
10020	16992	2
10020	17616	1
10020	17749	5
10020	18048	27
10020	18350	2
10020	18608	11
10020	18695	38
10020	18753	3
10020	18806	10
10020	19683	79
10020	20089	4
10020	20297	80
10020	20391	6
10020	20728	2
10020	20743	5
10020	20859	1
10020	20865	1
10020	20883	1
10020	21024	3
10020	21173	5
10020	21280	11
10020	21335	5
10020	21827	18
10020	22072	23
10020	22075	7
10020	22114	62
10020	22532	20
10020	22906	4
10020	23010	5
10020	23040	127
10020	23056	3
10020	23320	1
10020	23430	30
10020	23440	6
10020	23754	29
10020	24028	17
10020	24513	11
10020	24631	17
10020	24650	221
10020	24838	7
10020	25093	1
10020	25281	3
10020	25436	1
10020	25970	4
10020	26201	1
10020	27512	20
10020	27608	22
10020	27633	3
10020	27689	46
10020	27812	6
10020	27929	14
10020	28005	9
10020	28409	30
10020	28636	9
10020	28980	5
10020	29008	20
10020	29164	20
10020	29184	2
10020	29313	2
10020	29576	7
10020	29801	4
10020	29812	11
10020	29855	16
10020	30303	4
10020	30311	23
10020	30321	1
10020	30374	6
10020	30409	4
10020	30479	4
10020	30653	3
10020	30913	8
10020	30937	2
10020	30955	10
10020	30978	5
10020	31002	5
10020	31032	15
10020	31042	3
10020	31063	20
10020	31092	5
10020	31109	18
10020	31137	27
10020	31170	4
10020	31361	5
10020	31787	4
10020	31826	3
10020	31842	9
10020	31864	2
10020	31871	15
10020	31880	8
10020	31891	8
10020	31911	3
10020	31950	11
10020	31972	12
10020	31998	4
10020	32024	3
10020	32070	7
10020	32230	6
10020	32327	13
10020	32560	77
10020	32564	189
10020	32659	5
10020	32723	23
10020	33074	79
10020	33332	9
10020	34120	6
10020	34125	130
10020	34247	6
10020	34483	92
10020	34558	3
10020	34621	5
10020	35107	20
10020	35710	3
10020	35722	8
10020	35760	6
10020	35856	1
10020	36134	6
10020	36290	3
10020	36440	8
10020	36817	10
10020	37556	4
10020	37971	61
10020	37989	3
10020	38017	15
10020	38228	29
10020	39660	3
10020	39669	11
10020	40155	169
10020	40250	1
10020	40285	82
10020	40769	2
10020	40820	6
10020	40983	7
10020	41174	11
10020	41179	10
10020	41575	5
10020	41600	19
10020	41882	1
10020	41930	1
10020	42020	10
10020	42168	40
10020	42694	9
10020	43479	7
10020	43794	12
10020	43860	2
10020	44019	3
10020	44080	19
10020	45000	9
10020	45307	9
10020	45766	25
10020	46424	3
10020	46482	15
10020	46584	9
10020	46751	4
10020	46756	6
10020	48454	17
10020	48621	56
10020	48633	4
10020	48720	3
10020	48832	1
10020	49021	3
10020	50019	6
10020	50040	2
10020	50277	1
10020	50543	7
10020	50550	7
10020	51116	7
10020	51139	2
10020	51385	13
10020	51506	14
10020	51591	2
10020	51626	18
10020	51676	30
10020	51782	1
10020	51954	5
10020	52257	9
10020	52286	7
10020	52378	15
10020	52419	25
10020	52451	21
10020	52675	16
10020	52688	64
10020	52712	57
10020	53044	13
10020	53107	17
10020	53297	5
10020	53406	17
10020	53449	6
10020	53457	80
10020	53650	4
10020	53656	7
10020	53692	4
10020	53706	10
10020	53875	37
10020	53878	4
10020	53926	7
10020	54003	1
10020	54416	4
10020	54487	51
10020	55041	32
10020	55347	12
10020	55577	8
10020	55630	5
10020	55906	5
10020	55970	13
10020	56177	11
10020	56705	26
10020	56783	19
10020	56817	3
10020	57029	10
10020	58230	41
10020	58270	5
10020	58286	6
10020	58300	5
10020	58308	11
10020	58321	10
10020	58352	4
10020	58397	16
10020	58461	7
10020	58495	4
10020	58523	10
10020	58554	15
10020	58590	17
10020	58667	16
10020	59180	7
10020	59545	2
10020	59546	113
10020	59819	5
10020	59876	5
10020	60099	2
10020	60118	81
10020	60133	1
10020	60172	2
10020	60237	5
10020	60281	6
10020	60299	7
10020	60359	50
10020	60673	24
10020	60694	1
10020	60714	7
10020	60722	8
10020	60921	19
10020	60998	15
10020	61024	3
10020	61085	3
10020	61109	138
10020	61120	5
10020	61194	36
10020	61244	3
10020	61269	8
10020	61501	24
10020	61538	5
10020	61727	13
10020	61755	13
10020	61836	12
10020	61914	2
10020	61953	19
10020	61985	1
10020	62270	28
10020	62577	9
10020	62585	4
10020	62594	2
10020	62612	7
10020	62636	4
10020	62695	4
10020	62705	1
10020	62713	2
10020	62722	2
10020	62730	7
10020	62752	7
10020	62779	11
10020	62813	2
10020	62863	1
10020	62911	10
10020	62919	2
10020	62930	3
10020	63080	9
10020	63096	3
10020	63158	2
10020	63189	6
10020	63390	7
10020	63497	1
10023	10973	1
10023	10999	8
10023	11647	3
10023	11812	1
10023	11875	21
10023	11977	5
10023	13554	3
10023	13784	3
10023	13894	12
10023	13944	1
10023	14752	11
10023	14831	1
10023	15177	54
10023	15409	8
10023	15676	2
10023	16454	44
10023	17749	7
10023	18048	20
10023	18350	1
10023	18608	2
10023	18695	34
10023	18753	1
10023	18806	6
10023	19525	20
10023	19683	49
10023	20089	3
10023	20297	24
10023	20391	2
10023	20728	2
10023	20743	24
10023	20859	2
10023	20865	1
10023	20883	2
10023	21024	1
10023	21173	4
10023	21335	5
10023	21353	1
10023	21827	21
10023	22072	12
10023	22075	5
10023	22114	31
10023	22532	9
10023	22906	2
10023	23010	1
10023	23040	67
10023	23056	13
10023	23430	52
10023	23440	20
10023	23754	26
10023	24028	6
10023	24513	8
10023	24631	5
10023	24650	90
10023	24838	9
10023	25093	1
10023	25105	8
10023	25970	4
10023	27512	6
10023	27608	15
10023	27633	1
10023	27689	72
10023	27812	2
10023	27929	2
10023	28005	5
10023	28409	35
10023	28636	5
10023	28980	5
10023	29008	9
10023	29164	10
10023	29184	1
10023	29262	6
10023	29313	3
10023	29576	7
10023	29801	4
10023	29812	10
10023	29855	8
10023	30303	1
10023	30311	19
10023	30374	4
10023	30409	1
10023	30479	2
10023	30653	2
10023	30913	7
10023	30937	2
10023	30955	7
10023	30978	3
10023	31002	3
10023	31032	7
10023	31042	2
10023	31063	13
10023	31092	6
10023	31109	8
10023	31137	10
10023	31170	5
10023	31361	5
10023	31787	2
10023	31826	2
10023	31842	4
10023	31848	5
10023	31864	3
10023	31871	5
10023	31880	22
10023	31891	17
10023	31911	7
10023	31950	2
10023	31972	29
10023	31998	5
10023	32070	4
10023	32230	3
10023	32327	15
10023	32560	53
10023	32564	139
10023	32659	11
10023	32723	8
10023	33074	25
10023	34120	2
10023	34125	49
10023	34247	6
10023	34483	25
10023	34558	6
10023	34621	6
10023	35107	9
10023	35710	5
10023	35722	6
10023	35760	2
10023	35856	11
10023	36134	3
10023	36290	1
10023	36440	11
10023	36817	6
10023	37971	16
10023	38017	7
10023	38228	8
10023	39669	16
10023	40155	9
10023	40285	38
10023	40769	2
10023	40820	5
10023	40983	2
10023	41174	9
10023	41179	11
10023	41575	2
10023	41600	8
10023	41723	1
10023	41930	16
10023	42020	7
10023	42168	7
10023	42694	2
10023	43479	3
10023	43794	9
10023	43860	1
10023	44019	1
10023	44080	18
10023	45000	4
10023	45307	7
10023	45766	21
10023	46424	1
10023	46482	11
10023	46584	5
10023	46751	17
10023	46756	5
10023	47199	1
10023	48454	5
10023	48621	18
10023	48633	2
10023	48832	2
10023	49021	3
10023	50019	7
10023	50040	1
10023	50550	4
10023	51116	6
10023	51139	2
10023	51385	7
10023	51506	1
10023	51591	4
10023	51626	4
10023	51676	19
10023	51782	26
10023	51954	5
10023	52257	2
10023	52286	5
10023	52378	15
10023	52419	19
10023	52451	12
10023	52675	13
10023	52688	23
10023	52712	37
10023	53044	14
10023	53107	9
10023	53297	1
10023	53406	9
10023	53457	54
10023	53650	4
10023	53656	1
10023	53692	3
10023	53706	1
10023	53875	10
10023	53878	4
10023	53926	5
10023	54416	2
10023	54487	26
10023	55041	11
10023	55347	5
10023	55577	5
10023	55630	4
10023	55906	1
10023	55970	6
10023	56177	4
10023	56705	9
10023	56783	7
10023	56817	3
10023	57029	4
10023	57350	2
10023	58230	12
10023	58270	6
10023	58300	4
10023	58308	6
10023	58321	9
10023	58352	6
10023	58397	7
10023	58461	3
10023	58495	4
10023	58523	15
10023	58554	11
10023	58590	14
10023	58667	22
10023	59180	6
10023	59545	2
10023	59546	90
10023	59819	5
10023	59876	10
10023	60099	1
10023	60118	56
10023	60133	1
10023	60281	1
10023	60299	3
10023	60359	33
10023	60673	7
10023	60714	4
10023	60722	1
10023	60921	3
10023	60998	12
10023	61024	2
10023	61085	8
10023	61109	93
10023	61120	3
10023	61194	19
10023	61244	1
10023	61269	3
10023	61501	20
10023	61538	1
10023	61727	4
10023	61755	6
10023	61836	2
10023	61914	1
10023	61953	14
10023	62270	2
10023	62577	1
10023	62585	5
10023	62612	9
10023	62636	12
10023	62656	2
10023	62662	2
10023	62695	4
10023	62713	2
10023	62730	5
10023	62752	4
10023	62779	19
10023	62813	2
10023	62863	3
10023	62878	1
10023	62911	18
10023	62930	10
10023	63080	7
10023	63096	1
10023	63158	11
10023	63189	11
10023	63390	4
10750	10999	4
10750	11647	9
10750	11875	1
10750	13554	1
10750	13894	4
10750	14831	1
10750	15409	1
10750	15676	25
10750	16454	54
10750	17749	1
10750	18048	7
10750	18608	87
10750	18753	1
10750	18806	8
10750	19683	29
10750	20089	1
10750	20297	38
10750	20391	4
10750	20883	4
10750	21173	11
10750	21280	2
10750	21335	2
10750	21353	5
10750	22072	17
10750	22075	6
10750	22114	33
10750	22532	2
10750	23056	1
10750	23320	3
10750	23754	1
10750	24028	1
10750	24631	3
10750	24650	53
10750	25105	1
10750	25970	1
10750	26201	4
10750	27633	7
10750	27812	3
10750	27929	11
10750	28005	7
10750	28409	4
10750	28636	6
10750	28980	5
10750	29262	2
10750	29313	1
10750	29576	1
10750	29855	31
10750	30303	1
10750	30955	2
10750	30978	1
10750	31002	2
10750	31015	5
10750	31032	1
10750	31063	3
10750	31109	5
10750	31137	8
10750	31170	1
10750	31361	15
10750	31787	1
10750	31842	3
10750	31864	5
10750	31871	1
10750	31891	6
10750	31911	1
10750	31950	2
10750	31972	1
10750	31998	4
10750	32024	1
10750	32070	12
10750	32327	4
10750	32560	3
10750	32564	4
10750	32659	24
10750	32723	15
10750	33074	18
10750	33332	8
10750	34120	7
10750	34125	45
10750	34247	1
10750	34483	50
10750	34621	1
10750	35107	2
10750	35760	10
10750	36201	4
10750	36290	5
10750	36440	2
10750	36817	6
10750	37971	45
10750	38228	14
10750	39660	15
10750	40155	8
10750	40250	2
10750	40285	32
10750	40820	8
10750	40983	5
10750	41174	2
10750	41179	3
10750	41492	23
10750	41600	11
10750	41930	20
10750	42020	8
10750	42168	11
10750	43794	2
10750	43860	22
10750	43884	25
10750	45000	6
10750	45766	1
10750	46424	16
10750	46751	4
10750	46756	1
10750	48454	6
10750	48621	6
10750	48720	1
10750	48832	6
10750	49021	1
10750	50543	11
10750	51116	2
10750	51139	1
10750	51385	8
10750	51506	5
10750	51591	5
10750	51626	3
10750	51676	18
10750	51782	1
10750	51954	2
10750	52378	1
10750	52688	9
10750	53044	3
10750	53406	9
10750	53449	8
10750	53656	3
10750	53692	9
10750	53875	13
10750	53878	2
10750	54416	1
10750	54487	4
10750	55041	9
10750	55347	8
10750	55577	12
10750	55906	2
10750	56177	26
10750	56705	2
10750	56783	23
10750	57029	10
10750	58308	3
10750	58352	3
10750	58397	2
10750	58461	2
10750	58495	1
10750	58523	3
10750	58554	2
10750	58590	5
10750	58667	1
10750	59545	1
10750	59546	4
10750	59876	3
10750	60118	4
10750	60133	2
10750	60281	2
10750	60299	1
10750	60684	8
10750	60694	1
10750	60722	13
10750	60921	16
10750	61024	8
10750	61043	5
10750	61085	1
10750	61120	3
10750	61194	5
10750	61501	4
10750	61727	1
10750	61755	4
10750	61914	3
10750	61953	3
10750	61985	1
10750	62270	27
10750	62612	3
10750	62705	1
10750	62722	2
10750	62730	1
10750	62752	8
10750	62779	7
10750	62813	3
10750	63080	6
10750	63158	2
10750	63497	1
10973	10999	5
10973	11647	6
10973	11812	1
10973	11875	1
10973	11977	7
10973	12630	15
10973	13554	28
10973	13784	5
10973	13894	2
10973	14831	15
10973	15409	1
10973	15676	2
10973	16454	20
10973	16992	8
10973	17616	4
10973	17756	5
10973	18048	5
10973	18338	3
10973	18350	2
10973	18608	1
10973	18695	8
10973	18753	1
10973	18806	15
10973	19683	1
10973	20297	89
10973	20391	2
10973	20728	52
10973	20859	1
10973	20865	12
10973	21024	44
10973	21280	12
10973	21335	27
10973	21353	19
10973	22048	10
10973	22072	24
10973	22075	6
10973	22114	54
10973	22143	1
10973	22532	9
10973	22772	1
10973	22906	1
10973	23010	1
10973	23040	1
10973	23056	2
10973	24028	1
10973	24513	1
10973	24631	3
10973	24650	307
10973	25093	19
10973	25436	15
10973	25970	1
10973	27512	23
10973	27608	1
10973	27633	1
10973	27812	5
10973	27929	1
10973	28005	3
10973	28409	2
10973	28636	7
10973	28980	3
10973	29008	21
10973	29262	3
10973	29313	1
10973	29576	7
10973	29801	1
10973	29855	7
10973	30303	1
10973	30311	1
10973	30321	20
10973	30374	2
10973	30479	8
10973	30913	22
10973	30937	10
10973	30955	20
10973	30978	7
10973	31002	8
10973	31015	4
10973	31032	4
10973	31042	8
10973	31063	11
10973	31092	26
10973	31109	5
10973	31137	32
10973	31170	5
10973	31800	15
10973	31826	8
10973	31842	9
10973	31864	5
10973	31871	13
10973	31880	3
10973	31891	3
10973	31911	11
10973	31950	5
10973	31972	17
10973	31998	3
10973	32024	6
10973	32327	18
10973	32560	2
10973	32564	12
10973	32653	16
10973	32659	6
10973	32723	54
10973	33074	41
10973	33332	5
10973	34120	1
10973	34125	58
10973	34247	15
10973	34483	27
10973	34621	2
10973	35107	4
10973	35760	102
10973	36134	3
10973	36201	6
10973	36290	1
10973	36440	1
10973	36817	1
10973	37556	2
10973	37971	8
10973	37989	1
10973	38228	4
10973	39669	1
10973	40155	19
10973	40250	1
10973	40285	33
10973	40820	1
10973	40983	2
10973	41174	6
10973	41179	9
10973	41575	1
10973	41600	108
10973	41723	3
10973	41882	8
10973	42020	3
10973	42168	19
10973	42603	1
10973	42694	5
10973	43479	19
10973	43794	1
10973	45000	2
10973	46424	5
10973	46482	5
10973	46584	4
10973	46751	2
10973	47199	11
10973	48454	60
10973	48621	53
10973	48633	1
10973	48720	1
10973	49021	2
10973	50040	2
10973	50543	9
10973	50550	54
10973	51385	7
10973	51506	12
10973	51591	30
10973	51626	5
10973	51676	6
10973	51888	1
10973	51954	11
10973	52257	12
10973	52286	16
10973	52378	5
10973	52675	4
10973	52688	51
10973	53044	7
10973	53297	2
10973	53406	2
10973	53650	1
10973	53656	1
10973	53692	4
10973	53706	5
10973	53875	43
10973	53878	1
10973	53926	3
10973	54003	1
10973	54416	2
10973	54487	11
10973	55041	47
10973	55347	3
10973	55577	7
10973	55630	5
10973	55970	1
10973	56177	2
10973	56705	13
10973	56783	1
10973	57029	4
10973	57350	1
10973	58270	4
10973	58286	19
10973	58300	10
10973	58308	2
10973	58321	6
10973	58352	51
10973	58397	36
10973	58461	2
10973	58495	17
10973	58523	9
10973	58554	16
10973	58590	15
10973	59180	10
10973	59545	10
10973	59546	2
10973	59819	1
10973	60099	3
10973	60118	4
10973	60133	6
10973	60172	41
10973	60237	7
10973	60281	1
10973	60299	3
10973	60359	1
10973	60673	2
10973	60694	9
10973	60714	4
10973	60722	10
10973	60998	15
10973	61024	3
10973	61043	7
10973	61085	1
10973	61109	2
10973	61120	1
10973	61194	6
10973	61269	13
10973	61501	11
10973	61755	6
10973	61836	7
10973	61914	2
10973	61953	2
10973	61985	10
10973	62508	4
10973	62577	3
10973	62594	1
10973	62612	25
10973	62636	7
10973	62656	7
10973	62662	6
10973	62695	4
10973	62705	4
10973	62713	5
10973	62722	8
10973	62730	3
10973	62752	12
10973	62779	26
10973	62813	6
10973	62863	2
10973	62878	2
10973	62911	1
10973	62919	2
10973	62930	3
10973	63080	1
10973	63096	1
10973	63388	2
10973	63390	2
10973	63497	1
10999	11647	5
10999	11812	1
10999	11875	4
10999	11977	5
10999	12331	9
10999	12630	2
10999	13554	4
10999	13784	4
10999	14752	1
10999	14831	3
10999	15409	5
10999	15676	5
10999	16454	54
10999	16992	11
10999	17616	7
10999	17756	1
10999	18048	15
10999	18338	3
10999	18608	4
10999	18695	8
10999	18753	2
10999	18806	8
10999	19525	2
10999	19683	17
10999	20089	2
10999	20297	64
10999	20391	6
10999	20728	2
10999	20743	21
10999	20859	2
10999	20865	1
10999	20883	3
10999	21024	1
10999	21173	4
10999	21280	3
10999	21335	1
10999	21353	9
10999	21827	9
10999	22048	4
10999	22072	43
10999	22075	12
10999	22114	18
10999	22143	1
10999	22532	2
10999	22906	3
10999	23010	2
10999	23040	3
10999	23056	5
10999	23320	2
10999	23430	6
10999	23440	11
10999	23754	4
10999	24028	1
10999	24513	1
10999	24631	12
10999	24650	219
10999	24838	3
10999	25093	10
10999	25281	3
10999	25436	3
10999	25970	1
10999	26201	4
10999	27512	12
10999	27608	1
10999	27633	3
10999	27689	3
10999	27929	5
10999	28005	4
10999	28155	1
10999	28409	1
10999	28636	49
10999	28980	7
10999	29008	5
10999	29164	5
10999	29262	8
10999	29313	11
10999	29576	20
10999	29801	3
10999	29812	5
10999	29855	4
10999	30303	1
10999	30311	4
10999	30374	1
10999	30409	2
10999	30479	2
10999	30653	1
10999	30913	2
10999	30937	1
10999	30955	13
10999	30978	5
10999	31002	2
10999	31032	4
10999	31042	5
10999	31063	3
10999	31092	8
10999	31109	9
10999	31137	9
10999	31170	5
10999	31361	2
10999	31787	4
10999	31826	5
10999	31842	6
10999	31848	1
10999	31864	2
10999	31871	8
10999	31880	10
10999	31891	7
10999	31911	1
10999	31950	4
10999	31972	14
10999	31998	3
10999	32024	5
10999	32070	7
10999	32230	1
10999	32327	25
10999	32560	6
10999	32564	17
10999	32653	3
10999	32659	4
10999	32723	45
10999	33074	23
10999	33332	69
10999	33573	2
10999	34125	64
10999	34247	5
10999	34483	32
10999	34558	2
10999	34621	1
10999	35107	1
10999	35710	1
10999	35722	4
10999	35760	47
10999	35856	3
10999	36134	1
10999	36201	1
10999	36290	2
10999	36440	2
10999	36817	1
10999	37971	14
10999	37989	6
10999	38017	6
10999	38228	7
10999	39660	1
10999	39669	5
10999	40155	20
10999	40285	113
10999	40769	1
10999	40820	4
10999	41174	9
10999	41179	2
10999	41600	32
10999	41723	1
10999	42020	7
10999	42168	5
10999	42694	2
10999	43479	10
10999	43794	1
10999	43860	14
10999	44019	2
10999	44080	1
10999	45000	12
10999	45766	2
10999	46424	2
10999	46482	5
10999	46584	2
10999	46751	9
10999	46756	5
10999	47199	2
10999	48454	86
10999	48571	2
10999	48621	36
10999	48633	10
10999	48720	48
10999	48832	4
10999	49021	3
10999	50019	5
10999	50040	1
10999	50277	1
10999	50543	6
10999	50550	18
10999	51116	5
10999	51139	1
10999	51385	9
10999	51506	6
10999	51591	4
10999	51626	5
10999	51676	7
10999	51888	11
10999	51954	1
10999	52257	5
10999	52286	10
10999	52378	8
10999	52419	2
10999	52451	8
10999	52675	7
10999	52688	36
10999	52712	2
10999	53044	14
10999	53107	4
10999	53297	8
10999	53406	2
10999	53449	1
10999	53656	1
10999	53692	4
10999	53706	8
10999	53875	9
10999	53878	3
10999	53926	1
10999	54003	3
10999	54416	1
10999	54487	8
10999	55041	19
10999	55577	3
10999	55630	2
10999	55906	1
10999	56177	13
10999	56705	9
10999	56783	16
10999	56817	1
10999	57029	2
10999	57350	4
10999	58230	1
10999	58270	10
10999	58286	7
10999	58308	3
10999	58321	13
10999	58352	9
10999	58397	8
10999	58461	5
10999	58495	5
10999	58523	8
10999	58554	7
10999	58590	13
10999	59180	12
10999	59545	9
10999	59546	10
10999	59819	6
10999	59876	2
10999	60099	1
10999	60118	10
10999	60133	2
10999	60172	5
10999	60237	4
10999	60299	3
10999	60359	3
10999	60673	3
10999	60684	1
10999	60694	1
10999	60714	1
10999	60722	2
10999	60921	3
10999	60998	8
10999	61024	3
10999	61043	2
10999	61085	7
10999	61109	12
10999	61120	6
10999	61194	5
10999	61244	2
10999	61269	3
10999	61501	33
10999	61538	7
10999	61727	19
10999	61755	9
10999	61836	4
10999	61953	1
10999	61985	5
10999	62270	3
10999	62577	6
10999	62585	2
10999	62594	1
10999	62612	12
10999	62636	6
10999	62656	2
10999	62662	3
10999	62695	6
10999	62705	5
10999	62713	3
10999	62722	2
10999	62730	5
10999	62752	12
10999	62779	9
10999	62813	4
10999	62863	3
10999	62878	2
10999	62911	4
10999	62919	2
10999	62930	2
10999	63080	1
10999	63096	2
10999	63158	5
10999	63189	9
10999	63388	4
10999	63390	4
11647	11977	2
11647	12630	4
11647	13554	28
11647	13784	14
11647	13894	4
11647	14831	2
11647	15167	11
11647	15409	10
11647	15676	20
11647	16454	247
11647	16992	2
11647	17616	11
11647	17756	2
11647	18048	20
11647	18338	6
11647	18350	6
11647	18608	26
11647	18695	14
11647	18753	3
11647	18806	11
11647	19525	1
11647	19683	18
11647	20297	91
11647	20391	2
11647	20728	4
11647	20865	12
11647	20883	24
11647	21024	2
11647	21173	18
11647	21280	18
11647	21353	5
11647	22048	9
11647	22072	41
11647	22075	9
11647	22114	32
11647	22143	3
11647	22532	13
11647	22906	3
11647	23010	1
11647	23040	1
11647	23320	10
11647	24028	2
11647	24513	3
11647	24631	26
11647	24650	200
11647	25093	4
11647	25105	1
11647	25281	1
11647	25436	5
11647	25970	4
11647	27512	9
11647	27608	3
11647	27633	5
11647	27689	4
11647	27929	7
11647	28005	3
11647	28155	2
11647	28409	2
11647	28636	3
11647	29008	24
11647	29184	14
11647	29262	5
11647	29313	2
11647	29576	1
11647	29801	2
11647	29855	61
11647	30303	1
11647	30374	4
11647	30479	10
11647	30653	2
11647	30913	5
11647	30937	1
11647	30955	4
11647	30978	4
11647	31002	3
11647	31015	3
11647	31025	12
11647	31032	32
11647	31042	1
11647	31063	6
11647	31092	5
11647	31109	16
11647	31137	7
11647	31170	5
11647	31361	5
11647	31787	9
11647	31800	3
11647	31826	1
11647	31842	3
11647	31864	4
11647	31871	8
11647	31880	3
11647	31891	2
11647	31911	1
11647	31950	5
11647	31972	3
11647	31998	1
11647	32024	1
11647	32230	1
11647	32327	8
11647	32560	3
11647	32564	16
11647	32653	4
11647	32659	41
11647	32723	20
11647	33074	96
11647	33332	2
11647	33573	3
11647	34120	2
11647	34125	124
11647	34247	12
11647	34483	193
11647	34621	1
11647	35760	26
11647	36134	21
11647	36201	12
11647	36290	1
11647	36440	2
11647	36817	2
11647	37556	2
11647	37971	47
11647	37989	2
11647	38228	15
11647	39660	1
11647	40155	14
11647	40250	6
11647	40285	38
11647	40820	1
11647	40983	10
11647	41174	12
11647	41179	17
11647	41492	34
11647	41575	3
11647	41600	42
11647	41930	1
11647	42020	51
11647	42168	56
11647	42694	1
11647	43479	6
11647	43794	6
11647	43860	42
11647	43884	18
11647	44080	1
11647	45000	10
11647	46424	29
11647	46482	1
11647	46584	20
11647	46751	3
11647	46756	9
11647	48454	27
11647	48571	1
11647	48621	78
11647	48633	1
11647	48832	21
11647	49021	7
11647	50019	3
11647	50040	1
11647	50277	6
11647	50543	7
11647	50550	12
11647	51116	6
11647	51139	24
11647	51385	12
11647	51506	8
11647	51591	3
11647	51626	11
11647	51676	65
11647	51888	2
11647	51954	20
11647	52257	7
11647	52286	15
11647	52451	1
11647	52675	4
11647	52688	74
11647	53044	14
11647	53297	8
11647	53406	15
11647	53449	55
11647	53656	7
11647	53692	15
11647	53875	42
11647	54003	1
11647	54487	51
11647	55041	19
11647	55347	6
11647	55577	9
11647	55630	6
11647	55906	2
11647	55970	6
11647	56177	76
11647	56705	41
11647	56783	67
11647	57029	37
11647	57350	1
11647	58270	12
11647	58286	9
11647	58300	4
11647	58308	2
11647	58321	3
11647	58352	3
11647	58397	8
11647	58461	1
11647	58495	2
11647	58523	7
11647	58554	6
11647	58590	9
11647	59180	12
11647	59545	10
11647	59546	12
11647	59819	10
11647	60118	7
11647	60133	2
11647	60172	9
11647	60237	14
11647	60281	21
11647	60299	5
11647	60359	1
11647	60673	2
11647	60684	3
11647	60694	2
11647	60714	1
11647	60722	3
11647	60921	4
11647	60998	2
11647	61024	19
11647	61043	2
11647	61085	3
11647	61194	2
11647	61244	4
11647	61269	1
11647	61501	37
11647	61538	11
11647	61727	6
11647	61755	20
11647	61836	1
11647	61914	1
11647	61985	4
11647	62270	4
11647	62508	1
11647	62594	1
11647	62612	12
11647	62636	14
11647	62656	2
11647	62662	5
11647	62695	1
11647	62722	2
11647	62730	2
11647	62752	6
11647	62779	9
11647	62813	3
11647	62863	5
11647	62878	2
11647	62919	1
11647	62930	5
11647	63080	3
11647	63390	9
11647	63497	2
11812	11875	1
11812	11977	20
11812	12331	1
11812	13894	5
11812	13944	6
11812	14752	3
11812	15177	1
11812	15409	5
11812	15676	2
11812	16454	10
11812	16992	1
11812	17749	4
11812	17756	1
11812	18048	6
11812	18350	1
11812	18608	1
11812	18753	2
11812	19525	1
11812	19683	4
11812	20089	4
11812	20297	23
11812	20391	2
11812	20743	11
11812	20859	5
11812	20883	1
11812	21335	1
11812	21353	2
11812	21827	19
11812	22048	1
11812	22072	13
11812	22114	13
11812	22532	2
11812	22906	8
11812	23010	12
11812	23040	12
11812	23056	12
11812	23320	1
11812	23430	2
11812	23440	7
11812	23754	22
11812	24028	8
11812	24513	1
11812	24650	33
11812	24838	1
11812	25093	1
11812	25281	5
11812	25436	1
11812	27608	2
11812	27633	3
11812	27689	15
11812	27812	1
11812	28005	1
11812	28636	1
11812	28980	1
11812	29164	1
11812	29262	2
11812	29801	1
11812	29812	5
11812	29855	4
11812	30303	4
11812	30311	5
11812	30321	2
11812	30374	2
11812	30409	5
11812	30479	1
11812	30653	1
11812	30913	2
11812	30937	2
11812	30955	9
11812	30978	3
11812	31002	5
11812	31015	3
11812	31032	1
11812	31042	4
11812	31063	1
11812	31092	11
11812	31109	4
11812	31137	11
11812	31170	2
11812	31787	5
11812	31800	1
11812	31826	2
11812	31842	5
11812	31848	5
11812	31864	6
11812	31871	1
11812	31880	9
11812	31891	11
11812	31911	2
11812	31950	3
11812	31972	11
11812	31998	6
11812	32024	1
11812	32230	8
11812	32327	3
11812	32560	13
11812	32564	33
11812	32653	1
11812	32659	1
11812	32723	1
11812	33074	7
11812	34120	2
11812	34125	13
11812	34483	8
11812	34558	5
11812	34621	1
11812	35107	2
11812	35710	13
11812	35722	3
11812	35760	5
11812	36290	1
11812	36440	4
11812	36817	6
11812	37971	3
11812	38228	1
11812	39669	1
11812	40155	14
11812	40285	22
11812	40820	3
11812	40983	1
11812	41174	1
11812	41179	2
11812	41600	2
11812	41723	1
11812	41882	1
11812	41930	1
11812	42020	2
11812	42168	1
11812	43479	1
11812	43794	1
11812	43860	1
11812	44019	2
11812	44080	10
11812	45307	3
11812	45766	4
11812	46482	2
11812	46584	1
11812	46756	1
11812	48454	3
11812	48621	4
11812	48633	1
11812	49021	1
11812	50019	5
11812	50040	1
11812	50543	1
11812	50550	2
11812	51591	3
11812	51676	4
11812	52378	1
11812	52419	1
11812	52451	1
11812	52675	3
11812	52688	3
11812	52712	1
11812	53044	4
11812	53107	2
11812	53406	1
11812	53650	3
11812	53706	1
11812	53875	7
11812	53926	1
11812	54416	3
11812	54487	3
11812	55041	3
11812	55347	3
11812	55577	1
11812	55906	1
11812	56177	4
11812	56705	1
11812	56783	2
11812	56817	3
11812	57029	4
11812	58230	23
11812	58270	7
11812	58286	6
11812	58300	1
11812	58308	4
11812	58321	5
11812	58352	13
11812	58397	3
11812	58461	13
11812	58495	7
11812	58523	4
11812	58554	11
11812	58590	16
11812	58667	2
11812	59180	2
11812	59546	7
11812	59819	3
11812	59876	6
11812	60099	1
11812	60118	32
11812	60133	2
11812	60299	1
11812	60359	4
11812	60684	1
11812	60694	2
11812	60714	8
11812	60722	1
11812	60998	7
11812	61024	1
11812	61085	25
11812	61109	21
11812	61120	3
11812	61194	22
11812	61501	7
11812	61727	5
11812	61755	2
11812	61914	2
11812	61953	5
11812	62577	2
11812	62585	4
11812	62594	8
11812	62612	14
11812	62636	1
11812	62656	3
11812	62662	1
11812	62695	3
11812	62713	2
11812	62722	2
11812	62730	4
11812	62752	11
11812	62779	4
11812	62813	13
11812	62863	3
11812	62878	1
11812	62919	2
11812	63080	6
11812	63096	2
11812	63158	18
11812	63189	8
11812	63388	2
11812	63497	1
11875	13554	10
11875	13894	5
11875	13944	3
11875	14752	19
11875	15177	1
11875	15409	30
11875	15676	3
11875	16454	38
11875	17749	1
11875	18608	1
11875	18695	8
11875	18806	11
11875	19683	124
11875	20089	5
11875	20297	31
11875	20728	1
11875	20743	4
11875	20859	2
11875	20883	5
11875	21173	4
11875	21353	14
11875	21827	15
11875	22072	17
11875	22075	10
11875	22114	67
11875	22532	10
11875	22906	3
11875	23010	1
11875	23040	98
11875	23056	6
11875	23320	2
11875	23430	21
11875	23440	15
11875	23754	14
11875	24028	11
11875	24513	8
11875	24631	4
11875	24650	100
11875	24838	6
11875	25093	5
11875	25105	7
11875	25281	1
11875	26201	1
11875	27512	2
11875	27608	8
11875	27633	10
11875	27689	56
11875	27812	2
11875	27929	1
11875	28005	3
11875	28636	3
11875	28980	11
11875	29008	10
11875	29164	8
11875	29262	17
11875	29801	4
11875	29812	2
11875	29855	6
11875	30303	1
11875	30311	6
11875	30374	3
11875	30409	4
11875	30653	1
11875	30937	1
11875	30955	4
11875	30978	2
11875	31002	3
11875	31015	3
11875	31032	1
11875	31109	10
11875	31137	1
11875	31170	1
11875	31787	2
11875	31842	6
11875	31848	12
11875	31864	4
11875	31871	4
11875	31880	18
11875	31891	17
11875	31950	8
11875	31972	7
11875	31998	9
11875	32230	5
11875	32560	38
11875	32564	118
11875	32653	2
11875	32659	3
11875	32723	14
11875	33074	22
11875	34120	11
11875	34125	49
11875	34247	15
11875	34483	17
11875	34558	3
11875	34621	4
11875	35107	15
11875	35710	5
11875	35722	13
11875	35760	4
11875	35856	23
11875	36290	9
11875	36440	8
11875	36817	2
11875	37556	2
11875	37971	24
11875	37989	2
11875	38017	4
11875	38228	11
11875	39669	28
11875	40155	3
11875	40250	2
11875	40285	4
11875	40820	9
11875	41179	3
11875	41492	3
11875	41600	4
11875	41723	1
11875	42168	3
11875	43794	3
11875	43860	3
11875	44019	2
11875	44080	12
11875	45000	1
11875	45307	6
11875	45766	18
11875	46482	6
11875	46584	16
11875	46751	104
11875	46756	4
11875	48454	3
11875	48621	3
11875	48633	2
11875	50019	1
11875	50040	4
11875	50277	2
11875	50550	6
11875	51116	1
11875	51385	4
11875	51626	2
11875	51676	11
11875	51782	1
11875	51954	1
11875	52419	10
11875	52451	61
11875	52675	8
11875	52688	22
11875	52712	36
11875	53044	6
11875	53107	6
11875	53297	20
11875	53406	9
11875	53457	27
11875	53650	119
11875	53656	5
11875	53692	2
11875	53706	1
11875	53875	12
11875	53878	1
11875	54003	5
11875	54416	2
11875	54487	13
11875	55041	11
11875	55347	5
11875	55906	3
11875	55970	3
11875	56177	2
11875	56705	8
11875	56783	6
11875	56817	7
11875	57029	1
11875	58230	29
11875	58270	3
11875	58308	3
11875	58321	6
11875	58352	5
11875	58397	3
11875	58461	1
11875	58495	8
11875	58523	6
11875	58590	15
11875	58667	15
11875	59546	63
11875	59876	4
11875	60099	1
11875	60118	49
11875	60299	2
11875	60359	18
11875	60673	14
11875	60714	3
11875	60722	3
11875	60998	1
11875	61024	1
11875	61085	14
11875	61109	98
11875	61194	40
11875	61244	1
11875	61501	7
11875	61755	4
11875	61914	4
11875	61953	14
11875	61985	1
11875	62585	6
11875	62594	2
11875	62612	1
11875	62636	1
11875	62656	1
11875	62662	2
11875	62705	3
11875	62722	3
11875	62730	2
11875	62752	13
11875	62779	7
11875	62813	1
11875	62878	1
11875	62911	23
11875	62919	1
11875	63096	2
11875	63158	5
11875	63189	12
11875	63497	4
11977	12630	2
11977	13554	6
11977	13784	3
11977	13894	1
11977	14831	2
11977	15167	1
11977	16454	28
11977	16992	2
11977	17616	2
11977	17749	1
11977	17756	1
11977	18048	30
11977	18608	2
11977	18753	2
11977	18806	3
11977	19525	5
11977	20297	48
11977	20391	1
11977	20728	10
11977	20743	1
11977	20865	4
11977	21173	2
11977	21280	1
11977	21335	5
11977	21353	4
11977	22048	1
11977	22072	9
11977	22075	2
11977	22114	19
11977	22532	1
11977	23010	1
11977	24631	6
11977	24650	113
11977	25093	14
11977	25436	1
11977	25970	19
11977	26201	1
11977	27512	13
11977	27929	1
11977	28005	1
11977	28409	4
11977	28636	20
11977	28980	1
11977	29184	13
11977	29262	11
11977	29313	5
11977	29576	37
11977	29801	5
11977	29855	8
11977	30913	8
11977	30937	2
11977	30955	5
11977	31002	1
11977	31025	1
11977	31042	1
11977	31063	2
11977	31092	2
11977	31109	2
11977	31137	1
11977	31170	1
11977	31361	1
11977	31787	1
11977	31800	1
11977	31864	2
11977	31871	3
11977	31880	1
11977	31911	2
11977	31950	2
11977	31972	2
11977	32024	7
11977	32327	25
11977	32564	1
11977	32653	4
11977	32659	10
11977	32723	19
11977	33074	11
11977	33332	20
11977	34125	40
11977	34247	5
11977	34483	25
11977	34621	2
11977	35760	14
11977	36201	1
11977	36290	1
11977	36817	3
11977	37971	20
11977	37989	4
11977	38017	1
11977	38228	2
11977	39660	2
11977	40155	85
11977	40250	2
11977	40285	126
11977	40983	2
11977	41174	34
11977	41179	2
11977	41575	9
11977	41600	11
11977	41723	1
11977	42020	4
11977	42168	5
11977	44019	6
11977	44080	1
11977	45000	25
11977	45766	2
11977	46424	1
11977	46756	4
11977	47199	1
11977	48454	16
11977	48571	5
11977	48621	15
11977	48633	7
11977	48720	2
11977	50040	1
11977	50543	6
11977	50550	11
11977	51116	19
11977	51385	1
11977	51506	6
11977	51591	1
11977	51626	2
11977	51676	10
11977	51954	1
11977	52257	1
11977	52286	7
11977	52378	1
11977	52675	6
11977	52688	23
11977	53044	2
11977	53107	1
11977	53406	9
11977	53457	10
11977	53692	5
11977	53706	14
11977	53875	10
11977	53878	1
11977	53926	1
11977	55041	24
11977	55347	1
11977	56177	5
11977	56705	3
11977	56783	2
11977	57029	4
11977	58270	1
11977	58286	2
11977	58300	2
11977	58308	1
11977	58352	5
11977	58397	2
11977	58461	7
11977	58495	1
11977	58523	6
11977	58554	3
11977	60099	1
11977	60118	2
11977	60172	2
11977	60299	2
11977	60673	1
11977	60998	1
11977	61024	3
11977	61043	1
11977	61085	7
11977	61194	2
11977	61244	5
11977	61269	2
11977	61501	7
11977	61727	10
11977	61755	4
11977	61836	4
11977	61985	1
11977	62270	2
11977	62612	2
11977	62636	1
11977	62656	3
11977	62662	1
11977	62705	1
11977	62713	1
11977	62752	3
11977	62779	1
11977	62878	1
11977	63080	1
11977	63096	3
11977	63390	2
12331	12630	8
12331	13554	1
12331	13784	1
12331	16992	3
12331	17756	1
12331	19525	9
12331	20297	32
12331	20728	5
12331	20743	1
12331	20865	4
12331	20883	1
12331	21024	1
12331	21335	1
12331	22048	2
12331	22072	9
12331	22075	9
12331	22114	2
12331	23430	1
12331	23440	7
12331	23754	4
12331	24631	1
12331	24650	88
12331	25093	1
12331	25436	5
12331	27512	2
12331	27633	2
12331	27689	5
12331	29164	1
12331	30321	1
12331	30913	5
12331	30955	4
12331	30978	3
12331	31002	4
12331	31015	2
12331	31032	1
12331	31063	8
12331	31092	15
12331	31109	5
12331	31137	11
12331	31787	1
12331	31800	1
12331	31826	18
12331	31842	1
12331	31864	1
12331	31871	5
12331	31880	4
12331	31891	4
12331	31972	10
12331	32560	2
12331	32564	1
12331	32653	1
12331	32723	47
12331	33074	22
12331	34125	11
12331	34483	1
12331	34558	2
12331	35760	20
12331	40155	1
12331	40285	3
12331	40769	2
12331	40820	1
12331	41174	1
12331	41179	3
12331	41600	12
12331	41723	1
12331	42020	2
12331	43479	1
12331	46751	2
12331	47199	1
12331	48454	20
12331	48621	6
12331	50040	1
12331	50277	1
12331	50543	1
12331	50550	8
12331	51506	4
12331	51591	3
12331	51676	1
12331	52286	1
12331	52688	7
12331	53044	3
12331	53875	6
12331	53926	1
12331	55041	21
12331	56705	9
12331	57029	1
12331	58230	3
12331	58270	18
12331	58286	1
12331	58352	28
12331	58397	9
12331	58461	10
12331	58495	1
12331	58523	9
12331	58554	9
12331	58590	11
12331	59180	8
12331	59545	8
12331	59546	2
12331	60099	1
12331	60118	11
12331	60133	1
12331	60172	2
12331	60237	2
12331	60299	1
12331	60359	1
12331	60673	3
12331	60684	1
12331	60694	8
12331	60722	1
12331	60998	3
12331	61043	4
12331	61085	1
12331	61109	4
12331	61120	8
12331	61194	2
12331	61269	1
12331	61501	18
12331	61836	1
12331	61914	1
12331	61953	3
12331	62594	3
12331	62612	7
12331	62636	9
12331	62662	5
12331	62695	2
12331	62705	116
12331	62713	6
12331	62730	9
12331	62752	5
12331	62779	15
12331	62813	2
12331	62911	9
12331	62919	3
12331	62930	1
12331	63080	2
12331	63189	6
12630	13554	4
12630	13784	4
12630	13894	1
12630	14831	3
12630	15167	1
12630	15409	1
12630	16454	16
12630	16992	2
12630	17616	2
12630	18048	4
12630	18338	2
12630	18608	2
12630	18695	1
12630	18806	3
12630	20297	65
12630	20391	2
12630	20728	55
12630	20865	7
12630	21024	14
12630	21173	1
12630	21280	8
12630	21335	3
12630	21353	8
12630	22072	17
12630	22075	16
12630	22114	4
12630	22532	2
12630	22772	1
12630	23010	2
12630	23056	4
12630	24631	1
12630	24650	145
12630	25093	14
12630	25281	1
12630	25436	15
12630	26201	1
12630	27512	15
12630	27608	1
12630	29008	10
12630	29184	1
12630	29262	1
12630	29576	9
12630	29855	5
12630	30303	3
12630	30321	10
12630	30374	1
12630	30479	2
12630	30913	2
12630	30937	2
12630	30955	3
12630	30978	3
12630	31002	3
12630	31025	1
12630	31032	7
12630	31042	1
12630	31092	26
12630	31109	6
12630	31137	11
12630	31170	1
12630	31787	2
12630	31800	7
12630	31826	5
12630	31842	7
12630	31864	1
12630	31871	4
12630	31880	3
12630	31891	2
12630	31911	10
12630	31950	5
12630	31972	13
12630	31998	6
12630	32327	3
12630	32653	3
12630	32723	16
12630	33074	14
12630	33332	1
12630	34125	24
12630	34247	3
12630	34483	14
12630	35760	35
12630	36134	2
12630	36817	1
12630	37971	1
12630	37989	6
12630	38228	2
12630	39660	1
12630	40155	3
12630	40285	5
12630	40983	1
12630	41174	1
12630	41179	9
12630	41600	21
12630	41723	3
12630	42020	2
12630	42168	6
12630	42603	1
12630	43479	55
12630	43794	1
12630	43860	1
12630	46584	2
12630	46751	3
12630	47199	8
12630	48454	22
12630	48621	48
12630	48633	1
12630	50040	3
12630	50543	1
12630	50550	12
12630	51385	2
12630	51506	1
12630	51591	10
12630	51626	4
12630	51676	6
12630	51888	2
12630	51954	1
12630	52257	1
12630	52286	11
12630	52675	1
12630	52688	21
12630	53044	6
12630	53107	3
12630	53297	1
12630	53406	3
12630	53449	2
12630	53692	1
12630	53706	6
12630	53875	12
12630	53926	1
12630	54487	6
12630	55041	39
12630	55347	1
12630	55577	1
12630	55630	3
12630	55970	1
12630	56177	2
12630	56705	7
12630	56783	4
12630	57029	1
12630	57350	1
12630	58286	9
12630	58300	3
12630	58321	1
12630	58352	46
12630	58397	25
12630	58461	5
12630	58495	6
12630	58523	11
12630	58554	22
12630	58590	11
12630	59180	4
12630	59545	10
12630	59546	2
12630	59819	2
12630	60099	1
12630	60133	5
12630	60172	12
12630	60237	1
12630	60281	2
12630	60299	1
12630	60673	4
12630	60694	16
12630	60714	2
12630	60722	4
12630	60998	13
12630	61043	9
12630	61085	1
12630	61194	1
12630	61244	1
12630	61269	15
12630	61501	9
12630	61538	2
12630	61727	1
12630	61755	1
12630	61836	8
12630	61914	2
12630	61953	3
12630	61985	7
12630	62508	10
12630	62577	2
12630	62594	3
12630	62612	18
12630	62636	7
12630	62662	3
12630	62695	3
12630	62705	7
12630	62722	3
12630	62730	3
12630	62752	7
12630	62779	19
12630	62813	4
12630	62863	4
12630	62919	2
12630	62930	5
12630	63080	1
12630	63096	1
12630	63189	2
12630	63388	7
12630	63390	9
13554	13784	23
13554	13894	3
13554	14752	3
13554	14831	17
13554	15409	15
13554	16454	86
13554	16992	13
13554	17616	7
13554	18048	20
13554	18350	27
13554	18608	3
13554	18695	23
13554	18753	6
13554	18806	8
13554	19683	27
13554	20089	2
13554	20297	80
13554	20391	2
13554	20728	3
13554	20743	21
13554	20859	2
13554	20865	6
13554	20883	2
13554	21024	8
13554	21173	7
13554	21280	12
13554	21335	4
13554	21353	12
13554	21827	4
13554	22048	21
13554	22072	26
13554	22075	5
13554	22114	40
13554	22143	5
13554	22532	24
13554	22906	1
13554	23010	3
13554	23040	5
13554	23056	4
13554	23430	4
13554	23440	10
13554	23754	2
13554	24028	1
13554	24513	5
13554	24631	6
13554	24650	336
13554	24838	1
13554	25093	11
13554	25436	3
13554	25970	5
13554	27512	32
13554	27608	2
13554	27633	1
13554	27689	2
13554	27929	6
13554	28005	10
13554	28409	9
13554	28636	5
13554	28980	2
13554	29008	32
13554	29164	16
13554	29184	32
13554	29262	13
13554	29313	2
13554	29576	14
13554	29801	5
13554	29812	4
13554	29855	29
13554	30311	4
13554	30409	1
13554	30479	20
13554	30653	6
13554	30913	16
13554	30955	9
13554	30978	3
13554	31002	2
13554	31025	5
13554	31032	38
13554	31042	2
13554	31063	10
13554	31092	8
13554	31109	8
13554	31137	5
13554	31361	14
13554	31787	5
13554	31800	2
13554	31826	6
13554	31842	2
13554	31848	1
13554	31864	3
13554	31871	22
13554	31880	9
13554	31891	3
13554	31950	4
13554	31972	10
13554	32024	1
13554	32230	1
13554	32327	7
13554	32560	5
13554	32564	20
13554	32653	11
13554	32659	11
13554	32723	61
13554	33074	150
13554	33332	1
13554	34120	1
13554	34125	113
13554	34247	18
13554	34483	83
13554	34558	2
13554	34621	1
13554	35107	1
13554	35710	1
13554	35722	3
13554	35760	39
13554	35856	3
13554	36134	8
13554	36201	12
13554	36290	5
13554	36440	2
13554	36817	1
13554	37556	12
13554	37971	49
13554	37989	3
13554	38017	8
13554	38228	27
13554	39660	7
13554	40155	13
13554	40250	20
13554	40285	36
13554	40983	2
13554	41174	17
13554	41179	9
13554	41492	2
13554	41575	9
13554	41600	37
13554	41723	1
13554	42020	18
13554	42168	58
13554	42694	13
13554	43479	16
13554	43794	5
13554	43860	5
13554	44019	1
13554	45000	6
13554	45766	9
13554	46424	4
13554	46482	2
13554	46584	30
13554	46751	8
13554	46756	1
13554	47199	5
13554	48454	49
13554	48571	1
13554	48621	98
13554	48633	3
13554	48832	1
13554	49021	18
13554	50019	2
13554	50040	1
13554	50543	8
13554	50550	22
13554	51116	11
13554	51139	1
13554	51385	14
13554	51506	42
13554	51591	17
13554	51626	20
13554	51676	25
13554	51888	6
13554	51954	34
13554	52257	15
13554	52286	38
13554	52378	5
13554	52451	3
13554	52675	15
13554	52688	66
13554	53044	21
13554	53297	9
13554	53406	13
13554	53449	13
13554	53656	24
13554	53692	4
13554	53875	58
13554	53878	5
13554	54003	1
13554	54416	1
13554	54487	68
13554	55041	11
13554	55347	2
13554	55577	14
13554	55630	14
13554	55906	6
13554	55970	9
13554	56177	13
13554	56705	47
13554	56783	5
13554	56817	1
13554	57029	5
13554	57350	5
13554	58230	1
13554	58270	1
13554	58286	4
13554	58300	6
13554	58308	1
13554	58352	5
13554	58397	12
13554	58461	2
13554	58495	4
13554	58523	10
13554	58554	8
13554	58590	7
13554	59180	19
13554	59545	7
13554	59546	15
13554	59819	14
13554	59876	3
13554	60099	1
13554	60118	8
13554	60133	1
13554	60172	6
13554	60237	5
13554	60281	9
13554	60299	12
13554	60359	1
13554	60673	1
13554	60714	6
13554	60921	1
13554	60998	10
13554	61024	5
13554	61043	1
13554	61085	8
13554	61109	6
13554	61194	3
13554	61244	1
13554	61501	73
13554	61538	18
13554	61727	4
13554	61755	10
13554	61836	4
13554	61914	2
13554	61985	6
13554	62270	12
13554	62508	5
13554	62585	1
13554	62612	3
13554	62636	4
13554	62656	1
13554	62662	1
13554	62695	3
13554	62713	1
13554	62730	2
13554	62752	2
13554	62779	9
13554	62813	1
13554	62911	1
13554	62919	3
13554	62930	1
13554	63080	1
13554	63096	4
13554	63158	2
13554	63189	6
13554	63390	10
13784	14831	7
13784	15409	2
13784	16454	35
13784	16992	11
13784	17616	3
13784	17756	2
13784	18048	4
13784	18338	1
13784	18350	12
13784	18608	2
13784	18695	4
13784	18806	2
13784	19683	1
13784	20297	34
13784	20728	5
13784	20865	2
13784	21024	4
13784	21173	2
13784	21280	2
13784	21335	3
13784	21353	12
13784	22048	4
13784	22072	7
13784	22075	1
13784	22114	9
13784	22143	5
13784	22532	7
13784	23010	1
13784	23040	1
13784	24028	1
13784	24513	3
13784	24631	3
13784	24650	137
13784	25093	4
13784	25105	3
13784	25436	1
13784	27512	12
13784	28005	2
13784	28636	5
13784	29008	14
13784	29184	9
13784	29262	3
13784	29313	3
13784	29576	6
13784	29801	4
13784	29855	11
13784	30311	1
13784	30321	2
13784	30479	7
13784	30913	1
13784	30937	1
13784	30955	1
13784	30978	1
13784	31002	1
13784	31015	1
13784	31032	12
13784	31063	4
13784	31092	7
13784	31109	2
13784	31137	6
13784	31170	1
13784	31787	2
13784	31800	2
13784	31826	2
13784	31842	2
13784	31864	2
13784	31871	5
13784	31880	3
13784	31891	3
13784	31911	1
13784	31950	3
13784	31972	4
13784	31998	1
13784	32024	4
13784	32327	5
13784	32564	3
13784	32653	6
13784	32659	4
13784	32723	21
13784	33074	41
13784	33332	1
13784	33573	1
13784	34125	40
13784	34247	2
13784	34483	28
13784	35760	24
13784	35856	1
13784	36134	4
13784	36201	3
13784	37556	4
13784	37971	23
13784	37989	5
13784	38228	9
13784	40155	29
13784	40250	10
13784	40285	31
13784	40983	1
13784	41174	3
13784	41179	6
13784	41492	1
13784	41600	15
13784	41723	1
13784	42020	5
13784	42168	15
13784	43479	11
13784	43794	2
13784	43860	2
13784	44019	1
13784	45000	2
13784	45307	3
13784	46482	1
13784	46584	5
13784	46756	6
13784	47199	2
13784	48454	24
13784	48571	3
13784	48621	35
13784	48633	3
13784	48720	5
13784	49021	11
13784	50277	1
13784	50543	3
13784	50550	12
13784	51116	1
13784	51385	6
13784	51506	17
13784	51591	4
13784	51626	17
13784	51676	4
13784	51954	1
13784	52257	4
13784	52286	15
13784	52378	1
13784	52419	1
13784	52675	3
13784	52688	29
13784	53044	3
13784	53297	2
13784	53406	3
13784	53449	4
13784	53650	1
13784	53656	4
13784	53692	2
13784	53706	1
13784	53875	19
13784	53926	1
13784	54487	18
13784	55041	14
13784	55577	3
13784	55630	2
13784	55970	2
13784	56177	8
13784	56705	17
13784	56783	4
13784	57029	1
13784	58286	2
13784	58300	1
13784	58352	7
13784	58397	4
13784	58495	2
13784	58523	4
13784	58554	8
13784	58590	4
13784	59180	6
13784	59545	2
13784	59546	4
13784	59819	9
13784	60118	2
13784	60172	3
13784	60237	2
13784	60281	4
13784	60299	2
13784	60673	3
13784	60694	1
13784	60722	1
13784	60998	2
13784	61043	2
13784	61085	1
13784	61109	2
13784	61244	1
13784	61501	11
13784	61538	19
13784	61727	10
13784	61755	5
13784	61836	4
13784	61914	1
13784	61985	3
13784	62270	1
13784	62508	4
13784	62612	1
13784	62636	3
13784	62695	1
13784	62713	1
13784	62722	1
13784	62730	2
13784	62752	3
13784	62779	5
13784	62813	2
13784	62863	1
13784	62878	1
13784	62919	3
13784	63189	1
13784	63390	4
13894	14752	9
13894	14831	2
13894	15167	7
13894	15409	11
13894	15676	4
13894	16454	27
13894	17616	4
13894	17749	10
13894	17756	1
13894	18048	5
13894	18338	2
13894	18350	1
13894	18608	6
13894	18695	1
13894	18753	1
13894	18806	6
13894	19683	10
13894	20089	3
13894	20297	25
13894	20391	1
13894	20743	1
13894	20883	2
13894	21024	1
13894	21173	7
13894	21280	4
13894	21827	1
13894	22048	1
13894	22072	13
13894	22075	7
13894	22114	13
13894	22532	10
13894	23010	1
13894	23040	3
13894	23056	1
13894	23320	4
13894	23430	3
13894	23754	6
13894	24028	1
13894	24513	2
13894	24650	78
13894	25093	2
13894	25105	2
13894	26201	1
13894	27512	3
13894	27633	6
13894	27689	9
13894	27812	1
13894	27929	6
13894	28005	4
13894	28155	1
13894	28409	7
13894	28636	1
13894	29008	8
13894	29164	1
13894	29184	1
13894	29262	2
13894	29812	5
13894	29855	26
13894	30303	3
13894	30311	1
13894	30321	1
13894	30409	1
13894	30479	1
13894	30913	7
13894	30937	1
13894	30955	3
13894	30978	7
13894	31002	3
13894	31015	1
13894	31025	4
13894	31032	10
13894	31042	3
13894	31063	8
13894	31092	4
13894	31109	8
13894	31137	13
13894	31170	2
13894	31361	3
13894	31787	6
13894	31826	1
13894	31842	5
13894	31864	18
13894	31871	4
13894	31880	5
13894	31891	4
13894	31911	8
13894	31950	4
13894	31972	4
13894	31998	9
13894	32070	1
13894	32327	1
13894	32560	8
13894	32564	31
13894	32659	2
13894	32723	6
13894	33074	19
13894	34120	7
13894	34125	31
13894	34247	3
13894	34483	25
13894	35107	4
13894	35760	3
13894	36134	2
13894	36201	11
13894	36817	38
13894	37971	38
13894	37989	1
13894	38228	8
13894	39660	1
13894	39669	2
13894	40155	1
13894	40250	1
13894	40285	11
13894	40820	4
13894	40983	20
13894	41179	4
13894	41600	8
13894	41723	1
13894	41930	4
13894	42020	2
13894	42168	15
13894	42694	1
13894	43794	3
13894	43860	1
13894	43884	1
13894	44080	1
13894	45307	3
13894	45766	4
13894	46424	6
13894	46482	3
13894	46584	4
13894	46751	4
13894	46756	2
13894	48454	10
13894	48621	9
13894	48633	2
13894	48832	6
13894	49021	3
13894	50019	1
13894	50040	6
13894	50277	7
13894	50543	2
13894	50550	1
13894	51385	5
13894	51591	1
13894	51676	28
13894	51954	16
13894	52257	2
13894	52286	1
13894	52378	4
13894	52419	4
13894	52451	4
13894	52675	3
13894	52688	17
13894	52712	5
13894	53044	5
13894	53107	4
13894	53297	2
13894	53406	10
13894	53449	1
13894	53650	2
13894	53656	1
13894	53692	1
13894	53706	2
13894	53875	53
13894	53878	3
13894	53926	7
13894	54003	1
13894	54416	6
13894	54487	18
13894	55041	9
13894	55347	31
13894	55577	3
13894	55906	11
13894	55970	6
13894	56177	16
13894	56705	9
13894	56783	10
13894	56817	3
13894	57029	30
13894	57350	2
13894	58270	4
13894	58286	2
13894	58308	4
13894	58321	3
13894	58397	5
13894	58461	13
13894	58495	7
13894	58523	6
13894	58554	6
13894	58590	27
13894	58667	1
13894	59180	6
13894	59545	2
13894	59546	16
13894	59819	3
13894	59876	7
13894	60118	4
13894	60133	1
13894	60237	1
13894	60281	1
13894	60299	1
13894	60673	2
13894	60684	1
13894	60694	1
13894	60714	1
13894	60722	2
13894	60921	2
13894	60998	1
13894	61024	5
13894	61109	7
13894	61120	4
13894	61194	12
13894	61269	2
13894	61501	21
13894	61755	6
13894	61836	1
13894	61914	5
13894	61953	9
13894	62270	2
13894	62594	1
13894	62612	7
13894	62636	4
13894	62662	1
13894	62695	2
13894	62713	3
13894	62722	2
13894	62730	4
13894	62752	8
13894	62779	6
13894	62813	14
13894	62878	1
13894	62919	1
13894	62930	4
13894	63080	45
13894	63189	1
13944	14752	8
13944	15177	7
13944	15676	2
13944	16454	13
13944	16992	1
13944	17749	1
13944	17756	5
13944	18048	1
13944	18350	1
13944	18608	2
13944	18695	8
13944	19683	7
13944	20089	8
13944	20297	1
13944	20391	2
13944	20743	13
13944	20859	4
13944	20883	11
13944	21173	1
13944	21280	1
13944	21827	2
13944	22072	1
13944	22114	17
13944	22532	2
13944	22906	13
13944	23010	27
13944	23040	19
13944	23056	28
13944	23320	1
13944	23430	19
13944	23440	13
13944	23754	11
13944	24028	2
13944	24513	1
13944	24650	12
13944	24838	7
13944	25105	30
13944	25281	3
13944	26201	1
13944	27608	1
13944	27633	8
13944	27689	62
13944	27812	5
13944	27929	1
13944	28005	3
13944	28636	3
13944	28980	3
13944	29164	4
13944	29313	1
13944	29801	1
13944	29812	3
13944	30303	4
13944	30311	5
13944	30374	6
13944	30409	9
13944	30653	4
13944	30955	6
13944	31002	2
13944	31015	2
13944	31032	1
13944	31042	1
13944	31063	1
13944	31092	4
13944	31109	6
13944	31137	13
13944	31170	1
13944	31787	1
13944	31800	1
13944	31826	1
13944	31842	9
13944	31848	13
13944	31871	1
13944	31880	19
13944	31891	15
13944	31911	1
13944	31950	6
13944	31972	13
13944	31998	8
13944	32024	1
13944	32230	19
13944	32327	2
13944	32560	7
13944	32564	65
13944	32659	3
13944	32723	2
13944	33074	2
13944	33332	13
13944	34120	2
13944	34125	6
13944	34483	5
13944	34558	10
13944	34621	2
13944	35107	2
13944	35710	11
13944	35722	9
13944	35760	1
13944	35856	13
13944	36290	1
13944	36440	6
13944	37971	11
13944	38017	4
13944	39660	1
13944	39669	1
13944	40155	1
13944	40285	3
13944	40769	1
13944	40820	4
13944	41174	2
13944	41179	2
13944	41600	1
13944	41723	1
13944	42168	2
13944	43479	1
13944	43794	2
13944	44019	1
13944	44080	13
13944	45307	7
13944	45766	15
13944	46584	2
13944	48454	2
13944	48720	2
13944	49021	1
13944	50019	4
13944	50040	3
13944	50550	1
13944	51385	1
13944	51676	2
13944	52378	1
13944	52451	1
13944	52688	5
13944	52712	9
13944	53044	7
13944	53107	5
13944	53406	2
13944	53650	5
13944	53656	2
13944	53878	5
13944	54003	1
13944	54416	16
13944	55041	1
13944	55577	3
13944	55906	1
13944	55970	1
13944	56817	12
13944	58230	49
13944	58286	2
13944	58300	2
13944	58308	2
13944	58321	8
13944	58352	15
13944	58397	1
13944	58461	3
13944	58495	9
13944	58523	3
13944	58590	6
13944	58667	2
13944	59180	1
13944	59546	8
13944	59876	12
13944	60099	2
13944	60118	65
13944	60133	3
13944	60281	1
13944	60299	2
13944	60359	7
13944	60673	1
13944	60714	27
13944	60722	3
13944	60921	3
13944	60998	10
13944	61043	4
13944	61085	22
13944	61109	37
13944	61194	47
13944	61244	4
13944	61538	1
13944	61727	2
13944	61755	1
13944	61953	1
13944	62270	5
13944	62585	13
13944	62594	5
13944	62612	5
13944	62636	7
13944	62656	4
13944	62695	3
13944	62705	1
13944	62752	7
13944	62779	6
13944	62813	5
13944	62863	2
13944	62919	1
13944	63096	1
13944	63158	13
13944	63189	11
13944	63497	1
14752	15177	1
14752	15409	4
14752	15676	1
14752	16454	34
14752	16992	1
14752	17616	3
14752	17749	23
14752	18350	2
14752	18695	16
14752	18806	3
14752	19525	1
14752	19683	31
14752	20089	11
14752	20297	12
14752	20391	6
14752	20743	40
14752	20859	11
14752	20883	9
14752	21280	1
14752	21827	16
14752	22048	3
14752	22072	25
14752	22075	9
14752	22114	38
14752	22532	12
14752	22906	2
14752	23010	6
14752	23040	29
14752	23056	11
14752	23320	1
14752	23430	26
14752	23440	43
14752	23754	31
14752	24028	15
14752	24513	11
14752	24631	4
14752	24650	54
14752	24838	6
14752	25105	7
14752	25281	6
14752	25970	1
14752	26201	1
14752	27512	1
14752	27608	4
14752	27633	6
14752	27689	67
14752	27812	3
14752	27929	2
14752	28005	7
14752	28409	3
14752	28636	1
14752	28980	3
14752	29008	10
14752	29164	5
14752	29262	7
14752	29812	13
14752	29855	6
14752	30303	3
14752	30311	9
14752	30374	11
14752	30409	9
14752	30479	2
14752	30653	4
14752	30913	10
14752	30937	2
14752	30955	9
14752	30978	5
14752	31002	2
14752	31015	2
14752	31032	2
14752	31042	3
14752	31063	4
14752	31092	10
14752	31109	16
14752	31137	7
14752	31170	8
14752	31361	4
14752	31787	3
14752	31826	1
14752	31842	6
14752	31848	3
14752	31864	9
14752	31871	5
14752	31880	28
14752	31891	14
14752	31911	3
14752	31950	3
14752	31972	15
14752	31998	24
14752	32070	1
14752	32230	8
14752	32560	37
14752	32564	146
14752	32659	1
14752	32723	3
14752	33074	13
14752	34120	1
14752	34125	29
14752	34247	1
14752	34483	9
14752	34558	12
14752	34621	4
14752	35107	8
14752	35710	10
14752	35722	10
14752	35760	9
14752	35856	7
14752	36134	1
14752	36201	2
14752	36290	3
14752	36440	9
14752	36817	12
14752	37556	3
14752	37971	15
14752	37989	1
14752	38017	4
14752	38228	6
14752	39660	3
14752	39669	7
14752	40155	5
14752	40285	7
14752	40769	4
14752	40820	12
14752	41179	8
14752	41575	2
14752	41600	5
14752	41723	3
14752	42020	1
14752	42168	5
14752	42694	6
14752	43479	2
14752	43794	5
14752	43860	2
14752	44080	21
14752	45307	18
14752	45766	16
14752	46424	2
14752	46482	5
14752	46584	1
14752	46751	15
14752	46756	1
14752	48454	7
14752	48571	2
14752	48621	5
14752	49021	4
14752	50019	3
14752	50040	4
14752	50550	1
14752	51116	1
14752	51385	3
14752	51626	1
14752	51676	8
14752	51782	2
14752	51888	1
14752	51954	11
14752	52257	6
14752	52286	1
14752	52378	2
14752	52419	7
14752	52451	5
14752	52675	6
14752	52688	16
14752	52712	23
14752	53044	10
14752	53107	2
14752	53297	3
14752	53406	2
14752	53457	9
14752	53650	24
14752	53656	1
14752	53875	10
14752	53878	10
14752	53926	14
14752	54003	4
14752	54416	2
14752	54487	8
14752	55041	2
14752	55347	5
14752	55577	3
14752	55630	1
14752	55906	5
14752	55970	1
14752	56177	4
14752	56705	5
14752	56783	2
14752	56817	6
14752	57029	1
14752	57350	2
14752	58230	18
14752	58270	2
14752	58300	2
14752	58308	7
14752	58321	7
14752	58352	6
14752	58397	8
14752	58461	11
14752	58495	8
14752	58523	6
14752	58554	9
14752	58590	15
14752	58667	8
14752	59180	2
14752	59545	4
14752	59546	34
14752	59876	21
14752	60099	1
14752	60118	73
14752	60133	3
14752	60281	1
14752	60299	6
14752	60359	13
14752	60673	3
14752	60684	1
14752	60694	4
14752	60714	4
14752	60722	5
14752	60921	2
14752	60998	11
14752	61024	4
14752	61043	1
14752	61085	14
14752	61109	85
14752	61120	1
14752	61194	30
14752	61244	6
14752	61269	1
14752	61501	5
14752	61538	2
14752	61755	1
14752	61914	2
14752	61953	16
14752	62270	3
14752	62577	2
14752	62585	5
14752	62594	3
14752	62612	11
14752	62636	4
14752	62656	2
14752	62662	2
14752	62695	6
14752	62713	1
14752	62722	2
14752	62730	7
14752	62752	11
14752	62779	12
14752	62813	6
14752	62863	5
14752	62911	4
14752	62930	5
14752	63080	11
14752	63096	3
14752	63158	25
14752	63189	17
14831	16454	8
14831	16992	8
14831	17616	2
14831	17756	2
14831	18048	5
14831	18338	2
14831	18350	1
14831	18608	1
14831	18695	2
14831	18753	2
14831	18806	9
14831	19683	1
14831	20297	31
14831	20391	2
14831	20728	7
14831	21024	5
14831	21335	4
14831	21353	7
14831	22048	4
14831	22072	9
14831	22075	6
14831	22114	17
14831	22143	2
14831	22532	5
14831	22772	1
14831	23010	2
14831	24631	2
14831	24650	123
14831	25093	6
14831	25436	2
14831	27512	6
14831	27608	5
14831	27633	1
14831	27689	2
14831	27812	3
14831	27929	2
14831	28409	2
14831	28636	9
14831	29008	4
14831	29164	1
14831	29262	6
14831	29313	1
14831	29576	3
14831	29801	2
14831	29855	3
14831	30321	1
14831	30374	4
14831	30479	4
14831	30913	2
14831	30955	3
14831	30978	1
14831	31002	1
14831	31025	2
14831	31032	2
14831	31042	1
14831	31063	1
14831	31092	2
14831	31137	10
14831	31170	1
14831	31361	2
14831	31800	3
14831	31826	5
14831	31842	4
14831	31864	1
14831	31871	1
14831	31880	1
14831	31911	4
14831	31950	2
14831	31972	6
14831	31998	5
14831	32024	3
14831	32327	5
14831	32564	6
14831	32653	6
14831	32723	13
14831	33074	15
14831	33332	2
14831	34125	37
14831	34247	2
14831	34483	12
14831	34621	1
14831	35760	31
14831	36201	12
14831	36440	1
14831	37556	1
14831	37971	3
14831	38228	9
14831	39660	2
14831	40155	9
14831	40250	2
14831	40285	18
14831	41174	2
14831	41179	6
14831	41575	2
14831	41600	17
14831	41723	2
14831	41882	20
14831	42020	3
14831	42168	2
14831	42694	12
14831	43479	7
14831	45000	1
14831	46584	3
14831	46756	1
14831	47199	4
14831	48454	45
14831	48621	22
14831	48633	2
14831	49021	1
14831	50019	1
14831	50543	2
14831	50550	14
14831	51116	2
14831	51506	8
14831	51626	8
14831	51676	8
14831	51888	2
14831	51954	18
14831	52286	11
14831	52675	6
14831	52688	18
14831	53044	1
14831	53656	1
14831	53692	1
14831	53706	2
14831	53875	19
14831	53878	4
14831	53926	2
14831	54487	3
14831	55041	9
14831	55347	1
14831	55630	2
14831	56705	5
14831	56783	1
14831	56817	1
14831	57029	5
14831	57350	1
14831	58230	1
14831	58270	1
14831	58286	2
14831	58300	1
14831	58308	1
14831	58321	2
14831	58352	35
14831	58397	4
14831	58461	1
14831	58495	3
14831	58523	5
14831	58554	10
14831	58590	3
14831	58667	1
14831	59180	12
14831	59545	6
14831	59546	1
14831	60099	1
14831	60118	2
14831	60133	2
14831	60172	4
14831	60673	1
14831	60714	2
14831	60722	3
14831	60921	1
14831	60998	7
14831	61085	1
14831	61120	3
14831	61269	2
14831	61501	2
14831	61727	3
14831	61755	2
14831	61836	2
14831	61914	1
14831	61953	1
14831	61985	3
14831	62270	4
14831	62508	1
14831	62577	4
14831	62612	5
14831	62636	3
14831	62662	2
14831	62705	1
14831	62752	1
14831	62779	5
14831	62863	3
14831	62878	1
14831	62930	3
14831	63388	2
14831	63390	4
15167	15676	2
15167	16454	219
15167	16992	1
15167	18048	23
15167	18338	12
15167	18608	4
15167	18695	1
15167	18753	1
15167	18806	6
15167	19683	4
15167	20089	6
15167	20297	41
15167	20883	46
15167	21173	4
15167	21353	2
15167	22072	9
15167	22075	5
15167	22114	8
15167	22906	13
15167	23056	2
15167	23320	27
15167	24631	21
15167	24650	65
15167	25093	1
15167	25281	5
15167	25970	5
15167	26201	5
15167	27812	1
15167	27929	1
15167	28005	1
15167	28155	21
15167	29262	4
15167	29855	144
15167	30374	1
15167	30978	1
15167	31015	20
15167	31025	27
15167	31032	7
15167	31092	4
15167	31109	7
15167	31170	4
15167	31787	7
15167	31800	13
15167	31842	4
15167	31848	20
15167	31871	2
15167	31911	1
15167	31950	3
15167	32327	8
15167	32560	4
15167	32564	7
15167	32659	119
15167	32723	1
15167	33074	9
15167	33573	66
15167	34120	3
15167	34125	49
15167	34247	9
15167	34483	165
15167	35760	1
15167	36134	18
15167	36817	1
15167	37971	1
15167	37989	1
15167	38228	1
15167	39660	1
15167	40155	12
15167	40285	22
15167	40769	32
15167	40983	11
15167	41174	6
15167	41179	3
15167	41492	8
15167	41575	1
15167	41600	7
15167	41723	4
15167	42020	35
15167	42168	1
15167	43860	6
15167	43884	1
15167	45000	8
15167	46424	21
15167	46751	1
15167	46756	77
15167	48454	1
15167	48571	46
15167	48621	19
15167	48832	66
15167	50277	33
15167	50550	1
15167	51116	1
15167	51139	9
15167	51385	6
15167	51626	4
15167	51676	51
15167	51954	2
15167	52286	2
15167	52378	2
15167	52675	2
15167	52688	50
15167	53044	3
15167	53406	5
15167	53449	23
15167	53457	5
15167	53692	2
15167	53875	11
15167	54487	1
15167	55041	14
15167	55347	5
15167	55630	1
15167	56177	107
15167	56705	11
15167	56783	91
15167	57029	16
15167	58270	10
15167	58308	4
15167	58321	1
15167	58352	5
15167	58397	5
15167	58461	8
15167	58523	1
15167	58554	9
15167	58590	4
15167	59180	1
15167	60099	4
15167	60118	6
15167	60133	2
15167	60237	16
15167	60673	1
15167	60684	28
15167	60714	1
15167	61024	37
15167	61043	1
15167	61085	1
15167	61120	7
15167	61194	6
15167	61244	77
15167	61501	11
15167	61755	3
15167	61836	1
15167	61985	4
15167	62577	1
15167	62612	6
15167	62636	2
15167	62662	1
15167	62695	1
15167	62722	4
15167	62730	4
15167	62752	43
15167	62779	7
15167	62863	9
15167	62878	16
15167	62919	4
15167	63080	3
15167	63497	5
15177	15676	2
15177	16454	10
15177	17749	1
15177	18048	2
15177	18350	1
15177	18608	2
15177	18695	4
15177	19683	65
15177	20089	10
15177	20297	6
15177	20391	3
15177	20743	4
15177	20883	3
15177	21827	15
15177	22072	2
15177	22114	35
15177	22532	2
15177	22906	1
15177	23010	2
15177	23040	102
15177	23056	19
15177	23320	1
15177	23430	78
15177	23440	12
15177	23754	54
15177	24513	1
15177	24650	28
15177	24838	1
15177	25093	1
15177	25105	19
15177	25281	1
15177	26201	1
15177	27608	2
15177	27633	1
15177	27689	155
15177	27812	2
15177	28005	8
15177	28636	15
15177	28980	15
15177	29008	1
15177	29164	2
15177	29812	18
15177	30311	15
15177	30374	3
15177	30409	2
15177	30653	2
15177	30955	1
15177	31063	15
15177	31109	22
15177	31842	2
15177	31848	19
15177	31871	1
15177	31880	55
15177	31891	23
15177	31950	1
15177	31972	28
15177	31998	2
15177	32230	3
15177	32560	97
15177	32564	152
15177	32659	19
15177	32723	2
15177	34120	1
15177	34125	5
15177	34483	7
15177	34558	17
15177	34621	1
15177	35710	19
15177	35722	8
15177	35760	1
15177	35856	10
15177	36201	1
15177	36440	1
15177	37971	5
15177	38017	2
15177	39669	15
15177	40285	2
15177	40820	2
15177	42020	1
15177	42168	1
15177	43794	34
15177	44080	33
15177	45307	3
15177	45766	51
15177	46424	1
15177	46584	1
15177	46751	15
15177	49021	1
15177	50019	5
15177	50550	1
15177	51676	3
15177	51782	106
15177	52257	1
15177	52419	15
15177	52451	15
15177	52688	19
15177	52712	69
15177	53044	5
15177	53107	1
15177	53457	2
15177	53650	1
15177	54003	1
15177	54416	1
15177	54487	2
15177	55041	1
15177	56705	1
15177	56817	1
15177	58230	9
15177	58308	5
15177	58352	1
15177	58397	15
15177	58495	1
15177	58523	31
15177	58590	5
15177	58667	62
15177	59180	17
15177	59546	98
15177	59876	1
15177	60099	2
15177	60118	44
15177	60133	2
15177	60299	2
15177	60359	26
15177	60694	2
15177	60714	1
15177	60722	1
15177	60998	9
15177	61085	6
15177	61109	80
15177	61194	14
15177	61244	1
15177	61501	3
15177	61755	1
15177	62585	2
15177	62612	2
15177	62636	2
15177	62656	4
15177	62695	1
15177	62752	2
15177	62779	34
15177	62813	1
15177	62863	2
15177	62930	30
15177	63096	1
15177	63158	19
15177	63189	5
15177	63497	1
15409	16454	115
15409	16992	1
15409	17616	4
15409	17749	6
15409	18048	8
15409	18608	2
15409	18695	21
15409	18753	3
15409	18806	9
15409	19683	165
15409	20089	1
15409	20297	51
15409	20728	4
15409	20743	25
15409	20859	2
15409	20865	3
15409	20883	2
15409	21024	5
15409	21173	10
15409	21280	5
15409	21353	1
15409	21827	6
15409	22048	6
15409	22072	7
15409	22114	200
15409	22143	2
15409	22532	7
15409	22906	1
15409	23010	4
15409	23040	7
15409	23056	4
15409	23430	4
15409	23440	12
15409	23754	5
15409	24028	8
15409	24513	3
15409	24631	7
15409	24650	158
15409	24838	5
15409	25093	1
15409	25281	4
15409	25436	2
15409	26201	84
15409	27512	8
15409	27633	4
15409	27689	1
15409	27929	10
15409	28005	7
15409	28409	10
15409	28636	7
15409	28980	88
15409	29008	12
15409	29164	6
15409	29184	13
15409	29262	1
15409	29576	2
15409	29801	2
15409	29812	5
15409	29855	21
15409	30303	1
15409	30311	4
15409	30321	2
15409	30409	4
15409	30479	4
15409	30653	3
15409	30913	7
15409	30955	4
15409	30978	2
15409	31025	2
15409	31032	11
15409	31042	2
15409	31063	11
15409	31092	3
15409	31109	8
15409	31137	4
15409	31361	7
15409	31787	1
15409	31826	3
15409	31842	3
15409	31848	1
15409	31864	21
15409	31871	9
15409	31880	14
15409	31891	3
15409	31950	5
15409	31972	3
15409	31998	4
15409	32070	2
15409	32230	2
15409	32327	1
15409	32560	11
15409	32564	40
15409	32653	4
15409	32659	11
15409	32723	16
15409	33074	55
15409	33573	2
15409	34120	23
15409	34125	66
15409	34247	5
15409	34483	114
15409	34558	2
15409	34621	3
15409	35107	2
15409	35710	3
15409	35722	5
15409	35760	12
15409	35856	3
15409	36134	3
15409	36201	1
15409	36290	43
15409	36440	6
15409	36817	6
15409	37971	107
15409	37989	1
15409	38017	8
15409	38228	31
15409	39660	3
15409	39669	47
15409	40155	24
15409	40250	2
15409	40285	23
15409	40820	12
15409	40983	9
15409	41174	3
15409	41179	6
15409	41575	3
15409	41600	12
15409	41723	1
15409	41882	1
15409	41930	10
15409	42020	6
15409	42168	53
15409	43479	2
15409	43794	5
15409	43860	5
15409	44080	4
15409	45000	2
15409	45307	2
15409	45766	13
15409	46424	2
15409	46482	2
15409	46584	18
15409	46751	13
15409	48454	9
15409	48621	43
15409	48633	1
15409	48832	1
15409	50019	2
15409	50040	1
15409	50543	1
15409	50550	11
15409	51116	2
15409	51385	27
15409	51506	6
15409	51591	5
15409	51626	3
15409	51676	28
15409	51782	16
15409	51888	2
15409	51954	2
15409	52257	4
15409	52286	7
15409	52378	12
15409	52419	2
15409	52451	40
15409	52675	4
15409	52688	49
15409	52712	2
15409	53044	6
15409	53107	15
15409	53297	62
15409	53406	31
15409	53449	4
15409	53457	2
15409	53650	3
15409	53656	6
15409	53706	2
15409	53875	77
15409	53878	4
15409	53926	4
15409	54003	27
15409	54416	10
15409	54487	40
15409	55041	10
15409	55347	41
15409	55577	31
15409	55630	1
15409	55906	28
15409	55970	31
15409	56177	21
15409	56705	30
15409	56783	15
15409	56817	27
15409	57029	7
15409	57350	2
15409	58230	1
15409	58270	7
15409	58286	3
15409	58300	3
15409	58321	5
15409	58352	1
15409	58397	6
15409	58461	1
15409	58495	3
15409	58523	21
15409	58554	8
15409	58590	12
15409	58667	3
15409	59180	5
15409	59546	19
15409	59819	8
15409	59876	4
15409	60099	1
15409	60118	24
15409	60172	1
15409	60237	3
15409	60281	5
15409	60299	8
15409	60359	1
15409	60673	1
15409	60714	7
15409	60722	4
15409	60921	4
15409	60998	5
15409	61024	1
15409	61085	24
15409	61109	35
15409	61194	13
15409	61244	1
15409	61501	33
15409	61538	6
15409	61755	24
15409	61914	2
15409	62270	15
15409	62508	2
15409	62585	1
15409	62612	2
15409	62656	1
15409	62695	3
15409	62713	9
15409	62730	5
15409	62752	15
15409	62779	6
15409	62813	2
15409	62878	1
15409	62911	59
15409	62930	3
15409	63080	10
15409	63158	4
15409	63189	24
15409	63390	6
15409	63497	1
15676	16454	46
15676	17616	1
15676	17749	2
15676	18048	2
15676	18338	1
15676	18350	2
15676	18608	24
15676	18695	3
15676	18806	4
15676	19683	16
15676	20089	2
15676	20297	25
15676	20728	3
15676	20743	4
15676	20883	6
15676	21024	2
15676	21173	16
15676	21335	1
15676	21353	2
15676	22072	25
15676	22075	2
15676	22114	17
15676	22906	2
15676	23010	2
15676	23056	4
15676	23320	6
15676	23440	2
15676	23754	4
15676	24028	1
15676	24513	2
15676	24631	3
15676	24650	35
15676	26201	2
15676	27633	1
15676	27689	10
15676	27812	1
15676	27929	2
15676	28005	2
15676	28155	1
15676	28636	2
15676	28980	2
15676	29008	1
15676	29164	1
15676	29262	2
15676	29812	2
15676	29855	27
15676	30303	3
15676	30311	1
15676	30374	2
15676	30409	2
15676	30479	1
15676	30653	1
15676	30913	1
15676	30937	1
15676	30955	5
15676	30978	1
15676	31002	2
15676	31015	2
15676	31025	1
15676	31063	2
15676	31092	1
15676	31109	7
15676	31137	6
15676	31170	2
15676	31361	3
15676	31800	1
15676	31826	1
15676	31842	7
15676	31871	2
15676	31880	3
15676	31891	1
15676	31950	1
15676	31972	5
15676	32070	4
15676	32230	4
15676	32327	5
15676	32560	4
15676	32564	12
15676	32653	2
15676	32659	4
15676	32723	3
15676	33074	8
15676	33332	9
15676	34120	2
15676	34125	32
15676	34247	2
15676	34483	47
15676	34558	1
15676	35107	1
15676	35710	2
15676	35722	3
15676	36134	3
15676	36290	1
15676	36440	5
15676	36817	3
15676	37971	23
15676	38228	5
15676	39660	2
15676	40155	1
15676	40250	2
15676	40285	18
15676	40820	3
15676	40983	4
15676	41174	1
15676	41179	1
15676	41492	19
15676	41600	7
15676	42020	7
15676	42168	4
15676	43794	3
15676	43860	50
15676	43884	8
15676	44080	2
15676	45000	3
15676	45766	2
15676	46424	14
15676	46751	3
15676	46756	1
15676	47199	1
15676	48454	4
15676	48621	10
15676	48832	2
15676	49021	2
15676	50019	6
15676	50040	2
15676	50543	4
15676	50550	1
15676	51116	1
15676	51139	1
15676	51385	4
15676	51506	4
15676	51591	3
15676	51626	2
15676	51676	15
15676	51954	1
15676	52378	4
15676	52419	1
15676	52688	9
15676	52712	2
15676	53406	5
15676	53449	13
15676	53656	10
15676	53692	4
15676	53706	1
15676	53875	13
15676	54487	6
15676	55041	1
15676	55347	9
15676	55577	2
15676	55906	1
15676	56177	20
15676	56705	4
15676	56783	13
15676	57029	7
15676	58230	14
15676	58270	1
15676	58300	1
15676	58308	3
15676	58321	1
15676	58352	3
15676	58397	7
15676	58461	1
15676	58495	1
15676	58523	6
15676	58554	3
15676	58590	6
15676	58667	1
15676	59545	5
15676	59546	2
15676	59819	2
15676	60118	6
15676	60133	1
15676	60237	2
15676	60299	2
15676	60359	1
15676	60684	4
15676	60694	3
15676	60722	6
15676	60998	1
15676	61024	1
15676	61085	3
15676	61109	6
15676	61194	7
15676	61269	1
15676	61501	1
15676	61727	1
15676	61755	2
15676	61914	2
15676	61953	1
15676	61985	1
15676	62270	1
15676	62508	1
15676	62612	8
15676	62636	2
15676	62656	1
15676	62662	1
15676	62695	3
15676	62705	1
15676	62730	1
15676	62752	10
15676	62779	2
15676	62813	2
15676	62863	3
15676	62911	1
15676	63080	2
15676	63189	3
15676	63388	1
15676	63497	2
16454	16992	37
16454	17616	39
16454	17749	16
16454	17756	2
16454	18048	262
16454	18338	151
16454	18350	3
16454	18608	231
16454	18695	186
16454	18753	41
16454	18806	153
16454	19525	17
16454	19683	385
16454	20089	35
16454	20297	999
16454	20391	48
16454	20728	22
16454	20743	78
16454	20859	9
16454	20865	15
16454	20883	405
16454	21024	18
16454	21173	142
16454	21280	45
16454	21335	13
16454	21353	38
16454	21827	19
16454	22048	23
16454	22072	248
16454	22075	74
16454	22114	780
16454	22143	17
16454	22532	51
16454	22772	39
16454	22906	162
16454	23010	32
16454	23040	50
16454	23056	46
16454	23320	112
16454	23430	73
16454	23440	50
16454	23754	25
16454	24028	32
16454	24513	38
16454	24631	436
16454	24650	2092
16454	24838	14
16454	25093	37
16454	25105	4
16454	25281	14
16454	25436	24
16454	25970	95
16454	26201	52
16454	27512	78
16454	27608	12
16454	27633	12
16454	27689	89
16454	27812	59
16454	27929	93
16454	28005	70
16454	28155	226
16454	28409	60
16454	28636	71
16454	28980	143
16454	29008	87
16454	29164	36
16454	29184	76
16454	29262	121
16454	29313	26
16454	29576	173
16454	29801	25
16454	29812	16
16454	29855	978
16454	30303	34
16454	30311	15
16454	30321	2
16454	30374	20
16454	30409	8
16454	30479	48
16454	30653	29
16454	30913	32
16454	30937	7
16454	30955	43
16454	30978	19
16454	31002	23
16454	31015	48
16454	31025	153
16454	31032	168
16454	31042	8
16454	31063	54
16454	31092	42
16454	31109	83
16454	31137	52
16454	31170	21
16454	31361	57
16454	31787	97
16454	31800	29
16454	31826	27
16454	31842	27
16454	31848	70
16454	31864	22
16454	31871	70
16454	31880	64
16454	31891	36
16454	31911	20
16454	31950	22
16454	31972	50
16454	31998	24
16454	32024	16
16454	32070	37
16454	32230	26
16454	32327	81
16454	32560	67
16454	32564	433
16454	32653	25
16454	32659	572
16454	32723	171
16454	33074	444
16454	33332	28
16454	33573	164
16454	34120	43
16454	34125	1168
16454	34247	119
16454	34483	3437
16454	34558	20
16454	34621	46
16454	35107	26
16454	35710	10
16454	35722	18
16454	35760	121
16454	35856	20
16454	36134	323
16454	36201	13
16454	36290	70
16454	36440	25
16454	36817	27
16454	37556	4
16454	37971	679
16454	37989	35
16454	38017	33
16454	38228	144
16454	39660	34
16454	39669	44
16454	40155	285
16454	40250	9
16454	40285	746
16454	40769	59
16454	40820	13
16454	40983	156
16454	41174	171
16454	41179	115
16454	41492	101
16454	41575	68
16454	41600	201
16454	41723	16
16454	41882	1
16454	41930	183
16454	42020	494
16454	42168	470
16454	42603	20
16454	42694	5
16454	43479	31
16454	43794	25
16454	43860	208
16454	43884	62
16454	44019	79
16454	44080	30
16454	45000	58
16454	45307	23
16454	45766	91
16454	46424	277
16454	46482	7
16454	46584	126
16454	46751	20
16454	46756	515
16454	47199	6
16454	48454	172
16454	48571	159
16454	48621	488
16454	48633	38
16454	48720	10
16454	48832	453
16454	49021	10
16454	50019	10
16454	50040	14
16454	50277	140
16454	50543	43
16454	50550	87
16454	51116	121
16454	51139	96
16454	51385	201
16454	51506	84
16454	51591	52
16454	51626	58
16454	51676	650
16454	51782	21
16454	51888	13
16454	51954	39
16454	52257	65
16454	52286	99
16454	52378	87
16454	52419	15
16454	52451	46
16454	52675	60
16454	52688	694
16454	52712	30
16454	53044	93
16454	53107	15
16454	53297	70
16454	53406	278
16454	53449	298
16454	53457	104
16454	53650	92
16454	53656	24
16454	53692	24
16454	53706	42
16454	53875	284
16454	53878	53
16454	53926	8
16454	54003	59
16454	54416	173
16454	54487	200
16454	55041	330
16454	55347	87
16454	55577	149
16454	55630	35
16454	55906	58
16454	55970	68
16454	56177	1724
16454	56705	313
16454	56783	1060
16454	56817	15
16454	57029	185
16454	57350	14
16454	58230	72
16454	58270	204
16454	58286	22
16454	58300	19
16454	58308	33
16454	58321	21
16454	58352	60
16454	58397	103
16454	58461	39
16454	58495	34
16454	58523	66
16454	58554	134
16454	58590	55
16454	58667	10
16454	59180	76
16454	59545	56
16454	59546	99
16454	59819	36
16454	59876	15
16454	60099	11
16454	60118	285
16454	60133	26
16454	60172	11
16454	60237	149
16454	60281	55
16454	60299	53
16454	60359	22
16454	60673	14
16454	60684	63
16454	60694	5
16454	60714	28
16454	60722	24
16454	60921	87
16454	60998	29
16454	61024	289
16454	61043	6
16454	61085	83
16454	61109	183
16454	61120	42
16454	61194	122
16454	61244	136
16454	61269	16
16454	61501	236
16454	61538	48
16454	61727	48
16454	61755	196
16454	61836	14
16454	61914	23
16454	61953	23
16454	61985	18
16454	62270	186
16454	62508	14
16454	62577	9
16454	62585	4
16454	62594	8
16454	62612	49
16454	62636	82
16454	62656	10
16454	62662	41
16454	62695	41
16454	62705	4
16454	62713	13
16454	62722	13
16454	62730	22
16454	62752	160
16454	62779	60
16454	62813	32
16454	62863	28
16454	62878	35
16454	62911	12
16454	62919	20
16454	62930	16
16454	63080	25
16454	63096	39
16454	63158	28
16454	63189	35
16454	63388	2
16454	63390	36
16454	63497	51
16992	17616	1
16992	17756	2
16992	18048	5
16992	18338	1
16992	18350	8
16992	18608	1
16992	18695	3
16992	18753	3
16992	18806	7
16992	19525	9
16992	19683	2
16992	20297	52
16992	20728	9
16992	20743	3
16992	20859	3
16992	20865	6
16992	20883	2
16992	21024	9
16992	21173	1
16992	21280	3
16992	21335	4
16992	21353	14
16992	21827	4
16992	22048	3
16992	22072	20
16992	22075	9
16992	22114	11
16992	22532	5
16992	23010	4
16992	23040	3
16992	23056	3
16992	23320	1
16992	23440	1
16992	23754	3
16992	24028	1
16992	24513	1
16992	24631	6
16992	24650	219
16992	25093	9
16992	25281	4
16992	25436	10
16992	25970	6
16992	27512	22
16992	27608	2
16992	27633	1
16992	27689	1
16992	27929	2
16992	28005	2
16992	28636	11
16992	28980	2
16992	29008	1
16992	29184	2
16992	29262	5
16992	29313	7
16992	29576	3
16992	29801	8
16992	29812	1
16992	29855	1
16992	30303	1
16992	30311	2
16992	30321	3
16992	30409	1
16992	30479	6
16992	30913	4
16992	30937	3
16992	30955	8
16992	30978	5
16992	31002	3
16992	31015	1
16992	31032	4
16992	31042	1
16992	31063	3
16992	31092	11
16992	31109	4
16992	31137	12
16992	31170	3
16992	31361	1
16992	31800	4
16992	31826	2
16992	31842	3
16992	31848	1
16992	31864	1
16992	31871	5
16992	31880	2
16992	31891	4
16992	31911	2
16992	31950	3
16992	31972	8
16992	31998	7
16992	32024	3
16992	32070	1
16992	32230	1
16992	32327	5
16992	32560	3
16992	32564	10
16992	32653	6
16992	32659	4
16992	32723	39
16992	33074	41
16992	33332	7
16992	34120	1
16992	34125	49
16992	34247	3
16992	34483	31
16992	34558	2
16992	35760	35
16992	36134	1
16992	36201	1
16992	36290	1
16992	37556	5
16992	37971	8
16992	37989	9
16992	38228	12
16992	40155	17
16992	40250	6
16992	40285	35
16992	40820	1
16992	40983	2
16992	41174	5
16992	41179	4
16992	41600	31
16992	42020	2
16992	42168	19
16992	42694	2
16992	43479	9
16992	44019	4
16992	44080	3
16992	45000	2
16992	45307	2
16992	45766	1
16992	46424	2
16992	46482	1
16992	46584	5
16992	47199	3
16992	48454	75
16992	48621	42
16992	48633	2
16992	48832	3
16992	49021	4
16992	50040	1
16992	50277	1
16992	50543	3
16992	50550	22
16992	51116	1
16992	51139	4
16992	51385	8
16992	51506	15
16992	51591	2
16992	51626	11
16992	51676	6
16992	51888	1
16992	51954	1
16992	52257	2
16992	52286	11
16992	52378	3
16992	52419	1
16992	52675	3
16992	52688	36
16992	52712	1
16992	53044	7
16992	53297	2
16992	53406	5
16992	53449	2
16992	53656	3
16992	53692	1
16992	53706	3
16992	53875	9
16992	53878	1
16992	53926	1
16992	54003	1
16992	54487	4
16992	55041	27
16992	55347	3
16992	55577	3
16992	55630	3
16992	55906	1
16992	56177	12
16992	56705	12
16992	56783	4
16992	56817	1
16992	57029	4
16992	57350	5
16992	58230	6
16992	58270	1
16992	58286	2
16992	58300	3
16992	58321	9
16992	58352	25
16992	58397	8
16992	58461	1
16992	58495	12
16992	58523	6
16992	58554	12
16992	58590	3
16992	58667	1
16992	59180	18
16992	59545	9
16992	59546	1
16992	59819	7
16992	60118	5
16992	60172	6
16992	60237	3
16992	60281	3
16992	60299	2
16992	60359	2
16992	60694	6
16992	60714	3
16992	60722	2
16992	60998	11
16992	61043	2
16992	61085	5
16992	61109	4
16992	61120	1
16992	61194	2
16992	61244	1
16992	61269	4
16992	61501	7
16992	61538	18
16992	61727	3
16992	61755	8
16992	61836	5
16992	61914	1
16992	61953	4
16992	61985	7
16992	62577	3
16992	62585	1
16992	62594	2
16992	62612	6
16992	62636	2
16992	62656	2
16992	62662	1
16992	62705	1
16992	62722	3
16992	62752	4
16992	62779	10
16992	62813	2
16992	62919	1
16992	62930	2
16992	63096	2
16992	63158	5
16992	63189	1
16992	63388	1
16992	63390	8
17616	17749	3
17616	18048	5
17616	18608	5
17616	18695	1
17616	18753	2
17616	18806	6
17616	19683	11
17616	20089	1
17616	20297	59
17616	20391	4
17616	20728	4
17616	20743	2
17616	20865	4
17616	21024	2
17616	21173	1
17616	21280	4
17616	21353	11
17616	21827	1
17616	22048	18
17616	22072	21
17616	22075	5
17616	22114	23
17616	22143	2
17616	22532	1
17616	23056	1
17616	23754	2
17616	24028	4
17616	24513	3
17616	24631	4
17616	24650	210
17616	25093	17
17616	25105	1
17616	25436	4
17616	25970	3
17616	27512	24
17616	27689	3
17616	27929	2
17616	28005	1
17616	28409	1
17616	28636	1
17616	28980	1
17616	29008	8
17616	29164	2
17616	29184	6
17616	29313	2
17616	29576	2
17616	29801	3
17616	29812	2
17616	29855	7
17616	30479	6
17616	30653	2
17616	30913	7
17616	30937	1
17616	30955	1
17616	30978	8
17616	31002	2
17616	31025	1
17616	31032	3
17616	31042	3
17616	31063	7
17616	31092	5
17616	31109	11
17616	31137	5
17616	31170	2
17616	31361	2
17616	31826	1
17616	31842	1
17616	31864	5
17616	31871	3
17616	31880	1
17616	31891	1
17616	31950	2
17616	31972	4
17616	32024	11
17616	32230	2
17616	32327	5
17616	32560	2
17616	32564	14
17616	32653	2
17616	32659	8
17616	32723	25
17616	33074	31
17616	33332	5
17616	34120	1
17616	34125	38
17616	34247	21
17616	34483	34
17616	34558	1
17616	34621	1
17616	35107	1
17616	35722	1
17616	35760	174
17616	36201	4
17616	36290	2
17616	36440	1
17616	36817	3
17616	37556	4
17616	37971	35
17616	38228	16
17616	39660	1
17616	40155	29
17616	40250	1
17616	40285	31
17616	40820	1
17616	40983	4
17616	41174	3
17616	41179	8
17616	41492	1
17616	41575	2
17616	41600	88
17616	41930	14
17616	42020	6
17616	42168	12
17616	42694	5
17616	43479	4
17616	43860	1
17616	44019	1
17616	44080	3
17616	45000	8
17616	45766	16
17616	46424	6
17616	46584	8
17616	47199	3
17616	48454	25
17616	48621	48
17616	48633	2
17616	49021	2
17616	50019	1
17616	50543	1
17616	50550	37
17616	51116	3
17616	51385	1
17616	51506	23
17616	51591	3
17616	51626	2
17616	51676	10
17616	51888	14
17616	51954	2
17616	52257	6
17616	52286	6
17616	52378	2
17616	52419	1
17616	52675	2
17616	52688	49
17616	52712	2
17616	53044	14
17616	53107	1
17616	53297	1
17616	53406	7
17616	53449	1
17616	53656	6
17616	53706	2
17616	53875	25
17616	53878	3
17616	53926	3
17616	54003	6
17616	54487	14
17616	55041	77
17616	55347	1
17616	55577	2
17616	55630	4
17616	55906	4
17616	55970	2
17616	56177	4
17616	56705	12
17616	57029	4
17616	57350	1
17616	58230	1
17616	58270	2
17616	58286	7
17616	58300	3
17616	58308	2
17616	58352	1
17616	58397	2
17616	58461	3
17616	58495	3
17616	58523	4
17616	58554	7
17616	58590	7
17616	59180	2
17616	59545	2
17616	59819	3
17616	59876	1
17616	60118	6
17616	60133	1
17616	60172	3
17616	60237	2
17616	60281	1
17616	60299	2
17616	60673	1
17616	60714	1
17616	60722	2
17616	60998	5
17616	61024	1
17616	61043	2
17616	61085	4
17616	61109	1
17616	61120	1
17616	61194	3
17616	61269	2
17616	61501	14
17616	61538	2
17616	61755	12
17616	61836	3
17616	61914	1
17616	61953	1
17616	61985	1
17616	62270	4
17616	62508	1
17616	62636	5
17616	62662	1
17616	62705	1
17616	62713	2
17616	62722	1
17616	62730	3
17616	62752	3
17616	62779	4
17616	62813	1
17616	62863	2
17616	62878	2
17616	62911	2
17616	62930	2
17616	63080	4
17616	63096	2
17616	63189	4
17616	63388	2
17616	63390	2
17616	63497	2
17749	18608	1
17749	18806	1
17749	19683	4
17749	20089	7
17749	20297	4
17749	20391	1
17749	20743	8
17749	20859	3
17749	20883	1
17749	21173	3
17749	21827	2
17749	22072	12
17749	22114	18
17749	22532	10
17749	22906	1
17749	23040	5
17749	23056	8
17749	23430	14
17749	23440	7
17749	23754	18
17749	24028	4
17749	24513	12
17749	24631	1
17749	24650	34
17749	25093	3
17749	25281	2
17749	25436	1
17749	26201	1
17749	27512	2
17749	27608	1
17749	27633	1
17749	27689	38
17749	27812	1
17749	27929	1
17749	28005	4
17749	28636	1
17749	28980	4
17749	29008	6
17749	29164	4
17749	29184	1
17749	29576	1
17749	29812	8
17749	29855	1
17749	30303	11
17749	30311	2
17749	30374	1
17749	30653	4
17749	30913	6
17749	30955	3
17749	30978	10
17749	31002	6
17749	31015	2
17749	31032	1
17749	31042	2
17749	31063	2
17749	31092	2
17749	31109	21
17749	31137	11
17749	31170	11
17749	31787	2
17749	31800	1
17749	31826	2
17749	31842	6
17749	31864	6
17749	31871	3
17749	31880	8
17749	31891	14
17749	31911	8
17749	31950	4
17749	31972	4
17749	31998	6
17749	32230	6
17749	32327	1
17749	32560	13
17749	32564	70
17749	32659	5
17749	32723	1
17749	33074	4
17749	34120	1
17749	34125	26
17749	34247	2
17749	34483	7
17749	34558	3
17749	35107	7
17749	35722	3
17749	35760	2
17749	36134	1
17749	36201	1
17749	36290	1
17749	36440	2
17749	36817	6
17749	37971	3
17749	38017	1
17749	38228	6
17749	39669	1
17749	40285	1
17749	40820	6
17749	40983	1
17749	41179	3
17749	41492	3
17749	41600	1
17749	41723	1
17749	42020	1
17749	42168	2
17749	43794	2
17749	43860	1
17749	44080	22
17749	45307	8
17749	45766	7
17749	46424	8
17749	46482	2
17749	46584	1
17749	46751	8
17749	46756	1
17749	48454	3
17749	48621	7
17749	48832	1
17749	49021	8
17749	50019	3
17749	50040	2
17749	50550	1
17749	51139	3
17749	51385	1
17749	51506	1
17749	51626	2
17749	51676	2
17749	51954	1
17749	52378	1
17749	52419	5
17749	52675	1
17749	52688	7
17749	52712	11
17749	53044	7
17749	53297	1
17749	53406	3
17749	53457	2
17749	53650	4
17749	53656	1
17749	53692	1
17749	53875	10
17749	53878	1
17749	53926	34
17749	54416	2
17749	54487	4
17749	55041	3
17749	55347	1
17749	55577	1
17749	55906	9
17749	55970	3
17749	56177	6
17749	56705	4
17749	56783	10
17749	56817	1
17749	57029	1
17749	58230	10
17749	58270	2
17749	58286	1
17749	58300	3
17749	58308	4
17749	58321	4
17749	58352	3
17749	58397	3
17749	58461	9
17749	58495	8
17749	58523	6
17749	58554	11
17749	58590	7
17749	58667	1
17749	59180	7
17749	59545	2
17749	59546	24
17749	59876	11
17749	60118	32
17749	60299	3
17749	60359	5
17749	60673	2
17749	60714	2
17749	60998	3
17749	61024	4
17749	61085	12
17749	61109	18
17749	61120	1
17749	61194	25
17749	61244	3
17749	61269	1
17749	61501	5
17749	61755	1
17749	61914	2
17749	61953	16
17749	61985	3
17749	62270	1
17749	62577	1
17749	62594	1
17749	62612	1
17749	62636	2
17749	62662	2
17749	62695	8
17749	62705	1
17749	62713	1
17749	62722	1
17749	62730	5
17749	62752	8
17749	62779	9
17749	62813	9
17749	62863	3
17749	62878	2
17749	62919	1
17749	62930	9
17749	63080	8
17749	63158	2
17749	63189	5
17749	63497	3
17756	18806	1
17756	20297	7
17756	20728	2
17756	20883	2
17756	21024	2
17756	21173	1
17756	21335	2
17756	21353	2
17756	22048	4
17756	22072	5
17756	22114	1
17756	22143	175
17756	23430	1
17756	23754	1
17756	24631	1
17756	24650	55
17756	24838	1
17756	25281	2
17756	25436	3
17756	27512	1
17756	27608	2
17756	29008	6
17756	29576	1
17756	29855	58
17756	30321	5
17756	30374	2
17756	30913	2
17756	30937	3
17756	30955	3
17756	30978	2
17756	31002	1
17756	31015	5
17756	31042	9
17756	31063	6
17756	31092	3
17756	31109	12
17756	31137	23
17756	31170	3
17756	31787	2
17756	31800	2
17756	31826	8
17756	31842	24
17756	31864	1
17756	31880	3
17756	31911	3
17756	31972	1
17756	31998	9
17756	32230	1
17756	32327	1
17756	32560	1
17756	32564	4
17756	32723	24
17756	33074	1
17756	34125	6
17756	35710	1
17756	35760	6
17756	36817	1
17756	40155	1
17756	40285	3
17756	40983	1
17756	41174	7
17756	41492	1
17756	41575	1
17756	41600	6
17756	43479	2
17756	44080	1
17756	47199	1
17756	48454	5
17756	48621	4
17756	48832	1
17756	50550	8
17756	51139	2
17756	52286	4
17756	52688	1
17756	52712	1
17756	53044	1
17756	53107	1
17756	53449	1
17756	53706	1
17756	53875	2
17756	53926	1
17756	55041	1
17756	55630	1
17756	56177	3
17756	56783	1
17756	56817	1
17756	58230	1
17756	58270	7
17756	58286	2
17756	58300	11
17756	58321	7
17756	58352	17
17756	58397	4
17756	58495	11
17756	58523	4
17756	58554	14
17756	58590	8
17756	59876	2
17756	60118	1
17756	60133	2
17756	60172	3
17756	60237	1
17756	60673	5
17756	60694	3
17756	60714	2
17756	60722	9
17756	60998	7
17756	61024	1
17756	61043	2
17756	61085	3
17756	61109	2
17756	61120	5
17756	61194	9
17756	61244	1
17756	61755	1
17756	61914	2
17756	61953	4
17756	61985	1
17756	62508	232
17756	62577	20
17756	62585	1
17756	62612	12
17756	62636	10
17756	62656	7
17756	62662	4
17756	62705	16
17756	62713	1
17756	62722	3
17756	62730	1
17756	62752	9
17756	62813	6
17756	62863	2
17756	62911	4
17756	62930	2
17756	63158	2
17756	63388	21
18048	18338	7
18048	18608	27
18048	18695	8
18048	18753	34
18048	18806	34
18048	19525	24
18048	19683	21
18048	20297	160
18048	20391	5
18048	20728	9
18048	20743	1
18048	20865	1
18048	20883	20
18048	21024	2
18048	21173	9
18048	21280	6
18048	21335	7
18048	21353	12
18048	22048	6
18048	22072	19
18048	22075	7
18048	22114	74
18048	22143	1
18048	22532	4
18048	22772	37
18048	22906	11
18048	23010	1
18048	23040	2
18048	23056	4
18048	23320	5
18048	23430	7
18048	23440	1
18048	23754	1
18048	24513	3
18048	24631	55
18048	24650	286
18048	25093	20
18048	25281	3
18048	25436	2
18048	25970	33
18048	26201	9
18048	27512	25
18048	27689	22
18048	27929	6
18048	28005	12
18048	28155	6
18048	28409	10
18048	28636	57
18048	28980	2
18048	29008	10
18048	29164	1
18048	29184	10
18048	29262	35
18048	29313	17
18048	29576	225
18048	29801	7
18048	29855	135
18048	30303	1
18048	30374	1
18048	30479	14
18048	30653	1
18048	30913	7
18048	30937	1
18048	30955	11
18048	30978	5
18048	31002	6
18048	31015	12
18048	31025	15
18048	31032	22
18048	31063	9
18048	31092	19
18048	31109	23
18048	31137	6
18048	31170	9
18048	31361	11
18048	31787	11
18048	31800	8
18048	31826	7
18048	31842	9
18048	31848	11
18048	31871	15
18048	31880	1
18048	31891	1
18048	31911	3
18048	31950	7
18048	31972	13
18048	32024	7
18048	32070	5
18048	32230	1
18048	32327	84
18048	32560	3
18048	32564	19
18048	32653	2
18048	32659	106
18048	32723	46
18048	33074	48
18048	33332	29
18048	33573	40
18048	34120	9
18048	34125	182
18048	34247	33
18048	34483	230
18048	34621	1
18048	35760	25
18048	36134	18
18048	36201	1
18048	36290	2
18048	36440	8
18048	36817	4
18048	37971	43
18048	37989	7
18048	38017	1
18048	38228	15
18048	39660	8
18048	39669	1
18048	40155	67
18048	40250	1
18048	40285	438
18048	40769	16
18048	40820	1
18048	40983	16
18048	41174	107
18048	41179	13
18048	41492	3
18048	41575	45
18048	41600	43
18048	41723	2
18048	41930	25
18048	42020	42
18048	42168	24
18048	42603	40
18048	43479	8
18048	43794	3
18048	43860	5
18048	43884	3
18048	44019	33
18048	44080	1
18048	45000	88
18048	45307	1
18048	45766	1
18048	46424	35
18048	46482	3
18048	46584	30
18048	46751	2
18048	46756	86
18048	47199	1
18048	48454	44
18048	48571	47
18048	48621	88
18048	48633	16
18048	48720	4
18048	48832	18
18048	49021	5
18048	50019	1
18048	50040	5
18048	50277	17
18048	50543	3
18048	50550	20
18048	51116	39
18048	51139	7
18048	51385	14
18048	51506	15
18048	51591	4
18048	51626	5
18048	51676	81
18048	51888	2
18048	51954	12
18048	52257	6
18048	52286	12
18048	52378	10
18048	52675	23
18048	52688	73
18048	52712	1
18048	53044	14
18048	53107	2
18048	53297	2
18048	53406	32
18048	53449	23
18048	53457	11
18048	53656	4
18048	53692	14
18048	53706	12
18048	53875	39
18048	53926	1
18048	54003	1
18048	54416	3
18048	54487	26
18048	55041	55
18048	55347	12
18048	55577	18
18048	55630	3
18048	55906	3
18048	55970	9
18048	56177	70
18048	56705	37
18048	56783	56
18048	56817	1
18048	57029	19
18048	57350	2
18048	58230	2
18048	58270	4
18048	58286	8
18048	58300	4
18048	58308	3
18048	58321	2
18048	58352	14
18048	58397	15
18048	58461	3
18048	58495	6
18048	58523	27
18048	58554	22
18048	58590	8
18048	58667	3
18048	59180	12
18048	59545	8
18048	59546	5
18048	59819	3
18048	59876	1
18048	60099	4
18048	60118	14
18048	60172	5
18048	60237	4
18048	60281	8
18048	60299	4
18048	60359	1
18048	60673	6
18048	60684	15
18048	60694	4
18048	60714	2
18048	60722	4
18048	60921	7
18048	60998	3
18048	61024	30
18048	61043	4
18048	61085	10
18048	61109	2
18048	61120	8
18048	61194	10
18048	61244	40
18048	61269	2
18048	61501	47
18048	61538	4
18048	61727	65
18048	61755	19
18048	61836	5
18048	61914	2
18048	61953	3
18048	61985	9
18048	62270	19
18048	62508	1
18048	62577	8
18048	62594	1
18048	62612	10
18048	62636	12
18048	62656	3
18048	62662	5
18048	62695	1
18048	62705	8
18048	62713	5
18048	62722	3
18048	62730	14
18048	62752	24
18048	62779	11
18048	62813	2
18048	62863	5
18048	62878	10
18048	62919	9
18048	62930	1
18048	63080	5
18048	63096	6
18048	63158	1
18048	63189	3
18048	63388	1
18048	63390	5
18048	63497	5
18338	18608	3
18338	18753	1
18338	18806	6
18338	19683	1
18338	20089	4
18338	20297	37
18338	20728	3
18338	20883	17
18338	21173	5
18338	21280	1
18338	21335	1
18338	21353	5
18338	22072	7
18338	22075	4
18338	22114	6
18338	22906	1
18338	23320	8
18338	24028	1
18338	24631	10
18338	24650	54
18338	25436	1
18338	25970	2
18338	27512	1
18338	27633	1
18338	27929	2
18338	28155	19
18338	28636	1
18338	29008	3
18338	29262	1
18338	29576	4
18338	29801	1
18338	29855	34
18338	30303	4
18338	30479	2
18338	30955	3
18338	30978	1
18338	31015	1
18338	31025	11
18338	31032	6
18338	31092	1
18338	31109	3
18338	31137	1
18338	31361	3
18338	31787	3
18338	31826	1
18338	31848	5
18338	31864	1
18338	31950	1
18338	31972	2
18338	32024	1
18338	32070	1
18338	32327	5
18338	32564	5
18338	32659	11
18338	32723	4
18338	33074	5
18338	33573	1
18338	34120	3
18338	34125	32
18338	34247	5
18338	34483	101
18338	35760	7
18338	36134	28
18338	36817	3
18338	37971	5
18338	37989	1
18338	40155	3
18338	40285	12
18338	40983	8
18338	41174	2
18338	41179	3
18338	41600	10
18338	41930	1
18338	42020	25
18338	43479	6
18338	43860	6
18338	43884	1
18338	46424	7
18338	46584	13
18338	46756	12
18338	48454	4
18338	48571	3
18338	48621	19
18338	48832	28
18338	50277	20
18338	50543	1
18338	50550	2
18338	51116	1
18338	51139	11
18338	51385	1
18338	51591	4
18338	51676	26
18338	52257	1
18338	52286	3
18338	52378	2
18338	52451	1
18338	52688	29
18338	53044	3
18338	53406	3
18338	53449	16
18338	53457	1
18338	53692	1
18338	53706	1
18338	53875	20
18338	54487	3
18338	55041	14
18338	55347	5
18338	56177	104
18338	56705	10
18338	56783	70
18338	57029	13
18338	58270	12
18338	58286	1
18338	58352	3
18338	58397	1
18338	58461	1
18338	58523	1
18338	58554	8
18338	58590	2
18338	59180	2
18338	59545	3
18338	59819	1
18338	60118	3
18338	60172	1
18338	60237	9
18338	60281	1
18338	60299	1
18338	60722	2
18338	60921	1
18338	61024	9
18338	61120	2
18338	61194	3
18338	61244	2
18338	61501	5
18338	61538	2
18338	61755	8
18338	61836	2
18338	61914	2
18338	62270	1
18338	62508	3
18338	62612	1
18338	62636	3
18338	62662	4
18338	62695	1
18338	62752	3
18338	62779	4
18338	63080	1
18338	63158	1
18338	63388	1
18338	63390	1
18350	18608	7
18350	18806	2
18350	19683	2
18350	20297	15
18350	20391	1
18350	20728	2
18350	20743	1
18350	20865	1
18350	21353	1
18350	22048	3
18350	22072	9
18350	22075	2
18350	22114	6
18350	22532	14
18350	22906	1
18350	23010	3
18350	23056	1
18350	23320	1
18350	23754	2
18350	24028	11
18350	24513	26
18350	24631	1
18350	24650	75
18350	25093	3
18350	25436	6
18350	27512	8
18350	27608	1
18350	27689	2
18350	28005	6
18350	29008	6
18350	29184	7
18350	29262	1
18350	29313	1
18350	29801	7
18350	29855	2
18350	30321	1
18350	30374	1
18350	30409	1
18350	30479	19
18350	30937	2
18350	30955	4
18350	30978	2
18350	31025	1
18350	31032	34
18350	31063	1
18350	31109	6
18350	31137	2
18350	31170	2
18350	31787	2
18350	31842	3
18350	31864	3
18350	31871	2
18350	31880	1
18350	31891	8
18350	31911	2
18350	31950	7
18350	31972	3
18350	32327	2
18350	32560	2
18350	32564	1
18350	32723	4
18350	33074	121
18350	34120	1
18350	34125	74
18350	34483	3
18350	34621	1
18350	35107	1
18350	35710	1
18350	35722	1
18350	35760	9
18350	36201	8
18350	36440	2
18350	36817	1
18350	37556	14
18350	37971	14
18350	37989	1
18350	38228	12
18350	40250	39
18350	40285	25
18350	40820	12
18350	41179	8
18350	41575	2
18350	41600	8
18350	42168	12
18350	42694	15
18350	43479	12
18350	43794	1
18350	44019	1
18350	44080	1
18350	45307	1
18350	46424	1
18350	46482	2
18350	46751	14
18350	48454	14
18350	48621	19
18350	48633	1
18350	49021	35
18350	50019	4
18350	50040	2
18350	50550	7
18350	51385	6
18350	51506	73
18350	51626	12
18350	51676	1
18350	51954	2
18350	52286	16
18350	52675	10
18350	52688	24
18350	52712	1
18350	53044	8
18350	53457	2
18350	53656	21
18350	53692	7
18350	53875	13
18350	53878	1
18350	53926	1
18350	54487	2
18350	55041	2
18350	55630	11
18350	56177	6
18350	56705	31
18350	56817	1
18350	57350	15
18350	58230	2
18350	58321	2
18350	58352	2
18350	58397	2
18350	58495	1
18350	58523	6
18350	58554	9
18350	58590	7
18350	59180	11
18350	59545	8
18350	59546	2
18350	60099	1
18350	60118	4
18350	60281	1
18350	60299	1
18350	60359	1
18350	60673	1
18350	60714	2
18350	61194	1
18350	61501	8
18350	61727	13
18350	61755	1
18350	61836	1
18350	61953	3
18350	61985	6
18350	62656	1
18350	62695	3
18350	62752	6
18350	62779	2
18350	62863	1
18350	62919	6
18350	63080	2
18350	63096	3
18350	63189	2
18350	63390	3
18350	63497	1
18608	18695	2
18608	18753	7
18608	18806	20
18608	19683	50
18608	20089	5
18608	20297	84
18608	20391	16
18608	20743	2
18608	20883	20
18608	21173	18
18608	21335	2
18608	21353	10
18608	21827	1
18608	22048	1
18608	22072	27
18608	22075	15
18608	22114	76
18608	22532	1
18608	22906	9
18608	23010	2
18608	23040	1
18608	23056	11
18608	23320	11
18608	23430	2
18608	23754	5
18608	24028	1
18608	24513	1
18608	24631	32
18608	24650	142
18608	25093	6
18608	25281	1
18608	25436	1
18608	25970	2
18608	26201	4
18608	27512	2
18608	27608	1
18608	27633	3
18608	27689	7
18608	27812	4
18608	27929	12
18608	28005	14
18608	28155	1
18608	28409	2
18608	28636	12
18608	28980	5
18608	29184	2
18608	29262	4
18608	29576	15
18608	29801	2
18608	29855	77
18608	30303	1
18608	30374	1
18608	30409	2
18608	30479	3
18608	30653	3
18608	30913	3
18608	30937	1
18608	30955	4
18608	30978	2
18608	31002	1
18608	31015	9
18608	31025	13
18608	31032	9
18608	31063	3
18608	31092	1
18608	31109	13
18608	31137	10
18608	31170	1
18608	31361	15
18608	31787	3
18608	31800	1
18608	31826	1
18608	31842	6
18608	31848	1
18608	31864	1
18608	31871	7
18608	31891	8
18608	31950	12
18608	31972	8
18608	31998	32
18608	32024	2
18608	32070	7
18608	32230	1
18608	32327	8
18608	32560	8
18608	32564	13
18608	32653	2
18608	32659	34
18608	32723	16
18608	33074	33
18608	33332	6
18608	33573	1
18608	34120	11
18608	34125	88
18608	34247	11
18608	34483	237
18608	34621	12
18608	35710	1
18608	35722	2
18608	35760	23
18608	36134	6
18608	36201	6
18608	36290	4
18608	36440	2
18608	36817	5
18608	37556	2
18608	37971	65
18608	38228	21
18608	39660	13
18608	39669	1
18608	40155	22
18608	40250	6
18608	40285	92
18608	40820	10
18608	40983	13
18608	41174	6
18608	41179	4
18608	41492	13
18608	41575	1
18608	41600	28
18608	41723	1
18608	41930	22
18608	42020	21
18608	42168	25
18608	43479	1
18608	43794	3
18608	43860	39
18608	43884	97
18608	44080	2
18608	45000	5
18608	45766	3
18608	46424	69
18608	46751	6
18608	46756	5
18608	48454	14
18608	48571	1
18608	48621	24
18608	48633	2
18608	48832	22
18608	49021	6
18608	50019	2
18608	50040	5
18608	50277	1
18608	50543	7
18608	50550	3
18608	51116	8
18608	51139	1
18608	51385	13
18608	51506	13
18608	51591	5
18608	51626	6
18608	51676	70
18608	51782	1
18608	51954	3
18608	52286	6
18608	52378	4
18608	52451	1
18608	52675	1
18608	52688	47
18608	52712	1
18608	53044	12
18608	53107	1
18608	53406	23
18608	53449	32
18608	53650	1
18608	53656	1
18608	53692	14
18608	53706	2
18608	53875	28
18608	53878	4
18608	53926	1
18608	54003	1
18608	54487	5
18608	55041	20
18608	55347	11
18608	55577	21
18608	55906	4
18608	55970	3
18608	56177	115
18608	56705	22
18608	56783	36
18608	56817	3
18608	57029	17
18608	58230	2
18608	58270	13
18608	58300	2
18608	58308	3
18608	58321	1
18608	58352	15
18608	58397	6
18608	58461	4
18608	58495	12
18608	58523	8
18608	58554	14
18608	58590	2
18608	58667	1
18608	59180	7
18608	59545	4
18608	59546	7
18608	59876	1
18608	60118	25
18608	60133	2
18608	60172	1
18608	60237	4
18608	60281	4
18608	60299	5
18608	60673	2
18608	60684	19
18608	60694	1
18608	60722	67
18608	60921	17
18608	60998	2
18608	61024	20
18608	61043	50
18608	61085	9
18608	61109	5
18608	61120	10
18608	61194	9
18608	61244	3
18608	61501	24
18608	61727	2
18608	61755	7
18608	61836	2
18608	61953	5
18608	61985	13
18608	62270	32
18608	62577	7
18608	62594	2
18608	62636	6
18608	62662	5
18608	62695	1
18608	62722	3
18608	62730	11
18608	62752	17
18608	62779	32
18608	62813	4
18608	62863	1
18608	62911	1
18608	62919	1
18608	62930	3
18608	63080	3
18608	63096	1
18608	63158	22
18608	63390	2
18608	63497	5
18695	18753	1
18695	18806	6
18695	19525	1
18695	19683	74
18695	20089	10
18695	20297	79
18695	20391	6
18695	20728	2
18695	20743	74
18695	20859	6
18695	20865	1
18695	20883	8
18695	21024	8
18695	21173	4
18695	21280	12
18695	21335	3
18695	21353	1
18695	21827	21
18695	22048	2
18695	22072	30
18695	22075	2
18695	22114	142
18695	22143	1
18695	22532	19
18695	22906	3
18695	23010	4
18695	23040	13
18695	23056	18
18695	23320	2
18695	23430	25
18695	23440	52
18695	23754	28
18695	24028	13
18695	24513	2
18695	24631	17
18695	24650	231
18695	24838	10
18695	25093	1
18695	25105	2
18695	25281	1
18695	25436	6
18695	25970	2
18695	26201	2
18695	27512	14
18695	27608	2
18695	27633	6
18695	27689	36
18695	27812	18
18695	27929	15
18695	28005	9
18695	28409	16
18695	28636	9
18695	28980	41
18695	29008	29
18695	29164	171
18695	29184	5
18695	29262	1
18695	29313	3
18695	29576	1
18695	29801	5
18695	29812	12
18695	29855	16
18695	30311	18
18695	30374	3
18695	30409	4
18695	30479	14
18695	30653	16
18695	30913	5
18695	30955	13
18695	30978	3
18695	31002	1
18695	31025	1
18695	31032	24
18695	31042	7
18695	31063	10
18695	31092	16
18695	31109	8
18695	31137	3
18695	31361	6
18695	31787	3
18695	31842	11
18695	31848	12
18695	31864	4
18695	31871	14
18695	31880	45
18695	31891	11
18695	31911	1
18695	31972	20
18695	31998	2
18695	32070	3
18695	32230	18
18695	32327	8
18695	32560	69
18695	32564	191
18695	32653	5
18695	32659	9
18695	32723	29
18695	33074	106
18695	34120	3
18695	34125	123
18695	34247	7
18695	34483	141
18695	34558	8
18695	34621	39
18695	35107	21
18695	35710	3
18695	35722	10
18695	35760	14
18695	35856	20
18695	36134	7
18695	36201	4
18695	36290	13
18695	36440	12
18695	36817	1
18695	37556	15
18695	37971	106
18695	37989	3
18695	38017	143
18695	38228	31
18695	39660	8
18695	40155	11
18695	40250	1
18695	40285	22
18695	40769	3
18695	40820	1
18695	41174	1
18695	41179	30
18695	41575	3
18695	41600	21
18695	41723	3
18695	42020	14
18695	42168	120
18695	42603	1
18695	42694	39
18695	43479	17
18695	43794	26
18695	43860	6
18695	43884	1
18695	44080	5
18695	45307	6
18695	45766	221
18695	46424	2
18695	46482	8
18695	46584	23
18695	46751	3
18695	46756	4
18695	48454	23
18695	48621	69
18695	48633	2
18695	48832	1
18695	50019	7
18695	50040	7
18695	50543	1
18695	50550	8
18695	51116	2
18695	51385	38
18695	51506	30
18695	51591	5
18695	51626	10
18695	51676	25
18695	51782	5
18695	51888	5
18695	51954	38
18695	52257	19
18695	52286	19
18695	52378	37
18695	52419	17
18695	52451	5
18695	52675	24
18695	52688	79
18695	52712	18
18695	53044	15
18695	53107	2
18695	53297	17
18695	53406	29
18695	53449	10
18695	53457	19
18695	53650	11
18695	53656	12
18695	53692	3
18695	53875	31
18695	53878	143
18695	53926	3
18695	54003	7
18695	54416	124
18695	54487	102
18695	55041	21
18695	55347	7
18695	55577	62
18695	55630	4
18695	55906	13
18695	55970	32
18695	56177	32
18695	56705	44
18695	56783	11
18695	56817	5
18695	57029	3
18695	57350	7
18695	58230	12
18695	58270	3
18695	58286	2
18695	58300	1
18695	58308	4
18695	58321	7
18695	58397	12
18695	58461	2
18695	58495	5
18695	58523	16
18695	58554	9
18695	58590	14
18695	58667	13
18695	59180	9
18695	59545	1
18695	59546	72
18695	59819	8
18695	59876	10
18695	60099	3
18695	60118	114
18695	60133	2
18695	60172	1
18695	60237	2
18695	60281	12
18695	60299	15
18695	60359	19
18695	60673	3
18695	60714	8
18695	60722	2
18695	60998	15
18695	61024	1
18695	61085	23
18695	61109	141
18695	61194	46
18695	61244	4
18695	61501	22
18695	61538	18
18695	61755	28
18695	61914	2
18695	61953	5
18695	62270	10
18695	62508	1
18695	62585	7
18695	62612	6
18695	62636	3
18695	62656	3
18695	62662	1
18695	62695	10
18695	62722	3
18695	62730	7
18695	62752	8
18695	62779	22
18695	62863	8
18695	62911	5
18695	62930	3
18695	63096	5
18695	63158	11
18695	63189	23
18695	63390	9
18695	63497	3
18753	18806	4
18753	19525	2
18753	19683	4
18753	20089	1
18753	20297	38
18753	20391	1
18753	20728	1
18753	20865	2
18753	20883	1
18753	21173	2
18753	21280	2
18753	21335	2
18753	21353	2
18753	22048	3
18753	22072	2
18753	22075	2
18753	22114	13
18753	22143	1
18753	22532	2
18753	23320	1
18753	24028	1
18753	24513	2
18753	24631	4
18753	24650	84
18753	25093	7
18753	25436	1
18753	25970	5
18753	27512	5
18753	27929	1
18753	28005	5
18753	28155	1
18753	28409	6
18753	28636	19
18753	29008	1
18753	29184	3
18753	29262	39
18753	29313	14
18753	29576	96
18753	29855	8
18753	30303	1
18753	30479	2
18753	30653	1
18753	30913	6
18753	30955	5
18753	31002	5
18753	31025	4
18753	31032	7
18753	31063	3
18753	31092	1
18753	31109	5
18753	31137	7
18753	31170	1
18753	31361	3
18753	31800	2
18753	31826	1
18753	31871	1
18753	31972	3
18753	31998	1
18753	32024	4
18753	32327	8
18753	32560	1
18753	32564	1
18753	32653	2
18753	32659	12
18753	32723	12
18753	33074	14
18753	33332	11
18753	34125	41
18753	34247	4
18753	34483	18
18753	35760	10
18753	36134	6
18753	36290	1
18753	37971	10
18753	38228	3
18753	39660	1
18753	40155	28
18753	40250	1
18753	40285	177
18753	40983	1
18753	41174	25
18753	41179	2
18753	41575	7
18753	41600	7
18753	41723	2
18753	41930	13
18753	42020	4
18753	42168	8
18753	42603	1
18753	43479	5
18753	44019	8
18753	44080	1
18753	45000	17
18753	46424	4
18753	46584	4
18753	46751	2
18753	46756	5
18753	48454	8
18753	48571	2
18753	48621	14
18753	48633	4
18753	48832	5
18753	50543	1
18753	50550	2
18753	51116	22
18753	51139	11
18753	51506	1
18753	51591	4
18753	51676	6
18753	51888	1
18753	51954	3
18753	52257	2
18753	52286	2
18753	52378	4
18753	52675	7
18753	52688	18
18753	53044	5
18753	53107	1
18753	53297	1
18753	53406	5
18753	53449	1
18753	53650	1
18753	53656	1
18753	53692	2
18753	53706	3
18753	53875	12
18753	53926	1
18753	54487	7
18753	55041	11
18753	55577	1
18753	55630	2
18753	55906	2
18753	55970	2
18753	56177	8
18753	56705	9
18753	56783	3
18753	57350	3
18753	58270	4
18753	58286	2
18753	58300	1
18753	58308	1
18753	58321	4
18753	58352	1
18753	58397	4
18753	58461	5
18753	58495	3
18753	58523	23
18753	58590	1
18753	59180	5
18753	59545	2
18753	59819	1
18753	60118	2
18753	60133	1
18753	60281	1
18753	60299	2
18753	60673	3
18753	60714	3
18753	60921	1
18753	60998	2
18753	61024	2
18753	61043	1
18753	61085	4
18753	61109	1
18753	61120	4
18753	61194	1
18753	61244	1
18753	61501	8
18753	61538	2
18753	61727	9
18753	61755	7
18753	61836	2
18753	61985	1
18753	62270	3
18753	62508	1
18753	62577	4
18753	62612	2
18753	62636	1
18753	62713	1
18753	62730	1
18753	62752	1
18753	62779	9
18753	62863	2
18753	62878	2
18753	62930	1
18753	63080	1
18753	63096	4
18753	63189	1
18753	63390	3
18806	19525	5
18806	19683	16
18806	20089	3
18806	20297	112
18806	20391	5
18806	20728	15
18806	20743	22
18806	20859	2
18806	20865	5
18806	20883	5
18806	21024	10
18806	21173	5
18806	21280	7
18806	21335	8
18806	21353	15
18806	21827	5
18806	22048	12
18806	22072	19
18806	22075	6
18806	22114	52
18806	22143	2
18806	22532	8
18806	22772	4
18806	22906	3
18806	23010	2
18806	23040	3
18806	23056	5
18806	23320	2
18806	23430	27
18806	23440	10
18806	23754	4
18806	24028	3
18806	24513	2
18806	24631	19
18806	24650	333
18806	24838	1
18806	25093	12
18806	25281	1
18806	25436	10
18806	25970	9
18806	26201	2
18806	27512	22
18806	27608	1
18806	27633	3
18806	27689	5
18806	27812	2
18806	27929	2
18806	28005	10
18806	28155	2
18806	28409	3
18806	28636	10
18806	28980	5
18806	29008	23
18806	29164	1
18806	29184	1
18806	29262	17
18806	29313	12
18806	29576	29
18806	29801	4
18806	29812	4
18806	29855	27
18806	30303	3
18806	30311	4
18806	30321	1
18806	30409	2
18806	30479	6
18806	30653	2
18806	30913	6
18806	30937	2
18806	30955	17
18806	30978	11
18806	31002	5
18806	31015	2
18806	31025	3
18806	31032	12
18806	31042	5
18806	31063	3
18806	31092	9
18806	31109	5
18806	31137	12
18806	31361	3
18806	31787	5
18806	31800	2
18806	31826	4
18806	31842	15
18806	31848	1
18806	31864	2
18806	31871	15
18806	31880	15
18806	31891	2
18806	31911	7
18806	31950	3
18806	31972	17
18806	31998	5
18806	32024	4
18806	32070	4
18806	32230	2
18806	32327	38
18806	32560	11
18806	32564	43
18806	32653	2
18806	32659	59
18806	32723	43
18806	33074	34
18806	33332	10
18806	33573	1
18806	34120	3
18806	34125	102
18806	34247	11
18806	34483	154
18806	34558	2
18806	34621	4
18806	35107	5
18806	35710	1
18806	35722	3
18806	35760	61
18806	35856	3
18806	36134	13
18806	36201	7
18806	36290	4
18806	36440	2
18806	36817	4
18806	37971	48
18806	37989	7
18806	38017	4
18806	38228	12
18806	39660	5
18806	39669	1
18806	40155	42
18806	40250	2
18806	40285	106
18806	40983	6
18806	41174	18
18806	41179	26
18806	41492	4
18806	41575	6
18806	41600	57
18806	41723	7
18806	41882	42
18806	41930	7
18806	42020	16
18806	42168	12
18806	42694	1
18806	43479	20
18806	43794	1
18806	43860	5
18806	43884	1
18806	44019	12
18806	44080	2
18806	45000	6
18806	45307	2
18806	45766	16
18806	46424	15
18806	46482	5
18806	46584	26
18806	46751	8
18806	46756	28
18806	47199	2
18806	48454	51
18806	48571	9
18806	48621	59
18806	48633	12
18806	48720	2
18806	48832	4
18806	49021	3
18806	50019	3
18806	50040	6
18806	50277	2
18806	50543	12
18806	50550	29
18806	51116	16
18806	51139	17
18806	51385	13
18806	51506	13
18806	51591	14
18806	51626	5
18806	51676	44
18806	51888	3
18806	51954	18
18806	52257	8
18806	52286	10
18806	52378	14
18806	52419	1
18806	52451	5
18806	52675	9
18806	52688	80
18806	53044	10
18806	53107	2
18806	53297	1
18806	53406	16
18806	53449	8
18806	53457	2
18806	53656	3
18806	53706	8
18806	53875	42
18806	53878	5
18806	53926	6
18806	54003	2
18806	54416	11
18806	54487	17
18806	55041	54
18806	55347	8
18806	55577	19
18806	55630	5
18806	55906	2
18806	55970	4
18806	56177	37
18806	56705	17
18806	56783	29
18806	56817	1
18806	57029	5
18806	57350	2
18806	58230	3
18806	58270	7
18806	58286	11
18806	58300	4
18806	58308	3
18806	58321	5
18806	58352	56
18806	58397	7
18806	58461	5
18806	58495	9
18806	58523	23
18806	58554	13
18806	58590	15
18806	58667	1
18806	59180	10
18806	59545	8
18806	59546	15
18806	59819	5
18806	59876	3
18806	60099	5
18806	60118	35
18806	60133	2
18806	60172	7
18806	60237	2
18806	60299	5
18806	60359	6
18806	60673	3
18806	60684	1
18806	60694	7
18806	60714	1
18806	60722	5
18806	60921	10
18806	60998	23
18806	61024	24
18806	61043	1
18806	61085	5
18806	61109	16
18806	61120	6
18806	61194	10
18806	61244	2
18806	61269	9
18806	61501	65
18806	61538	4
18806	61727	1
18806	61755	19
18806	61836	8
18806	61914	3
18806	61953	7
18806	61985	5
18806	62270	11
18806	62577	4
18806	62585	1
18806	62594	1
18806	62612	12
18806	62636	4
18806	62656	1
18806	62662	6
18806	62695	3
18806	62705	5
18806	62713	1
18806	62722	1
18806	62730	6
18806	62752	8
18806	62779	25
18806	62813	1
18806	62878	6
18806	62911	2
18806	62930	4
18806	63080	4
18806	63096	6
18806	63158	2
18806	63189	6
18806	63390	6
18806	63497	7
19525	20297	45
19525	21173	1
19525	21335	1
19525	21827	1
19525	22072	12
19525	22114	13
19525	22772	29
19525	22906	1
19525	23754	1
19525	24028	1
19525	24631	21
19525	24650	138
19525	25281	3
19525	27512	1
19525	28005	1
19525	28636	9
19525	29164	2
19525	29184	3
19525	29262	50
19525	29313	8
19525	29576	208
19525	29855	4
19525	30955	1
19525	30978	13
19525	31002	10
19525	31092	11
19525	31109	5
19525	31137	7
19525	31170	2
19525	31800	1
19525	31826	4
19525	31842	1
19525	31891	1
19525	31972	5
19525	31998	2
19525	32327	16
19525	32560	4
19525	32564	3
19525	32659	1
19525	32723	6
19525	33074	2
19525	33332	1
19525	34125	44
19525	34483	13
19525	34621	2
19525	35760	1
19525	36290	1
19525	36440	2
19525	37971	1
19525	37989	2
19525	38228	2
19525	40155	1
19525	40285	237
19525	41174	58
19525	41575	3
19525	42020	1
19525	42168	2
19525	42603	28
19525	44019	11
19525	45000	5
19525	45766	1
19525	46751	1
19525	46756	1
19525	48454	16
19525	48571	23
19525	48621	3
19525	48633	6
19525	48720	1
19525	49021	4
19525	50040	3
19525	50277	9
19525	51116	22
19525	51385	1
19525	51506	2
19525	51591	1
19525	51676	10
19525	51782	1
19525	51954	15
19525	52675	8
19525	52688	8
19525	53044	10
19525	53107	3
19525	53406	1
19525	53692	2
19525	53706	10
19525	53875	4
19525	53878	5
19525	55577	2
19525	56705	4
19525	56783	1
19525	58270	1
19525	58300	1
19525	58308	1
19525	58321	1
19525	58352	5
19525	58397	3
19525	58461	2
19525	58495	1
19525	58523	22
19525	58554	1
19525	59180	1
19525	59546	1
19525	60099	2
19525	60118	3
19525	60133	1
19525	60359	2
19525	60714	2
19525	61085	7
19525	61244	1
19525	61269	2
19525	61501	18
19525	61727	10
19525	61985	2
19525	62270	1
19525	62577	3
19525	62612	2
19525	62636	3
19525	62662	4
19525	62713	2
19525	62779	2
19525	62878	2
19525	62919	6
19525	63096	3
19525	63497	1
19683	20089	17
19683	20297	164
19683	20391	16
19683	20728	1
19683	20743	46
19683	20859	6
19683	20865	4
19683	20883	22
19683	21024	1
19683	21173	29
19683	21280	8
19683	21335	3
19683	21353	7
19683	21827	25
19683	22048	10
19683	22072	70
19683	22075	6
19683	22114	311
19683	22143	4
19683	22532	16
19683	22906	12
19683	23010	14
19683	23040	113
19683	23056	24
19683	23320	8
19683	23430	40
19683	23440	40
19683	23754	43
19683	24028	13
19683	24513	13
19683	24631	40
19683	24650	336
19683	24838	10
19683	25093	6
19683	25105	11
19683	25281	3
19683	25436	1
19683	25970	3
19683	26201	53
19683	27512	13
19683	27608	9
19683	27633	12
19683	27689	141
19683	27812	25
19683	27929	54
19683	28005	29
19683	28155	1
19683	28409	20
19683	28636	17
19683	28980	155
19683	29008	12
19683	29164	42
19683	29184	27
19683	29262	15
19683	29313	2
19683	29576	9
19683	29801	1
19683	29812	18
19683	29855	86
19683	30303	1
19683	30311	14
19683	30374	9
19683	30409	12
19683	30653	19
19683	30913	18
19683	30955	13
19683	30978	6
19683	31002	3
19683	31015	6
19683	31025	5
19683	31032	16
19683	31042	4
19683	31063	20
19683	31092	5
19683	31109	38
19683	31137	13
19683	31361	39
19683	31787	5
19683	31800	1
19683	31826	7
19683	31842	9
19683	31848	21
19683	31864	20
19683	31871	18
19683	31880	51
19683	31891	33
19683	31911	2
19683	31950	12
19683	31972	24
19683	31998	15
19683	32024	1
19683	32070	35
19683	32230	17
19683	32327	7
19683	32560	62
19683	32564	273
19683	32653	9
19683	32659	30
19683	32723	43
19683	33074	101
19683	33332	8
19683	33573	6
19683	34120	26
19683	34125	175
19683	34247	19
19683	34483	286
19683	34558	10
19683	34621	21
19683	35107	18
19683	35710	12
19683	35722	13
19683	35760	25
19683	35856	17
19683	36134	8
19683	36201	7
19683	36290	74
19683	36440	21
19683	36817	13
19683	37556	10
19683	37971	307
19683	37989	1
19683	38017	22
19683	38228	56
19683	39660	26
19683	39669	113
19683	40155	45
19683	40250	6
19683	40285	68
19683	40769	6
19683	40820	23
19683	40983	10
19683	41174	8
19683	41179	26
19683	41492	6
19683	41575	6
19683	41600	21
19683	41723	3
19683	41882	1
19683	41930	7
19683	42020	20
19683	42168	123
19683	42694	15
19683	43479	1
19683	43794	19
19683	43860	19
19683	43884	11
19683	44019	5
19683	44080	25
19683	45000	3
19683	45307	12
19683	45766	79
19683	46424	27
19683	46482	7
19683	46584	32
19683	46751	71
19683	46756	30
19683	48454	23
19683	48571	7
19683	48621	45
19683	48633	3
19683	48720	19
19683	48832	12
19683	49021	1
19683	50019	6
19683	50040	6
19683	50277	6
19683	50543	4
19683	50550	14
19683	51116	8
19683	51139	3
19683	51385	31
19683	51506	4
19683	51591	9
19683	51626	9
19683	51676	70
19683	51782	39
19683	51888	4
19683	51954	23
19683	52257	10
19683	52286	10
19683	52378	15
19683	52419	20
19683	52451	113
19683	52675	19
19683	52688	122
19683	52712	67
19683	53044	21
19683	53107	20
19683	53297	126
19683	53406	57
19683	53449	15
19683	53457	33
19683	53650	21
19683	53656	18
19683	53692	11
19683	53706	2
19683	53875	98
19683	53878	12
19683	53926	5
19683	54003	72
19683	54416	112
19683	54487	49
19683	55041	25
19683	55347	30
19683	55577	36
19683	55630	3
19683	55906	23
19683	55970	23
19683	56177	90
19683	56705	35
19683	56783	48
19683	56817	29
19683	57029	6
19683	57350	6
19683	58230	45
19683	58270	5
19683	58286	3
19683	58300	7
19683	58308	12
19683	58321	19
19683	58352	12
19683	58397	14
19683	58461	6
19683	58495	9
19683	58523	18
19683	58554	23
19683	58590	28
19683	58667	30
19683	59180	12
19683	59545	6
19683	59546	103
19683	59819	7
19683	59876	15
19683	60099	2
19683	60118	143
19683	60133	1
19683	60172	1
19683	60237	5
19683	60281	7
19683	60299	11
19683	60359	27
19683	60673	13
19683	60684	2
19683	60694	3
19683	60714	17
19683	60722	8
19683	60921	56
19683	60998	15
19683	61024	10
19683	61043	2
19683	61085	53
19683	61109	168
19683	61120	4
19683	61194	69
19683	61244	7
19683	61501	44
19683	61538	8
19683	61727	2
19683	61755	22
19683	61914	5
19683	61953	14
19683	61985	2
19683	62270	148
19683	62508	4
19683	62577	2
19683	62585	7
19683	62594	3
19683	62612	2
19683	62636	4
19683	62656	2
19683	62662	1
19683	62695	5
19683	62713	6
19683	62722	7
19683	62730	15
19683	62752	22
19683	62779	30
19683	62813	14
19683	62863	3
19683	62911	99
19683	62919	3
19683	62930	13
19683	63080	11
19683	63096	2
19683	63158	12
19683	63189	26
19683	63390	10
19683	63497	12
20089	20297	14
20089	20391	1
20089	20728	2
20089	20743	37
20089	20859	8
20089	20883	23
20089	21173	4
20089	21280	2
20089	21827	7
20089	22072	10
20089	22114	28
20089	22906	10
20089	23010	7
20089	23040	29
20089	23056	12
20089	23320	8
20089	23430	63
20089	23440	73
20089	23754	24
20089	24028	4
20089	24631	1
20089	24650	37
20089	24838	13
20089	25093	1
20089	25105	21
20089	27608	10
20089	27633	12
20089	27689	213
20089	27812	4
20089	27929	1
20089	28005	7
20089	28155	1
20089	28409	9
20089	28980	2
20089	29008	6
20089	29164	3
20089	29801	1
20089	29812	13
20089	29855	7
20089	30303	2
20089	30311	9
20089	30374	16
20089	30409	7
20089	30479	1
20089	30653	4
20089	30913	3
20089	30937	3
20089	30955	10
20089	30978	4
20089	31002	13
20089	31015	1
20089	31025	6
20089	31032	5
20089	31042	2
20089	31063	4
20089	31092	14
20089	31109	20
20089	31137	19
20089	31170	3
20089	31361	3
20089	31787	5
20089	31826	1
20089	31842	3
20089	31848	13
20089	31864	5
20089	31871	2
20089	31880	33
20089	31891	34
20089	31911	2
20089	31950	2
20089	31972	24
20089	31998	16
20089	32230	22
20089	32327	3
20089	32560	23
20089	32564	89
20089	32659	7
20089	32723	1
20089	33074	4
20089	34120	1
20089	34125	11
20089	34247	2
20089	34483	21
20089	34558	5
20089	34621	4
20089	35107	2
20089	35710	7
20089	35722	18
20089	35760	5
20089	35856	11
20089	36134	3
20089	36201	1
20089	36290	1
20089	36440	3
20089	36817	4
20089	37971	11
20089	37989	1
20089	38017	3
20089	38228	1
20089	39669	2
20089	40155	3
20089	40285	3
20089	40769	3
20089	40820	8
20089	40983	6
20089	41179	2
20089	41492	1
20089	41600	2
20089	41723	3
20089	42020	5
20089	42168	6
20089	43794	2
20089	43860	1
20089	43884	1
20089	44080	19
20089	45307	7
20089	45766	17
20089	46424	2
20089	46482	4
20089	46584	1
20089	46751	2
20089	46756	1
20089	48454	2
20089	48621	9
20089	48832	14
20089	49021	1
20089	50019	4
20089	50040	4
20089	50277	1
20089	50550	2
20089	51139	6
20089	51385	3
20089	51591	1
20089	51626	1
20089	51676	10
20089	52286	2
20089	52378	3
20089	52419	9
20089	52451	3
20089	52688	17
20089	52712	5
20089	53044	14
20089	53107	4
20089	53406	7
20089	53457	30
20089	53650	4
20089	53692	1
20089	53875	8
20089	53878	6
20089	53926	4
20089	54416	4
20089	54487	8
20089	55041	5
20089	55347	2
20089	55577	5
20089	55630	1
20089	55970	1
20089	56177	12
20089	56705	5
20089	56783	19
20089	56817	4
20089	57029	5
20089	58230	28
20089	58270	7
20089	58286	4
20089	58300	3
20089	58308	29
20089	58321	10
20089	58352	12
20089	58397	5
20089	58461	9
20089	58495	7
20089	58523	5
20089	58554	10
20089	58590	13
20089	58667	4
20089	59545	1
20089	59546	31
20089	59876	19
20089	60099	4
20089	60118	79
20089	60237	4
20089	60299	4
20089	60359	11
20089	60673	4
20089	60694	2
20089	60714	11
20089	60722	6
20089	60921	3
20089	60998	15
20089	61024	2
20089	61085	18
20089	61109	65
20089	61120	5
20089	61194	37
20089	61244	5
20089	61269	2
20089	61501	3
20089	61755	3
20089	61914	4
20089	61953	3
20089	61985	3
20089	62270	3
20089	62577	3
20089	62585	7
20089	62594	5
20089	62612	6
20089	62636	4
20089	62656	4
20089	62662	2
20089	62695	7
20089	62705	3
20089	62713	2
20089	62722	3
20089	62730	4
20089	62752	24
20089	62779	16
20089	62813	3
20089	62863	2
20089	62911	2
20089	62919	4
20089	62930	7
20089	63080	5
20089	63096	2
20089	63158	16
20089	63189	23
20089	63497	7
20297	20391	17
20297	20728	171
20297	20743	13
20297	20859	7
20297	20865	32
20297	20883	75
20297	21024	101
20297	21173	45
20297	21280	50
20297	21335	35
20297	21353	102
20297	21827	6
20297	22048	31
20297	22072	172
20297	22075	52
20297	22114	329
20297	22143	11
20297	22532	38
20297	22772	18
20297	22906	25
20297	23010	11
20297	23040	22
20297	23056	15
20297	23320	22
20297	23430	32
20297	23440	11
20297	23754	14
20297	24028	18
20297	24513	19
20297	24631	126
20297	24650	1906
20297	24838	3
20297	25093	76
20297	25105	4
20297	25281	18
20297	25436	44
20297	25970	40
20297	26201	27
20297	27512	143
20297	27608	16
20297	27633	12
20297	27689	42
20297	27812	23
20297	27929	54
20297	28005	34
20297	28155	35
20297	28409	37
20297	28636	119
20297	28980	72
20297	29008	31
20297	29164	13
20297	29184	27
20297	29262	105
20297	29313	53
20297	29576	263
20297	29801	26
20297	29812	1
20297	29855	246
20297	30303	31
20297	30311	7
20297	30321	48
20297	30374	14
20297	30409	4
20297	30479	37
20297	30653	9
20297	30913	49
20297	30937	20
20297	30955	59
20297	30978	29
20297	31002	46
20297	31015	25
20297	31025	36
20297	31032	59
20297	31042	12
20297	31063	56
20297	31092	101
20297	31109	82
20297	31137	101
20297	31170	19
20297	31361	33
20297	31787	28
20297	31800	40
20297	31826	55
20297	31842	46
20297	31848	17
20297	31864	23
20297	31871	74
20297	31880	44
20297	31891	26
20297	31911	41
20297	31950	29
20297	31972	80
20297	31998	37
20297	32024	33
20297	32070	31
20297	32230	6
20297	32327	110
20297	32560	34
20297	32564	170
20297	32653	30
20297	32659	105
20297	32723	277
20297	33074	292
20297	33332	153
20297	33573	30
20297	34120	26
20297	34125	695
20297	34247	75
20297	34483	849
20297	34558	3
20297	34621	21
20297	35107	12
20297	35722	1
20297	35760	399
20297	35856	4
20297	36134	71
20297	36201	8
20297	36290	40
20297	36440	6
20297	36817	19
20297	37556	9
20297	37971	342
20297	37989	22
20297	38017	9
20297	38228	104
20297	39660	24
20297	39669	16
20297	40155	328
20297	40250	14
20297	40285	836
20297	40769	12
20297	40820	11
20297	40983	60
20297	41174	165
20297	41179	62
20297	41492	21
20297	41575	35
20297	41600	264
20297	41723	15
20297	41882	53
20297	41930	80
20297	42020	115
20297	42168	224
20297	42603	15
20297	42694	22
20297	43479	118
20297	43794	10
20297	43860	43
20297	43884	15
20297	44019	40
20297	44080	16
20297	45000	81
20297	45307	10
20297	45766	37
20297	46424	88
20297	46482	7
20297	46584	47
20297	46751	16
20297	46756	101
20297	47199	41
20297	48454	266
20297	48571	36
20297	48621	362
20297	48633	43
20297	48720	64
20297	48832	102
20297	49021	27
20297	50019	3
20297	50040	11
20297	50277	33
20297	50543	48
20297	50550	223
20297	51116	98
20297	51139	45
20297	51385	56
20297	51506	103
20297	51591	73
20297	51626	54
20297	51676	190
20297	51782	2
20297	51888	57
20297	51954	37
20297	52257	31
20297	52286	79
20297	52378	25
20297	52419	12
20297	52451	22
20297	52675	51
20297	52688	452
20297	52712	14
20297	53044	65
20297	53107	17
20297	53297	48
20297	53406	85
20297	53449	66
20297	53457	50
20297	53650	12
20297	53656	29
20297	53692	27
20297	53706	62
20297	53875	207
20297	53878	33
20297	53926	12
20297	54003	34
20297	54416	72
20297	54487	77
20297	55041	347
20297	55347	55
20297	55577	47
20297	55630	26
20297	55906	43
20297	55970	28
20297	56177	334
20297	56705	142
20297	56783	221
20297	56817	11
20297	57029	69
20297	57350	9
20297	58230	35
20297	58270	72
20297	58286	58
20297	58300	27
20297	58308	21
20297	58321	41
20297	58352	246
20297	58397	94
20297	58461	60
20297	58495	54
20297	58523	97
20297	58554	105
20297	58590	69
20297	58667	6
20297	59180	61
20297	59545	46
20297	59546	37
20297	59819	15
20297	59876	9
20297	60099	9
20297	60118	96
20297	60133	26
20297	60172	38
20297	60237	33
20297	60281	20
20297	60299	26
20297	60359	11
20297	60673	14
20297	60684	16
20297	60694	52
20297	60714	22
20297	60722	28
20297	60921	60
20297	60998	81
20297	61024	64
20297	61043	35
20297	61085	53
20297	61109	62
20297	61120	23
20297	61194	50
20297	61244	25
20297	61269	42
20297	61501	118
20297	61538	12
20297	61727	55
20297	61755	94
20297	61836	46
20297	61914	19
20297	61953	16
20297	61985	35
20297	62270	109
20297	62508	15
20297	62577	15
20297	62585	2
20297	62594	18
20297	62612	107
20297	62636	53
20297	62656	17
20297	62662	36
20297	62695	13
20297	62705	30
20297	62713	15
20297	62722	19
20297	62730	31
20297	62752	85
20297	62779	103
20297	62813	29
20297	62863	22
20297	62878	12
20297	62911	17
20297	62919	19
20297	62930	15
20297	63080	19
20297	63096	24
20297	63158	11
20297	63189	18
20297	63388	10
20297	63390	31
20297	63497	10
20391	20728	3
20391	20859	2
20391	20865	1
20391	20883	8
20391	21024	3
20391	21173	2
20391	21280	1
20391	21353	4
20391	22072	32
20391	22075	16
20391	22114	27
20391	22532	4
20391	22906	2
20391	23010	6
20391	23040	6
20391	23056	5
20391	23430	6
20391	23440	4
20391	23754	3
20391	24028	8
20391	24513	8
20391	24631	7
20391	24650	94
20391	24838	3
20391	25093	6
20391	25281	1
20391	25436	8
20391	26201	1
20391	27512	3
20391	27689	10
20391	27812	8
20391	28005	5
20391	28155	1
20391	28636	9
20391	28980	3
20391	29008	3
20391	29164	10
20391	29313	1
20391	29812	3
20391	29855	14
20391	30311	1
20391	30321	1
20391	30374	2
20391	30409	3
20391	30653	1
20391	30913	4
20391	30955	4
20391	30978	2
20391	31002	1
20391	31015	2
20391	31025	3
20391	31032	13
20391	31042	4
20391	31063	3
20391	31092	3
20391	31109	7
20391	31137	13
20391	31170	1
20391	31361	2
20391	31787	3
20391	31800	3
20391	31826	1
20391	31842	1
20391	31848	2
20391	31864	3
20391	31871	1
20391	31880	8
20391	31891	3
20391	31911	3
20391	31950	3
20391	31972	11
20391	31998	3
20391	32024	2
20391	32070	2
20391	32230	2
20391	32327	2
20391	32560	8
20391	32564	30
20391	32653	3
20391	32659	3
20391	32723	11
20391	33074	22
20391	33332	10
20391	33573	1
20391	34120	2
20391	34125	52
20391	34247	11
20391	34483	37
20391	34558	2
20391	34621	4
20391	35107	1
20391	35710	1
20391	35722	1
20391	35760	14
20391	36134	4
20391	36201	1
20391	36290	2
20391	36440	2
20391	36817	2
20391	37971	12
20391	37989	1
20391	38017	6
20391	38228	1
20391	39669	1
20391	40155	9
20391	40285	15
20391	40820	2
20391	40983	3
20391	41174	1
20391	41179	6
20391	41492	4
20391	41600	8
20391	41882	3
20391	42020	3
20391	42168	6
20391	42694	3
20391	43794	1
20391	43860	5
20391	43884	5
20391	44019	1
20391	44080	4
20391	45307	1
20391	45766	7
20391	46424	15
20391	46482	1
20391	46584	9
20391	46751	18
20391	46756	3
20391	47199	3
20391	48454	32
20391	48571	1
20391	48621	9
20391	48633	2
20391	48832	4
20391	49021	2
20391	50019	4
20391	50040	3
20391	50277	1
20391	50543	6
20391	50550	4
20391	51116	1
20391	51385	4
20391	51506	3
20391	51591	5
20391	51626	2
20391	51676	10
20391	51954	1
20391	52257	4
20391	52286	2
20391	52378	1
20391	52419	2
20391	52451	1
20391	52675	1
20391	52688	23
20391	52712	6
20391	53044	10
20391	53107	5
20391	53406	3
20391	53449	2
20391	53457	15
20391	53650	5
20391	53692	1
20391	53706	1
20391	53875	9
20391	53878	2
20391	53926	1
20391	54003	1
20391	54416	18
20391	54487	7
20391	55041	14
20391	55347	2
20391	55577	5
20391	55630	5
20391	55906	1
20391	56177	18
20391	56705	10
20391	56783	4
20391	57029	4
20391	57350	9
20391	58230	13
20391	58286	2
20391	58300	1
20391	58321	4
20391	58352	7
20391	58397	7
20391	58461	1
20391	58495	5
20391	58523	5
20391	58554	6
20391	58590	4
20391	58667	1
20391	59180	8
20391	59545	13
20391	59546	5
20391	59819	2
20391	59876	2
20391	60099	2
20391	60118	25
20391	60133	2
20391	60237	1
20391	60281	1
20391	60299	5
20391	60359	2
20391	60684	1
20391	60714	6
20391	60722	3
20391	60998	2
20391	61024	1
20391	61085	5
20391	61109	17
20391	61120	4
20391	61194	6
20391	61244	2
20391	61501	11
20391	61538	4
20391	61727	1
20391	61755	3
20391	61914	1
20391	61953	1
20391	62585	1
20391	62594	2
20391	62612	2
20391	62636	2
20391	62662	4
20391	62695	4
20391	62730	2
20391	62752	5
20391	62779	6
20391	62813	2
20391	62863	3
20391	62911	2
20391	62930	2
20391	63096	2
20391	63189	3
20391	63390	4
20391	63497	1
20728	20865	13
20728	21024	72
20728	21280	21
20728	21335	13
20728	21353	36
20728	22048	2
20728	22072	15
20728	22075	6
20728	22114	15
20728	22143	3
20728	22532	5
20728	22772	2
20728	22906	1
20728	23010	3
20728	23056	1
20728	24513	1
20728	24631	5
20728	24650	371
20728	25093	32
20728	25281	3
20728	25436	12
20728	25970	7
20728	27512	34
20728	27608	2
20728	27633	1
20728	27689	6
20728	28005	1
20728	28155	2
20728	28409	1
20728	28636	14
20728	28980	1
20728	29008	4
20728	29262	9
20728	29313	4
20728	29576	4
20728	29801	1
20728	29855	8
20728	30303	4
20728	30321	36
20728	30409	1
20728	30479	4
20728	30913	31
20728	30937	14
20728	30955	20
20728	30978	12
20728	31002	19
20728	31015	8
20728	31025	3
20728	31032	1
20728	31042	5
20728	31063	35
20728	31092	55
20728	31109	19
20728	31137	42
20728	31170	9
20728	31361	1
20728	31787	5
20728	31800	11
20728	31826	20
20728	31842	22
20728	31864	7
20728	31871	18
20728	31880	17
20728	31891	9
20728	31911	16
20728	31950	13
20728	31972	21
20728	31998	10
20728	32024	10
20728	32230	1
20728	32327	25
20728	32560	2
20728	32564	8
20728	32653	8
20728	32659	14
20728	32723	59
20728	33074	3
20728	33332	26
20728	34125	41
20728	34247	5
20728	34483	32
20728	34621	2
20728	35107	1
20728	35760	44
20728	36134	2
20728	37971	2
20728	37989	3
20728	38228	4
20728	40155	17
20728	40250	1
20728	40285	49
20728	40983	3
20728	41174	17
20728	41179	8
20728	41575	2
20728	41600	64
20728	41723	8
20728	41930	2
20728	42020	3
20728	42603	2
20728	43479	66
20728	44019	2
20728	45000	10
20728	45307	3
20728	45766	4
20728	46424	3
20728	46482	1
20728	46584	1
20728	46751	1
20728	46756	4
20728	47199	19
20728	48454	34
20728	48621	57
20728	48633	4
20728	48832	1
20728	49021	6
20728	50040	11
20728	50277	1
20728	50543	5
20728	50550	62
20728	51116	4
20728	51139	1
20728	51506	7
20728	51591	30
20728	51626	4
20728	51676	10
20728	51888	2
20728	52257	7
20728	52286	20
20728	52675	2
20728	52688	42
20728	53044	12
20728	53107	6
20728	53297	1
20728	53656	1
20728	53692	3
20728	53706	15
20728	53875	20
20728	53878	1
20728	53926	5
20728	54487	3
20728	55041	69
20728	55347	1
20728	55577	1
20728	55630	1
20728	56177	6
20728	56705	15
20728	56783	9
20728	57029	1
20728	58230	18
20728	58270	11
20728	58286	42
20728	58300	15
20728	58308	6
20728	58321	13
20728	58352	106
20728	58397	68
20728	58461	19
20728	58495	43
20728	58523	38
20728	58554	35
20728	58590	29
20728	59180	6
20728	59545	12
20728	59546	1
20728	60118	9
20728	60133	4
20728	60172	27
20728	60237	16
20728	60299	1
20728	60359	3
20728	60673	4
20728	60694	46
20728	60714	3
20728	60722	12
20728	60998	47
20728	61024	3
20728	61043	24
20728	61085	7
20728	61109	1
20728	61120	4
20728	61194	6
20728	61269	20
20728	61501	12
20728	61727	1
20728	61755	10
20728	61836	16
20728	61914	4
20728	61953	4
20728	61985	12
20728	62270	1
20728	62508	8
20728	62577	2
20728	62594	2
20728	62612	47
20728	62636	12
20728	62656	6
20728	62662	15
20728	62695	3
20728	62705	4
20728	62713	2
20728	62722	1
20728	62730	24
20728	62752	37
20728	62779	50
20728	62813	8
20728	62863	5
20728	62878	6
20728	62911	4
20728	62919	4
20728	62930	2
20728	63080	2
20728	63096	6
20728	63189	6
20728	63388	14
20728	63390	5
20743	20859	53
20743	20883	50
20743	21173	6
20743	21280	1
20743	21335	1
20743	21827	100
20743	22072	30
20743	22114	83
20743	22532	1
20743	22906	34
20743	23010	48
20743	23040	46
20743	23056	125
20743	23320	1
20743	23430	122
20743	23440	249
20743	23754	86
20743	24028	4
20743	24513	1
20743	24631	1
20743	24650	87
20743	24838	41
20743	25093	2
20743	25105	6
20743	25281	12
20743	26201	2
20743	27512	1
20743	27608	1
20743	27633	40
20743	27689	129
20743	27812	12
20743	27929	2
20743	28005	27
20743	28409	42
20743	28636	2
20743	28980	5
20743	29008	46
20743	29164	36
20743	29184	1
20743	29801	2
20743	29812	109
20743	29855	22
20743	30303	2
20743	30311	99
20743	30374	6
20743	30409	36
20743	30653	31
20743	30913	5
20743	30937	9
20743	30955	70
20743	30978	26
20743	31002	4
20743	31015	2
20743	31032	2
20743	31042	44
20743	31063	5
20743	31092	51
20743	31109	19
20743	31137	20
20743	31170	9
20743	31361	2
20743	31787	1
20743	31800	1
20743	31826	3
20743	31842	28
20743	31848	44
20743	31864	4
20743	31871	25
20743	31880	163
20743	31891	48
20743	31911	6
20743	31950	10
20743	31972	88
20743	31998	17
20743	32230	48
20743	32560	80
20743	32564	307
20743	32659	4
20743	32723	2
20743	33074	6
20743	33332	1
20743	34120	1
20743	34125	43
20743	34247	2
20743	34483	38
20743	34558	75
20743	34621	29
20743	35107	3
20743	35710	44
20743	35722	82
20743	35760	25
20743	35856	65
20743	36201	3
20743	36290	2
20743	36440	5
20743	36817	1
20743	37971	16
20743	38017	67
20743	38228	3
20743	39660	2
20743	40155	1
20743	40285	30
20743	40769	9
20743	40820	7
20743	41179	1
20743	41492	2
20743	41600	23
20743	41723	23
20743	42020	22
20743	42168	30
20743	43479	3
20743	43794	26
20743	43860	22
20743	44080	22
20743	45307	28
20743	45766	47
20743	46482	44
20743	46584	1
20743	46751	3
20743	46756	3
20743	48454	28
20743	48621	48
20743	48832	1
20743	49021	3
20743	50019	48
20743	50040	23
20743	51139	2
20743	51385	24
20743	51506	1
20743	51591	1
20743	51626	3
20743	51676	7
20743	52257	1
20743	52286	21
20743	52378	28
20743	52419	15
20743	52451	21
20743	52688	34
20743	52712	11
20743	53044	32
20743	53107	4
20743	53297	1
20743	53406	6
20743	53449	1
20743	53457	69
20743	53650	3
20743	53656	2
20743	53875	5
20743	53878	55
20743	53926	2
20743	54003	1
20743	54416	31
20743	54487	52
20743	55041	23
20743	55577	7
20743	55906	3
20743	55970	1
20743	56177	3
20743	56705	1
20743	56783	4
20743	56817	34
20743	57350	1
20743	58230	58
20743	58270	26
20743	58286	2
20743	58300	5
20743	58308	16
20743	58321	22
20743	58352	11
20743	58397	48
20743	58461	7
20743	58495	39
20743	58523	28
20743	58554	29
20743	58590	55
20743	58667	4
20743	59545	2
20743	59546	93
20743	59876	39
20743	60099	23
20743	60118	202
20743	60133	1
20743	60281	1
20743	60299	28
20743	60359	36
20743	60673	23
20743	60694	2
20743	60714	48
20743	60722	6
20743	60921	2
20743	60998	85
20743	61024	1
20743	61085	74
20743	61109	230
20743	61194	128
20743	61244	26
20743	61501	25
20743	61538	2
20743	61755	23
20743	61914	3
20743	61953	19
20743	61985	2
20743	62270	5
20743	62577	6
20743	62585	35
20743	62594	10
20743	62612	53
20743	62636	8
20743	62656	25
20743	62695	74
20743	62705	1
20743	62713	6
20743	62722	5
20743	62730	28
20743	62752	43
20743	62779	39
20743	62813	9
20743	62863	5
20743	62878	1
20743	62911	3
20743	62930	23
20743	63080	1
20743	63096	2
20743	63158	89
20743	63189	136
20743	63497	6
20859	20883	6
20859	21024	1
20859	21827	23
20859	22072	7
20859	22075	2
20859	22114	15
20859	22532	1
20859	22906	7
20859	23010	3
20859	23040	16
20859	23056	12
20859	23430	16
20859	23440	26
20859	23754	24
20859	24513	1
20859	24650	9
20859	24838	4
20859	25093	1
20859	25281	9
20859	25436	1
20859	27633	6
20859	27689	52
20859	27812	2
20859	28005	6
20859	28409	2
20859	28980	1
20859	29008	7
20859	29164	2
20859	29576	1
20859	29812	17
20859	29855	3
20859	30303	1
20859	30311	16
20859	30321	1
20859	30374	6
20859	30409	11
20859	30653	2
20859	30913	1
20859	30955	7
20859	30978	8
20859	31002	5
20859	31015	9
20859	31042	4
20859	31063	4
20859	31092	10
20859	31109	3
20859	31137	6
20859	31170	4
20859	31787	1
20859	31800	1
20859	31842	6
20859	31848	3
20859	31864	6
20859	31871	4
20859	31880	23
20859	31891	21
20859	31911	1
20859	31950	2
20859	31972	15
20859	31998	19
20859	32230	7
20859	32560	21
20859	32564	52
20859	33074	6
20859	33332	1
20859	34125	4
20859	34483	4
20859	34558	5
20859	34621	2
20859	35710	4
20859	35722	11
20859	35760	2
20859	35856	6
20859	36817	3
20859	38017	6
20859	38228	1
20859	40285	2
20859	40769	1
20859	40820	3
20859	40983	1
20859	41179	1
20859	41600	5
20859	41723	4
20859	41930	1
20859	42020	2
20859	42168	2
20859	43479	1
20859	43794	3
20859	43860	2
20859	44080	8
20859	45307	9
20859	45766	6
20859	46482	7
20859	46751	2
20859	48454	6
20859	48621	5
20859	50019	4
20859	50040	2
20859	50550	1
20859	51116	1
20859	51385	3
20859	51506	1
20859	51591	1
20859	51676	3
20859	52286	2
20859	52378	2
20859	52419	6
20859	52451	2
20859	52688	2
20859	52712	1
20859	53044	8
20859	53107	3
20859	53406	1
20859	53650	1
20859	53706	1
20859	53878	4
20859	53926	1
20859	54416	2
20859	54487	8
20859	55041	3
20859	56817	3
20859	58230	24
20859	58270	5
20859	58300	2
20859	58308	3
20859	58321	12
20859	58352	20
20859	58397	6
20859	58495	5
20859	58523	8
20859	58554	2
20859	58590	5
20859	58667	3
20859	59180	1
20859	59546	11
20859	59876	5
20859	60099	3
20859	60118	36
20859	60133	1
20859	60299	2
20859	60359	10
20859	60673	4
20859	60714	17
20859	60722	5
20859	60998	21
20859	61085	21
20859	61109	31
20859	61194	26
20859	61244	3
20859	61501	3
20859	61755	2
20859	61953	7
20859	62577	3
20859	62585	7
20859	62594	6
20859	62612	17
20859	62636	1
20859	62656	5
20859	62695	7
20859	62705	2
20859	62722	11
20859	62730	9
20859	62752	25
20859	62779	11
20859	62813	10
20859	62863	3
20859	62911	1
20859	62930	6
20859	63096	3
20859	63158	29
20859	63189	14
20865	21024	3
20865	21173	1
20865	21280	1
20865	21335	3
20865	21353	4
20865	22048	5
20865	22072	8
20865	22075	2
20865	22114	8
20865	22143	1
20865	22532	2
20865	23010	2
20865	24513	1
20865	24631	2
20865	24650	92
20865	25093	6
20865	25281	1
20865	25436	62
20865	25970	3
20865	27512	9
20865	27608	1
20865	27929	1
20865	28409	1
20865	28636	7
20865	29008	8
20865	29184	3
20865	29313	2
20865	29576	5
20865	29855	2
20865	30303	1
20865	30321	4
20865	30374	1
20865	30479	1
20865	30653	1
20865	30913	31
20865	30937	8
20865	30955	10
20865	30978	3
20865	31002	4
20865	31025	1
20865	31032	6
20865	31063	4
20865	31092	21
20865	31109	4
20865	31137	9
20865	31361	2
20865	31787	1
20865	31800	7
20865	31826	5
20865	31864	1
20865	31871	6
20865	31891	2
20865	31950	2
20865	31972	9
20865	32024	3
20865	32327	1
20865	32564	5
20865	32653	1
20865	32659	5
20865	32723	14
20865	33074	17
20865	33332	5
20865	34125	15
20865	34247	2
20865	34483	9
20865	35760	34
20865	36201	1
20865	36290	1
20865	36817	1
20865	37971	8
20865	37989	3
20865	38228	1
20865	39660	1
20865	40155	5
20865	40250	1
20865	40285	13
20865	40820	2
20865	41174	8
20865	41179	4
20865	41575	1
20865	41600	32
20865	41723	2
20865	41930	6
20865	42020	3
20865	42168	6
20865	45000	2
20865	46584	6
20865	46751	2
20865	48454	13
20865	48621	9
20865	49021	2
20865	50040	3
20865	50543	2
20865	50550	21
20865	51116	3
20865	51506	1
20865	51591	7
20865	51676	8
20865	51888	1
20865	52257	1
20865	52286	7
20865	52451	1
20865	52675	3
20865	52688	31
20865	53044	3
20865	53107	1
20865	53297	1
20865	53406	2
20865	53449	1
20865	53656	2
20865	53692	1
20865	53706	1
20865	53875	24
20865	53926	2
20865	54487	9
20865	55041	25
20865	55577	3
20865	55630	13
20865	55906	1
20865	55970	1
20865	56705	6
20865	57350	1
20865	58270	8
20865	58286	5
20865	58300	3
20865	58321	7
20865	58352	17
20865	58397	17
20865	58461	1
20865	58495	12
20865	58523	16
20865	58554	7
20865	58590	18
20865	59180	2
20865	59545	2
20865	59819	1
20865	60099	2
20865	60118	1
20865	60172	12
20865	60237	3
20865	60299	7
20865	60673	3
20865	60694	6
20865	60714	3
20865	60722	3
20865	60998	9
20865	61043	9
20865	61085	4
20865	61194	2
20865	61269	14
20865	61501	16
20865	61538	2
20865	61755	6
20865	61836	5
20865	61914	2
20865	61985	5
20865	62270	2
20865	62508	1
20865	62577	2
20865	62612	16
20865	62636	8
20865	62656	2
20865	62695	2
20865	62722	1
20865	62730	7
20865	62752	15
20865	62779	12
20865	62863	3
20865	62878	2
20865	63096	1
20865	63388	1
20865	63390	1
20865	63497	2
20883	21173	11
20883	21280	1
20883	21335	1
20883	21827	8
20883	22072	33
20883	22075	6
20883	22114	52
20883	22532	1
20883	22906	34
20883	23010	6
20883	23040	14
20883	23056	19
20883	23320	52
20883	23430	25
20883	23440	44
20883	23754	14
20883	24513	1
20883	24631	42
20883	24650	104
20883	24838	4
20883	25105	1
20883	25281	4
20883	25436	1
20883	25970	5
20883	26201	2
20883	27633	10
20883	27689	57
20883	27812	10
20883	28005	12
20883	28155	38
20883	28409	3
20883	28636	1
20883	29008	4
20883	29164	4
20883	29262	1
20883	29801	1
20883	29812	11
20883	29855	103
20883	30303	2
20883	30311	9
20883	30374	5
20883	30409	5
20883	30653	4
20883	30955	13
20883	30978	3
20883	31002	3
20883	31015	2
20883	31025	92
20883	31032	42
20883	31042	7
20883	31063	8
20883	31092	7
20883	31109	17
20883	31137	6
20883	31170	1
20883	31361	2
20883	31787	11
20883	31800	3
20883	31826	2
20883	31842	3
20883	31848	18
20883	31864	2
20883	31871	9
20883	31880	27
20883	31891	11
20883	31911	5
20883	31950	8
20883	31972	27
20883	31998	7
20883	32230	9
20883	32327	5
20883	32560	13
20883	32564	59
20883	32659	88
20883	32723	5
20883	33074	9
20883	33332	1
20883	33573	7
20883	34120	6
20883	34125	100
20883	34247	8
20883	34483	296
20883	34558	8
20883	34621	4
20883	35710	3
20883	35722	19
20883	35760	5
20883	35856	9
20883	36134	35
20883	36290	1
20883	36817	2
20883	37971	12
20883	37989	1
20883	38017	7
20883	38228	4
20883	39660	1
20883	40155	8
20883	40285	37
20883	40769	5
20883	40820	1
20883	40983	15
20883	41174	5
20883	41179	4
20883	41492	52
20883	41575	4
20883	41600	18
20883	41723	3
20883	41930	1
20883	42020	69
20883	42168	6
20883	42694	1
20883	43794	7
20883	43860	21
20883	43884	11
20883	44019	2
20883	44080	7
20883	45000	2
20883	45307	5
20883	45766	12
20883	46424	62
20883	46482	4
20883	46584	1
20883	46751	5
20883	46756	30
20883	48454	4
20883	48571	14
20883	48621	32
20883	48633	2
20883	48720	1
20883	48832	148
20883	49021	1
20883	50019	6
20883	50040	3
20883	50277	69
20883	50550	1
20883	51116	4
20883	51139	7
20883	51385	10
20883	51506	1
20883	51591	1
20883	51626	3
20883	51676	92
20883	52257	2
20883	52286	6
20883	52378	2
20883	52451	4
20883	52675	2
20883	52688	80
20883	52712	4
20883	53044	20
20883	53107	2
20883	53406	9
20883	53449	20
20883	53457	5
20883	53650	9
20883	53656	1
20883	53692	9
20883	53875	12
20883	53878	6
20883	54003	1
20883	54416	10
20883	54487	8
20883	55041	10
20883	55347	6
20883	55577	2
20883	55970	1
20883	56177	319
20883	56705	13
20883	56783	218
20883	56817	7
20883	57029	17
20883	58230	17
20883	58270	58
20883	58286	6
20883	58300	4
20883	58308	7
20883	58321	9
20883	58352	11
20883	58397	16
20883	58461	9
20883	58495	12
20883	58523	10
20883	58554	50
20883	58590	9
20883	58667	2
20883	59545	2
20883	59546	16
20883	59876	4
20883	60099	2
20883	60118	72
20883	60133	3
20883	60237	33
20883	60299	3
20883	60359	9
20883	60673	7
20883	60684	6
20883	60714	4
20883	60722	4
20883	60921	1
20883	60998	16
20883	61024	34
20883	61043	1
20883	61085	21
20883	61109	43
20883	61120	9
20883	61194	27
20883	61244	12
20883	61501	14
20883	61727	1
20883	61755	6
20883	61953	5
20883	61985	5
20883	62577	5
20883	62585	5
20883	62594	4
20883	62612	12
20883	62636	25
20883	62656	3
20883	62662	9
20883	62695	19
20883	62705	6
20883	62713	1
20883	62722	5
20883	62730	5
20883	62752	28
20883	62779	17
20883	62813	5
20883	62863	4
20883	62911	1
20883	62919	1
20883	62930	2
20883	63158	9
20883	63189	21
20883	63497	7
21024	21173	1
21024	21280	25
21024	21335	5
21024	21353	33
21024	22048	2
21024	22072	10
21024	22075	3
21024	22114	16
21024	22143	2
21024	22532	5
21024	22772	2
21024	24028	3
21024	24631	1
21024	24650	321
21024	25093	21
21024	25105	3
21024	25281	2
21024	25436	19
21024	25970	1
21024	27512	25
21024	27633	1
21024	27689	6
21024	27929	1
21024	28409	4
21024	28636	3
21024	28980	4
21024	29008	4
21024	29184	1
21024	29262	13
21024	29313	3
21024	29576	4
21024	29801	2
21024	29855	2
21024	30303	3
21024	30321	34
21024	30374	2
21024	30479	10
21024	30913	4
21024	30937	3
21024	30955	8
21024	30978	2
21024	31002	10
21024	31015	3
21024	31032	11
21024	31063	2
21024	31092	21
21024	31109	9
21024	31137	10
21024	31170	4
21024	31787	3
21024	31800	17
21024	31826	5
21024	31842	5
21024	31864	1
21024	31871	10
21024	31880	3
21024	31891	1
21024	31911	25
21024	31950	1
21024	31972	11
21024	31998	1
21024	32024	2
21024	32230	2
21024	32327	8
21024	32560	5
21024	32564	6
21024	32653	3
21024	32723	46
21024	33074	26
21024	33332	3
21024	34120	1
21024	34125	43
21024	34247	6
21024	34483	13
21024	35107	2
21024	35760	31
21024	36201	6
21024	36290	1
21024	36440	2
21024	36817	1
21024	37556	3
21024	37971	7
21024	37989	3
21024	38228	6
21024	40155	12
21024	40250	1
21024	40285	40
21024	40769	1
21024	40983	1
21024	41174	8
21024	41179	4
21024	41600	21
21024	41723	3
21024	41930	2
21024	42020	3
21024	42168	10
21024	42603	4
21024	42694	5
21024	43479	34
21024	43794	1
21024	45000	2
21024	45766	2
21024	46584	5
21024	46751	4
21024	46756	1
21024	47199	21
21024	48454	28
21024	48571	2
21024	48621	34
21024	48633	1
21024	48720	1
21024	49021	2
21024	50040	4
21024	50543	7
21024	50550	47
21024	51116	5
21024	51385	1
21024	51506	8
21024	51591	35
21024	51626	5
21024	51676	6
21024	51888	3
21024	51954	12
21024	52257	9
21024	52286	23
21024	52378	2
21024	52675	3
21024	52688	39
21024	53044	5
21024	53107	4
21024	53297	2
21024	53406	1
21024	53457	6
21024	53656	1
21024	53692	2
21024	53706	2
21024	53875	15
21024	53926	1
21024	54003	1
21024	54487	5
21024	55041	49
21024	55347	2
21024	55577	2
21024	55630	4
21024	56177	4
21024	56705	16
21024	56783	2
21024	57029	3
21024	58230	18
21024	58270	3
21024	58286	6
21024	58300	5
21024	58321	4
21024	58352	72
21024	58397	32
21024	58461	4
21024	58495	18
21024	58523	15
21024	58554	15
21024	58590	11
21024	59180	13
21024	59545	5
21024	60099	1
21024	60118	6
21024	60133	4
21024	60172	10
21024	60281	2
21024	60673	2
21024	60694	19
21024	60722	6
21024	60921	1
21024	60998	36
21024	61043	4
21024	61085	10
21024	61109	2
21024	61120	2
21024	61269	24
21024	61501	18
21024	61755	6
21024	61836	8
21024	61914	3
21024	61985	18
21024	62508	2
21024	62577	2
21024	62594	1
21024	62612	13
21024	62636	5
21024	62662	6
21024	62695	2
21024	62713	1
21024	62722	2
21024	62730	1
21024	62752	4
21024	62779	34
21024	62813	3
21024	62863	3
21024	62878	1
21024	62919	1
21024	63080	1
21024	63096	1
21024	63189	1
21024	63390	2
21173	21280	2
21173	21335	1
21173	21353	1
21173	21827	2
21173	22048	3
21173	22072	29
21173	22075	4
21173	22114	50
21173	22143	1
21173	22532	1
21173	22906	4
21173	23010	3
21173	23040	3
21173	23056	6
21173	23320	6
21173	23430	1
21173	23440	1
21173	24028	3
21173	24513	1
21173	24631	19
21173	24650	90
21173	24838	1
21173	25093	3
21173	25281	1
21173	25970	1
21173	26201	7
21173	27512	3
21173	27608	1
21173	27633	2
21173	27689	9
21173	27812	4
21173	27929	5
21173	28005	7
21173	28155	5
21173	28409	14
21173	28636	2
21173	28980	11
21173	29008	1
21173	29164	6
21173	29184	5
21173	29313	2
21173	29576	8
21173	29801	2
21173	29855	40
21173	30303	3
21173	30409	1
21173	30479	1
21173	30653	3
21173	30913	5
21173	30937	3
21173	30955	5
21173	30978	1
21173	31002	1
21173	31015	2
21173	31025	9
21173	31032	9
21173	31063	5
21173	31092	3
21173	31109	11
21173	31137	4
21173	31170	1
21173	31361	9
21173	31787	3
21173	31826	1
21173	31842	1
21173	31864	3
21173	31871	4
21173	31880	3
21173	31891	3
21173	31911	2
21173	31950	4
21173	31972	4
21173	31998	1
21173	32070	3
21173	32230	4
21173	32327	3
21173	32564	30
21173	32653	2
21173	32659	44
21173	32723	8
21173	33074	24
21173	33332	2
21173	33573	1
21173	34120	5
21173	34125	60
21173	34247	7
21173	34483	128
21173	34558	3
21173	34621	2
21173	35107	1
21173	35722	1
21173	35760	7
21173	36134	2
21173	36201	1
21173	36290	2
21173	36817	4
21173	37971	70
21173	38228	9
21173	39660	6
21173	39669	2
21173	40155	18
21173	40250	1
21173	40285	31
21173	40983	12
21173	41174	3
21173	41179	7
21173	41492	24
21173	41575	2
21173	41600	16
21173	41882	1
21173	42020	19
21173	42168	22
21173	43479	1
21173	43860	21
21173	43884	10
21173	44019	2
21173	44080	4
21173	45000	6
21173	45307	2
21173	45766	9
21173	46424	20
21173	46584	6
21173	46751	1
21173	46756	11
21173	48454	8
21173	48571	1
21173	48621	17
21173	48633	2
21173	48832	20
21173	49021	1
21173	50040	3
21173	50543	5
21173	51116	2
21173	51139	12
21173	51385	8
21173	51506	2
21173	51591	3
21173	51676	36
21173	51888	2
21173	51954	1
21173	52257	4
21173	52286	2
21173	52378	5
21173	52451	3
21173	52675	2
21173	52688	24
21173	52712	1
21173	53044	9
21173	53107	2
21173	53297	3
21173	53406	11
21173	53449	15
21173	53457	36
21173	53650	2
21173	53656	11
21173	53692	3
21173	53875	49
21173	53878	4
21173	53926	2
21173	54003	3
21173	54416	21
21173	54487	15
21173	55041	19
21173	55347	10
21173	55577	8
21173	55630	1
21173	55906	10
21173	55970	5
21173	56177	90
21173	56705	10
21173	56783	47
21173	56817	3
21173	57029	20
21173	57350	1
21173	58230	3
21173	58270	18
21173	58286	1
21173	58300	2
21173	58352	4
21173	58397	3
21173	58461	6
21173	58495	5
21173	58523	5
21173	58554	3
21173	58590	8
21173	59180	2
21173	59545	5
21173	59546	5
21173	59819	1
21173	59876	2
21173	60118	18
21173	60133	4
21173	60237	1
21173	60281	1
21173	60299	2
21173	60673	3
21173	60684	2
21173	60714	2
21173	60722	12
21173	60921	10
21173	60998	2
21173	61024	15
21173	61085	8
21173	61109	6
21173	61120	1
21173	61194	11
21173	61244	5
21173	61501	19
21173	61538	2
21173	61727	1
21173	61755	17
21173	61836	1
21173	61914	4
21173	61985	1
21173	62270	21
21173	62508	1
21173	62577	1
21173	62585	1
21173	62594	2
21173	62612	5
21173	62636	7
21173	62656	3
21173	62662	5
21173	62695	2
21173	62705	1
21173	62713	3
21173	62722	1
21173	62730	3
21173	62752	13
21173	62779	5
21173	62813	2
21173	62878	1
21173	62930	2
21173	63080	7
21173	63158	2
21173	63189	5
21173	63390	1
21173	63497	3
21280	21335	2
21280	21353	20
21280	21827	1
21280	22048	2
21280	22072	10
21280	22075	3
21280	22114	20
21280	22143	4
21280	22532	3
21280	23010	4
21280	23040	1
21280	23430	1
21280	23754	1
21280	24028	2
21280	24631	2
21280	24650	180
21280	25093	1
21280	25436	7
21280	25970	1
21280	26201	1
21280	27512	16
21280	27633	1
21280	27689	2
21280	27812	2
21280	27929	6
21280	28005	4
21280	28409	1
21280	28636	1
21280	28980	3
21280	29008	6
21280	29184	16
21280	29262	2
21280	29313	1
21280	29576	4
21280	29801	1
21280	29855	8
21280	30303	1
21280	30321	10
21280	30479	6
21280	30653	1
21280	30913	5
21280	30955	4
21280	30978	2
21280	31002	6
21280	31025	1
21280	31032	9
21280	31063	23
21280	31092	10
21280	31109	6
21280	31137	3
21280	31170	4
21280	31361	4
21280	31787	2
21280	31800	5
21280	31826	2
21280	31848	1
21280	31864	2
21280	31871	7
21280	31880	2
21280	31891	3
21280	31911	3
21280	31950	1
21280	31972	6
21280	31998	1
21280	32024	1
21280	32070	1
21280	32230	2
21280	32327	3
21280	32564	11
21280	32653	1
21280	32659	3
21280	32723	24
21280	33074	76
21280	33332	4
21280	34120	3
21280	34125	38
21280	34247	7
21280	34483	41
21280	34621	2
21280	35760	25
21280	35856	1
21280	36134	4
21280	36201	5
21280	36290	3
21280	36817	2
21280	37556	2
21280	37971	88
21280	37989	3
21280	38017	1
21280	38228	12
21280	39660	3
21280	40155	9
21280	40250	1
21280	40285	12
21280	40983	2
21280	41174	3
21280	41179	15
21280	41575	1
21280	41600	29
21280	41930	3
21280	42020	4
21280	42168	133
21280	42603	1
21280	43479	25
21280	43794	1
21280	43860	1
21280	45000	2
21280	45766	4
21280	46482	1
21280	46584	8
21280	46751	1
21280	46756	1
21280	47199	3
21280	48454	30
21280	48621	50
21280	48720	2
21280	49021	2
21280	50543	2
21280	50550	31
21280	51116	3
21280	51139	5
21280	51385	15
21280	51506	7
21280	51591	5
21280	51626	13
21280	51676	10
21280	51888	7
21280	51954	9
21280	52257	5
21280	52286	11
21280	52378	9
21280	52451	1
21280	52675	4
21280	52688	31
21280	53044	6
21280	53107	1
21280	53297	5
21280	53406	16
21280	53449	3
21280	53656	7
21280	53875	20
21280	53878	5
21280	54003	3
21280	54416	1
21280	54487	13
21280	55041	29
21280	55347	2
21280	55577	14
21280	55630	2
21280	55906	2
21280	55970	4
21280	56177	5
21280	56705	19
21280	56783	2
21280	57029	4
21280	57350	1
21280	58286	2
21280	58300	1
21280	58308	1
21280	58321	3
21280	58352	20
21280	58397	7
21280	58461	3
21280	58495	10
21280	58523	4
21280	58554	11
21280	58590	2
21280	59180	5
21280	59545	2
21280	59546	3
21280	59819	3
21280	59876	1
21280	60118	7
21280	60133	2
21280	60172	5
21280	60237	1
21280	60281	11
21280	60299	2
21280	60359	1
21280	60673	2
21280	60694	5
21280	60714	1
21280	60921	2
21280	60998	8
21280	61024	2
21280	61043	5
21280	61085	6
21280	61109	3
21280	61194	3
21280	61269	3
21280	61501	21
21280	61538	5
21280	61727	1
21280	61755	9
21280	61836	5
21280	61914	7
21280	61985	6
21280	62270	4
21280	62508	3
21280	62577	1
21280	62594	1
21280	62612	5
21280	62636	2
21280	62662	1
21280	62713	1
21280	62722	4
21280	62730	1
21280	62752	6
21280	62779	20
21280	62813	1
21280	62863	3
21280	62930	1
21280	63080	1
21280	63096	1
21280	63158	1
21280	63189	3
21280	63390	2
21335	21353	11
21335	22048	1
21335	22072	10
21335	22075	2
21335	22114	19
21335	22532	2
21335	23010	1
21335	23040	1
21335	23056	1
21335	23430	1
21335	23440	7
21335	23754	5
21335	24631	2
21335	24650	160
21335	25093	6
21335	25436	4
21335	27512	2
21335	27633	2
21335	27689	7
21335	27929	7
21335	28005	2
21335	28409	10
21335	28636	7
21335	29008	8
21335	29164	3
21335	29262	4
21335	29313	3
21335	29576	7
21335	29801	1
21335	29855	7
21335	30303	2
21335	30321	3
21335	30479	3
21335	30913	11
21335	30937	2
21335	30955	11
21335	30978	1
21335	31002	2
21335	31015	3
21335	31063	4
21335	31092	7
21335	31109	2
21335	31137	15
21335	31170	1
21335	31361	6
21335	31800	2
21335	31826	4
21335	31864	3
21335	31871	5
21335	31880	3
21335	31891	3
21335	31950	1
21335	31972	5
21335	32024	3
21335	32070	4
21335	32327	9
21335	32560	3
21335	32564	14
21335	32653	12
21335	32659	1
21335	32723	32
21335	33074	16
21335	33332	2
21335	34120	1
21335	34125	29
21335	34247	5
21335	34483	19
21335	34558	2
21335	34621	2
21335	35760	54
21335	35856	1
21335	36134	6
21335	36290	1
21335	36440	1
21335	37971	13
21335	37989	4
21335	39660	2
21335	40155	9
21335	40285	24
21335	40769	1
21335	40983	4
21335	41174	2
21335	41179	6
21335	41575	2
21335	41600	41
21335	42020	1
21335	42168	4
21335	43479	7
21335	43794	1
21335	44080	1
21335	45000	2
21335	45307	1
21335	45766	1
21335	46424	3
21335	46482	1
21335	46584	4
21335	46751	3
21335	46756	2
21335	47199	3
21335	48454	27
21335	48621	39
21335	48633	1
21335	49021	1
21335	50040	3
21335	50543	3
21335	50550	21
21335	51116	3
21335	51139	1
21335	51385	3
21335	51506	3
21335	51591	2
21335	51626	4
21335	51676	6
21335	51888	1
21335	52257	1
21335	52286	11
21335	52378	6
21335	52419	2
21335	52675	2
21335	52688	45
21335	53044	3
21335	53107	1
21335	53449	3
21335	53457	15
21335	53650	1
21335	53692	1
21335	53706	2
21335	53875	8
21335	53878	5
21335	54487	10
21335	55041	27
21335	55347	2
21335	55577	9
21335	55630	3
21335	56177	2
21335	56705	16
21335	56783	4
21335	57029	4
21335	58230	3
21335	58270	1
21335	58286	12
21335	58300	7
21335	58321	1
21335	58352	11
21335	58397	6
21335	58461	1
21335	58495	5
21335	58523	5
21335	58554	6
21335	58590	1
21335	58667	2
21335	59180	1
21335	59545	1
21335	59546	2
21335	59876	1
21335	60118	8
21335	60172	16
21335	60359	3
21335	60694	1
21335	60714	1
21335	60722	2
21335	60921	5
21335	60998	6
21335	61109	7
21335	61120	1
21335	61194	2
21335	61244	1
21335	61269	4
21335	61501	6
21335	61755	7
21335	61914	1
21335	61953	2
21335	61985	1
21335	62270	7
21335	62594	1
21335	62612	7
21335	62636	2
21335	62656	1
21335	62662	1
21335	62695	1
21335	62705	2
21335	62713	1
21335	62730	2
21335	62752	5
21335	62779	8
21335	62930	1
21335	63189	1
21353	22048	3
21353	22072	18
21353	22075	6
21353	22114	46
21353	22143	2
21353	22532	7
21353	22772	1
21353	22906	1
21353	23010	2
21353	23040	1
21353	24028	2
21353	24513	8
21353	24631	5
21353	24650	374
21353	25093	16
21353	25281	1
21353	25436	12
21353	25970	1
21353	26201	1
21353	27512	31
21353	27608	2
21353	27633	4
21353	27689	2
21353	27812	1
21353	27929	2
21353	28005	5
21353	28155	1
21353	28636	6
21353	28980	3
21353	29008	3
21353	29184	2
21353	29262	8
21353	29576	2
21353	29801	3
21353	29855	13
21353	30303	2
21353	30321	7
21353	30374	1
21353	30479	14
21353	30913	5
21353	30937	5
21353	30955	8
21353	30978	5
21353	31002	8
21353	31015	7
21353	31032	9
21353	31063	3
21353	31092	24
21353	31109	6
21353	31137	19
21353	31170	5
21353	31361	1
21353	31787	1
21353	31800	12
21353	31826	5
21353	31842	6
21353	31864	3
21353	31871	7
21353	31880	9
21353	31891	3
21353	31911	5
21353	31950	8
21353	31972	16
21353	31998	3
21353	32024	4
21353	32070	2
21353	32327	10
21353	32560	1
21353	32564	3
21353	32653	10
21353	32659	4
21353	32723	49
21353	33074	42
21353	33332	3
21353	34120	1
21353	34125	72
21353	34247	15
21353	34483	41
21353	35107	1
21353	35760	105
21353	36134	2
21353	36201	3
21353	36290	3
21353	36440	1
21353	37556	2
21353	37971	16
21353	37989	5
21353	38228	10
21353	39660	3
21353	39669	1
21353	40155	22
21353	40250	4
21353	40285	27
21353	40820	1
21353	40983	3
21353	41174	4
21353	41179	14
21353	41492	8
21353	41575	1
21353	41600	71
21353	41723	3
21353	41882	16
21353	41930	3
21353	42020	4
21353	42168	6
21353	42694	1
21353	43479	40
21353	43794	1
21353	43860	3
21353	45000	1
21353	46424	3
21353	46482	1
21353	46584	3
21353	46751	6
21353	46756	2
21353	47199	9
21353	48454	35
21353	48621	61
21353	48633	2
21353	48832	1
21353	49021	5
21353	50019	1
21353	50040	2
21353	50543	21
21353	50550	47
21353	51116	5
21353	51139	7
21353	51385	8
21353	51506	24
21353	51591	9
21353	51626	3
21353	51676	10
21353	51888	8
21353	51954	10
21353	52257	5
21353	52286	18
21353	52378	7
21353	52451	1
21353	52675	9
21353	52688	67
21353	52712	1
21353	53044	4
21353	53107	1
21353	53297	1
21353	53406	5
21353	53449	4
21353	53656	1
21353	53692	4
21353	53706	1
21353	53875	29
21353	53926	1
21353	54003	1
21353	54487	6
21353	55041	111
21353	55347	2
21353	55577	17
21353	55630	4
21353	55906	1
21353	55970	4
21353	56177	2
21353	56705	14
21353	56783	10
21353	56817	1
21353	57029	6
21353	57350	4
21353	58270	3
21353	58286	16
21353	58300	10
21353	58308	1
21353	58321	1
21353	58352	65
21353	58397	10
21353	58461	6
21353	58495	17
21353	58523	11
21353	58554	25
21353	58590	6
21353	59180	9
21353	59545	14
21353	59546	2
21353	59819	5
21353	60099	1
21353	60118	4
21353	60133	2
21353	60172	16
21353	60237	3
21353	60281	1
21353	60299	3
21353	60673	2
21353	60684	2
21353	60694	7
21353	60714	1
21353	60722	6
21353	60921	3
21353	60998	19
21353	61024	1
21353	61043	9
21353	61085	1
21353	61120	4
21353	61194	1
21353	61269	4
21353	61501	11
21353	61538	3
21353	61755	9
21353	61836	8
21353	61914	3
21353	61953	4
21353	61985	9
21353	62270	5
21353	62508	2
21353	62577	3
21353	62612	8
21353	62636	6
21353	62656	3
21353	62662	5
21353	62705	3
21353	62713	1
21353	62722	2
21353	62730	5
21353	62752	11
21353	62779	39
21353	62813	4
21353	62878	2
21353	62919	3
21353	62930	2
21353	63096	1
21353	63158	1
21353	63189	2
21353	63388	1
21353	63390	3
21827	22072	15
21827	22075	5
21827	22114	33
21827	22532	2
21827	22906	5
21827	23010	7
21827	23040	53
21827	23056	26
21827	23430	34
21827	23440	52
21827	23754	47
21827	24028	7
21827	24513	1
21827	24650	23
21827	24838	12
21827	25093	1
21827	25281	12
21827	27512	2
21827	27608	1
21827	27633	16
21827	27689	66
21827	27812	1
21827	28005	6
21827	28409	4
21827	28636	1
21827	28980	1
21827	29008	9
21827	29164	15
21827	29262	5
21827	29812	38
21827	29855	5
21827	30303	2
21827	30311	28
21827	30374	9
21827	30409	12
21827	30653	7
21827	30955	16
21827	30978	10
21827	31002	6
21827	31015	1
21827	31032	3
21827	31042	8
21827	31063	10
21827	31092	13
21827	31109	4
21827	31137	9
21827	31170	4
21827	31787	1
21827	31842	15
21827	31848	6
21827	31864	12
21827	31871	5
21827	31880	43
21827	31891	24
21827	31911	2
21827	31950	6
21827	31972	18
21827	31998	20
21827	32230	12
21827	32560	37
21827	32564	132
21827	32659	3
21827	33074	18
21827	34125	13
21827	34483	5
21827	34558	13
21827	34621	8
21827	35107	7
21827	35710	10
21827	35722	15
21827	35760	9
21827	35856	15
21827	36440	18
21827	36817	2
21827	37971	9
21827	38017	18
21827	38228	3
21827	39669	5
21827	40155	2
21827	40285	5
21827	40769	7
21827	40820	14
21827	41492	1
21827	41575	2
21827	41600	5
21827	41723	4
21827	42020	4
21827	42168	4
21827	43794	11
21827	43860	9
21827	44080	24
21827	45000	1
21827	45307	16
21827	45766	36
21827	46482	12
21827	46584	2
21827	46751	2
21827	48454	9
21827	48571	1
21827	48621	9
21827	50019	16
21827	50040	6
21827	50550	1
21827	51385	4
21827	51676	4
21827	51782	8
21827	51888	1
21827	51954	7
21827	52286	4
21827	52378	4
21827	52419	13
21827	52451	10
21827	52675	2
21827	52688	12
21827	52712	17
21827	53044	12
21827	53107	2
21827	53457	5
21827	53650	4
21827	53875	1
21827	53878	11
21827	53926	1
21827	54416	5
21827	54487	12
21827	55041	7
21827	56783	1
21827	56817	12
21827	58230	65
21827	58270	10
21827	58308	13
21827	58321	12
21827	58352	10
21827	58397	9
21827	58461	4
21827	58495	8
21827	58523	8
21827	58554	6
21827	58590	13
21827	58667	13
21827	59180	2
21827	59546	57
21827	59876	20
21827	60099	4
21827	60118	94
21827	60133	3
21827	60299	4
21827	60359	29
21827	60673	7
21827	60694	2
21827	60714	23
21827	60998	35
21827	61024	1
21827	61085	25
21827	61109	105
21827	61194	48
21827	61244	4
21827	61501	12
21827	61755	4
21827	61953	13
21827	61985	1
21827	62577	4
21827	62585	15
21827	62594	5
21827	62612	27
21827	62636	2
21827	62656	8
21827	62695	13
21827	62705	1
21827	62722	11
21827	62730	11
21827	62752	23
21827	62779	15
21827	62813	5
21827	62878	1
21827	62911	7
21827	62919	2
21827	62930	8
21827	63080	2
21827	63096	8
21827	63158	47
21827	63189	27
21827	63497	2
22048	22072	17
22048	22114	16
22048	22143	6
22048	22532	9
22048	22772	3
22048	23010	1
22048	24513	8
22048	24631	1
22048	24650	134
22048	25093	20
22048	25436	2
22048	27512	6
22048	27929	5
22048	28005	3
22048	28409	2
22048	28636	4
22048	29008	7
22048	29164	1
22048	29184	6
22048	29262	1
22048	29313	3
22048	29576	5
22048	29801	2
22048	29855	11
22048	30374	3
22048	30479	6
22048	30653	2
22048	30913	8
22048	30937	2
22048	30955	7
22048	30978	2
22048	31002	1
22048	31025	3
22048	31032	7
22048	31063	5
22048	31092	5
22048	31109	11
22048	31137	4
22048	31170	4
22048	31361	4
22048	31787	1
22048	31800	1
22048	31826	4
22048	31842	3
22048	31864	1
22048	31871	10
22048	31880	1
22048	31891	1
22048	31950	2
22048	31972	3
22048	32024	2
22048	32070	3
22048	32327	6
22048	32560	1
22048	32564	3
22048	32653	3
22048	32659	7
22048	32723	33
22048	33074	24
22048	33332	3
22048	34120	2
22048	34125	24
22048	34247	15
22048	34483	21
22048	35760	44
22048	36134	9
22048	36201	6
22048	36290	2
22048	36817	1
22048	37971	20
22048	37989	1
22048	38228	5
22048	39660	2
22048	40155	9
22048	40250	4
22048	40285	22
22048	40769	1
22048	40983	2
22048	41174	5
22048	41179	4
22048	41492	1
22048	41575	4
22048	41600	40
22048	41930	1
22048	42020	5
22048	42168	7
22048	42694	1
22048	43479	7
22048	43860	2
22048	45000	5
22048	46424	7
22048	46584	11
22048	48454	24
22048	48621	32
22048	48633	3
22048	48720	2
22048	49021	3
22048	50543	4
22048	50550	18
22048	51116	3
22048	51139	1
22048	51506	3
22048	51591	4
22048	51626	1
22048	51676	7
22048	51888	3
22048	51954	9
22048	52257	2
22048	52286	6
22048	52675	4
22048	52688	33
22048	53044	10
22048	53297	3
22048	53406	3
22048	53449	2
22048	53656	4
22048	53875	26
22048	54003	6
22048	54416	1
22048	54487	15
22048	55041	11
22048	55347	2
22048	55577	4
22048	55630	6
22048	55906	2
22048	55970	2
22048	56177	1
22048	56705	9
22048	56783	1
22048	56817	3
22048	57029	4
22048	57350	2
22048	58286	9
22048	58300	5
22048	58308	1
22048	58352	5
22048	58397	3
22048	58461	2
22048	58495	8
22048	58523	6
22048	58554	3
22048	58590	6
22048	59180	3
22048	59545	1
22048	59819	2
22048	60118	1
22048	60172	1
22048	60237	2
22048	60299	4
22048	60684	1
22048	60694	1
22048	60714	2
22048	60722	4
22048	60921	4
22048	60998	2
22048	61024	2
22048	61043	1
22048	61085	2
22048	61194	1
22048	61501	31
22048	61538	4
22048	61727	1
22048	61755	3
22048	61985	1
22048	62270	11
22048	62508	5
22048	62594	1
22048	62612	4
22048	62636	1
22048	62705	1
22048	62722	2
22048	62752	3
22048	62779	4
22048	62813	4
22048	62878	4
22048	62930	3
22048	63189	1
22048	63388	1
22048	63390	2
22072	22075	69
22072	22114	87
22072	22143	3
22072	22532	23
22072	22772	10
22072	22906	10
22072	23010	4
22072	23040	22
22072	23056	14
22072	23320	9
22072	23430	22
22072	23440	20
22072	23754	14
22072	24028	23
22072	24513	16
22072	24631	33
22072	24650	506
22072	24838	6
22072	25093	27
22072	25105	5
22072	25281	6
22072	25436	13
22072	25970	2
22072	26201	1
22072	27512	25
22072	27608	5
22072	27633	10
22072	27689	42
22072	27812	17
22072	27929	10
22072	28005	10
22072	28155	7
22072	28409	4
22072	28636	23
22072	28980	7
22072	29008	20
22072	29164	10
22072	29184	4
22072	29262	18
22072	29313	11
22072	29576	8
22072	29801	4
22072	29812	11
22072	29855	87
22072	30303	9
22072	30311	10
22072	30321	8
22072	30374	8
22072	30409	3
22072	30479	9
22072	30653	6
22072	30913	13
22072	30937	3
22072	30955	18
22072	30978	12
22072	31002	5
22072	31015	12
22072	31025	12
22072	31032	26
22072	31042	4
22072	31063	5
22072	31092	27
22072	31109	33
22072	31137	32
22072	31170	11
22072	31361	8
22072	31787	11
22072	31800	2
22072	31826	8
22072	31842	18
22072	31848	7
22072	31864	13
22072	31871	31
22072	31880	24
22072	31891	10
22072	31911	9
22072	31950	10
22072	31972	23
22072	31998	12
22072	32024	10
22072	32070	7
22072	32230	6
22072	32327	11
22072	32560	17
22072	32564	109
22072	32653	11
22072	32659	15
22072	32723	41
22072	33074	106
22072	33332	6
22072	33573	6
22072	34120	6
22072	34125	176
22072	34247	42
22072	34483	248
22072	34558	5
22072	34621	11
22072	35107	12
22072	35710	3
22072	35722	5
22072	35760	149
22072	35856	11
22072	36134	14
22072	36201	6
22072	36290	5
22072	36440	11
22072	36817	14
22072	37556	3
22072	37971	72
22072	37989	13
22072	38017	10
22072	38228	31
22072	39660	5
22072	39669	2
22072	40155	48
22072	40250	3
22072	40285	109
22072	40769	4
22072	40820	12
22072	40983	27
22072	41174	19
22072	41179	9
22072	41492	19
22072	41575	5
22072	41600	121
22072	41723	5
22072	41882	4
22072	41930	1
22072	42020	24
22072	42168	38
22072	42603	14
22072	42694	3
22072	43479	19
22072	43794	3
22072	43860	51
22072	43884	18
22072	44019	4
22072	44080	12
22072	45000	1
22072	45307	9
22072	45766	15
22072	46424	35
22072	46482	6
22072	46584	12
22072	46751	33
22072	46756	9
22072	47199	7
22072	48454	180
22072	48571	10
22072	48621	101
22072	48633	6
22072	48720	21
22072	48832	14
22072	49021	15
22072	50019	12
22072	50040	6
22072	50277	21
22072	50543	11
22072	50550	47
22072	51116	6
22072	51139	16
22072	51385	19
22072	51506	37
22072	51591	8
22072	51626	11
22072	51676	51
22072	51888	23
22072	51954	18
22072	52257	7
22072	52286	19
22072	52378	2
22072	52419	8
22072	52451	6
22072	52675	13
22072	52688	122
22072	52712	17
22072	53044	36
22072	53107	3
22072	53297	2
22072	53406	22
22072	53449	18
22072	53457	5
22072	53650	42
22072	53656	9
22072	53692	7
22072	53706	5
22072	53875	45
22072	53878	18
22072	53926	9
22072	54003	2
22072	54416	75
22072	54487	30
22072	55041	82
22072	55347	31
22072	55577	1
22072	55630	11
22072	55906	7
22072	55970	6
22072	56177	68
22072	56705	48
22072	56783	51
22072	56817	3
22072	57029	27
22072	57350	11
22072	58230	17
22072	58270	18
22072	58286	23
22072	58300	3
22072	58308	8
22072	58321	8
22072	58352	36
22072	58397	19
22072	58461	13
22072	58495	17
22072	58523	16
22072	58554	33
22072	58590	23
22072	58667	4
22072	59180	20
22072	59545	27
22072	59546	23
22072	59819	4
22072	59876	6
22072	60099	6
22072	60118	61
22072	60133	5
22072	60172	17
22072	60237	16
22072	60281	6
22072	60299	11
22072	60359	9
22072	60673	3
22072	60684	5
22072	60694	6
22072	60714	5
22072	60722	11
22072	60921	10
22072	60998	21
22072	61024	10
22072	61043	3
22072	61085	21
22072	61109	42
22072	61120	5
22072	61194	34
22072	61244	4
22072	61269	25
22072	61501	74
22072	61538	6
22072	61727	4
22072	61755	23
22072	61836	12
22072	61914	6
22072	61953	15
22072	61985	12
22072	62270	15
22072	62508	5
22072	62577	9
22072	62585	6
22072	62594	3
22072	62612	22
22072	62636	12
22072	62656	6
22072	62662	12
22072	62695	8
22072	62705	7
22072	62713	6
22072	62722	5
22072	62730	7
22072	62752	27
22072	62779	33
22072	62813	7
22072	62863	9
22072	62878	3
22072	62911	6
22072	62919	6
22072	62930	6
22072	63080	5
22072	63096	4
22072	63158	17
22072	63189	15
22072	63388	17
22072	63390	14
22072	63497	5
22075	22114	12
22075	22532	10
22075	22906	2
22075	23010	2
22075	23040	2
22075	23056	2
22075	23320	3
22075	23430	3
22075	23440	2
22075	23754	2
22075	24028	7
22075	24513	4
22075	24631	9
22075	24650	162
22075	24838	4
22075	25093	7
22075	25281	1
22075	25436	4
22075	25970	1
22075	26201	2
22075	27512	7
22075	27608	2
22075	27633	1
22075	27689	2
22075	27812	1
22075	27929	3
22075	28005	3
22075	28155	2
22075	28409	2
22075	28636	5
22075	29008	8
22075	29164	1
22075	29313	6
22075	29576	2
22075	29801	3
22075	29812	1
22075	29855	29
22075	30303	4
22075	30321	5
22075	30374	2
22075	30479	2
22075	30913	11
22075	30937	1
22075	30955	10
22075	30978	6
22075	31002	2
22075	31015	2
22075	31025	3
22075	31032	20
22075	31042	4
22075	31063	3
22075	31092	7
22075	31109	11
22075	31137	15
22075	31170	1
22075	31361	1
22075	31787	4
22075	31800	5
22075	31826	3
22075	31842	7
22075	31864	2
22075	31871	8
22075	31880	4
22075	31891	3
22075	31911	2
22075	31950	6
22075	31972	10
22075	31998	1
22075	32024	3
22075	32070	3
22075	32327	7
22075	32560	3
22075	32564	24
22075	32653	3
22075	32723	13
22075	33074	41
22075	33573	6
22075	34125	62
22075	34247	11
22075	34483	61
22075	34621	2
22075	35107	4
22075	35710	1
22075	35760	32
22075	36134	5
22075	36201	2
22075	36440	4
22075	36817	6
22075	37556	2
22075	37971	10
22075	37989	6
22075	38228	8
22075	39660	4
22075	40155	5
22075	40285	29
22075	40769	3
22075	40820	3
22075	40983	7
22075	41174	2
22075	41179	4
22075	41492	1
22075	41575	2
22075	41600	30
22075	41723	2
22075	41930	1
22075	42020	7
22075	42168	10
22075	42694	2
22075	43479	7
22075	43794	1
22075	43860	11
22075	43884	2
22075	44080	3
22075	45000	1
22075	45307	1
22075	45766	2
22075	46424	8
22075	46482	5
22075	46584	9
22075	46751	17
22075	46756	4
22075	47199	2
22075	48454	53
22075	48571	2
22075	48621	17
22075	48633	1
22075	48832	6
22075	49021	3
22075	50019	3
22075	50040	1
22075	50277	1
22075	50543	6
22075	50550	16
22075	51116	5
22075	51385	5
22075	51506	7
22075	51591	4
22075	51626	2
22075	51676	33
22075	51888	6
22075	51954	3
22075	52257	2
22075	52286	7
22075	52378	1
22075	52419	1
22075	52451	1
22075	52675	3
22075	52688	34
22075	52712	2
22075	53044	33
22075	53297	1
22075	53406	10
22075	53449	2
22075	53650	1
22075	53692	4
22075	53706	1
22075	53875	25
22075	53878	6
22075	53926	3
22075	54416	1
22075	54487	4
22075	55041	26
22075	55347	5
22075	55577	3
22075	55630	3
22075	56177	17
22075	56705	21
22075	56783	38
22075	56817	1
22075	57029	7
22075	57350	8
22075	58230	2
22075	58270	2
22075	58286	5
22075	58300	2
22075	58308	3
22075	58321	4
22075	58352	12
22075	58397	6
22075	58461	5
22075	58495	5
22075	58523	5
22075	58554	5
22075	58590	12
22075	58667	1
22075	59180	10
22075	59545	18
22075	59546	6
22075	59819	3
22075	59876	3
22075	60099	1
22075	60118	15
22075	60133	1
22075	60172	1
22075	60237	7
22075	60281	2
22075	60299	1
22075	60359	3
22075	60673	2
22075	60684	5
22075	60694	1
22075	60714	2
22075	60722	4
22075	60921	3
22075	60998	7
22075	61024	1
22075	61043	4
22075	61085	3
22075	61109	8
22075	61120	2
22075	61194	3
22075	61244	1
22075	61269	4
22075	61501	39
22075	61538	3
22075	61755	5
22075	61836	3
22075	61914	4
22075	61953	8
22075	61985	4
22075	62577	3
22075	62585	2
22075	62594	6
22075	62612	8
22075	62636	5
22075	62656	1
22075	62662	5
22075	62695	2
22075	62705	2
22075	62713	2
22075	62722	1
22075	62730	2
22075	62752	6
22075	62779	12
22075	62813	5
22075	62863	3
22075	62911	2
22075	62919	2
22075	62930	3
22075	63080	4
22075	63096	1
22075	63158	3
22075	63189	4
22075	63388	7
22075	63390	4
22075	63497	2
22114	22143	7
22114	22532	29
22114	22772	16
22114	22906	22
22114	23010	35
22114	23040	59
22114	23056	46
22114	23320	7
22114	23430	107
22114	23440	85
22114	23754	48
22114	24028	33
22114	24513	21
22114	24631	95
22114	24650	1030
22114	24838	11
22114	25093	39
22114	25105	22
22114	25281	8
22114	25436	13
22114	25970	33
22114	26201	112
22114	27512	48
22114	27608	13
22114	27633	25
22114	27689	236
22114	27812	67
22114	27929	48
22114	28005	55
22114	28155	6
22114	28409	45
22114	28636	60
22114	28980	166
22114	29008	46
22114	29164	68
22114	29184	33
22114	29262	65
22114	29313	13
22114	29576	146
22114	29801	14
22114	29812	19
22114	29855	121
22114	30303	8
22114	30311	26
22114	30321	4
22114	30374	19
22114	30409	19
22114	30479	18
22114	30653	25
22114	30913	32
22114	30937	9
22114	30955	46
22114	30978	15
22114	31002	16
22114	31015	12
22114	31025	24
22114	31032	51
22114	31042	10
22114	31063	49
22114	31092	32
22114	31109	61
22114	31137	45
22114	31170	15
22114	31361	33
22114	31787	18
22114	31800	10
22114	31826	15
22114	31842	14
22114	31848	18
22114	31864	18
22114	31871	58
22114	31880	67
22114	31891	53
22114	31911	13
22114	31950	18
22114	31972	56
22114	31998	26
22114	32024	11
22114	32070	28
22114	32230	29
22114	32327	51
22114	32560	77
22114	32564	395
22114	32653	14
22114	32659	96
22114	32723	100
22114	33074	198
22114	33332	25
22114	33573	8
22114	34120	27
22114	34125	454
22114	34247	45
22114	34483	618
22114	34558	23
22114	34621	36
22114	35107	16
22114	35710	12
22114	35722	18
22114	35760	104
22114	35856	38
22114	36134	24
22114	36201	7
22114	36290	78
22114	36440	18
22114	36817	12
22114	37556	11
22114	37971	426
22114	37989	6
22114	38017	40
22114	38228	82
22114	39660	28
22114	39669	58
22114	40155	121
22114	40250	10
22114	40285	327
22114	40769	5
22114	40820	23
22114	40983	22
22114	41174	54
22114	41179	46
22114	41492	49
22114	41575	23
22114	41600	103
22114	41723	5
22114	41882	1
22114	41930	35
22114	42020	39
22114	42168	268
22114	42603	20
22114	42694	9
22114	43479	17
22114	43794	19
22114	43860	24
22114	43884	12
22114	44019	23
22114	44080	53
22114	45000	35
22114	45307	29
22114	45766	116
22114	46424	46
22114	46482	14
22114	46584	56
22114	46751	30
22114	46756	55
22114	47199	4
22114	48454	97
22114	48571	23
22114	48621	155
22114	48633	20
22114	48720	10
22114	48832	21
22114	49021	8
22114	50019	11
22114	50040	9
22114	50277	9
22114	50543	13
22114	50550	62
22114	51116	53
22114	51139	6
22114	51385	92
22114	51506	41
22114	51591	32
22114	51626	16
22114	51676	116
22114	51782	20
22114	51888	9
22114	51954	29
22114	52257	25
22114	52286	25
22114	52378	51
22114	52419	16
22114	52451	53
22114	52675	28
22114	52688	266
22114	52712	32
22114	53044	66
22114	53107	22
22114	53297	92
22114	53406	132
22114	53449	23
22114	53457	100
22114	53650	134
22114	53656	29
22114	53692	15
22114	53706	22
22114	53875	401
22114	53878	87
22114	53926	9
22114	54003	38
22114	54416	247
22114	54487	165
22114	55041	95
22114	55347	64
22114	55577	73
22114	55630	11
22114	55906	56
22114	55970	52
22114	56177	221
22114	56705	96
22114	56783	102
22114	56817	25
22114	57029	14
22114	57350	7
22114	58230	113
22114	58270	30
22114	58286	14
22114	58300	18
22114	58308	24
22114	58321	28
22114	58352	46
22114	58397	36
22114	58461	13
22114	58495	42
22114	58523	59
22114	58554	35
22114	58590	40
22114	58667	17
22114	59180	37
22114	59545	20
22114	59546	86
22114	59819	22
22114	59876	23
22114	60099	11
22114	60118	265
22114	60133	5
22114	60172	6
22114	60237	13
22114	60281	24
22114	60299	28
22114	60359	25
22114	60673	7
22114	60684	2
22114	60694	11
22114	60714	29
22114	60722	14
22114	60921	56
22114	60998	38
22114	61024	31
22114	61043	3
22114	61085	84
22114	61109	194
22114	61120	12
22114	61194	117
22114	61244	9
22114	61269	14
22114	61501	120
22114	61538	22
22114	61727	12
22114	61755	84
22114	61836	5
22114	61914	14
22114	61953	12
22114	61985	9
22114	62270	133
22114	62508	5
22114	62577	10
22114	62585	14
22114	62594	14
22114	62612	19
22114	62636	25
22114	62656	9
22114	62662	6
22114	62695	18
22114	62705	2
22114	62713	17
22114	62722	11
22114	62730	30
22114	62752	46
22114	62779	56
22114	62813	15
22114	62863	9
22114	62878	3
22114	62911	40
22114	62919	11
22114	62930	14
22114	63080	12
22114	63096	19
22114	63158	32
22114	63189	47
22114	63388	3
22114	63390	44
22114	63497	18
22143	22532	2
22143	24650	84
22143	25093	2
22143	25436	3
22143	27512	4
22143	27608	4
22143	27929	1
22143	28409	1
22143	28636	2
22143	29008	4
22143	29184	3
22143	29313	1
22143	29576	1
22143	29855	57
22143	30374	2
22143	30653	1
22143	30913	4
22143	30955	1
22143	30978	4
22143	31025	1
22143	31032	3
22143	31042	16
22143	31063	1
22143	31092	1
22143	31109	13
22143	31137	22
22143	31170	7
22143	31361	2
22143	31787	6
22143	31800	1
22143	31826	3
22143	31842	25
22143	31871	1
22143	31998	3
22143	32564	1
22143	32653	1
22143	32723	30
22143	33074	8
22143	34125	16
22143	34247	5
22143	34483	4
22143	35760	5
22143	36290	1
22143	37971	4
22143	37989	2
22143	38228	1
22143	39660	1
22143	40155	1
22143	40250	1
22143	40285	1
22143	41174	9
22143	41179	1
22143	41575	1
22143	41600	2
22143	41723	3
22143	42020	3
22143	42168	3
22143	43479	2
22143	46584	4
22143	48454	6
22143	48621	13
22143	48720	5
22143	50550	6
22143	51116	1
22143	51591	2
22143	51676	1
22143	51888	1
22143	52257	1
22143	52286	5
22143	52675	1
22143	52688	8
22143	53044	1
22143	53297	1
22143	53406	1
22143	53449	1
22143	53656	1
22143	53692	1
22143	53875	6
22143	53926	4
22143	54487	7
22143	55577	1
22143	55906	1
22143	55970	1
22143	56705	8
22143	57350	1
22143	58270	6
22143	58300	15
22143	58321	6
22143	58352	17
22143	58397	3
22143	58495	7
22143	58523	8
22143	58554	24
22143	58590	1
22143	59180	3
22143	59819	1
22143	60118	4
22143	60133	5
22143	60237	6
22143	60299	1
22143	60714	1
22143	60722	4
22143	60998	6
22143	61043	2
22143	61085	2
22143	61120	1
22143	61194	13
22143	61269	4
22143	61501	8
22143	61538	2
22143	61727	1
22143	61755	1
22143	61914	4
22143	61953	2
22143	62270	2
22143	62508	217
22143	62577	12
22143	62612	9
22143	62636	7
22143	62656	7
22143	62662	11
22143	62705	9
22143	62722	5
22143	62752	3
22143	62779	7
22143	62813	9
22143	62878	1
22143	62911	6
22143	62930	2
22143	63189	1
22143	63388	41
22143	63390	2
22532	22906	1
22532	23010	2
22532	23040	12
22532	23056	4
22532	23430	6
22532	23440	3
22532	23754	6
22532	24028	5
22532	24513	11
22532	24631	3
22532	24650	145
22532	25093	2
22532	25105	1
22532	25436	2
22532	25970	1
22532	27512	8
22532	27608	1
22532	27633	5
22532	27689	9
22532	27929	3
22532	28005	5
22532	28409	1
22532	28636	1
22532	28980	1
22532	29008	14
22532	29184	6
22532	29262	1
22532	29313	1
22532	29576	10
22532	29801	7
22532	29812	2
22532	29855	12
22532	30303	4
22532	30321	4
22532	30374	2
22532	30409	1
22532	30479	8
22532	30653	1
22532	30913	7
22532	30937	1
22532	30955	5
22532	30978	4
22532	31002	2
22532	31025	1
22532	31032	14
22532	31063	2
22532	31092	3
22532	31109	12
22532	31137	7
22532	31170	6
22532	31361	4
22532	31787	1
22532	31800	1
22532	31826	1
22532	31842	6
22532	31848	1
22532	31864	5
22532	31871	8
22532	31880	4
22532	31891	8
22532	31911	3
22532	31950	4
22532	31972	4
22532	31998	3
22532	32024	3
22532	32070	3
22532	32230	3
22532	32327	6
22532	32560	15
22532	32564	57
22532	32653	8
22532	32659	4
22532	32723	16
22532	33074	80
22532	34120	4
22532	34125	68
22532	34247	4
22532	34483	42
22532	34621	3
22532	35107	6
22532	35722	2
22532	35760	11
22532	35856	3
22532	36134	3
22532	36201	7
22532	36290	2
22532	36440	3
22532	36817	7
22532	37556	14
22532	37971	22
22532	37989	1
22532	38017	1
22532	38228	13
22532	39660	3
22532	39669	5
22532	40155	4
22532	40250	7
22532	40285	23
22532	40820	1
22532	40983	6
22532	41174	2
22532	41179	9
22532	41575	1
22532	41600	10
22532	42020	5
22532	42168	29
22532	42694	19
22532	43479	16
22532	43794	4
22532	43860	3
22532	43884	1
22532	44019	1
22532	44080	5
22532	45307	5
22532	45766	4
22532	46424	2
22532	46482	2
22532	46584	12
22532	46751	3
22532	47199	1
22532	48454	32
22532	48571	2
22532	48621	34
22532	49021	12
22532	50040	4
22532	50543	1
22532	50550	11
22532	51116	1
22532	51385	6
22532	51506	20
22532	51591	4
22532	51626	8
22532	51676	11
22532	51888	1
22532	51954	18
22532	52257	13
22532	52286	12
22532	52378	1
22532	52419	5
22532	52451	2
22532	52675	9
22532	52688	43
22532	52712	6
22532	53044	5
22532	53107	1
22532	53297	3
22532	53406	5
22532	53449	3
22532	53457	5
22532	53650	1
22532	53656	3
22532	53692	3
22532	53706	1
22532	53875	25
22532	53878	3
22532	53926	6
22532	54487	20
22532	55041	14
22532	55347	15
22532	55577	5
22532	55630	6
22532	55906	4
22532	55970	6
22532	56177	3
22532	56705	23
22532	56783	7
22532	56817	2
22532	57029	14
22532	57350	10
22532	58230	3
22532	58286	2
22532	58300	2
22532	58321	2
22532	58352	11
22532	58397	4
22532	58461	1
22532	58495	1
22532	58523	4
22532	58554	7
22532	58590	9
22532	58667	2
22532	59180	17
22532	59545	7
22532	59546	25
22532	59819	9
22532	59876	4
22532	60118	17
22532	60133	3
22532	60172	2
22532	60237	3
22532	60281	3
22532	60299	4
22532	60359	3
22532	60673	2
22532	60714	1
22532	60722	1
22532	60921	1
22532	60998	3
22532	61085	6
22532	61109	18
22532	61194	8
22532	61269	1
22532	61501	27
22532	61538	8
22532	61727	7
22532	61755	5
22532	61914	2
22532	61953	4
22532	61985	1
22532	62270	17
22532	62508	1
22532	62577	1
22532	62612	2
22532	62656	3
22532	62662	2
22532	62695	1
22532	62705	1
22532	62713	1
22532	62730	3
22532	62752	1
22532	62779	6
22532	62813	3
22532	62863	3
22532	62911	3
22532	62919	1
22532	62930	2
22532	63080	6
22532	63158	1
22532	63189	1
22532	63388	13
22532	63390	10
22772	24513	4
22772	24631	12
22772	24650	52
22772	25093	1
22772	25436	1
22772	25970	2
22772	27633	1
22772	27689	4
22772	28636	50
22772	29262	68
22772	29576	32
22772	30955	1
22772	30978	6
22772	31092	10
22772	31109	31
22772	31137	11
22772	31170	10
22772	31826	22
22772	31842	4
22772	31891	3
22772	31911	1
22772	31950	3
22772	31972	1
22772	32659	2
22772	32723	2
22772	33074	6
22772	34125	12
22772	34483	2
22772	36134	4
22772	37989	10
22772	40155	6
22772	40285	135
22772	41174	28
22772	41600	1
22772	41723	3
22772	41882	16
22772	42603	242
22772	43479	3
22772	44019	21
22772	46756	4
22772	48454	36
22772	48571	6
22772	48621	19
22772	48720	2
22772	49021	20
22772	50040	10
22772	50550	1
22772	51116	12
22772	51506	10
22772	51591	2
22772	51782	2
22772	51954	50
22772	53044	17
22772	53107	10
22772	53656	1
22772	53706	2
22772	53875	3
22772	55041	2
22772	56177	2
22772	58352	28
22772	58397	2
22772	58461	6
22772	58523	7
22772	58554	6
22772	59180	2
22772	60099	11
22772	60673	1
22772	60694	1
22772	60998	2
22772	61085	14
22772	61120	1
22772	61269	10
22772	61727	2
22772	61985	11
22772	62577	15
22772	62612	11
22772	62636	11
22772	62662	20
22772	62713	10
22772	62779	1
22772	62813	1
22772	62919	30
22772	62930	1
22772	63096	4
22906	23010	37
22906	23040	23
22906	23056	40
22906	23320	3
22906	23430	26
22906	23440	21
22906	23754	14
22906	24513	1
22906	24631	20
22906	24650	52
22906	24838	6
22906	25093	2
22906	25105	3
22906	25281	5
22906	25970	2
22906	26201	2
22906	27512	1
22906	27608	2
22906	27633	6
22906	27689	70
22906	27812	2
22906	27929	1
22906	28005	8
22906	28155	7
22906	28409	2
22906	28980	2
22906	29008	4
22906	29164	1
22906	29576	3
22906	29812	15
22906	29855	71
22906	30303	3
22906	30311	7
22906	30374	11
22906	30409	14
22906	30479	1
22906	30653	5
22906	30913	1
22906	30937	1
22906	30955	17
22906	30978	5
22906	31002	2
22906	31015	16
22906	31025	16
22906	31032	5
22906	31042	3
22906	31063	3
22906	31092	9
22906	31109	7
22906	31137	14
22906	31170	7
22906	31787	9
22906	31800	12
22906	31826	1
22906	31842	11
22906	31848	18
22906	31871	8
22906	31880	21
22906	31891	10
22906	31911	4
22906	31950	10
22906	31972	27
22906	31998	19
22906	32024	2
22906	32070	1
22906	32230	14
22906	32560	19
22906	32564	58
22906	32659	29
22906	32723	3
22906	33074	7
22906	33573	38
22906	34120	1
22906	34125	34
22906	34247	1
22906	34483	119
22906	34558	5
22906	34621	6
22906	35107	1
22906	35710	14
22906	35722	12
22906	35760	4
22906	35856	4
22906	36134	5
22906	36440	1
22906	37971	10
22906	38017	3
22906	38228	3
22906	39660	1
22906	39669	1
22906	40155	7
22906	40285	13
22906	40769	18
22906	40820	4
22906	40983	3
22906	41174	1
22906	41179	3
22906	41492	7
22906	41575	3
22906	41600	6
22906	41723	18
22906	41882	2
22906	41930	2
22906	42020	23
22906	42168	5
22906	43479	1
22906	43794	3
22906	43860	10
22906	43884	2
22906	44080	11
22906	45307	8
22906	45766	12
22906	46424	13
22906	46482	2
22906	46756	52
22906	48454	10
22906	48571	14
22906	48621	6
22906	48633	1
22906	48832	23
22906	49021	1
22906	50019	4
22906	50040	4
22906	50277	13
22906	50550	1
22906	51116	6
22906	51139	4
22906	51385	4
22906	51591	2
22906	51626	1
22906	51676	28
22906	52257	2
22906	52286	2
22906	52378	1
22906	52419	5
22906	52451	3
22906	52675	2
22906	52688	23
22906	52712	1
22906	53044	9
22906	53107	1
22906	53406	12
22906	53449	14
22906	53457	2
22906	53650	3
22906	53875	2
22906	53878	5
22906	54003	5
22906	54416	8
22906	54487	3
22906	55041	6
22906	55347	2
22906	55906	3
22906	55970	1
22906	56177	66
22906	56705	6
22906	56783	35
22906	56817	7
22906	57029	2
22906	58230	33
22906	58270	10
22906	58286	7
22906	58300	1
22906	58308	9
22906	58321	6
22906	58352	15
22906	58397	11
22906	58461	12
22906	58495	8
22906	58523	7
22906	58554	25
22906	58590	12
22906	59180	1
22906	59546	10
22906	59876	5
22906	60099	5
22906	60118	54
22906	60133	2
22906	60237	12
22906	60281	1
22906	60299	1
22906	60359	6
22906	60673	1
22906	60684	15
22906	60694	3
22906	60714	13
22906	60722	5
22906	60921	2
22906	60998	11
22906	61024	21
22906	61085	24
22906	61109	33
22906	61120	2
22906	61194	41
22906	61244	39
22906	61501	7
22906	61755	6
22906	61953	9
22906	61985	3
22906	62270	4
22906	62577	5
22906	62585	9
22906	62594	6
22906	62612	16
22906	62636	18
22906	62656	8
22906	62662	6
22906	62695	9
22906	62713	3
22906	62722	7
22906	62730	8
22906	62752	35
22906	62779	9
22906	62813	8
22906	62863	8
22906	62878	8
22906	62911	1
22906	62919	3
22906	62930	5
22906	63096	4
22906	63158	17
22906	63189	10
22906	63497	12
23010	23040	29
23010	23056	76
23010	23320	2
23010	23430	25
23010	23440	27
23010	23754	17
23010	24028	1
23010	24513	1
23010	24631	1
23010	24650	54
23010	24838	19
23010	25093	1
23010	25105	5
23010	25281	5
23010	25436	4
23010	27512	1
23010	27608	8
23010	27633	12
23010	27689	79
23010	27812	5
23010	27929	1
23010	28005	10
23010	28409	1
23010	28636	1
23010	28980	2
23010	29008	3
23010	29164	4
23010	29184	5
23010	29576	1
23010	29801	1
23010	29812	11
23010	29855	3
23010	30303	5
23010	30311	13
23010	30321	6
23010	30374	9
23010	30409	23
23010	30479	1
23010	30653	7
23010	30913	1
23010	30937	2
23010	30955	19
23010	30978	7
23010	31002	3
23010	31015	9
23010	31032	1
23010	31042	5
23010	31063	10
23010	31092	9
23010	31109	11
23010	31137	26
23010	31170	11
23010	31787	14
23010	31800	5
23010	31826	7
23010	31842	10
23010	31848	6
23010	31864	5
23010	31871	6
23010	31880	35
23010	31891	11
23010	31911	4
23010	31950	14
23010	31972	55
23010	31998	9
23010	32230	20
23010	32560	10
23010	32564	90
23010	32653	5
23010	32659	2
23010	32723	5
23010	33074	14
23010	34120	1
23010	34125	14
23010	34247	3
23010	34483	18
23010	34558	24
23010	34621	5
23010	35710	16
23010	35722	15
23010	35760	3
23010	35856	6
23010	36290	1
23010	36440	4
23010	36817	1
23010	37971	20
23010	38017	3
23010	39669	1
23010	40155	2
23010	40285	2
23010	40769	3
23010	40820	3
23010	41174	2
23010	41179	2
23010	41600	5
23010	41723	1
23010	41930	29
23010	42020	1
23010	42168	12
23010	43479	3
23010	43794	3
23010	43860	2
23010	43884	1
23010	44080	14
23010	45307	28
23010	45766	19
23010	46482	2
23010	46751	2
23010	46756	1
23010	47199	1
23010	48454	12
23010	48621	11
23010	48633	3
23010	49021	3
23010	50019	4
23010	50040	7
23010	50550	6
23010	51385	2
23010	51591	2
23010	51676	5
23010	51782	1
23010	52286	3
23010	52378	2
23010	52419	4
23010	52451	3
23010	52688	7
23010	52712	4
23010	53044	15
23010	53107	7
23010	53297	1
23010	53406	3
23010	53457	16
23010	53650	3
23010	53656	4
23010	53875	1
23010	53878	5
23010	53926	3
23010	54003	1
23010	54416	17
23010	54487	3
23010	55041	2
23010	55577	2
23010	55630	1
23010	56177	1
23010	56705	2
23010	56783	2
23010	56817	16
23010	57350	7
23010	58230	68
23010	58270	5
23010	58286	6
23010	58300	6
23010	58308	13
23010	58321	15
23010	58352	35
23010	58397	14
23010	58461	22
23010	58495	18
23010	58523	10
23010	58554	14
23010	58590	19
23010	59180	2
23010	59545	1
23010	59546	12
23010	59876	11
23010	60099	1
23010	60118	57
23010	60133	4
23010	60172	1
23010	60281	1
23010	60299	3
23010	60359	4
23010	60673	2
23010	60694	6
23010	60714	24
23010	60722	3
23010	60921	1
23010	60998	29
23010	61043	4
23010	61085	35
23010	61109	46
23010	61120	2
23010	61194	56
23010	61244	4
23010	61269	1
23010	61501	4
23010	61727	1
23010	61755	3
23010	61914	8
23010	61953	3
23010	61985	4
23010	62577	4
23010	62585	14
23010	62594	16
23010	62612	9
23010	62636	41
23010	62656	6
23010	62662	1
23010	62695	10
23010	62705	2
23010	62713	2
23010	62722	5
23010	62730	14
23010	62752	18
23010	62779	11
23010	62813	6
23010	62863	8
23010	62911	6
23010	62930	8
23010	63080	1
23010	63096	2
23010	63158	17
23010	63189	15
23010	63388	1
23010	63497	4
23040	23056	51
23040	23320	2
23040	23430	102
23040	23440	62
23040	23754	87
23040	24028	18
23040	24513	13
23040	24650	60
23040	24838	12
23040	25093	1
23040	25105	16
23040	25281	11
23040	26201	1
23040	27512	1
23040	27608	15
23040	27633	14
23040	27689	324
23040	27812	9
23040	27929	1
23040	28005	17
23040	28409	1
23040	28636	6
23040	28980	8
23040	29008	4
23040	29164	9
23040	29262	4
23040	29576	1
23040	29801	3
23040	29812	23
23040	29855	1
23040	30311	19
23040	30374	14
23040	30409	10
23040	30653	5
23040	30913	2
23040	30937	2
23040	30955	23
23040	30978	7
23040	31002	7
23040	31015	8
23040	31032	1
23040	31042	7
23040	31063	13
23040	31092	13
23040	31109	20
23040	31137	24
23040	31170	6
23040	31787	7
23040	31800	1
23040	31826	2
23040	31842	9
23040	31848	20
23040	31864	10
23040	31871	2
23040	31880	66
23040	31891	54
23040	31911	3
23040	31950	9
23040	31972	60
23040	31998	28
23040	32070	2
23040	32230	18
23040	32327	3
23040	32560	84
23040	32564	337
23040	32659	10
23040	32723	3
23040	33074	22
23040	34120	1
23040	34125	31
23040	34247	1
23040	34483	27
23040	34558	12
23040	34621	6
23040	35107	19
23040	35710	26
23040	35722	31
23040	35760	2
23040	35856	14
23040	36134	1
23040	36201	2
23040	36290	1
23040	36440	9
23040	36817	3
23040	37556	3
23040	37971	27
23040	38017	10
23040	38228	13
23040	39669	18
23040	40155	2
23040	40285	4
23040	40769	2
23040	40820	12
23040	41174	4
23040	41179	1
23040	41492	4
23040	41600	2
23040	41723	2
23040	42020	1
23040	42168	3
23040	42694	1
23040	43479	1
23040	43794	21
23040	43860	3
23040	43884	1
23040	44080	52
23040	45307	15
23040	45766	33
23040	46424	1
23040	46482	6
23040	46584	5
23040	46751	15
23040	46756	2
23040	48454	6
23040	48621	5
23040	48633	2
23040	50019	6
23040	50040	3
23040	50543	4
23040	50550	2
23040	51116	1
23040	51139	1
23040	51385	2
23040	51506	1
23040	51591	1
23040	51676	7
23040	51782	39
23040	51954	2
23040	52286	1
23040	52378	2
23040	52419	28
23040	52451	31
23040	52675	13
23040	52688	38
23040	52712	89
23040	53044	13
23040	53107	19
23040	53406	2
23040	53449	1
23040	53457	46
23040	53650	64
23040	53692	1
23040	53875	7
23040	53878	3
23040	53926	1
23040	54003	2
23040	54416	34
23040	54487	13
23040	55041	13
23040	55347	1
23040	56177	3
23040	56705	5
23040	56783	12
23040	56817	24
23040	58230	111
23040	58270	8
23040	58286	6
23040	58300	5
23040	58308	22
23040	58321	25
23040	58352	15
23040	58397	11
23040	58461	5
23040	58495	16
23040	58523	17
23040	58554	7
23040	58590	32
23040	58667	46
23040	59180	6
23040	59545	1
23040	59546	125
23040	59819	4
23040	59876	24
23040	60099	10
23040	60118	156
23040	60133	3
23040	60299	1
23040	60359	66
23040	60673	25
23040	60694	1
23040	60714	39
23040	60722	6
23040	60921	2
23040	60998	45
23040	61024	1
23040	61085	32
23040	61109	235
23040	61194	93
23040	61244	4
23040	61269	1
23040	61501	5
23040	61538	2
23040	61755	5
23040	61914	1
23040	61953	27
23040	61985	3
23040	62270	5
23040	62577	4
23040	62585	26
23040	62594	3
23040	62612	18
23040	62636	5
23040	62656	9
23040	62662	1
23040	62695	4
23040	62705	5
23040	62713	1
23040	62722	8
23040	62730	4
23040	62752	31
23040	62779	27
23040	62813	4
23040	62863	6
23040	62878	1
23040	62911	18
23040	62919	1
23040	62930	16
23040	63080	4
23040	63096	5
23040	63158	44
23040	63189	20
23040	63497	4
23056	23320	4
23056	23430	33
23056	23440	57
23056	23754	37
23056	24028	5
23056	24513	1
23056	24631	3
23056	24650	51
23056	24838	15
23056	25093	5
23056	25281	7
23056	26201	1
23056	27512	2
23056	27608	5
23056	27633	13
23056	27689	64
23056	27812	26
23056	28005	13
23056	28155	1
23056	28409	15
23056	28636	5
23056	28980	7
23056	29008	10
23056	29164	17
23056	29262	1
23056	29801	2
23056	29812	28
23056	29855	9
23056	30303	6
23056	30311	23
23056	30374	6
23056	30409	21
23056	30479	1
23056	30653	18
23056	30913	4
23056	30937	11
23056	30955	37
23056	30978	9
23056	31002	6
23056	31015	14
23056	31025	3
23056	31042	15
23056	31063	4
23056	31092	18
23056	31109	20
23056	31137	25
23056	31170	13
23056	31361	1
23056	31787	7
23056	31800	3
23056	31826	9
23056	31842	11
23056	31848	12
23056	31864	2
23056	31871	9
23056	31880	47
23056	31891	23
23056	31911	7
23056	31950	18
23056	31972	66
23056	31998	20
23056	32230	24
23056	32560	28
23056	32564	143
23056	32659	12
23056	33074	6
23056	33573	1
23056	34120	1
23056	34125	22
23056	34247	1
23056	34483	34
23056	34558	26
23056	34621	14
23056	35107	2
23056	35710	14
23056	35722	20
23056	35760	9
23056	35856	13
23056	36134	1
23056	36201	1
23056	36290	2
23056	36440	3
23056	36817	2
23056	37971	16
23056	38017	19
23056	38228	2
23056	39669	1
23056	40285	9
23056	40769	1
23056	40820	1
23056	41179	5
23056	41492	3
23056	41600	8
23056	41723	14
23056	42020	4
23056	42168	12
23056	43479	1
23056	43794	11
23056	43860	7
23056	43884	6
23056	44080	22
23056	45307	12
23056	45766	23
23056	46424	1
23056	46482	9
23056	46584	2
23056	46751	2
23056	46756	10
23056	47199	1
23056	48454	11
23056	48571	2
23056	48621	14
23056	48832	2
23056	49021	2
23056	50019	14
23056	50040	5
23056	50550	2
23056	51139	3
23056	51385	5
23056	51591	2
23056	51626	1
23056	51676	4
23056	51782	7
23056	51954	1
23056	52257	2
23056	52286	4
23056	52378	8
23056	52419	6
23056	52451	5
23056	52675	1
23056	52688	18
23056	52712	11
23056	53044	25
23056	53107	1
23056	53406	5
23056	53449	4
23056	53457	54
23056	53650	5
23056	53656	2
23056	53692	1
23056	53875	2
23056	53878	14
23056	53926	4
23056	54003	4
23056	54416	76
23056	54487	12
23056	55041	5
23056	55577	4
23056	55630	1
23056	56177	8
23056	56705	2
23056	56783	6
23056	56817	23
23056	58230	68
23056	58270	13
23056	58286	2
23056	58300	7
23056	58308	8
23056	58321	27
23056	58352	17
23056	58397	17
23056	58461	16
23056	58495	29
23056	58523	23
23056	58554	14
23056	58590	20
23056	58667	8
23056	59180	3
23056	59545	2
23056	59546	31
23056	59876	17
23056	60099	9
23056	60118	105
23056	60133	4
23056	60299	6
23056	60359	10
23056	60673	8
23056	60684	6
23056	60714	32
23056	60722	10
23056	60921	1
23056	60998	25
23056	61024	7
23056	61043	7
23056	61085	34
23056	61109	70
23056	61120	4
23056	61194	75
23056	61244	5
23056	61501	10
23056	61755	8
23056	61914	2
23056	61953	10
23056	61985	5
23056	62270	2
23056	62577	3
23056	62585	12
23056	62594	11
23056	62612	16
23056	62636	20
23056	62656	5
23056	62662	3
23056	62695	20
23056	62705	4
23056	62713	5
23056	62730	10
23056	62752	20
23056	62779	24
23056	62813	10
23056	62863	8
23056	62878	2
23056	62919	3
23056	62930	10
23056	63080	1
23056	63096	1
23056	63158	23
23056	63189	34
23056	63390	1
23056	63497	7
23320	23430	1
23320	23754	1
23320	24513	1
23320	24631	12
23320	24650	41
23320	25436	2
23320	25970	1
23320	27689	2
23320	28005	4
23320	28155	7
23320	28636	1
23320	28980	1
23320	29164	1
23320	29262	1
23320	29313	1
23320	29812	1
23320	29855	23
23320	30303	1
23320	30374	2
23320	30409	1
23320	30479	1
23320	30955	3
23320	31015	1
23320	31025	18
23320	31032	8
23320	31109	6
23320	31361	1
23320	31787	1
23320	31842	3
23320	31871	1
23320	31891	1
23320	31972	4
23320	32327	4
23320	32564	9
23320	32659	60
23320	32723	1
23320	33074	9
23320	33332	1
23320	33573	1
23320	34120	3
23320	34125	32
23320	34247	1
23320	34483	66
23320	34621	1
23320	35107	1
23320	35710	2
23320	35722	1
23320	35760	1
23320	36134	12
23320	36440	1
23320	37971	6
23320	37989	1
23320	38228	3
23320	39660	2
23320	40155	5
23320	40285	13
23320	40769	5
23320	40820	3
23320	40983	6
23320	41174	5
23320	41492	13
23320	41575	1
23320	41600	3
23320	42020	19
23320	43794	1
23320	43860	8
23320	43884	3
23320	45000	4
23320	45766	2
23320	46424	13
23320	46584	1
23320	46751	1
23320	46756	9
23320	48571	4
23320	48621	9
23320	48832	74
23320	49021	1
23320	50019	2
23320	50277	19
23320	50543	8
23320	51116	1
23320	51139	4
23320	51626	3
23320	51676	14
23320	51954	1
23320	52286	3
23320	52378	2
23320	52675	1
23320	52688	30
23320	53044	5
23320	53107	1
23320	53406	5
23320	53449	6
23320	53692	2
23320	53875	3
23320	54416	1
23320	54487	2
23320	55041	4
23320	55347	3
23320	55577	1
23320	55630	1
23320	56177	65
23320	56705	11
23320	56783	62
23320	56817	1
23320	57029	6
23320	58230	2
23320	58270	4
23320	58286	1
23320	58300	1
23320	58308	1
23320	58397	2
23320	58495	1
23320	58523	2
23320	58554	4
23320	60118	15
23320	60237	8
23320	60359	1
23320	60673	1
23320	60684	6
23320	60921	1
23320	61024	15
23320	61109	5
23320	61120	10
23320	61194	6
23320	61244	3
23320	61755	2
23320	62585	1
23320	62612	2
23320	62636	1
23320	62662	1
23320	62695	4
23320	62705	1
23320	62722	4
23320	62752	2
23320	62779	15
23320	62863	2
23320	62911	2
23320	63080	2
23320	63096	1
23320	63497	1
23430	23440	155
23430	23754	99
23430	24028	3
23430	24513	1
23430	24631	2
23430	24650	110
23430	24838	41
23430	25093	2
23430	25105	176
23430	25281	4
23430	26201	2
23430	27608	27
23430	27633	28
23430	27689	717
23430	27812	17
23430	27929	1
23430	28005	26
23430	28409	4
23430	28636	3
23430	28980	6
23430	29008	10
23430	29164	10
23430	29262	1
23430	29576	5
23430	29801	1
23430	29812	34
23430	29855	4
23430	30303	6
23430	30311	39
23430	30374	23
23430	30409	10
23430	30653	8
23430	30913	4
23430	30937	2
23430	30955	18
23430	30978	5
23430	31002	4
23430	31015	1
23430	31042	8
23430	31063	9
23430	31092	22
23430	31109	66
23430	31137	24
23430	31170	3
23430	31787	20
23430	31826	7
23430	31842	6
23430	31848	20
23430	31864	2
23430	31871	9
23430	31880	112
23430	31891	60
23430	31911	5
23430	31950	13
23430	31972	88
23430	31998	26
23430	32230	40
23430	32560	71
23430	32564	409
23430	32659	10
23430	32723	1
23430	33074	20
23430	34120	8
23430	34125	61
23430	34247	1
23430	34483	27
23430	34558	25
23430	34621	13
23430	35107	1
23430	35710	24
23430	35722	48
23430	35760	7
23430	35856	133
23430	36134	9
23430	36290	4
23430	36440	6
23430	36817	5
23430	37556	3
23430	37971	30
23430	38017	15
23430	39660	1
23430	39669	4
23430	40285	18
23430	40769	11
23430	40820	7
23430	41179	3
23430	41492	1
23430	41600	7
23430	41723	10
23430	42020	4
23430	42168	6
23430	43479	1
23430	43794	14
23430	43860	9
23430	44080	46
23430	45000	2
23430	45307	20
23430	45766	106
23430	46482	23
23430	46584	6
23430	46751	18
23430	46756	2
23430	48454	8
23430	48621	10
23430	50019	13
23430	50040	11
23430	51385	7
23430	51506	5
23430	51591	1
23430	51676	5
23430	51782	33
23430	51954	10
23430	52257	2
23430	52286	4
23430	52378	7
23430	52419	19
23430	52451	7
23430	52688	53
23430	52712	30
23430	53044	40
23430	53107	6
23430	53406	3
23430	53457	39
23430	53650	39
23430	53656	1
23430	53692	1
23430	53875	2
23430	53878	20
23430	53926	2
23430	54003	2
23430	54416	14
23430	54487	23
23430	55041	6
23430	55347	1
23430	55577	6
23430	55630	2
23430	55906	2
23430	55970	1
23430	56177	1
23430	56705	14
23430	56783	2
23430	56817	13
23430	57029	1
23430	58230	57
23430	58270	6
23430	58286	7
23430	58300	5
23430	58308	44
23430	58321	27
23430	58352	38
23430	58397	15
23430	58461	8
23430	58495	10
23430	58523	17
23430	58554	10
23430	58590	38
23430	58667	22
23430	59180	6
23430	59546	156
23430	59819	4
23430	59876	43
23430	60099	30
23430	60118	330
23430	60133	3
23430	60237	1
23430	60281	1
23430	60299	9
23430	60359	53
23430	60673	7
23430	60694	7
23430	60714	27
23430	60722	27
23430	60998	59
23430	61024	1
23430	61085	64
23430	61109	292
23430	61194	113
23430	61244	14
23430	61501	7
23430	61538	3
23430	61755	9
23430	61914	1
23430	61953	23
23430	61985	3
23430	62270	1
23430	62585	32
23430	62594	2
23430	62612	14
23430	62636	3
23430	62656	18
23430	62662	1
23430	62695	19
23430	62705	2
23430	62722	3
23430	62730	11
23430	62752	24
23430	62779	26
23430	62813	3
23430	62863	2
23430	62878	1
23430	62911	9
23430	62930	10
23430	63080	2
23430	63096	1
23430	63158	39
23430	63189	51
23430	63497	2
23440	23754	106
23440	24028	10
23440	24631	3
23440	24650	59
23440	24838	36
23440	25093	1
23440	25105	39
23440	25281	4
23440	27608	27
23440	27633	50
23440	27689	602
23440	27812	10
23440	28005	25
23440	28409	10
23440	28980	1
23440	29008	22
23440	29164	22
23440	29812	59
23440	29855	10
23440	30303	3
23440	30311	53
23440	30374	40
23440	30409	13
23440	30479	5
23440	30653	16
23440	30955	32
23440	30978	14
23440	31002	7
23440	31042	20
23440	31063	5
23440	31092	37
23440	31109	30
23440	31137	18
23440	31170	5
23440	31787	5
23440	31842	12
23440	31848	30
23440	31864	2
23440	31871	10
23440	31880	172
23440	31891	50
23440	31911	2
23440	31950	6
23440	31972	84
23440	31998	26
23440	32230	20
23440	32560	121
23440	32564	250
23440	32659	5
23440	33074	6
23440	34125	19
23440	34247	1
23440	34483	25
23440	34558	46
23440	34621	15
23440	35107	4
23440	35710	19
23440	35722	61
23440	35760	11
23440	35856	49
23440	36440	11
23440	36817	1
23440	37971	16
23440	38017	30
23440	38228	1
23440	39669	8
23440	40155	2
23440	40285	12
23440	40769	12
23440	40820	8
23440	41179	2
23440	41492	1
23440	41600	11
23440	41723	10
23440	42020	10
23440	42168	15
23440	42694	2
23440	43794	12
23440	43860	11
23440	44080	60
23440	45307	22
23440	45766	32
23440	46482	49
23440	46751	19
23440	48454	16
23440	48621	24
23440	50019	22
23440	50040	24
23440	51385	11
23440	51506	1
23440	51591	4
23440	51626	1
23440	51676	10
23440	51782	10
23440	51954	3
23440	52286	11
23440	52378	10
23440	52419	26
23440	52451	12
23440	52675	2
23440	52688	21
23440	52712	16
23440	53044	17
23440	53107	15
23440	53406	3
23440	53457	2
23440	53650	16
23440	53692	2
23440	53875	8
23440	53878	24
23440	53926	1
23440	54003	2
23440	54416	76
23440	54487	29
23440	55041	10
23440	55577	1
23440	55906	3
23440	56705	1
23440	56783	3
23440	56817	15
23440	58230	99
23440	58270	12
23440	58286	3
23440	58300	8
23440	58308	26
23440	58321	34
23440	58352	16
23440	58397	28
23440	58461	9
23440	58495	20
23440	58523	24
23440	58554	15
23440	58590	30
23440	58667	11
23440	59546	106
23440	59876	78
23440	60099	19
23440	60118	214
23440	60133	2
23440	60299	13
23440	60359	42
23440	60673	12
23440	60694	1
23440	60714	16
23440	60722	3
23440	60998	78
23440	61024	1
23440	61043	1
23440	61085	41
23440	61109	229
23440	61120	9
23440	61194	70
23440	61244	11
23440	61269	1
23440	61501	14
23440	61755	15
23440	61953	33
23440	61985	4
23440	62577	1
23440	62585	26
23440	62594	3
23440	62612	29
23440	62656	17
23440	62695	39
23440	62705	1
23440	62722	3
23440	62730	13
23440	62752	27
23440	62779	20
23440	62813	5
23440	62863	9
23440	62878	1
23440	62911	3
23440	62930	12
23440	63080	1
23440	63096	1
23440	63158	42
23440	63189	85
23440	63390	1
23440	63497	3
23754	24028	11
23754	24513	5
23754	24631	4
23754	24650	56
23754	24838	15
23754	25105	19
23754	25281	9
23754	25970	1
23754	26201	1
23754	27608	6
23754	27633	23
23754	27689	297
23754	27812	13
23754	28005	10
23754	28409	4
23754	28636	3
23754	28980	5
23754	29008	14
23754	29164	28
23754	29262	1
23754	29576	1
23754	29801	1
23754	29812	32
23754	29855	2
23754	30303	7
23754	30311	27
23754	30374	17
23754	30409	13
23754	30653	10
23754	30913	7
23754	30937	1
23754	30955	21
23754	30978	11
23754	31002	7
23754	31015	3
23754	31032	11
23754	31042	7
23754	31063	12
23754	31092	13
23754	31109	24
23754	31137	16
23754	31170	9
23754	31787	2
23754	31826	1
23754	31842	16
23754	31848	17
23754	31864	12
23754	31871	7
23754	31880	83
23754	31891	51
23754	31911	5
23754	31950	8
23754	31972	53
23754	31998	35
23754	32230	16
23754	32327	1
23754	32560	98
23754	32564	225
23754	32659	4
23754	32723	1
23754	33074	11
23754	33332	1
23754	34120	3
23754	34125	34
23754	34247	2
23754	34483	12
23754	34558	26
23754	34621	9
23754	35107	8
23754	35710	16
23754	35722	37
23754	35760	6
23754	35856	20
23754	36134	2
23754	36201	1
23754	36290	3
23754	36440	13
23754	36817	8
23754	37556	1
23754	37971	10
23754	37989	1
23754	38017	17
23754	38228	5
23754	39660	1
23754	39669	6
23754	40155	1
23754	40285	9
23754	40769	10
23754	40820	8
23754	40983	1
23754	41179	4
23754	41600	4
23754	41723	9
23754	41930	1
23754	42020	2
23754	42168	6
23754	42694	4
23754	43794	21
23754	43860	2
23754	43884	1
23754	44080	46
23754	45307	20
23754	45766	55
23754	46424	1
23754	46482	12
23754	46584	7
23754	46751	17
23754	48454	9
23754	48621	7
23754	48720	1
23754	49021	4
23754	50019	12
23754	50040	11
23754	51116	3
23754	51385	3
23754	51506	1
23754	51591	1
23754	51626	2
23754	51676	9
23754	51782	25
23754	51954	3
23754	52257	1
23754	52286	2
23754	52378	2
23754	52419	21
23754	52451	9
23754	52675	1
23754	52688	20
23754	52712	34
23754	53044	16
23754	53107	3
23754	53406	1
23754	53457	5
23754	53650	5
23754	53692	1
23754	53875	5
23754	53878	11
23754	53926	6
23754	54416	14
23754	54487	14
23754	55041	7
23754	55347	2
23754	55577	7
23754	55906	4
23754	56177	2
23754	56705	3
23754	56783	2
23754	56817	13
23754	57350	4
23754	58230	69
23754	58270	9
23754	58286	1
23754	58300	3
23754	58308	25
23754	58321	26
23754	58352	16
23754	58397	11
23754	58461	10
23754	58495	11
23754	58523	13
23754	58554	9
23754	58590	24
23754	58667	21
23754	59180	5
23754	59545	2
23754	59546	79
23754	59819	4
23754	59876	31
23754	60099	6
23754	60118	142
23754	60133	4
23754	60299	7
23754	60359	46
23754	60673	5
23754	60714	35
23754	60722	5
23754	60998	49
23754	61024	1
23754	61085	38
23754	61109	168
23754	61194	69
23754	61244	4
23754	61501	16
23754	61538	2
23754	61755	5
23754	61953	35
23754	61985	1
23754	62577	5
23754	62585	18
23754	62594	4
23754	62612	17
23754	62636	4
23754	62656	10
23754	62695	15
23754	62722	8
23754	62730	9
23754	62752	21
23754	62779	32
23754	62813	13
23754	62863	4
23754	62911	7
23754	62919	1
23754	62930	16
23754	63080	5
23754	63096	3
23754	63158	47
23754	63189	37
23754	63497	1
24028	24513	31
24028	24631	1
24028	24650	86
24028	25093	5
24028	25281	4
24028	25436	5
24028	26201	1
24028	27512	5
24028	27608	5
24028	27633	4
24028	27689	9
24028	27812	3
24028	28005	7
24028	28636	2
24028	28980	2
24028	29008	22
24028	29164	4
24028	29184	1
24028	29262	11
24028	29801	1
24028	29812	2
24028	29855	2
24028	30303	1
24028	30311	1
24028	30374	6
24028	30409	2
24028	30479	4
24028	30653	2
24028	30913	3
24028	30955	5
24028	30978	3
24028	31002	4
24028	31015	1
24028	31032	60
24028	31042	1
24028	31063	7
24028	31109	16
24028	31137	6
24028	31170	3
24028	31787	1
24028	31800	1
24028	31826	4
24028	31842	3
24028	31848	3
24028	31864	9
24028	31871	5
24028	31880	7
24028	31891	5
24028	31911	3
24028	31950	7
24028	31972	10
24028	32230	5
24028	32560	27
24028	32564	37
24028	32659	3
24028	32723	7
24028	33074	79
24028	33332	1
24028	34120	1
24028	34125	90
24028	34247	2
24028	34483	17
24028	34558	6
24028	34621	3
24028	35107	30
24028	35710	2
24028	35722	2
24028	35760	12
24028	36134	2
24028	36201	1
24028	36440	11
24028	36817	4
24028	37556	1
24028	37971	12
24028	37989	7
24028	38017	1
24028	38228	5
24028	39669	19
24028	40155	1
24028	40250	1
24028	40285	6
24028	40820	15
24028	41179	1
24028	41492	16
24028	41575	2
24028	41600	8
24028	41723	2
24028	41930	12
24028	42168	5
24028	43479	1
24028	43794	6
24028	43860	10
24028	43884	1
24028	44019	1
24028	44080	8
24028	45307	2
24028	45766	3
24028	46424	2
24028	46482	3
24028	46584	15
24028	46751	20
24028	46756	2
24028	48454	5
24028	48571	1
24028	48621	14
24028	48633	1
24028	49021	6
24028	50019	9
24028	50040	1
24028	50277	1
24028	50543	1
24028	50550	3
24028	51116	1
24028	51139	2
24028	51385	2
24028	51506	15
24028	51591	3
24028	51626	2
24028	51676	5
24028	51954	7
24028	52257	1
24028	52378	2
24028	52419	8
24028	52451	4
24028	52675	4
24028	52688	20
24028	52712	22
24028	53044	9
24028	53107	3
24028	53406	9
24028	53449	2
24028	53457	9
24028	53650	1
24028	53706	1
24028	53875	18
24028	53878	3
24028	53926	3
24028	54416	5
24028	54487	6
24028	55041	19
24028	55347	6
24028	55577	4
24028	55630	2
24028	55906	1
24028	55970	1
24028	56177	7
24028	56705	46
24028	56783	3
24028	56817	3
24028	57350	8
24028	58230	17
24028	58270	2
24028	58286	2
24028	58300	1
24028	58308	3
24028	58321	3
24028	58352	2
24028	58397	3
24028	58461	2
24028	58495	7
24028	58523	7
24028	58554	9
24028	58590	10
24028	58667	1
24028	59180	8
24028	59545	5
24028	59546	16
24028	59876	4
24028	60099	1
24028	60118	30
24028	60237	1
24028	60281	1
24028	60299	11
24028	60359	5
24028	60673	3
24028	60714	9
24028	60921	1
24028	60998	1
24028	61024	1
24028	61085	10
24028	61109	33
24028	61194	13
24028	61269	2
24028	61501	28
24028	61538	1
24028	61755	5
24028	61914	1
24028	61953	4
24028	61985	1
24028	62594	1
24028	62612	4
24028	62636	2
24028	62656	6
24028	62662	1
24028	62705	1
24028	62713	2
24028	62730	4
24028	62752	5
24028	62779	9
24028	62813	8
24028	62863	3
24028	62878	1
24028	62911	4
24028	62919	1
24028	63080	2
24028	63096	3
24028	63189	5
24028	63390	2
24028	63497	3
24513	24631	4
24513	24650	78
24513	25093	5
24513	25436	8
24513	27512	4
24513	27608	3
24513	27633	4
24513	27689	13
24513	27812	1
24513	27929	2
24513	28005	1
24513	28409	1
24513	28636	1
24513	28980	1
24513	29008	6
24513	29262	10
24513	29313	4
24513	29576	4
24513	29801	1
24513	29855	6
24513	30303	4
24513	30374	4
24513	30409	2
24513	30479	5
24513	30913	3
24513	30955	5
24513	30978	2
24513	31025	2
24513	31032	21
24513	31063	4
24513	31109	16
24513	31137	5
24513	31170	4
24513	31787	2
24513	31842	6
24513	31848	1
24513	31864	5
24513	31871	1
24513	31880	2
24513	31891	4
24513	31911	5
24513	31972	3
24513	31998	2
24513	32070	1
24513	32327	1
24513	32560	5
24513	32564	21
24513	32653	1
24513	32723	6
24513	33074	87
24513	33332	3
24513	33573	2
24513	34120	1
24513	34125	82
24513	34247	2
24513	34483	12
24513	35107	10
24513	35710	1
24513	35722	1
24513	35760	8
24513	36134	2
24513	36201	2
24513	36440	2
24513	36817	1
24513	37556	1
24513	37971	11
24513	37989	1
24513	38228	8
24513	39669	4
24513	40155	2
24513	40250	7
24513	40285	16
24513	40820	10
24513	40983	1
24513	41174	1
24513	41179	4
24513	41492	5
24513	41575	1
24513	41600	6
24513	41930	1
24513	42020	2
24513	42168	3
24513	42694	13
24513	43479	4
24513	43794	3
24513	43860	6
24513	44080	3
24513	45307	2
24513	46424	2
24513	46482	3
24513	46584	4
24513	46751	22
24513	46756	6
24513	48454	12
24513	48571	2
24513	48621	10
24513	48633	3
24513	49021	13
24513	50019	5
24513	50277	2
24513	50543	1
24513	50550	7
24513	51116	5
24513	51385	5
24513	51506	21
24513	51591	1
24513	51626	7
24513	51676	4
24513	51954	4
24513	52257	2
24513	52286	1
24513	52378	1
24513	52419	1
24513	52451	3
24513	52675	8
24513	52688	17
24513	52712	7
24513	53044	4
24513	53107	1
24513	53406	4
24513	53457	4
24513	53656	8
24513	53875	6
24513	53878	1
24513	53926	11
24513	54003	1
24513	54416	1
24513	54487	2
24513	55041	7
24513	55347	3
24513	55630	14
24513	55906	2
24513	55970	2
24513	56177	4
24513	56705	27
24513	56783	3
24513	56817	3
24513	57350	15
24513	58230	4
24513	58270	1
24513	58300	1
24513	58321	2
24513	58352	2
24513	58397	5
24513	58495	2
24513	58523	6
24513	58554	2
24513	58590	3
24513	58667	1
24513	59180	5
24513	59545	6
24513	59546	15
24513	60118	10
24513	60133	2
24513	60237	1
24513	60281	2
24513	60359	2
24513	60673	3
24513	60714	8
24513	60998	2
24513	61085	1
24513	61109	11
24513	61194	4
24513	61501	7
24513	61727	3
24513	61755	1
24513	61953	9
24513	62594	1
24513	62612	1
24513	62662	1
24513	62695	5
24513	62730	3
24513	62779	3
24513	62813	1
24513	62878	1
24513	62911	2
24513	62930	3
24513	63080	1
24513	63096	5
24513	63189	2
24513	63390	7
24513	63497	1
24631	24650	232
24631	25093	8
24631	25281	2
24631	25436	2
24631	25970	13
24631	26201	2
24631	27512	8
24631	27608	2
24631	27633	1
24631	27689	2
24631	27812	4
24631	27929	9
24631	28005	7
24631	28155	12
24631	28409	13
24631	28636	23
24631	28980	14
24631	29008	14
24631	29164	1
24631	29184	1
24631	29262	26
24631	29313	1
24631	29576	87
24631	29801	1
24631	29855	138
24631	30303	3
24631	30311	4
24631	30321	1
24631	30374	5
24631	30479	8
24631	30653	1
24631	30913	5
24631	30937	1
24631	30955	9
24631	30978	3
24631	31015	13
24631	31025	16
24631	31032	16
24631	31063	7
24631	31092	8
24631	31109	8
24631	31137	1
24631	31170	4
24631	31361	6
24631	31787	11
24631	31800	9
24631	31826	7
24631	31842	4
24631	31848	11
24631	31864	1
24631	31871	11
24631	31880	2
24631	31891	1
24631	31911	1
24631	31950	2
24631	31972	8
24631	31998	1
24631	32024	2
24631	32070	4
24631	32230	1
24631	32327	16
24631	32560	14
24631	32564	31
24631	32653	4
24631	32659	79
24631	32723	16
24631	33074	31
24631	33332	1
24631	33573	49
24631	34120	6
24631	34125	140
24631	34247	12
24631	34483	416
24631	34558	1
24631	34621	3
24631	35107	4
24631	35722	1
24631	35760	18
24631	35856	1
24631	36134	27
24631	36201	1
24631	36290	7
24631	36440	1
24631	36817	2
24631	37971	43
24631	37989	4
24631	38017	3
24631	38228	12
24631	39660	2
24631	39669	2
24631	40155	27
24631	40285	180
24631	40769	17
24631	40820	1
24631	40983	15
24631	41174	40
24631	41179	12
24631	41492	10
24631	41575	10
24631	41600	26
24631	41723	2
24631	41930	25
24631	42020	57
24631	42168	34
24631	42603	12
24631	43479	5
24631	43794	5
24631	43860	24
24631	43884	10
24631	44019	16
24631	44080	2
24631	45000	4
24631	45307	1
24631	45766	9
24631	46424	49
24631	46584	15
24631	46751	3
24631	46756	79
24631	48454	24
24631	48571	31
24631	48621	58
24631	48633	14
24631	48832	32
24631	49021	3
24631	50019	1
24631	50040	3
24631	50277	16
24631	50543	5
24631	50550	5
24631	51116	22
24631	51139	12
24631	51385	16
24631	51506	10
24631	51591	4
24631	51626	3
24631	51676	74
24631	51954	9
24631	52257	3
24631	52286	5
24631	52378	4
24631	52419	1
24631	52451	5
24631	52675	6
24631	52688	75
24631	52712	1
24631	53044	7
24631	53107	2
24631	53297	4
24631	53406	28
24631	53449	28
24631	53457	22
24631	53650	8
24631	53656	2
24631	53692	4
24631	53706	13
24631	53875	27
24631	53878	1
24631	53926	2
24631	54003	3
24631	54416	4
24631	54487	16
24631	55041	26
24631	55347	4
24631	55577	5
24631	55630	2
24631	55906	1
24631	55970	1
24631	56177	142
24631	56705	35
24631	56783	115
24631	56817	1
24631	57029	8
24631	58230	1
24631	58270	16
24631	58286	3
24631	58300	2
24631	58308	7
24631	58321	2
24631	58352	10
24631	58397	8
24631	58461	6
24631	58495	4
24631	58523	11
24631	58554	23
24631	58590	6
24631	58667	2
24631	59180	9
24631	59545	4
24631	59546	6
24631	59819	2
24631	60099	3
24631	60118	19
24631	60172	2
24631	60237	11
24631	60281	6
24631	60299	7
24631	60359	4
24631	60684	17
24631	60714	1
24631	60722	3
24631	60921	10
24631	60998	3
24631	61024	43
24631	61085	5
24631	61109	17
24631	61120	3
24631	61194	14
24631	61244	41
24631	61269	1
24631	61501	31
24631	61538	2
24631	61727	15
24631	61755	26
24631	61914	1
24631	61985	5
24631	62270	25
24631	62577	4
24631	62594	1
24631	62612	4
24631	62636	10
24631	62656	2
24631	62662	5
24631	62695	5
24631	62705	1
24631	62713	3
24631	62722	4
24631	62730	4
24631	62752	27
24631	62779	14
24631	62813	1
24631	62863	5
24631	62878	8
24631	62911	2
24631	62919	5
24631	63080	2
24631	63096	3
24631	63189	1
24631	63390	1
24631	63497	6
24650	24838	12
24650	25093	306
24650	25105	18
24650	25281	34
24650	25436	201
24650	25970	96
24650	26201	99
24650	27512	542
24650	27608	29
24650	27633	70
24650	27689	192
24650	27812	60
24650	27929	136
24650	28005	119
24650	28155	42
24650	28409	104
24650	28636	265
24650	28980	112
24650	29008	204
24650	29164	74
24650	29184	84
24650	29262	227
24650	29313	129
24650	29576	415
24650	29801	114
24650	29812	18
24650	29855	467
24650	30303	83
24650	30311	24
24650	30321	125
24650	30374	41
24650	30409	12
24650	30479	192
24650	30653	28
24650	30913	230
24650	30937	46
24650	30955	217
24650	30978	123
24650	31002	110
24650	31015	67
24650	31025	36
24650	31032	213
24650	31042	31
24650	31063	146
24650	31092	255
24650	31109	239
24650	31137	274
24650	31170	61
24650	31361	89
24650	31787	65
24650	31800	99
24650	31826	142
24650	31842	113
24650	31848	28
24650	31864	86
24650	31871	251
24650	31880	118
24650	31891	84
24650	31911	106
24650	31950	102
24650	31972	230
24650	31998	99
24650	32024	99
24650	32070	73
24650	32230	29
24650	32327	279
24650	32560	134
24650	32564	513
24650	32653	134
24650	32659	300
24650	32723	1035
24650	33074	1164
24650	33332	212
24650	33573	34
24650	34120	55
24650	34125	2211
24650	34247	257
24650	34483	1782
24650	34558	21
24650	34621	63
24650	35107	52
24650	35710	10
24650	35722	12
24650	35760	1195
24650	35856	25
24650	36134	104
24650	36201	101
24650	36290	89
24650	36440	34
24650	36817	83
24650	37556	83
24650	37971	931
24650	37989	116
24650	38017	50
24650	38228	326
24650	39660	56
24650	39669	35
24650	40155	803
24650	40250	72
24650	40285	1636
24650	40769	10
24650	40820	22
24650	40983	164
24650	41174	328
24650	41179	233
24650	41492	63
24650	41575	69
24650	41600	929
24650	41723	28
24650	41882	59
24650	41930	98
24650	42020	195
24650	42168	572
24650	42603	34
24650	42694	124
24650	43479	335
24650	43794	29
24650	43860	47
24650	43884	18
24650	44019	78
24650	44080	48
24650	45000	164
24650	45307	29
24650	45766	135
24650	46424	118
24650	46482	35
24650	46584	191
24650	46751	92
24650	46756	156
24650	47199	136
24650	48454	921
24650	48571	54
24650	48621	1193
24650	48633	107
24650	48720	140
24650	48832	98
24650	49021	109
24650	50019	25
24650	50040	45
24650	50277	60
24650	50543	152
24650	50550	758
24650	51116	201
24650	51139	74
24650	51385	223
24650	51506	408
24650	51591	215
24650	51626	183
24650	51676	475
24650	51782	15
24650	51888	134
24650	51954	221
24650	52257	157
24650	52286	360
24650	52378	141
24650	52419	33
24650	52451	62
24650	52675	164
24650	52688	1378
24650	52712	39
24650	53044	241
24650	53107	54
24650	53297	81
24650	53406	256
24650	53449	97
24650	53457	159
24650	53650	156
24650	53656	85
24650	53692	77
24650	53706	131
24650	53875	754
24650	53878	93
24650	53926	43
24650	54003	76
24650	54416	114
24650	54487	323
24650	55041	1116
24650	55347	152
24650	55577	218
24650	55630	109
24650	55906	74
24650	55970	108
24650	56177	452
24650	56705	520
24650	56783	305
24650	56817	32
24650	57029	194
24650	57350	68
24650	58230	66
24650	58270	84
24650	58286	173
24650	58300	77
24650	58308	39
24650	58321	124
24650	58352	533
24650	58397	263
24650	58461	101
24650	58495	204
24650	58523	237
24650	58554	337
24650	58590	198
24650	58667	19
24650	59180	221
24650	59545	163
24650	59546	132
24650	59819	102
24650	59876	39
24650	60099	23
24650	60118	306
24650	60133	67
24650	60172	134
24650	60237	83
24650	60281	61
24650	60299	89
24650	60359	32
24650	60673	36
24650	60684	13
24650	60694	123
24650	60714	53
24650	60722	57
24650	60921	148
24650	60998	190
24650	61024	131
24650	61043	74
24650	61085	126
24650	61109	167
24650	61120	63
24650	61194	135
24650	61244	20
24650	61269	213
24650	61501	636
24650	61538	123
24650	61727	138
24650	61755	277
24650	61836	165
24650	61914	83
24650	61953	34
24650	61985	105
24650	62270	251
24650	62508	109
24650	62577	46
24650	62585	7
24650	62594	36
24650	62612	233
24650	62636	169
24650	62656	54
24650	62662	103
24650	62695	38
24650	62705	57
24650	62713	47
24650	62722	49
24650	62730	85
24650	62752	170
24650	62779	369
24650	62813	83
24650	62863	62
24650	62878	51
24650	62911	48
24650	62919	47
24650	62930	34
24650	63080	72
24650	63096	64
24650	63158	24
24650	63189	108
24650	63388	197
24650	63390	136
24650	63497	29
24838	25093	2
24838	25105	22
24838	25281	6
24838	27512	1
24838	27608	9
24838	27633	11
24838	27689	111
24838	27812	4
24838	28005	4
24838	28409	1
24838	29008	2
24838	29164	6
24838	29801	1
24838	29812	12
24838	29855	1
24838	30303	1
24838	30311	16
24838	30374	6
24838	30409	4
24838	30479	1
24838	30653	1
24838	30913	2
24838	30955	5
24838	30978	1
24838	31002	2
24838	31042	2
24838	31063	2
24838	31092	7
24838	31109	5
24838	31137	10
24838	31170	3
24838	31826	1
24838	31842	7
24838	31848	1
24838	31864	6
24838	31871	2
24838	31880	21
24838	31891	15
24838	31911	1
24838	31950	1
24838	31972	18
24838	31998	7
24838	32230	3
24838	32560	10
24838	32564	54
24838	32653	1
24838	33074	4
24838	34125	3
24838	34483	3
24838	34558	16
24838	34621	1
24838	35710	8
24838	35722	3
24838	35760	1
24838	35856	9
24838	36440	5
24838	37971	10
24838	38017	7
24838	38228	1
24838	39669	1
24838	40155	1
24838	40285	1
24838	40769	6
24838	40820	3
24838	41179	3
24838	41600	1
24838	41723	1
24838	42020	1
24838	42168	1
24838	43794	2
24838	43860	4
24838	44080	13
24838	45307	11
24838	45766	15
24838	46482	3
24838	46751	6
24838	46756	3
24838	48454	2
24838	48621	2
24838	50019	3
24838	50040	2
24838	51385	1
24838	51591	1
24838	51676	2
24838	51782	1
24838	51954	1
24838	52286	1
24838	52378	4
24838	52419	8
24838	52451	3
24838	52688	2
24838	52712	3
24838	53044	7
24838	53107	2
24838	53297	1
24838	53457	45
24838	53650	1
24838	53656	1
24838	53875	4
24838	53878	9
24838	53926	4
24838	54003	2
24838	54416	3
24838	54487	3
24838	55041	1
24838	55577	3
24838	55630	3
24838	55906	1
24838	56817	9
24838	58230	19
24838	58270	2
24838	58286	3
24838	58300	7
24838	58308	6
24838	58321	11
24838	58352	10
24838	58397	6
24838	58461	1
24838	58495	4
24838	58523	8
24838	58554	1
24838	58590	4
24838	58667	3
24838	59546	15
24838	59876	12
24838	60099	5
24838	60118	29
24838	60133	1
24838	60299	2
24838	60359	8
24838	60673	1
24838	60714	9
24838	60722	4
24838	60998	14
24838	61085	8
24838	61109	42
24838	61120	2
24838	61194	17
24838	61244	2
24838	61269	1
24838	61501	3
24838	61755	2
24838	61953	11
24838	62577	2
24838	62585	8
24838	62594	4
24838	62612	4
24838	62656	2
24838	62695	8
24838	62713	1
24838	62730	4
24838	62752	10
24838	62779	7
24838	62813	3
24838	62863	6
24838	62911	4
24838	62919	1
24838	62930	2
24838	63158	19
24838	63189	11
25093	25281	4
25093	25436	7
25093	25970	11
25093	26201	1
25093	27512	33
25093	27608	2
25093	27633	4
25093	27689	19
25093	27812	5
25093	28005	7
25093	28409	7
25093	28636	18
25093	28980	1
25093	29008	17
25093	29164	1
25093	29184	1
25093	29262	19
25093	29313	5
25093	29576	24
25093	29801	4
25093	29855	9
25093	30303	8
25093	30311	3
25093	30321	8
25093	30374	3
25093	30479	7
25093	30913	11
25093	30937	4
25093	30955	18
25093	30978	10
25093	31002	5
25093	31015	11
25093	31025	4
25093	31032	1
25093	31042	4
25093	31063	11
25093	31092	30
25093	31109	14
25093	31137	27
25093	31170	1
25093	31361	3
25093	31787	7
25093	31800	8
25093	31826	13
25093	31842	7
25093	31864	7
25093	31871	16
25093	31880	4
25093	31891	3
25093	31911	14
25093	31950	9
25093	31972	20
25093	31998	5
25093	32024	18
25093	32070	1
25093	32230	1
25093	32327	15
25093	32560	1
25093	32564	10
25093	32653	7
25093	32659	20
25093	32723	46
25093	33074	33
25093	33332	11
25093	34120	1
25093	34125	68
25093	34247	8
25093	34483	22
25093	34558	1
25093	34621	1
25093	35760	133
25093	36134	7
25093	36201	1
25093	36817	1
25093	37556	10
25093	37971	9
25093	37989	2
25093	38017	2
25093	38228	11
25093	39660	1
25093	40155	32
25093	40250	3
25093	40285	84
25093	40983	2
25093	41174	32
25093	41179	3
25093	41492	3
25093	41575	6
25093	41600	76
25093	41723	7
25093	41882	30
25093	42020	3
25093	42168	3
25093	42603	1
25093	42694	8
25093	43479	20
25093	43860	1
25093	44019	4
25093	45000	17
25093	46424	5
25093	46584	4
25093	46756	2
25093	47199	44
25093	48454	76
25093	48571	4
25093	48621	53
25093	48633	16
25093	48720	7
25093	48832	2
25093	49021	6
25093	50019	3
25093	50040	2
25093	50277	1
25093	50543	3
25093	50550	36
25093	51116	16
25093	51139	2
25093	51385	1
25093	51506	15
25093	51591	8
25093	51626	4
25093	51676	10
25093	51888	11
25093	52257	3
25093	52286	12
25093	52378	3
25093	52675	5
25093	52688	44
25093	52712	2
25093	53044	22
25093	53107	8
25093	53406	5
25093	53457	3
25093	53650	1
25093	53656	3
25093	53692	3
25093	53706	16
25093	53875	40
25093	53878	4
25093	53926	4
25093	54416	3
25093	54487	1
25093	55041	84
25093	55347	2
25093	55577	3
25093	55630	4
25093	55970	1
25093	56177	5
25093	56705	13
25093	56783	3
25093	56817	1
25093	57029	3
25093	57350	2
25093	58230	1
25093	58270	3
25093	58286	34
25093	58300	8
25093	58308	4
25093	58321	10
25093	58352	69
25093	58397	10
25093	58461	12
25093	58495	22
25093	58523	14
25093	58554	32
25093	58590	13
25093	59180	7
25093	59545	3
25093	59546	2
25093	59819	1
25093	59876	1
25093	60099	9
25093	60118	13
25093	60133	5
25093	60172	10
25093	60237	2
25093	60281	1
25093	60299	10
25093	60359	1
25093	60673	3
25093	60694	12
25093	60714	1
25093	60722	9
25093	60998	12
25093	61024	6
25093	61043	7
25093	61085	2
25093	61109	2
25093	61120	1
25093	61194	8
25093	61269	47
25093	61501	30
25093	61538	2
25093	61727	1
25093	61755	7
25093	61836	4
25093	61914	2
25093	61985	26
25093	62270	10
25093	62508	8
25093	62577	1
25093	62594	1
25093	62612	19
25093	62636	9
25093	62656	1
25093	62662	6
25093	62695	3
25093	62705	4
25093	62713	2
25093	62722	5
25093	62730	8
25093	62752	12
25093	62779	20
25093	62813	8
25093	62863	5
25093	62878	10
25093	62911	1
25093	62919	1
25093	62930	7
25093	63080	1
25093	63096	3
25093	63189	2
25093	63388	1
25093	63390	7
25093	63497	4
25105	27608	12
25105	27633	25
25105	27689	416
25105	28980	1
25105	30303	7
25105	30311	23
25105	30374	3
25105	30409	2
25105	30653	1
25105	30937	5
25105	30955	1
25105	30978	1
25105	31063	3
25105	31092	3
25105	31109	81
25105	31137	9
25105	31787	2
25105	31826	7
25105	31848	9
25105	31864	1
25105	31880	19
25105	31891	20
25105	31911	4
25105	31950	4
25105	31972	9
25105	31998	14
25105	32230	1
25105	32564	59
25105	32659	1
25105	33074	1
25105	34125	1
25105	34558	7
25105	34621	4
25105	35710	1
25105	35856	180
25105	36290	1
25105	36440	4
25105	36817	2
25105	37971	2
25105	40285	9
25105	40820	6
25105	40983	1
25105	44080	11
25105	45307	12
25105	45766	11
25105	46751	5
25105	51385	1
25105	51782	3
25105	52419	2
25105	52688	4
25105	52712	12
25105	53044	5
25105	53107	3
25105	53650	17
25105	53878	3
25105	54416	1
25105	54487	1
25105	55041	1
25105	55347	1
25105	56177	3
25105	56817	16
25105	57029	1
25105	58230	18
25105	58286	6
25105	58300	1
25105	58308	4
25105	58352	20
25105	58397	1
25105	58523	2
25105	58554	5
25105	58590	2
25105	58667	8
25105	59546	2
25105	59876	4
25105	60099	50
25105	60118	50
25105	60133	3
25105	60299	10
25105	60673	1
25105	60694	4
25105	60714	2
25105	60998	21
25105	61085	7
25105	61109	33
25105	61194	23
25105	61244	3
25105	61914	1
25105	61953	22
25105	62585	26
25105	62636	2
25105	62656	7
25105	62695	6
25105	62713	1
25105	62730	3
25105	62752	2
25105	62813	1
25105	63080	3
25105	63158	8
25105	63189	28
25281	26201	2
25281	27512	4
25281	27608	2
25281	27633	7
25281	27689	12
25281	27812	5
25281	28005	2
25281	28155	1
25281	28409	1
25281	29008	1
25281	29164	2
25281	29262	2
25281	29812	3
25281	29855	16
25281	30303	2
25281	30311	6
25281	30374	1
25281	30409	4
25281	30653	1
25281	30913	5
25281	30937	1
25281	30955	7
25281	30978	8
25281	31002	8
25281	31015	7
25281	31025	7
25281	31032	1
25281	31042	2
25281	31063	4
25281	31092	8
25281	31109	13
25281	31137	11
25281	31170	5
25281	31787	4
25281	31800	4
25281	31826	3
25281	31842	6
25281	31848	5
25281	31864	6
25281	31871	2
25281	31880	4
25281	31891	12
25281	31911	3
25281	31950	4
25281	31972	12
25281	31998	10
25281	32230	3
25281	32560	11
25281	32564	35
25281	32659	3
25281	32723	3
25281	33074	7
25281	33573	15
25281	34120	2
25281	34125	13
25281	34483	11
25281	34621	2
25281	35710	2
25281	35760	3
25281	36134	1
25281	36817	1
25281	37971	5
25281	38017	1
25281	38228	3
25281	40285	3
25281	40769	8
25281	40820	4
25281	41179	1
25281	41492	1
25281	41600	3
25281	41723	2
25281	41930	3
25281	42020	2
25281	42168	1
25281	43794	3
25281	44019	1
25281	44080	7
25281	45307	5
25281	45766	2
25281	46482	3
25281	46584	1
25281	46756	12
25281	47199	1
25281	48454	5
25281	48571	4
25281	48621	8
25281	48832	3
25281	50019	1
25281	50040	3
25281	50277	4
25281	50550	1
25281	51139	4
25281	51385	1
25281	51591	3
25281	51676	7
25281	52286	1
25281	52378	2
25281	52419	4
25281	52688	12
25281	52712	5
25281	53044	8
25281	53107	2
25281	53406	3
25281	53449	2
25281	53692	1
25281	53706	2
25281	53875	5
25281	53878	2
25281	53926	7
25281	54003	1
25281	54416	1
25281	54487	5
25281	55041	3
25281	55347	1
25281	55577	1
25281	55906	2
25281	56177	6
25281	56705	1
25281	56783	7
25281	56817	5
25281	57350	1
25281	58230	23
25281	58270	6
25281	58286	2
25281	58300	1
25281	58308	3
25281	58321	7
25281	58352	18
25281	58397	1
25281	58461	6
25281	58495	5
25281	58523	4
25281	58554	10
25281	58590	5
25281	58667	3
25281	59819	1
25281	59876	1
25281	60099	1
25281	60118	17
25281	60133	1
25281	60172	1
25281	60299	2
25281	60359	10
25281	60673	1
25281	60684	7
25281	60694	1
25281	60714	9
25281	60722	2
25281	60921	1
25281	60998	14
25281	61024	1
25281	61043	2
25281	61085	10
25281	61109	17
25281	61120	5
25281	61194	21
25281	61244	19
25281	61269	8
25281	61501	2
25281	61538	5
25281	61755	2
25281	61914	2
25281	61953	6
25281	61985	1
25281	62577	6
25281	62585	4
25281	62594	1
25281	62612	16
25281	62636	1
25281	62656	3
25281	62662	2
25281	62695	5
25281	62713	2
25281	62722	9
25281	62730	9
25281	62752	27
25281	62779	12
25281	62813	11
25281	62863	9
25281	62878	4
25281	62919	1
25281	62930	1
25281	63080	2
25281	63096	3
25281	63158	21
25281	63189	2
25281	63388	1
25281	63497	2
25436	25970	4
25436	27512	13
25436	27608	1
25436	27633	2
25436	27929	1
25436	28155	1
25436	28409	3
25436	28636	10
25436	28980	3
25436	29008	17
25436	29184	1
25436	29801	2
25436	29855	1
25436	30321	11
25436	30374	2
25436	30479	12
25436	30913	35
25436	30937	1
25436	30955	7
25436	30978	4
25436	31002	6
25436	31015	2
25436	31032	9
25436	31063	4
25436	31092	26
25436	31109	9
25436	31137	19
25436	31170	5
25436	31800	13
25436	31826	6
25436	31842	6
25436	31864	1
25436	31871	10
25436	31880	3
25436	31891	1
25436	31911	3
25436	31950	2
25436	31972	8
25436	31998	3
25436	32024	1
25436	32327	3
25436	32560	2
25436	32564	6
25436	32653	6
25436	32659	3
25436	32723	21
25436	33074	50
25436	33332	5
25436	34120	2
25436	34125	59
25436	34483	18
25436	35760	20
25436	36134	2
25436	36201	2
25436	36290	2
25436	37556	3
25436	37971	12
25436	37989	2
25436	38228	7
25436	39660	1
25436	40155	2
25436	40285	19
25436	40820	6
25436	40983	1
25436	41174	5
25436	41179	6
25436	41575	1
25436	41600	32
25436	41723	2
25436	41882	24
25436	42020	3
25436	42168	11
25436	42694	5
25436	43479	10
25436	45000	1
25436	46424	2
25436	46584	2
25436	46751	28
25436	46756	1
25436	47199	4
25436	48454	23
25436	48621	25
25436	48832	1
25436	49021	4
25436	50019	3
25436	50040	3
25436	50550	36
25436	51116	1
25436	51385	2
25436	51506	7
25436	51591	8
25436	51626	1
25436	51676	13
25436	51888	4
25436	51954	1
25436	52257	3
25436	52286	18
25436	52378	5
25436	52451	1
25436	52675	8
25436	52688	41
25436	53044	5
25436	53107	1
25436	53297	2
25436	53406	2
25436	53449	2
25436	53656	2
25436	53706	2
25436	53875	7
25436	53926	1
25436	54003	1
25436	54487	2
25436	55041	31
25436	55347	2
25436	55577	5
25436	55630	24
25436	55970	1
25436	56177	4
25436	56705	17
25436	56783	5
25436	57029	1
25436	57350	12
25436	58270	1
25436	58286	7
25436	58300	2
25436	58308	1
25436	58321	9
25436	58352	71
25436	58397	24
25436	58461	9
25436	58495	8
25436	58523	25
25436	58554	22
25436	58590	17
25436	59180	6
25436	59545	5
25436	59819	1
25436	60099	5
25436	60118	3
25436	60133	4
25436	60172	19
25436	60237	2
25436	60281	1
25436	60299	9
25436	60673	1
25436	60694	16
25436	60714	7
25436	60722	2
25436	60998	23
25436	61024	1
25436	61043	3
25436	61085	4
25436	61109	1
25436	61120	1
25436	61194	9
25436	61269	22
25436	61501	5
25436	61538	2
25436	61727	1
25436	61755	6
25436	61836	7
25436	61914	4
25436	61953	1
25436	61985	16
25436	62508	3
25436	62577	2
25436	62612	21
25436	62636	7
25436	62656	4
25436	62662	4
25436	62695	2
25436	62705	3
25436	62713	3
25436	62722	3
25436	62730	5
25436	62752	7
25436	62779	29
25436	62813	3
25436	62863	6
25436	62878	2
25436	62930	3
25436	63189	1
25436	63388	13
25970	26201	1
25970	27512	11
25970	27812	1
25970	28005	6
25970	28409	2
25970	28636	9
25970	29184	2
25970	29262	33
25970	29313	5
25970	29576	53
25970	29801	5
25970	29855	9
25970	30913	3
25970	30937	1
25970	30955	3
25970	30978	1
25970	31002	2
25970	31025	4
25970	31032	1
25970	31042	1
25970	31063	2
25970	31092	6
25970	31109	1
25970	31137	1
25970	31361	3
25970	31787	1
25970	31800	1
25970	31842	1
25970	31864	1
25970	31871	1
25970	31891	1
25970	31911	2
25970	31972	5
25970	32024	8
25970	32327	19
25970	32564	1
25970	32659	33
25970	32723	16
25970	33074	5
25970	33332	8
25970	34120	1
25970	34125	48
25970	34247	10
25970	34483	38
25970	34621	1
25970	35760	8
25970	36134	6
25970	36290	1
25970	37971	9
25970	37989	1
25970	38228	3
25970	39660	1
25970	40155	21
25970	40250	2
25970	40285	152
25970	40983	2
25970	41174	50
25970	41179	2
25970	41492	1
25970	41575	18
25970	41600	8
25970	41930	1
25970	42020	8
25970	42168	6
25970	42603	2
25970	43479	4
25970	44019	22
25970	45000	27
25970	45766	1
25970	46424	4
25970	46584	1
25970	46756	14
25970	48454	8
25970	48571	4
25970	48621	22
25970	48633	11
25970	48720	2
25970	48832	4
25970	49021	1
25970	50277	1
25970	50543	3
25970	50550	6
25970	51116	49
25970	51385	1
25970	51506	2
25970	51591	8
25970	51676	25
25970	51954	1
25970	52286	3
25970	52378	1
25970	52675	3
25970	52688	16
25970	53406	10
25970	53457	1
25970	53656	1
25970	53692	3
25970	53706	5
25970	53875	13
25970	53878	2
25970	53926	1
25970	54416	1
25970	54487	2
25970	55041	13
25970	55577	4
25970	55630	2
25970	56177	20
25970	56705	7
25970	56783	7
25970	57029	3
25970	58270	1
25970	58286	1
25970	58352	2
25970	58397	3
25970	58523	10
25970	58554	4
25970	59180	3
25970	59545	1
25970	60118	3
25970	60133	1
25970	60237	1
25970	60281	1
25970	60998	2
25970	61024	13
25970	61043	2
25970	61085	2
25970	61501	1
25970	61727	4
25970	61755	3
25970	61836	1
25970	61985	2
25970	62270	2
25970	62577	1
25970	62636	3
25970	62656	1
25970	62662	1
25970	62779	3
25970	62878	1
25970	63096	9
26201	27512	1
26201	27689	5
26201	27812	7
26201	27929	1
26201	28005	3
26201	28155	1
26201	28980	69
26201	29164	4
26201	29184	5
26201	29855	42
26201	30955	1
26201	31015	5
26201	31092	2
26201	31109	3
26201	31137	1
26201	31170	1
26201	31787	2
26201	31800	3
26201	31842	1
26201	31848	4
26201	31871	1
26201	31880	2
26201	31891	1
26201	31950	3
26201	32230	2
26201	32327	5
26201	32560	1
26201	32564	12
26201	32659	3
26201	32723	3
26201	33074	4
26201	33332	4
26201	33573	32
26201	34120	1
26201	34125	26
26201	34483	61
26201	34558	1
26201	36290	52
26201	36817	3
26201	37971	54
26201	38017	1
26201	38228	35
26201	39660	2
26201	39669	2
26201	40155	1
26201	40285	17
26201	40769	8
26201	40983	3
26201	41179	1
26201	41600	3
26201	41723	1
26201	41930	1
26201	42020	3
26201	42168	9
26201	44019	1
26201	45766	4
26201	46584	1
26201	46756	13
26201	48571	4
26201	48621	2
26201	48720	1
26201	50019	1
26201	50277	3
26201	50550	11
26201	51116	1
26201	51385	2
26201	51506	2
26201	51591	3
26201	51626	1
26201	51676	9
26201	51954	1
26201	52378	2
26201	52451	5
26201	52688	28
26201	53044	1
26201	53107	1
26201	53297	16
26201	53406	13
26201	53449	2
26201	53650	2
26201	53875	40
26201	53878	1
26201	54003	31
26201	54416	20
26201	55041	3
26201	55347	3
26201	55577	9
26201	55906	6
26201	55970	3
26201	56177	18
26201	56705	3
26201	56783	2
26201	56817	1
26201	57029	3
26201	58230	3
26201	58308	1
26201	58352	1
26201	58461	1
26201	58495	1
26201	58523	1
26201	58554	2
26201	58590	4
26201	59546	2
26201	60099	1
26201	60118	4
26201	60281	1
26201	60359	1
26201	60673	1
26201	60684	7
26201	60921	1
26201	60998	1
26201	61024	1
26201	61085	3
26201	61109	5
26201	61120	1
26201	61194	3
26201	61244	19
26201	61501	7
26201	61755	1
26201	61836	1
26201	61914	1
26201	61985	1
26201	62270	1
26201	62508	1
26201	62612	1
26201	62722	1
26201	62730	11
26201	62752	10
26201	62863	2
26201	62878	5
26201	62919	1
26201	63080	1
26201	63189	1
26201	63497	1
27512	27608	2
27512	27633	2
27512	27689	1
27512	27929	4
27512	28005	4
27512	28409	7
27512	28636	18
27512	28980	8
27512	29008	13
27512	29164	1
27512	29184	17
27512	29262	22
27512	29313	8
27512	29576	27
27512	29801	14
27512	29855	10
27512	30303	1
27512	30321	8
27512	30374	1
27512	30409	1
27512	30479	15
27512	30653	1
27512	30913	18
27512	30937	3
27512	30955	17
27512	30978	7
27512	31002	6
27512	31015	3
27512	31025	3
27512	31032	15
27512	31042	2
27512	31063	3
27512	31092	29
27512	31109	11
27512	31137	13
27512	31361	9
27512	31787	1
27512	31800	9
27512	31826	4
27512	31842	4
27512	31848	1
27512	31864	6
27512	31871	10
27512	31880	7
27512	31891	1
27512	31911	10
27512	31950	6
27512	31972	15
27512	31998	1
27512	32024	12
27512	32070	2
27512	32327	32
27512	32564	13
27512	32653	13
27512	32659	17
27512	32723	84
27512	33074	92
27512	33332	33
27512	34120	1
27512	34125	129
27512	34247	13
27512	34483	69
27512	34621	5
27512	35107	2
27512	35760	161
27512	36134	6
27512	36201	4
27512	36290	7
27512	36817	2
27512	37556	10
27512	37971	47
27512	37989	6
27512	38017	2
27512	38228	28
27512	39660	2
27512	40155	114
27512	40250	9
27512	40285	138
27512	40769	2
27512	40983	2
27512	41174	40
27512	41179	14
27512	41492	1
27512	41575	6
27512	41600	89
27512	41723	3
27512	41930	2
27512	42020	8
27512	42168	50
27512	42694	14
27512	43479	28
27512	43794	1
27512	43860	2
27512	44019	7
27512	44080	1
27512	45000	22
27512	45307	2
27512	45766	3
27512	46424	2
27512	46584	10
27512	46751	1
27512	46756	6
27512	47199	15
27512	48454	69
27512	48621	103
27512	48633	9
27512	48720	10
27512	48832	2
27512	49021	6
27512	50040	3
27512	50277	1
27512	50543	18
27512	50550	64
27512	51116	24
27512	51139	2
27512	51385	9
27512	51506	55
27512	51591	18
27512	51626	25
27512	51676	21
27512	51888	15
27512	51954	15
27512	52257	10
27512	52286	30
27512	52378	7
27512	52451	3
27512	52675	14
27512	52688	91
27512	52712	2
27512	53044	13
27512	53107	1
27512	53297	12
27512	53406	7
27512	53449	4
27512	53650	1
27512	53656	5
27512	53692	5
27512	53706	11
27512	53875	58
27512	53878	1
27512	53926	6
27512	54003	3
27512	54416	1
27512	54487	18
27512	55041	91
27512	55347	7
27512	55577	11
27512	55630	7
27512	55906	3
27512	55970	5
27512	56177	13
27512	56705	25
27512	56783	3
27512	57029	4
27512	57350	3
27512	58270	1
27512	58286	13
27512	58300	6
27512	58308	2
27512	58321	4
27512	58352	39
27512	58397	23
27512	58461	6
27512	58495	11
27512	58523	9
27512	58554	31
27512	58590	15
27512	58667	1
27512	59180	21
27512	59545	12
27512	59546	2
27512	59819	6
27512	59876	2
27512	60118	9
27512	60133	2
27512	60172	8
27512	60237	1
27512	60281	3
27512	60299	6
27512	60359	2
27512	60673	4
27512	60684	1
27512	60694	12
27512	60714	4
27512	60722	8
27512	60921	1
27512	60998	7
27512	61024	3
27512	61043	5
27512	61085	8
27512	61109	2
27512	61120	3
27512	61194	4
27512	61269	18
27512	61501	37
27512	61538	9
27512	61727	12
27512	61755	17
27512	61836	35
27512	61914	5
27512	61953	4
27512	61985	9
27512	62270	5
27512	62508	5
27512	62577	1
27512	62594	1
27512	62612	11
27512	62636	10
27512	62656	1
27512	62662	10
27512	62695	1
27512	62705	2
27512	62713	4
27512	62722	3
27512	62730	7
27512	62752	8
27512	62779	29
27512	62813	6
27512	62863	2
27512	62878	2
27512	62911	2
27512	62919	1
27512	62930	2
27512	63080	1
27512	63096	6
27512	63158	1
27512	63189	3
27512	63388	16
27512	63390	11
27512	63497	1
27608	27633	3
27608	27689	142
27608	28005	4
27608	28155	1
27608	28409	8
27608	29008	1
27608	29262	1
27608	29812	3
27608	29855	2
27608	30303	3
27608	30311	11
27608	30374	8
27608	30409	3
27608	30479	3
27608	30653	2
27608	30913	3
27608	30937	1
27608	30955	6
27608	30978	4
27608	31002	4
27608	31015	1
27608	31032	2
27608	31042	3
27608	31063	7
27608	31092	5
27608	31109	10
27608	31137	22
27608	31170	7
27608	31787	3
27608	31826	4
27608	31842	2
27608	31871	2
27608	31880	14
27608	31891	9
27608	31911	1
27608	31950	4
27608	31972	9
27608	31998	6
27608	32024	1
27608	32230	7
27608	32560	11
27608	32564	42
27608	32659	1
27608	32723	4
27608	33074	3
27608	34120	2
27608	34125	12
27608	34483	6
27608	34558	1
27608	35107	1
27608	35710	3
27608	35760	2
27608	35856	11
27608	36440	2
27608	37971	2
27608	37989	3
27608	38228	1
27608	39669	1
27608	40155	1
27608	40285	3
27608	40820	2
27608	40983	3
27608	41179	2
27608	41492	1
27608	41600	1
27608	42168	1
27608	43794	1
27608	43884	1
27608	44080	14
27608	45307	8
27608	45766	4
27608	46482	8
27608	46751	7
27608	47199	1
27608	48454	7
27608	48621	3
27608	49021	2
27608	50019	1
27608	50040	3
27608	50550	4
27608	51139	2
27608	51506	2
27608	51591	3
27608	51676	5
27608	51782	3
27608	52378	1
27608	52419	3
27608	52451	2
27608	52675	1
27608	52688	9
27608	52712	8
27608	53044	3
27608	53107	4
27608	53297	1
27608	53406	2
27608	53449	2
27608	53457	7
27608	53875	1
27608	53878	1
27608	53926	2
27608	54416	2
27608	54487	1
27608	55041	4
27608	56177	2
27608	56705	5
27608	56783	3
27608	56817	1
27608	57029	3
27608	57350	1
27608	58230	12
27608	58300	9
27608	58308	4
27608	58321	6
27608	58352	10
27608	58397	3
27608	58461	4
27608	58495	3
27608	58523	8
27608	58554	7
27608	58590	4
27608	58667	3
27608	59546	16
27608	59876	10
27608	60099	5
27608	60118	26
27608	60172	3
27608	60299	1
27608	60359	11
27608	60673	5
27608	60684	1
27608	60694	3
27608	60714	1
27608	60722	1
27608	60998	8
27608	61024	1
27608	61043	3
27608	61085	2
27608	61109	24
27608	61120	5
27608	61194	9
27608	61501	6
27608	61538	1
27608	61755	2
27608	61914	1
27608	61953	8
27608	61985	2
27608	62508	3
27608	62577	1
27608	62585	4
27608	62594	5
27608	62612	7
27608	62636	6
27608	62656	4
27608	62662	5
27608	62695	1
27608	62713	1
27608	62722	1
27608	62730	2
27608	62752	5
27608	62779	12
27608	62813	2
27608	62863	3
27608	62911	1
27608	62919	1
27608	62930	2
27608	63096	1
27608	63158	4
27608	63189	7
27608	63388	2
27608	63497	2
27633	27689	124
27633	27812	3
27633	27929	4
27633	28005	4
27633	28155	1
27633	28409	1
27633	28636	1
27633	28980	2
27633	29008	6
27633	29164	8
27633	29184	1
27633	29576	1
27633	29812	19
27633	29855	1
27633	30303	4
27633	30311	22
27633	30374	2
27633	30409	7
27633	30479	1
27633	30653	4
27633	30913	4
27633	30937	3
27633	30955	10
27633	30978	11
27633	31002	6
27633	31015	2
27633	31025	1
27633	31032	3
27633	31042	3
27633	31063	7
27633	31092	7
27633	31109	15
27633	31137	13
27633	31170	3
27633	31787	1
27633	31826	6
27633	31842	7
27633	31848	13
27633	31864	10
27633	31871	7
27633	31880	42
27633	31891	17
27633	31911	4
27633	31950	8
27633	31972	18
27633	31998	19
27633	32070	2
27633	32230	8
27633	32560	19
27633	32564	59
27633	32653	1
27633	32723	5
27633	33074	13
27633	34120	5
27633	34125	20
27633	34247	2
27633	34483	5
27633	34558	11
27633	34621	2
27633	35107	4
27633	35710	7
27633	35722	9
27633	35760	6
27633	35856	13
27633	36201	2
27633	36290	3
27633	36440	1
27633	36817	5
27633	37971	34
27633	38017	3
27633	38228	2
27633	39660	4
27633	39669	3
27633	40285	2
27633	40769	5
27633	40820	9
27633	40983	5
27633	41600	10
27633	41723	3
27633	41882	16
27633	42020	1
27633	42168	8
27633	43479	3
27633	43794	3
27633	43860	6
27633	44080	13
27633	45307	6
27633	45766	19
27633	46424	1
27633	46482	4
27633	46584	1
27633	46751	9
27633	48454	12
27633	48621	11
27633	48720	1
27633	49021	2
27633	50019	3
27633	50040	5
27633	50543	1
27633	50550	6
27633	51139	4
27633	51385	7
27633	51676	3
27633	51782	3
27633	52286	2
27633	52378	3
27633	52419	5
27633	52451	3
27633	52688	10
27633	52712	1
27633	53044	14
27633	53107	3
27633	53297	1
27633	53406	4
27633	53457	1
27633	53650	21
27633	53656	3
27633	53875	14
27633	53878	2
27633	53926	5
27633	54003	1
27633	54416	21
27633	54487	5
27633	55041	7
27633	55347	8
27633	55577	2
27633	55630	1
27633	55906	6
27633	56177	4
27633	56705	3
27633	56783	4
27633	56817	7
27633	57029	5
27633	58230	23
27633	58270	8
27633	58286	4
27633	58300	1
27633	58308	8
27633	58321	9
27633	58352	35
27633	58397	5
27633	58461	6
27633	58495	2
27633	58523	9
27633	58554	12
27633	58590	21
27633	58667	2
27633	59546	18
27633	59876	10
27633	60099	8
27633	60118	46
27633	60133	2
27633	60299	1
27633	60359	10
27633	60673	4
27633	60684	1
27633	60694	3
27633	60714	12
27633	60722	2
27633	60921	8
27633	60998	20
27633	61085	8
27633	61109	53
27633	61120	3
27633	61194	36
27633	61244	3
27633	61269	1
27633	61501	3
27633	61755	3
27633	61914	8
27633	61953	10
27633	61985	2
27633	62270	10
27633	62508	1
27633	62577	2
27633	62585	12
27633	62594	3
27633	62612	12
27633	62636	3
27633	62656	4
27633	62662	2
27633	62695	8
27633	62705	2
27633	62713	6
27633	62722	7
27633	62730	5
27633	62752	12
27633	62779	9
27633	62813	10
27633	62930	3
27633	63080	12
27633	63096	1
27633	63158	19
27633	63189	16
27633	63388	4
27633	63390	3
27689	27812	29
27689	27929	2
27689	28005	56
27689	28409	11
27689	28636	3
27689	28980	9
27689	29008	9
27689	29164	20
27689	29262	2
27689	29576	1
27689	29801	2
27689	29812	70
27689	29855	4
27689	30303	32
27689	30311	86
27689	30374	133
27689	30409	34
27689	30479	1
27689	30653	18
27689	30913	12
27689	30937	14
27689	30955	37
27689	30978	30
27689	31002	13
27689	31015	5
27689	31032	2
27689	31042	13
27689	31063	39
27689	31092	79
27689	31109	189
27689	31137	160
27689	31170	18
27689	31361	1
27689	31787	28
27689	31800	1
27689	31826	22
27689	31842	23
27689	31848	96
27689	31864	7
27689	31871	33
27689	31880	322
27689	31891	239
27689	31911	18
27689	31950	32
27689	31972	216
27689	31998	100
27689	32070	1
27689	32230	66
27689	32327	1
27689	32560	321
27689	32564	737
27689	32659	27
27689	32723	7
27689	33074	25
27689	34120	6
27689	34125	57
27689	34247	5
27689	34483	48
27689	34558	46
27689	34621	13
27689	35107	6
27689	35710	41
27689	35722	72
27689	35760	16
27689	35856	325
27689	36134	2
27689	36201	1
27689	36290	1
27689	36440	16
27689	36817	19
27689	37971	49
27689	38017	12
27689	38228	6
27689	39660	2
27689	39669	2
27689	40155	7
27689	40285	15
27689	40769	27
27689	40820	36
27689	40983	1
27689	41174	1
27689	41179	3
27689	41492	5
27689	41600	18
27689	41723	10
27689	42020	2
27689	42168	14
27689	42603	1
27689	42694	3
27689	43479	2
27689	43794	66
27689	43860	16
27689	44019	1
27689	44080	192
27689	45000	7
27689	45307	92
27689	45766	117
27689	46424	4
27689	46482	31
27689	46584	7
27689	46751	47
27689	46756	4
27689	47199	2
27689	48454	18
27689	48621	26
27689	48832	3
27689	49021	5
27689	50019	23
27689	50040	42
27689	50550	1
27689	51116	4
27689	51139	8
27689	51385	10
27689	51506	3
27689	51591	1
27689	51626	5
27689	51676	13
27689	51782	268
27689	52286	1
27689	52378	8
27689	52419	79
27689	52451	3
27689	52675	1
27689	52688	58
27689	52712	75
27689	53044	65
27689	53107	31
27689	53406	12
27689	53449	2
27689	53457	57
27689	53650	61
27689	53656	3
27689	53692	13
27689	53875	13
27689	53878	31
27689	53926	20
27689	54003	6
27689	54416	55
27689	54487	31
27689	55041	10
27689	55347	1
27689	55577	10
27689	55630	1
27689	55906	11
27689	55970	2
27689	56177	5
27689	56705	4
27689	56783	8
27689	56817	51
27689	57029	1
27689	57350	1
27689	58230	212
27689	58270	20
27689	58286	19
27689	58300	38
27689	58308	102
27689	58321	128
27689	58352	102
27689	58397	37
27689	58461	35
27689	58495	43
27689	58523	67
27689	58554	38
27689	58590	37
27689	58667	35
27689	59180	8
27689	59545	3
27689	59546	166
27689	59876	242
27689	60099	114
27689	60118	607
27689	60133	6
27689	60281	3
27689	60299	25
27689	60359	149
27689	60673	11
27689	60694	21
27689	60714	52
27689	60722	26
27689	60921	3
27689	60998	228
27689	61024	7
27689	61085	93
27689	61109	348
27689	61120	6
27689	61194	157
27689	61244	26
27689	61269	21
27689	61501	24
27689	61538	3
27689	61755	20
27689	61914	9
27689	61953	93
27689	61985	9
27689	62270	4
27689	62577	3
27689	62585	111
27689	62594	36
27689	62612	11
27689	62636	26
27689	62656	90
27689	62662	4
27689	62695	51
27689	62705	7
27689	62713	9
27689	62722	44
27689	62730	29
27689	62752	89
27689	62779	43
27689	62813	27
27689	62863	29
27689	62878	5
27689	62911	17
27689	62919	5
27689	62930	53
27689	63080	24
27689	63096	3
27689	63158	70
27689	63189	179
27689	63388	17
27689	63497	9
27812	28005	12
27812	28155	2
27812	28409	9
27812	28636	6
27812	28980	28
27812	29164	13
27812	29576	1
27812	29801	1
27812	29812	4
27812	29855	3
27812	30311	5
27812	30374	1
27812	30409	2
27812	30479	1
27812	30653	10
27812	30913	2
27812	30937	1
27812	30955	5
27812	30978	2
27812	31002	4
27812	31025	2
27812	31032	1
27812	31063	4
27812	31092	4
27812	31109	3
27812	31137	7
27812	31170	2
27812	31361	1
27812	31787	3
27812	31826	3
27812	31848	6
27812	31864	4
27812	31871	2
27812	31880	8
27812	31891	10
27812	31911	4
27812	31972	8
27812	31998	3
27812	32024	1
27812	32230	13
27812	32327	2
27812	32560	17
27812	32564	80
27812	32659	3
27812	32723	4
27812	33074	3
27812	33332	3
27812	34120	1
27812	34125	27
27812	34483	55
27812	34558	12
27812	34621	19
27812	35107	3
27812	35710	2
27812	35722	6
27812	35760	1
27812	36134	1
27812	36290	13
27812	37971	53
27812	38017	6
27812	38228	14
27812	39660	1
27812	39669	3
27812	40155	1
27812	40285	6
27812	40769	2
27812	40820	2
27812	40983	3
27812	41179	15
27812	41600	3
27812	41723	1
27812	41930	1
27812	42020	3
27812	42168	36
27812	43794	1
27812	43860	1
27812	44019	1
27812	44080	2
27812	45307	2
27812	45766	22
27812	46584	1
27812	46756	3
27812	47199	5
27812	48454	1
27812	48621	8
27812	48720	1
27812	49021	1
27812	50550	1
27812	51116	2
27812	51385	5
27812	51506	5
27812	51591	7
27812	51676	11
27812	51954	1
27812	52257	5
27812	52378	6
27812	52419	4
27812	52688	19
27812	52712	2
27812	53044	13
27812	53107	4
27812	53406	9
27812	53449	1
27812	53457	45
27812	53650	22
27812	53656	1
27812	53875	27
27812	53878	35
27812	53926	3
27812	54003	6
27812	54416	129
27812	54487	6
27812	55041	2
27812	55347	1
27812	55577	8
27812	55630	1
27812	55906	9
27812	56177	28
27812	56783	10
27812	56817	5
27812	58230	17
27812	58270	1
27812	58286	2
27812	58300	1
27812	58308	7
27812	58321	6
27812	58352	1
27812	58397	2
27812	58461	1
27812	58495	16
27812	58523	3
27812	58554	2
27812	58590	4
27812	59546	10
27812	59876	2
27812	60118	52
27812	60133	2
27812	60281	1
27812	60359	4
27812	60673	1
27812	60714	5
27812	60921	1
27812	60998	4
27812	61024	3
27812	61043	1
27812	61085	17
27812	61109	54
27812	61120	1
27812	61194	17
27812	61244	2
27812	61755	8
27812	61914	2
27812	61953	2
27812	62270	3
27812	62577	1
27812	62585	4
27812	62594	2
27812	62612	2
27812	62636	3
27812	62662	1
27812	62695	8
27812	62713	2
27812	62722	1
27812	62730	2
27812	62752	7
27812	62779	7
27812	62813	4
27812	62863	3
27812	62911	1
27812	62930	2
27812	63080	1
27812	63158	3
27812	63189	8
27812	63497	7
27929	28005	6
27929	28155	1
27929	28409	10
27929	28636	8
27929	28980	27
27929	29008	1
27929	29164	2
27929	29184	15
27929	29262	3
27929	29313	2
27929	29576	5
27929	29855	14
27929	30303	5
27929	30653	3
27929	30913	4
27929	30955	1
27929	31025	1
27929	31032	3
27929	31063	9
27929	31092	4
27929	31109	17
27929	31137	1
27929	31170	1
27929	31361	55
27929	31787	1
27929	31826	1
27929	31842	2
27929	31848	2
27929	31864	2
27929	31871	3
27929	31880	1
27929	31891	2
27929	31911	2
27929	31972	1
27929	31998	2
27929	32070	34
27929	32230	2
27929	32564	18
27929	32653	1
27929	32659	16
27929	32723	21
27929	33074	35
27929	33332	5
27929	34120	15
27929	34125	67
27929	34247	5
27929	34483	75
27929	34621	2
27929	35107	1
27929	35760	7
27929	35856	1
27929	36134	1
27929	36201	4
27929	36290	13
27929	36440	1
27929	36817	4
27929	37971	211
27929	37989	1
27929	38017	2
27929	38228	11
27929	39660	18
27929	39669	7
27929	40155	41
27929	40250	1
27929	40285	37
27929	40820	3
27929	40983	7
27929	41174	3
27929	41179	15
27929	41575	1
27929	41600	4
27929	41882	1
27929	41930	9
27929	42020	3
27929	42168	65
27929	43479	2
27929	43794	1
27929	43860	3
27929	43884	1
27929	45000	11
27929	45766	11
27929	46424	4
27929	46584	7
27929	46751	1
27929	48454	14
27929	48571	3
27929	48621	17
27929	48633	1
27929	48720	21
27929	50543	3
27929	50550	3
27929	51116	1
27929	51385	11
27929	51506	4
27929	51591	3
27929	51626	1
27929	51676	41
27929	51782	1
27929	51888	1
27929	52257	3
27929	52286	4
27929	52378	9
27929	52451	7
27929	52675	3
27929	52688	34
27929	53044	7
27929	53107	1
27929	53297	12
27929	53406	18
27929	53449	1
27929	53457	10
27929	53650	3
27929	53656	12
27929	53692	3
27929	53875	28
27929	53878	7
27929	54003	5
27929	54416	2
27929	54487	13
27929	55041	7
27929	55347	14
27929	55577	12
27929	55906	12
27929	55970	2
27929	56177	15
27929	56705	17
27929	56783	10
27929	56817	2
27929	57029	9
27929	57350	1
27929	58230	1
27929	58300	1
27929	58308	1
27929	58397	2
27929	58461	2
27929	58523	8
27929	58554	2
27929	58590	1
27929	58667	2
27929	59180	4
27929	59545	3
27929	59546	3
27929	59819	3
27929	59876	2
27929	60118	13
27929	60281	5
27929	60299	2
27929	60673	1
27929	60684	1
27929	60694	2
27929	60714	1
27929	60722	2
27929	60921	78
27929	60998	4
27929	61024	3
27929	61043	1
27929	61085	5
27929	61109	4
27929	61194	13
27929	61501	9
27929	61538	3
27929	61727	3
27929	61755	11
27929	61836	4
27929	61914	3
27929	62270	128
27929	62508	1
27929	62577	2
27929	62594	1
27929	62612	1
27929	62636	4
27929	62705	1
27929	62722	2
27929	62730	2
27929	62752	3
27929	62779	1
27929	62813	2
27929	62863	5
27929	62911	1
27929	62919	1
27929	62930	1
27929	63080	5
27929	63189	1
27929	63390	3
27929	63497	2
28005	28155	1
28005	28409	3
28005	28636	5
28005	28980	9
28005	29008	4
28005	29164	10
28005	29184	1
28005	29262	3
28005	29313	3
28005	29576	19
28005	29801	1
28005	29812	5
28005	29855	13
28005	30303	1
28005	30311	5
28005	30374	1
28005	30409	6
28005	30479	4
28005	30653	7
28005	30913	3
28005	30937	1
28005	30955	15
28005	30978	3
28005	31002	1
28005	31015	2
28005	31025	2
28005	31032	1
28005	31042	2
28005	31063	4
28005	31092	4
28005	31109	8
28005	31137	10
28005	31170	1
28005	31361	5
28005	31787	7
28005	31842	1
28005	31848	4
28005	31864	4
28005	31871	2
28005	31880	15
28005	31891	11
28005	31950	4
28005	31972	13
28005	31998	2
28005	32024	1
28005	32070	6
28005	32230	6
28005	32327	6
28005	32560	15
28005	32564	71
28005	32659	25
28005	32723	22
28005	33074	28
28005	33332	9
28005	33573	3
28005	34120	9
28005	34125	43
28005	34247	4
28005	34483	45
28005	34558	5
28005	34621	6
28005	35107	2
28005	35710	1
28005	35722	8
28005	35760	14
28005	35856	3
28005	36134	1
28005	36201	11
28005	36290	4
28005	36440	1
28005	36817	3
28005	37556	2
28005	37971	67
28005	38017	5
28005	38228	9
28005	39660	10
28005	39669	1
28005	40155	3
28005	40250	6
28005	40285	42
28005	40769	7
28005	40820	2
28005	40983	3
28005	41174	12
28005	41179	6
28005	41492	17
28005	41575	2
28005	41600	16
28005	41723	1
28005	41930	52
28005	42020	5
28005	42168	21
28005	42603	2
28005	42694	1
28005	43479	2
28005	43794	2
28005	43860	7
28005	44019	1
28005	44080	3
28005	45000	8
28005	45307	11
28005	45766	19
28005	46424	1
28005	46482	3
28005	46584	4
28005	46751	7
28005	46756	4
28005	48454	8
28005	48621	12
28005	48633	2
28005	48720	5
28005	48832	6
28005	49021	5
28005	50019	4
28005	50040	2
28005	50543	1
28005	50550	8
28005	51116	12
28005	51385	11
28005	51506	13
28005	51591	5
28005	51626	2
28005	51676	24
28005	51782	10
28005	51954	5
28005	52257	2
28005	52286	3
28005	52378	13
28005	52419	1
28005	52451	3
28005	52675	4
28005	52688	23
28005	53044	21
28005	53107	9
28005	53406	22
28005	53449	3
28005	53457	18
28005	53650	4
28005	53656	2
28005	53692	3
28005	53875	23
28005	53878	11
28005	53926	3
28005	54003	1
28005	54416	21
28005	54487	12
28005	55041	11
28005	55347	5
28005	55577	17
28005	55630	1
28005	55906	1
28005	55970	3
28005	56177	16
28005	56705	6
28005	56783	5
28005	56817	3
28005	57029	4
28005	57350	3
28005	58230	24
28005	58270	8
28005	58286	2
28005	58308	11
28005	58321	4
28005	58352	2
28005	58397	3
28005	58461	5
28005	58495	9
28005	58523	10
28005	58554	7
28005	58590	4
28005	58667	1
28005	59180	2
28005	59545	2
28005	59546	10
28005	59876	8
28005	60099	1
28005	60118	76
28005	60133	2
28005	60172	1
28005	60237	1
28005	60281	4
28005	60299	4
28005	60359	8
28005	60673	3
28005	60694	2
28005	60714	4
28005	60722	3
28005	60921	15
28005	60998	7
28005	61024	8
28005	61043	1
28005	61085	13
28005	61109	37
28005	61120	2
28005	61194	25
28005	61244	2
28005	61501	11
28005	61727	3
28005	61755	10
28005	61914	4
28005	61953	3
28005	61985	3
28005	62270	31
28005	62585	4
28005	62594	1
28005	62612	4
28005	62636	2
28005	62656	3
28005	62662	1
28005	62695	7
28005	62705	1
28005	62713	3
28005	62722	2
28005	62730	3
28005	62752	7
28005	62779	9
28005	62813	5
28005	62878	1
28005	62911	4
28005	62919	1
28005	62930	2
28005	63080	6
28005	63096	2
28005	63158	2
28005	63189	9
28005	63390	1
28005	63497	2
28155	28636	2
28155	29262	2
28155	29576	2
28155	29801	1
28155	29855	52
28155	30303	3
28155	30321	1
28155	30913	1
28155	31015	6
28155	31025	13
28155	31032	11
28155	31063	2
28155	31092	1
28155	31109	4
28155	31137	1
28155	31170	1
28155	31787	5
28155	31800	3
28155	31826	1
28155	31842	2
28155	31848	9
28155	31864	1
28155	31950	1
28155	32327	2
28155	32560	1
28155	32564	3
28155	32659	30
28155	32723	1
28155	33074	1
28155	33332	1
28155	33573	17
28155	34120	2
28155	34125	38
28155	34247	2
28155	34483	107
28155	34621	1
28155	35722	1
28155	35760	1
28155	36134	17
28155	36817	2
28155	37971	1
28155	38228	1
28155	40155	3
28155	40285	10
28155	40769	9
28155	40983	10
28155	41174	3
28155	41179	4
28155	41492	1
28155	41575	2
28155	41600	11
28155	41723	1
28155	42020	23
28155	42168	2
28155	43794	1
28155	43860	3
28155	43884	1
28155	44019	2
28155	45000	4
28155	46424	9
28155	46756	26
28155	48454	4
28155	48571	11
28155	48621	4
28155	48832	34
28155	50277	23
28155	50543	1
28155	50550	1
28155	51116	6
28155	51139	5
28155	51385	4
28155	51591	1
28155	51626	1
28155	51676	27
28155	51954	1
28155	52257	1
28155	52286	2
28155	52378	1
28155	52675	1
28155	52688	19
28155	53044	2
28155	53406	1
28155	53449	15
28155	53706	2
28155	53875	9
28155	54487	1
28155	55041	8
28155	55347	5
28155	56177	141
28155	56705	7
28155	56783	64
28155	57029	10
28155	58270	23
28155	58286	2
28155	58308	2
28155	58352	3
28155	58397	2
28155	58461	2
28155	58554	19
28155	58590	1
28155	59545	1
28155	60099	1
28155	60118	2
28155	60133	2
28155	60237	8
28155	60673	1
28155	60684	8
28155	60722	1
28155	61024	18
28155	61043	1
28155	61085	4
28155	61120	1
28155	61194	5
28155	61244	20
28155	61755	7
28155	61914	1
28155	61953	1
28155	61985	2
28155	62612	2
28155	62636	9
28155	62656	1
28155	62662	3
28155	62695	3
28155	62722	1
28155	62730	1
28155	62752	17
28155	62779	1
28155	62863	3
28155	62878	4
28155	62919	2
28155	62930	1
28155	63158	1
28155	63497	5
28409	28636	8
28409	28980	8
28409	29008	10
28409	29164	1
28409	29184	5
28409	29262	2
28409	29576	1
28409	29801	11
28409	29812	4
28409	29855	9
28409	30303	1
28409	30311	18
28409	30321	3
28409	30409	4
28409	30479	3
28409	30653	4
28409	30913	4
28409	30937	11
28409	30955	28
28409	30978	9
28409	31002	2
28409	31025	1
28409	31032	5
28409	31042	3
28409	31063	21
28409	31092	2
28409	31109	11
28409	31137	9
28409	31170	11
28409	31361	22
28409	31826	17
28409	31842	5
28409	31848	1
28409	31864	1
28409	31871	7
28409	31880	7
28409	31891	14
28409	31911	10
28409	31972	7
28409	31998	8
28409	32024	1
28409	32070	7
28409	32230	9
28409	32327	2
28409	32560	30
28409	32564	38
28409	32653	1
28409	32659	9
28409	32723	9
28409	33074	41
28409	33332	1
28409	34125	56
28409	34247	3
28409	34483	63
28409	34558	2
28409	34621	9
28409	35107	3
28409	35710	1
28409	35722	3
28409	35760	22
28409	35856	6
28409	36134	4
28409	36201	3
28409	36290	6
28409	36440	6
28409	36817	1
28409	37971	40
28409	38017	6
28409	38228	7
28409	39660	5
28409	40155	22
28409	40250	1
28409	40285	16
28409	40769	1
28409	41174	8
28409	41179	3
28409	41492	1
28409	41575	2
28409	41600	4
28409	41723	1
28409	42020	4
28409	42168	28
28409	43479	1
28409	43794	5
28409	43860	1
28409	44019	3
28409	45000	5
28409	45307	2
28409	45766	15
28409	46424	2
28409	46482	2
28409	46584	7
28409	46751	2
28409	46756	15
28409	48454	3
28409	48621	41
28409	48633	1
28409	48832	1
28409	49021	8
28409	50019	2
28409	50040	1
28409	50543	1
28409	50550	1
28409	51116	3
28409	51385	16
28409	51506	2
28409	51591	8
28409	51676	29
28409	51888	1
28409	51954	1
28409	52257	6
28409	52286	7
28409	52378	56
28409	52419	2
28409	52451	1
28409	52675	5
28409	52688	21
28409	53044	6
28409	53297	5
28409	53406	12
28409	53449	7
28409	53457	361
28409	53656	1
28409	53692	2
28409	53706	3
28409	53875	14
28409	53878	15
28409	53926	1
28409	54003	1
28409	54416	1
28409	54487	20
28409	55041	3
28409	55347	3
28409	55577	32
28409	55630	4
28409	55906	3
28409	55970	14
28409	56177	14
28409	56705	12
28409	56783	18
28409	56817	2
28409	57029	1
28409	57350	14
28409	58230	1
28409	58270	1
28409	58300	1
28409	58308	3
28409	58321	5
28409	58352	1
28409	58397	12
28409	58495	22
28409	58523	1
28409	58554	5
28409	58590	11
28409	58667	7
28409	59180	2
28409	59545	3
28409	59546	4
28409	59819	5
28409	59876	2
28409	60099	4
28409	60118	13
28409	60281	1
28409	60299	3
28409	60359	7
28409	60673	1
28409	60684	1
28409	60694	2
28409	60714	4
28409	60722	1
28409	60921	15
28409	60998	4
28409	61024	2
28409	61043	1
28409	61085	3
28409	61109	31
28409	61194	11
28409	61244	1
28409	61501	15
28409	61538	9
28409	61727	1
28409	61755	9
28409	61914	9
28409	61953	5
28409	61985	1
28409	62270	31
28409	62508	1
28409	62577	8
28409	62585	1
28409	62594	3
28409	62612	2
28409	62636	20
28409	62656	1
28409	62695	6
28409	62713	22
28409	62730	2
28409	62752	9
28409	62779	20
28409	62911	2
28409	62919	1
28409	62930	9
28409	63080	3
28409	63096	2
28409	63158	2
28409	63189	14
28409	63388	2
28409	63390	1
28409	63497	1
28636	28980	11
28636	29008	2
28636	29164	9
28636	29184	2
28636	29262	34
28636	29313	51
28636	29576	120
28636	29801	1
28636	29812	1
28636	29855	6
28636	30303	3
28636	30311	1
28636	30374	1
28636	30479	5
28636	30653	2
28636	30913	7
28636	30937	1
28636	30955	7
28636	30978	5
28636	31002	2
28636	31025	2
28636	31042	3
28636	31063	10
28636	31092	6
28636	31109	17
28636	31137	9
28636	31170	2
28636	31800	4
28636	31826	4
28636	31848	2
28636	31864	2
28636	31871	5
28636	31880	4
28636	31891	1
28636	31911	4
28636	31950	4
28636	31972	11
28636	31998	2
28636	32024	8
28636	32070	6
28636	32230	2
28636	32327	57
28636	32560	11
28636	32564	25
28636	32653	7
28636	32659	22
28636	32723	56
28636	33074	19
28636	33332	213
28636	34120	5
28636	34125	98
28636	34247	4
28636	34483	58
28636	34558	1
28636	34621	3
28636	35710	1
28636	35760	16
28636	36134	2
28636	36201	4
28636	36290	8
28636	37556	1
28636	37971	66
28636	37989	3
28636	38017	4
28636	38228	16
28636	39660	2
28636	39669	1
28636	40155	54
28636	40250	2
28636	40285	442
28636	40983	1
28636	41174	69
28636	41179	4
28636	41492	2
28636	41575	9
28636	41600	16
28636	41723	1
28636	41882	2
28636	41930	13
28636	42020	4
28636	42168	38
28636	42603	36
28636	42694	1
28636	43479	5
28636	43794	3
28636	43884	1
28636	44019	14
28636	44080	3
28636	45000	35
28636	45766	12
28636	46424	2
28636	46584	5
28636	46751	4
28636	46756	10
28636	47199	1
28636	48454	75
28636	48571	4
28636	48621	37
28636	48633	33
28636	48720	135
28636	48832	6
28636	49021	5
28636	50040	2
28636	50277	1
28636	50543	4
28636	50550	19
28636	51116	53
28636	51385	8
28636	51506	11
28636	51591	7
28636	51626	2
28636	51676	12
28636	51782	7
28636	51954	6
28636	52257	1
28636	52286	3
28636	52378	5
28636	52419	2
28636	52451	1
28636	52675	13
28636	52688	30
28636	52712	4
28636	53044	13
28636	53107	3
28636	53297	6
28636	53406	13
28636	53457	20
28636	53650	21
28636	53656	7
28636	53692	3
28636	53706	33
28636	53875	19
28636	53878	2
28636	53926	5
28636	54003	4
28636	54416	15
28636	54487	4
28636	55041	20
28636	55347	3
28636	55577	1
28636	55906	1
28636	55970	3
28636	56177	10
28636	56705	18
28636	56783	7
28636	56817	3
28636	57350	1
28636	58270	1
28636	58286	4
28636	58300	4
28636	58308	4
28636	58321	5
28636	58352	9
28636	58397	12
28636	58461	3
28636	58495	9
28636	58523	29
28636	58554	7
28636	58590	5
28636	58667	4
28636	59180	16
28636	59545	14
28636	59546	7
28636	60099	1
28636	60118	19
28636	60133	2
28636	60172	7
28636	60237	2
28636	60281	3
28636	60299	1
28636	60359	1
28636	60673	6
28636	60694	2
28636	60714	2
28636	60722	2
28636	60921	14
28636	60998	6
28636	61024	3
28636	61043	1
28636	61085	17
28636	61109	11
28636	61120	13
28636	61194	6
28636	61269	1
28636	61501	7
28636	61727	31
28636	61755	13
28636	61836	3
28636	61914	3
28636	61985	2
28636	62270	25
28636	62508	2
28636	62577	1
28636	62585	1
28636	62612	6
28636	62636	7
28636	62656	2
28636	62662	5
28636	62695	1
28636	62705	1
28636	62713	1
28636	62722	1
28636	62730	2
28636	62752	5
28636	62779	7
28636	62813	4
28636	62863	2
28636	62878	2
28636	62919	4
28636	62930	3
28636	63080	2
28636	63096	8
28636	63158	1
28636	63189	2
28636	63390	1
28980	29008	2
28980	29164	8
28980	29184	16
28980	29262	11
28980	29576	2
28980	29812	1
28980	29855	7
28980	30303	1
28980	30311	1
28980	30479	2
28980	30653	1
28980	30955	1
28980	31015	2
28980	31032	1
28980	31063	17
28980	31092	4
28980	31109	5
28980	31137	1
28980	31826	3
28980	31842	1
28980	31848	2
28980	31864	4
28980	31871	2
28980	31880	8
28980	31891	5
28980	31972	3
28980	31998	2
28980	32230	5
28980	32327	2
28980	32560	12
28980	32564	61
28980	32659	10
28980	32723	7
28980	33074	33
28980	33332	3
28980	33573	2
28980	34120	9
28980	34125	76
28980	34483	100
28980	34558	2
28980	34621	5
28980	35107	4
28980	35710	2
28980	35722	1
28980	35760	1
28980	35856	4
28980	36134	1
28980	36201	3
28980	36290	59
28980	36440	1
28980	37971	204
28980	38017	3
28980	38228	39
28980	39660	10
28980	39669	49
28980	40155	14
28980	40285	27
28980	40983	1
28980	41179	9
28980	41600	6
28980	41930	9
28980	42020	3
28980	42168	101
28980	43479	3
28980	43794	3
28980	43860	5
28980	44019	1
28980	44080	5
28980	45000	2
28980	45307	2
28980	45766	19
28980	46424	1
28980	46584	6
28980	46751	12
28980	46756	2
28980	47199	1
28980	48454	5
28980	48571	2
28980	48621	20
28980	48832	3
28980	49021	2
28980	50019	1
28980	50550	3
28980	51116	1
28980	51139	1
28980	51385	20
28980	51506	8
28980	51591	11
28980	51676	22
28980	51782	13
28980	51954	2
28980	52257	3
28980	52378	8
28980	52419	1
28980	52451	42
28980	52675	10
28980	52688	55
28980	52712	6
28980	53044	3
28980	53107	4
28980	53297	76
28980	53406	35
28980	53457	10
28980	53650	23
28980	53656	7
28980	53706	1
28980	53875	43
28980	53878	16
28980	54003	62
28980	54416	65
28980	54487	9
28980	55041	8
28980	55347	10
28980	55577	14
28980	55906	37
28980	55970	13
28980	56177	44
28980	56705	13
28980	56783	18
28980	56817	2
28980	58230	13
28980	58270	5
28980	58286	2
28980	58321	2
28980	58352	3
28980	58397	2
28980	58495	8
28980	58523	9
28980	58554	1
28980	58667	4
28980	59180	4
28980	59546	16
28980	59876	1
28980	60099	1
28980	60118	26
28980	60281	7
28980	60359	1
28980	60694	1
28980	60714	2
28980	60921	8
28980	61024	2
28980	61085	9
28980	61109	32
28980	61120	1
28980	61194	11
28980	61501	4
28980	61538	1
28980	61727	4
28980	61755	12
28980	61914	2
28980	62270	19
28980	62585	1
28980	62594	1
28980	62636	1
28980	62662	1
28980	62695	2
28980	62705	1
28980	62713	3
28980	62722	1
28980	62730	3
28980	62752	9
28980	62779	3
28980	62813	5
28980	62863	1
28980	62911	17
28980	62919	2
28980	62930	2
28980	63158	3
28980	63189	3
28980	63390	2
28980	63497	8
29008	29164	3
29008	29184	8
29008	29262	1
29008	29576	3
29008	29812	11
29008	29855	27
29008	30303	4
29008	30311	8
29008	30321	2
29008	30374	2
29008	30409	3
29008	30479	13
29008	30653	9
29008	30913	8
29008	30937	1
29008	30955	17
29008	30978	14
29008	31002	3
29008	31015	3
29008	31025	1
29008	31032	112
29008	31042	5
29008	31063	7
29008	31092	14
29008	31109	14
29008	31137	3
29008	31170	5
29008	31361	2
29008	31787	5
29008	31800	3
29008	31826	5
29008	31842	6
29008	31848	2
29008	31864	3
29008	31871	25
29008	31880	21
29008	31891	6
29008	31911	1
29008	31950	1
29008	31972	15
29008	31998	4
29008	32024	2
29008	32230	4
29008	32327	3
29008	32560	28
29008	32564	56
29008	32653	7
29008	32659	4
29008	32723	28
29008	33074	114
29008	33332	2
29008	34125	117
29008	34247	16
29008	34483	68
29008	34558	5
29008	34621	2
29008	35107	4
29008	35710	2
29008	35722	8
29008	35760	45
29008	35856	8
29008	36134	15
29008	36201	13
29008	36290	1
29008	36440	5
29008	36817	11
29008	37556	1
29008	37971	14
29008	37989	5
29008	38017	6
29008	38228	9
29008	39660	1
29008	39669	8
29008	40155	9
29008	40250	3
29008	40285	11
29008	40820	10
29008	40983	6
29008	41174	4
29008	41179	11
29008	41575	1
29008	41600	47
29008	41723	2
29008	42020	15
29008	42168	32
29008	42694	1
29008	43479	9
29008	43794	13
29008	43860	8
29008	44080	5
29008	45307	5
29008	45766	4
29008	46482	39
29008	46584	30
29008	46751	38
29008	47199	3
29008	48454	48
29008	48571	3
29008	48621	75
29008	49021	6
29008	50019	9
29008	50040	15
29008	50543	4
29008	50550	10
29008	51116	2
29008	51385	10
29008	51506	4
29008	51591	7
29008	51626	6
29008	51676	20
29008	51782	1
29008	51888	1
29008	51954	13
29008	52257	10
29008	52286	19
29008	52378	3
29008	52419	7
29008	52451	3
29008	52675	8
29008	52688	53
29008	52712	11
29008	53044	10
29008	53297	10
29008	53406	9
29008	53449	17
29008	53457	20
29008	53650	1
29008	53656	2
29008	53875	47
29008	53878	5
29008	53926	1
29008	54416	2
29008	54487	91
29008	55041	15
29008	55347	2
29008	55577	9
29008	55630	7
29008	55906	2
29008	55970	6
29008	56177	21
29008	56705	55
29008	56783	8
29008	56817	2
29008	57029	5
29008	57350	25
29008	58230	3
29008	58270	2
29008	58286	6
29008	58300	5
29008	58321	10
29008	58352	7
29008	58397	16
29008	58461	8
29008	58495	8
29008	58523	6
29008	58554	10
29008	58590	10
29008	58667	4
29008	59180	9
29008	59545	3
29008	59546	46
29008	59819	11
29008	59876	6
29008	60099	2
29008	60118	28
29008	60133	1
29008	60172	17
29008	60237	9
29008	60281	14
29008	60299	44
29008	60359	3
29008	60673	4
29008	60684	4
29008	60694	1
29008	60714	13
29008	60722	1
29008	60998	12
29008	61085	11
29008	61109	29
29008	61120	1
29008	61194	23
29008	61244	2
29008	61269	3
29008	61501	120
29008	61538	13
29008	61727	3
29008	61755	9
29008	61836	2
29008	61914	5
29008	61953	11
29008	61985	3
29008	62270	2
29008	62508	5
29008	62577	2
29008	62585	2
29008	62594	1
29008	62612	16
29008	62636	2
29008	62656	3
29008	62662	3
29008	62695	6
29008	62713	3
29008	62722	2
29008	62730	9
29008	62752	5
29008	62779	17
29008	62813	6
29008	62863	3
29008	62878	5
29008	62911	3
29008	62919	2
29008	62930	4
29008	63080	8
29008	63096	1
29008	63158	4
29008	63189	14
29008	63388	1
29008	63390	8
29164	29313	8
29164	29801	3
29164	29812	7
29164	29855	2
29164	30311	8
29164	30374	1
29164	30409	4
29164	30653	12
29164	30913	1
29164	30937	3
29164	30955	11
29164	30978	1
29164	31002	1
29164	31032	1
29164	31042	4
29164	31063	1
29164	31092	4
29164	31109	12
29164	31137	3
29164	31170	1
29164	31361	2
29164	31787	3
29164	31842	12
29164	31848	1
29164	31871	3
29164	31880	19
29164	31891	6
29164	31911	1
29164	31950	3
29164	31972	17
29164	32070	3
29164	32230	5
29164	32327	17
29164	32560	35
29164	32564	103
29164	32659	17
29164	32723	6
29164	33074	33
29164	34120	2
29164	34125	42
29164	34247	3
29164	34483	42
29164	34558	6
29164	34621	16
29164	35107	6
29164	35710	5
29164	35722	8
29164	35760	6
29164	35856	3
29164	36134	1
29164	36201	9
29164	36290	3
29164	36440	5
29164	36817	1
29164	37556	11
29164	37971	48
29164	38017	152
29164	38228	14
29164	39660	4
29164	39669	2
29164	40155	2
29164	40285	20
29164	40769	5
29164	40820	1
29164	41179	5
29164	41600	4
29164	41723	1
29164	42020	2
29164	42168	20
29164	42694	25
29164	43794	13
29164	43860	1
29164	44019	2
29164	44080	7
29164	45000	2
29164	45307	1
29164	45766	233
29164	46482	4
29164	46584	4
29164	46751	6
29164	48454	1
29164	48621	7
29164	48633	5
29164	48720	2
29164	50019	5
29164	50040	7
29164	50550	2
29164	51116	1
29164	51139	2
29164	51385	14
29164	51506	1
29164	51591	1
29164	51626	2
29164	51676	4
29164	51954	12
29164	52257	5
29164	52286	2
29164	52378	12
29164	52419	11
29164	52451	3
29164	52675	8
29164	52688	17
29164	52712	6
29164	53044	28
29164	53107	2
29164	53406	5
29164	53457	1
29164	53650	4
29164	53692	3
29164	53875	28
29164	53878	43
29164	53926	3
29164	54003	7
29164	54416	115
29164	54487	27
29164	55041	6
29164	55577	15
29164	55630	1
29164	55906	6
29164	55970	3
29164	56177	8
29164	56705	5
29164	56783	3
29164	56817	5
29164	58230	25
29164	58270	1
29164	58286	1
29164	58300	2
29164	58308	9
29164	58321	4
29164	58352	1
29164	58397	2
29164	58461	2
29164	58495	3
29164	58523	1
29164	58554	3
29164	58590	5
29164	58667	13
29164	59545	1
29164	59546	36
29164	59876	6
29164	60099	1
29164	60118	86
29164	60281	2
29164	60299	3
29164	60359	12
29164	60673	1
29164	60714	5
29164	60921	5
29164	60998	8
29164	61085	12
29164	61109	89
29164	61120	1
29164	61194	21
29164	61244	5
29164	61501	3
29164	61755	15
29164	61914	1
29164	61953	3
29164	62270	6
29164	62585	3
29164	62594	2
29164	62612	3
29164	62636	6
29164	62656	1
29164	62695	8
29164	62713	1
29164	62722	3
29164	62730	5
29164	62752	2
29164	62779	8
29164	62813	3
29164	62863	1
29164	62911	2
29164	62919	1
29164	62930	1
29164	63080	1
29164	63158	5
29164	63189	11
29184	29262	2
29184	29313	1
29184	29576	46
29184	29801	1
29184	29855	12
29184	30479	6
29184	30653	3
29184	30913	10
29184	30955	3
29184	30978	2
29184	31002	2
29184	31025	3
29184	31032	15
29184	31063	52
29184	31092	2
29184	31109	4
29184	31137	1
29184	31170	1
29184	31361	6
29184	31787	1
29184	31826	3
29184	31871	9
29184	31880	1
29184	31891	2
29184	31950	1
29184	31972	3
29184	31998	1
29184	32024	4
29184	32327	4
29184	32560	1
29184	32564	13
29184	32653	3
29184	32659	1
29184	32723	12
29184	33074	88
29184	33332	2
29184	34125	38
29184	34247	8
29184	34483	37
29184	34621	7
29184	35722	1
29184	35760	10
29184	36134	2
29184	36201	3
29184	36290	10
29184	37556	2
29184	37971	237
29184	37989	2
29184	38228	11
29184	39660	4
29184	40155	5
29184	40250	8
29184	40285	40
29184	40983	1
29184	41174	4
29184	41179	7
29184	41575	4
29184	41600	9
29184	41930	5
29184	42020	5
29184	42168	138
29184	43479	2
29184	43794	1
29184	43860	1
29184	44080	2
29184	45000	6
29184	45766	3
29184	46584	14
29184	48454	20
29184	48621	42
29184	48633	2
29184	48832	1
29184	49021	6
29184	50550	10
29184	51116	3
29184	51385	8
29184	51506	8
29184	51591	5
29184	51626	4
29184	51676	19
29184	51888	3
29184	51954	10
29184	52257	4
29184	52286	12
29184	52378	2
29184	52451	3
29184	52675	6
29184	52688	37
29184	52712	1
29184	53044	5
29184	53297	6
29184	53406	9
29184	53449	5
29184	53650	1
29184	53656	12
29184	53692	1
29184	53875	35
29184	53878	1
29184	54003	6
29184	54487	28
29184	55041	3
29184	55347	1
29184	55577	5
29184	55630	1
29184	55906	4
29184	55970	4
29184	56177	12
29184	56705	22
29184	56783	4
29184	57029	2
29184	57350	3
29184	58230	1
29184	58286	1
29184	58300	3
29184	58397	3
29184	58523	21
29184	58554	1
29184	58590	5
29184	59180	8
29184	59546	3
29184	59819	5
29184	60118	3
29184	60172	2
29184	60237	1
29184	60281	7
29184	60299	4
29184	60714	3
29184	60921	1
29184	60998	3
29184	61024	1
29184	61085	6
29184	61109	3
29184	61120	1
29184	61194	3
29184	61501	30
29184	61538	8
29184	61727	16
29184	61755	6
29184	61985	1
29184	62270	8
29184	62508	4
29184	62612	1
29184	62722	1
29184	62730	5
29184	62779	1
29184	62863	7
29184	62878	1
29184	62919	4
29184	63158	1
29184	63390	4
29184	63497	6
29262	29313	16
29262	29576	301
29262	29801	14
29262	29855	24
29262	30303	1
29262	30321	6
29262	30374	2
29262	30479	9
29262	30913	1
29262	30937	2
29262	30955	3
29262	30978	2
29262	31002	1
29262	31025	1
29262	31032	4
29262	31063	1
29262	31092	8
29262	31109	23
29262	31137	17
29262	31170	4
29262	31361	1
29262	31787	5
29262	31800	6
29262	31826	7
29262	31848	5
29262	31891	6
29262	31911	5
29262	31950	7
29262	31972	12
29262	31998	7
29262	32024	12
29262	32327	19
29262	32560	2
29262	32564	5
29262	32659	12
29262	32723	24
29262	33074	41
29262	33332	30
29262	33573	4
29262	34120	1
29262	34125	90
29262	34247	4
29262	34483	51
29262	34621	2
29262	35107	2
29262	35760	29
29262	36134	15
29262	36201	10
29262	36290	1
29262	36440	10
29262	37556	9
29262	37971	12
29262	37989	11
29262	38228	23
29262	39669	5
29262	40155	15
29262	40250	10
29262	40285	443
29262	40820	2
29262	40983	1
29262	41174	97
29262	41179	2
29262	41492	7
29262	41575	25
29262	41600	13
29262	41930	32
29262	42020	5
29262	42168	4
29262	42603	41
29262	42694	11
29262	43479	6
29262	43794	5
29262	43860	4
29262	44019	28
29262	44080	3
29262	45000	30
29262	46584	1
29262	46751	21
29262	46756	59
29262	47199	11
29262	48454	14
29262	48571	42
29262	48621	43
29262	48633	37
29262	48720	19
29262	49021	8
29262	50019	2
29262	50040	2
29262	50277	10
29262	50543	2
29262	50550	8
29262	51116	112
29262	51385	9
29262	51506	23
29262	51591	11
29262	51626	5
29262	51676	6
29262	51782	5
29262	51954	64
29262	52257	1
29262	52286	24
29262	52451	5
29262	52675	38
29262	52688	44
29262	53044	20
29262	53107	2
29262	53297	7
29262	53406	10
29262	53449	1
29262	53656	2
29262	53692	11
29262	53706	23
29262	53875	18
29262	53926	1
29262	54003	6
29262	54416	1
29262	54487	5
29262	55041	25
29262	55347	3
29262	55577	1
29262	55906	7
29262	55970	5
29262	56177	12
29262	56705	15
29262	56783	7
29262	57029	5
29262	58286	2
29262	58300	1
29262	58308	7
29262	58321	9
29262	58352	24
29262	58397	2
29262	58461	8
29262	58523	65
29262	58554	12
29262	58590	8
29262	59180	7
29262	59545	1
29262	59546	3
29262	60099	2
29262	60118	2
29262	60133	2
29262	60172	1
29262	60714	3
29262	60998	2
29262	61024	7
29262	61043	2
29262	61085	21
29262	61109	1
29262	61120	5
29262	61244	3
29262	61269	2
29262	61501	5
29262	61727	15
29262	61755	5
29262	61836	1
29262	61985	9
29262	62270	1
29262	62577	4
29262	62594	1
29262	62612	6
29262	62636	6
29262	62662	5
29262	62695	3
29262	62705	1
29262	62713	5
29262	62730	3
29262	62752	6
29262	62779	6
29262	62813	1
29262	62863	3
29262	62878	5
29262	62911	1
29262	62919	8
29262	62930	3
29262	63080	2
29262	63096	53
29262	63388	4
29262	63390	3
29313	29576	56
29313	29855	2
29313	30374	3
29313	30955	5
29313	30978	1
29313	31042	6
29313	31063	2
29313	31109	11
29313	31137	2
29313	31170	1
29313	31361	3
29313	31842	4
29313	31864	2
29313	31871	3
29313	31911	1
29313	31950	4
29313	31972	6
29313	32024	5
29313	32070	6
29313	32327	45
29313	32560	1
29313	32564	5
29313	32659	18
29313	32723	28
29313	33074	10
29313	33332	24
29313	34120	2
29313	34125	47
29313	34247	1
29313	34483	13
29313	34621	6
29313	35760	5
29313	36134	1
29313	36817	1
29313	37971	17
29313	37989	2
29313	38017	2
29313	38228	2
29313	39660	2
29313	40155	28
29313	40250	1
29313	40285	213
29313	41174	16
29313	41575	10
29313	41600	9
29313	41930	6
29313	42020	1
29313	42168	5
29313	43479	1
29313	43860	1
29313	43884	1
29313	44019	3
29313	44080	4
29313	45000	56
29313	45766	4
29313	46424	2
29313	46756	2
29313	48454	27
29313	48571	1
29313	48621	15
29313	48633	7
29313	48720	16
29313	49021	2
29313	50543	5
29313	50550	8
29313	51116	23
29313	51385	1
29313	51506	2
29313	51626	4
29313	51676	7
29313	51954	8
29313	52257	2
29313	52286	2
29313	52378	2
29313	52675	10
29313	52688	12
29313	53044	17
29313	53406	1
29313	53692	6
29313	53706	20
29313	53875	17
29313	54416	1
29313	55041	13
29313	55577	1
29313	56177	8
29313	56705	2
29313	56783	3
29313	57029	1
29313	57350	1
29313	58286	4
29313	58300	6
29313	58308	2
29313	58321	3
29313	58352	2
29313	58397	3
29313	58495	7
29313	58523	19
29313	58554	4
29313	58590	2
29313	59180	1
29313	59545	1
29313	59546	2
29313	60118	3
29313	60237	2
29313	60281	1
29313	60299	1
29313	60673	8
29313	60921	4
29313	61024	2
29313	61085	4
29313	61120	1
29313	61501	7
29313	61727	12
29313	61755	10
29313	61836	2
29313	62270	21
29313	62508	2
29313	62577	2
29313	62612	5
29313	62662	1
29313	62713	1
29313	62722	1
29313	62730	1
29313	62752	4
29313	62779	7
29313	62813	2
29313	62878	2
29313	62930	2
29313	63096	2
29313	63388	7
29313	63390	1
29313	63497	2
29576	29801	3
29576	29855	31
29576	30303	1
29576	30321	2
29576	30653	1
29576	30913	5
29576	30937	1
29576	30955	10
29576	30978	9
29576	31002	11
29576	31025	7
29576	31032	3
29576	31042	1
29576	31063	18
29576	31092	20
29576	31109	26
29576	31137	14
29576	31170	4
29576	31361	4
29576	31800	1
29576	31826	4
29576	31842	8
29576	31871	3
29576	31880	5
29576	31891	3
29576	31911	2
29576	31950	2
29576	31972	17
29576	31998	16
29576	32024	37
29576	32070	1
29576	32327	55
29576	32560	3
29576	32564	15
29576	32653	1
29576	32659	52
29576	32723	40
29576	33074	39
29576	33332	63
29576	33573	1
29576	34120	1
29576	34125	263
29576	34247	17
29576	34483	53
29576	34621	11
29576	35760	19
29576	36134	8
29576	36290	4
29576	36817	2
29576	37971	105
29576	37989	6
29576	38228	15
29576	39660	1
29576	40155	88
29576	40250	2
29576	40285	1266
29576	40820	1
29576	41174	240
29576	41179	2
29576	41492	9
29576	41575	44
29576	41600	13
29576	41930	2
29576	42020	4
29576	42168	28
29576	42603	36
29576	42694	6
29576	44019	40
29576	44080	6
29576	45000	100
29576	45766	2
29576	46424	5
29576	46584	4
29576	46751	8
29576	46756	24
29576	47199	2
29576	48454	46
29576	48571	75
29576	48621	57
29576	48633	54
29576	48720	8
29576	48832	6
29576	49021	10
29576	50040	2
29576	50277	1
29576	50543	7
29576	50550	16
29576	51116	185
29576	51385	3
29576	51506	9
29576	51591	10
29576	51626	1
29576	51676	18
29576	51888	1
29576	51954	23
29576	52257	2
29576	52286	3
29576	52378	10
29576	52451	1
29576	52675	45
29576	52688	46
29576	53044	30
29576	53107	4
29576	53297	1
29576	53406	8
29576	53449	1
29576	53656	12
29576	53692	1
29576	53706	39
29576	53875	51
29576	53926	1
29576	54003	2
29576	54487	12
29576	55041	43
29576	55577	1
29576	55630	4
29576	55906	1
29576	55970	4
29576	56177	8
29576	56705	26
29576	56783	2
29576	57029	1
29576	57350	1
29576	58270	6
29576	58300	2
29576	58308	1
29576	58352	17
29576	58397	3
29576	58461	9
29576	58495	5
29576	58523	235
29576	58554	15
29576	58590	6
29576	58667	1
29576	59180	6
29576	59545	7
29576	59546	3
29576	59819	1
29576	59876	1
29576	60099	2
29576	60118	29
29576	60133	1
29576	60172	9
29576	60237	5
29576	60281	9
29576	60299	3
29576	60359	1
29576	60673	5
29576	60714	7
29576	60921	2
29576	60998	2
29576	61024	4
29576	61085	30
29576	61109	1
29576	61120	11
29576	61194	2
29576	61244	1
29576	61269	2
29576	61501	9
29576	61538	2
29576	61727	80
29576	61755	16
29576	61836	7
29576	61985	4
29576	62270	15
29576	62508	1
29576	62577	2
29576	62612	9
29576	62636	12
29576	62656	1
29576	62662	5
29576	62695	1
29576	62705	4
29576	62713	5
29576	62730	5
29576	62752	4
29576	62779	8
29576	62813	3
29576	62919	7
29576	62930	1
29576	63080	2
29576	63096	29
29576	63189	8
29576	63390	5
29576	63497	4
29801	29855	2
29801	30321	1
29801	30409	1
29801	30479	10
29801	30937	1
29801	30955	1
29801	30978	3
29801	31032	2
29801	31042	1
29801	31092	2
29801	31109	5
29801	31137	1
29801	31170	1
29801	31361	3
29801	31800	1
29801	31826	2
29801	31848	1
29801	31864	1
29801	31891	2
29801	31911	2
29801	31950	2
29801	31998	2
29801	32024	3
29801	32230	1
29801	32327	7
29801	32560	2
29801	32564	5
29801	32653	1
29801	32659	4
29801	32723	10
29801	33074	61
29801	34125	50
29801	34247	6
29801	34483	25
29801	34621	1
29801	35107	1
29801	35722	1
29801	35760	9
29801	36134	1
29801	36201	1
29801	36440	1
29801	36817	1
29801	37556	24
29801	37971	11
29801	37989	2
29801	38017	3
29801	38228	21
29801	40155	10
29801	40250	6
29801	40285	17
29801	40983	1
29801	41174	10
29801	41179	5
29801	41492	1
29801	41575	3
29801	41600	4
29801	42020	1
29801	42168	11
29801	42694	29
29801	43479	3
29801	43794	1
29801	44019	1
29801	45000	3
29801	45307	2
29801	45766	2
29801	46584	6
29801	46751	1
29801	46756	4
29801	47199	3
29801	48454	15
29801	48571	1
29801	48621	27
29801	48633	2
29801	48832	1
29801	49021	5
29801	50277	1
29801	50543	1
29801	50550	7
29801	51116	2
29801	51139	1
29801	51385	10
29801	51506	18
29801	51591	1
29801	51626	9
29801	51676	8
29801	51954	4
29801	52257	1
29801	52286	14
29801	52378	9
29801	52419	1
29801	52451	1
29801	52675	6
29801	52688	22
29801	52712	1
29801	53044	2
29801	53297	1
29801	53406	5
29801	53457	28
29801	53656	3
29801	53692	3
29801	53875	8
29801	53878	1
29801	54003	2
29801	54416	8
29801	54487	17
29801	55041	14
29801	55347	1
29801	55577	9
29801	55630	3
29801	55906	1
29801	55970	9
29801	56177	3
29801	56705	9
29801	56783	2
29801	56817	1
29801	57029	4
29801	57350	4
29801	58230	1
29801	58270	6
29801	58352	4
29801	58397	2
29801	58461	1
29801	58495	3
29801	58523	1
29801	58554	4
29801	58590	3
29801	58667	1
29801	59180	6
29801	59545	3
29801	59546	3
29801	59819	29
29801	59876	1
29801	60118	1
29801	60299	2
29801	60714	2
29801	60921	2
29801	61024	1
29801	61085	1
29801	61109	3
29801	61194	1
29801	61269	1
29801	61501	4
29801	61538	21
29801	61727	4
29801	61755	9
29801	61836	2
29801	61914	1
29801	61953	2
29801	61985	3
29801	62270	5
29801	62577	1
29801	62636	2
29801	62656	1
29801	62713	2
29801	62752	3
29801	62779	4
29801	62919	1
29801	62930	1
29801	63096	5
29801	63189	2
29801	63390	2
29812	29855	4
29812	30303	1
29812	30311	22
29812	30374	6
29812	30409	8
29812	30479	1
29812	30653	6
29812	30913	1
29812	30955	14
29812	30978	9
29812	31002	4
29812	31015	4
29812	31042	9
29812	31063	3
29812	31092	11
29812	31109	11
29812	31137	10
29812	31170	5
29812	31787	1
29812	31826	2
29812	31842	6
29812	31848	6
29812	31864	7
29812	31871	7
29812	31880	48
29812	31891	24
29812	31911	4
29812	31950	5
29812	31972	22
29812	31998	18
29812	32230	11
29812	32560	32
29812	32564	99
29812	32659	2
29812	33074	3
29812	34125	12
29812	34247	2
29812	34483	5
29812	34558	22
29812	34621	5
29812	35107	3
29812	35710	17
29812	35722	25
29812	35760	4
29812	35856	12
29812	36440	4
29812	36817	3
29812	37971	2
29812	38017	12
29812	39669	1
29812	40285	4
29812	40769	8
29812	40820	3
29812	41600	4
29812	41723	6
29812	42020	5
29812	42168	4
29812	43794	11
29812	43860	7
29812	44080	13
29812	45307	9
29812	45766	24
29812	46482	11
29812	46584	1
29812	46751	1
29812	48454	6
29812	48621	8
29812	49021	1
29812	50019	11
29812	50040	9
29812	51139	1
29812	51385	4
29812	51591	1
29812	51626	2
29812	51676	2
29812	51782	7
29812	52286	4
29812	52378	4
29812	52419	11
29812	52451	5
29812	52688	7
29812	52712	10
29812	53044	9
29812	53107	5
29812	53406	1
29812	53650	2
29812	53692	1
29812	53875	1
29812	53878	8
29812	54416	6
29812	54487	14
29812	55041	4
29812	55347	1
29812	55906	1
29812	56177	1
29812	56705	1
29812	56817	6
29812	58230	24
29812	58270	9
29812	58300	2
29812	58308	5
29812	58321	16
29812	58352	4
29812	58397	13
29812	58461	6
29812	58495	10
29812	58523	10
29812	58554	11
29812	58590	14
29812	58667	9
29812	59180	2
29812	59545	2
29812	59546	34
29812	59876	15
29812	60099	5
29812	60118	62
29812	60133	2
29812	60299	6
29812	60359	16
29812	60673	5
29812	60714	6
29812	60722	2
29812	60998	27
29812	61085	24
29812	61109	67
29812	61120	2
29812	61194	42
29812	61244	8
29812	61269	1
29812	61501	6
29812	61755	4
29812	61953	6
29812	61985	1
29812	62577	6
29812	62585	10
29812	62612	22
29812	62636	1
29812	62656	7
29812	62662	1
29812	62695	13
29812	62722	3
29812	62730	6
29812	62752	13
29812	62779	9
29812	62813	14
29812	62863	4
29812	62911	2
29812	62919	2
29812	62930	7
29812	63080	5
29812	63096	3
29812	63158	36
29812	63189	29
29855	30303	16
29855	30311	5
29855	30374	1
29855	30409	1
29855	30479	7
29855	30653	4
29855	30913	12
29855	30955	13
29855	30978	8
29855	31002	2
29855	31015	90
29855	31025	31
29855	31032	50
29855	31042	3
29855	31063	13
29855	31092	24
29855	31109	19
29855	31137	16
29855	31170	19
29855	31361	14
29855	31787	54
29855	31800	49
29855	31826	11
29855	31842	29
29855	31848	76
29855	31864	10
29855	31871	16
29855	31880	8
29855	31891	1
29855	31911	3
29855	31950	9
29855	31972	14
29855	31998	5
29855	32024	1
29855	32070	1
29855	32230	1
29855	32327	17
29855	32560	26
29855	32564	37
29855	32653	9
29855	32659	121
29855	32723	46
29855	33074	90
29855	33332	1
29855	33573	324
29855	34120	10
29855	34125	281
29855	34247	40
29855	34483	989
29855	34558	2
29855	34621	4
29855	35107	7
29855	35710	1
29855	35722	3
29855	35760	37
29855	35856	3
29855	36134	79
29855	36201	6
29855	36290	11
29855	36440	5
29855	36817	19
29855	37971	82
29855	37989	3
29855	38017	5
29855	38228	20
29855	39660	7
29855	39669	1
29855	40155	82
29855	40250	2
29855	40285	134
29855	40769	130
29855	40820	2
29855	40983	132
29855	41174	31
29855	41179	17
29855	41492	24
29855	41575	23
29855	41600	45
29855	41723	18
29855	41930	20
29855	42020	179
29855	42168	71
29855	43479	9
29855	43794	11
29855	43860	70
29855	43884	14
29855	44019	1
29855	44080	1
29855	45000	7
29855	45766	7
29855	46424	101
29855	46482	2
29855	46584	17
29855	46751	9
29855	46756	424
29855	47199	1
29855	48454	44
29855	48571	126
29855	48621	111
29855	48633	4
29855	48832	112
29855	49021	2
29855	50019	2
29855	50040	3
29855	50277	111
29855	50543	8
29855	50550	14
29855	51116	7
29855	51139	33
29855	51385	30
29855	51506	13
29855	51591	8
29855	51626	9
29855	51676	254
29855	51782	1
29855	51888	2
29855	51954	19
29855	52257	14
29855	52286	31
29855	52378	8
29855	52419	3
29855	52451	7
29855	52675	15
29855	52688	182
29855	52712	5
29855	53044	12
29855	53297	13
29855	53406	67
29855	53449	144
29855	53457	15
29855	53650	1
29855	53656	9
29855	53692	11
29855	53706	5
29855	53875	127
29855	53878	11
29855	53926	2
29855	54003	7
29855	54416	1
29855	54487	58
29855	55041	80
29855	55347	47
29855	55577	19
29855	55630	5
29855	55906	8
29855	55970	7
29855	56177	364
29855	56705	71
29855	56783	228
29855	56817	3
29855	57029	131
29855	57350	2
29855	58230	1
29855	58270	42
29855	58286	9
29855	58300	11
29855	58308	21
29855	58321	3
29855	58352	31
29855	58397	20
29855	58461	30
29855	58495	11
29855	58523	9
29855	58554	29
29855	58590	29
29855	58667	1
29855	59180	20
29855	59545	11
29855	59546	22
29855	59819	8
29855	59876	3
29855	60099	18
29855	60118	21
29855	60133	4
29855	60172	4
29855	60237	40
29855	60281	12
29855	60299	11
29855	60359	1
29855	60673	4
29855	60684	122
29855	60694	1
29855	60714	4
29855	60722	17
29855	60921	11
29855	60998	9
29855	61024	84
29855	61085	7
29855	61109	12
29855	61120	26
29855	61194	34
29855	61244	315
29855	61269	5
29855	61501	68
29855	61538	10
29855	61755	38
29855	61836	3
29855	61914	6
29855	61953	10
29855	61985	20
29855	62270	10
29855	62508	71
29855	62577	9
29855	62585	2
29855	62612	36
29855	62636	10
29855	62656	3
29855	62662	6
29855	62695	9
29855	62705	6
29855	62713	3
29855	62722	21
29855	62730	21
29855	62752	171
29855	62779	17
29855	62813	8
29855	62863	35
29855	62878	65
29855	62911	2
29855	62919	19
29855	62930	6
29855	63080	17
29855	63096	2
29855	63158	3
29855	63189	8
29855	63388	6
29855	63390	11
29855	63497	37
30303	30311	3
30303	30321	3
30303	30374	2
30303	30479	1
30303	30653	1
30303	30913	10
30303	30955	3
30303	30978	5
30303	31002	1
30303	31015	2
30303	31025	3
30303	31032	6
30303	31063	4
30303	31092	2
30303	31109	7
30303	31137	9
30303	31170	5
30303	31361	3
30303	31787	4
30303	31800	1
30303	31826	4
30303	31842	2
30303	31848	1
30303	31864	2
30303	31871	8
30303	31880	6
30303	31891	8
30303	31911	2
30303	31950	6
30303	31972	8
30303	31998	7
30303	32024	1
30303	32070	2
30303	32230	1
30303	32327	1
30303	32560	2
30303	32564	18
30303	32659	2
30303	32723	17
30303	33074	11
30303	33573	1
30303	34120	1
30303	34125	22
30303	34247	2
30303	34483	36
30303	35107	3
30303	35760	6
30303	35856	6
30303	36134	5
30303	36201	1
30303	36817	1
30303	37971	12
30303	37989	5
30303	38228	3
30303	40285	6
30303	40820	5
30303	40983	7
30303	41174	1
30303	41179	1
30303	41492	3
30303	41600	10
30303	42020	3
30303	42168	3
30303	43479	10
30303	43794	1
30303	43860	1
30303	43884	2
30303	44080	3
30303	45307	2
30303	46424	5
30303	46482	3
30303	46584	8
30303	46751	4
30303	46756	2
30303	47199	10
30303	48454	6
30303	48621	25
30303	48832	7
30303	49021	2
30303	50019	1
30303	50040	1
30303	50543	3
30303	50550	5
30303	51139	6
30303	51506	1
30303	51591	5
30303	51626	1
30303	51676	8
30303	51782	1
30303	52257	1
30303	52286	3
30303	52378	4
30303	52419	1
30303	52451	2
30303	52688	10
30303	52712	1
30303	53044	5
30303	53107	3
30303	53406	4
30303	53449	3
30303	53650	1
30303	53706	2
30303	53875	6
30303	53878	2
30303	53926	5
30303	54003	1
30303	54416	1
30303	54487	2
30303	55041	10
30303	55347	5
30303	55577	5
30303	55906	3
30303	55970	1
30303	56177	21
30303	56705	3
30303	56783	16
30303	56817	2
30303	57029	3
30303	58230	1
30303	58270	2
30303	58286	6
30303	58300	1
30303	58308	2
30303	58321	6
30303	58352	16
30303	58397	7
30303	58461	5
30303	58495	5
30303	58523	9
30303	58554	15
30303	58590	7
30303	58667	2
30303	59180	3
30303	59545	3
30303	59546	5
30303	59876	5
30303	60099	1
30303	60118	14
30303	60133	2
30303	60237	2
30303	60299	2
30303	60673	2
30303	60694	9
30303	60714	4
30303	60921	2
30303	60998	1
30303	61024	5
30303	61043	4
30303	61085	6
30303	61109	2
30303	61194	13
30303	61269	1
30303	61501	4
30303	61755	1
30303	61836	2
30303	61914	4
30303	61953	5
30303	61985	3
30303	62270	3
30303	62508	4
30303	62577	2
30303	62594	2
30303	62612	8
30303	62636	6
30303	62656	1
30303	62662	3
30303	62695	3
30303	62713	2
30303	62722	3
30303	62730	3
30303	62752	11
30303	62779	7
30303	62813	7
30303	62863	1
30303	62878	1
30303	62919	1
30303	62930	3
30303	63080	3
30303	63096	2
30303	63158	6
30303	63189	2
30303	63388	20
30303	63390	1
30311	30374	3
30311	30409	13
30311	30479	1
30311	30653	8
30311	30913	1
30311	30937	3
30311	30955	11
30311	30978	7
30311	31002	8
30311	31015	3
30311	31032	1
30311	31042	9
30311	31063	14
30311	31092	13
30311	31109	13
30311	31137	8
30311	31170	2
30311	31787	2
30311	31842	8
30311	31848	19
30311	31864	4
30311	31871	9
30311	31880	47
30311	31891	20
30311	31911	2
30311	31950	5
30311	31972	23
30311	31998	8
30311	32070	1
30311	32230	7
30311	32560	44
30311	32564	73
30311	32659	1
30311	32723	1
30311	33074	3
30311	34125	8
30311	34483	4
30311	34558	10
30311	34621	8
30311	35107	2
30311	35710	8
30311	35722	18
30311	35760	4
30311	35856	23
30311	36440	5
30311	36817	1
30311	37971	2
30311	38017	13
30311	39669	3
30311	40155	1
30311	40285	4
30311	40820	5
30311	41179	1
30311	41600	5
30311	41723	4
30311	42020	4
30311	42168	4
30311	43794	10
30311	43860	5
30311	44080	8
30311	45307	6
30311	45766	13
30311	46482	11
30311	46584	1
30311	46751	3
30311	46756	1
30311	48454	9
30311	48621	10
30311	50019	9
30311	50040	5
30311	50543	1
30311	51385	4
30311	51591	1
30311	51676	3
30311	51782	8
30311	52286	4
30311	52378	6
30311	52419	8
30311	52451	6
30311	52688	8
30311	52712	9
30311	53044	9
30311	53107	4
30311	53457	25
30311	53650	7
30311	53875	4
30311	53878	10
30311	53926	2
30311	54416	6
30311	54487	10
30311	55041	5
30311	55577	1
30311	55630	1
30311	56177	1
30311	56817	8
30311	58230	38
30311	58270	7
30311	58286	4
30311	58308	7
30311	58321	10
30311	58352	11
30311	58397	12
30311	58461	2
30311	58495	7
30311	58523	10
30311	58554	4
30311	58590	11
30311	58667	7
30311	59180	1
30311	59546	28
30311	59876	11
30311	60099	9
30311	60118	57
30311	60133	1
30311	60299	7
30311	60359	23
30311	60673	6
30311	60694	4
30311	60714	15
30311	60722	3
30311	60998	26
30311	61085	14
30311	61109	67
30311	61120	3
30311	61194	41
30311	61244	4
30311	61269	2
30311	61501	6
30311	61755	4
30311	61953	8
30311	62577	3
30311	62585	17
30311	62594	4
30311	62612	15
30311	62636	8
30311	62656	7
30311	62695	14
30311	62705	1
30311	62713	1
30311	62722	6
30311	62730	4
30311	62752	14
30311	62779	11
30311	62813	4
30311	62863	3
30311	62919	1
30311	62930	7
30311	63080	2
30311	63096	2
30311	63158	26
30311	63189	25
30321	30374	1
30321	30479	2
30321	30913	7
30321	30937	5
30321	30955	7
30321	30978	3
30321	31002	2
30321	31063	4
30321	31092	12
30321	31109	7
30321	31137	14
30321	31170	6
30321	31787	2
30321	31800	17
30321	31826	15
30321	31842	6
30321	31864	6
30321	31871	2
30321	31880	1
30321	31891	1
30321	31911	1
30321	31950	4
30321	31972	8
30321	31998	3
30321	32024	1
30321	32327	1
30321	32653	1
30321	32723	14
30321	33074	4
30321	33332	16
30321	34120	1
30321	34125	10
30321	34483	4
30321	34621	1
30321	35760	13
30321	37971	3
30321	37989	7
30321	38228	3
30321	39669	1
30321	40285	3
30321	41174	4
30321	41179	2
30321	41600	7
30321	41723	2
30321	42168	1
30321	43479	15
30321	46584	2
30321	46751	1
30321	47199	13
30321	48454	8
30321	48621	16
30321	49021	4
30321	50543	1
30321	50550	39
30321	51385	1
30321	51506	2
30321	51591	6
30321	51626	1
30321	51676	3
30321	52257	5
30321	52286	9
30321	52688	10
30321	53044	8
30321	53107	4
30321	53297	1
30321	53457	1
30321	53706	2
30321	53875	8
30321	53878	1
30321	53926	2
30321	54487	4
30321	55041	18
30321	55630	4
30321	55906	1
30321	55970	2
30321	56177	1
30321	56705	3
30321	57350	1
30321	58270	3
30321	58286	5
30321	58300	2
30321	58308	1
30321	58321	3
30321	58352	26
30321	58397	16
30321	58461	1
30321	58495	12
30321	58523	7
30321	58554	13
30321	58590	22
30321	59180	3
30321	59545	1
30321	59819	2
30321	60099	1
30321	60118	2
30321	60133	4
30321	60172	6
30321	60237	3
30321	60673	3
30321	60694	9
30321	61043	6
30321	61085	2
30321	61109	1
30321	61120	2
30321	61194	2
30321	61269	3
30321	61501	2
30321	61836	8
30321	61914	8
30321	61985	6
30321	62577	2
30321	62594	3
30321	62612	28
30321	62636	6
30321	62656	3
30321	62662	2
30321	62705	1
30321	62713	2
30321	62722	5
30321	62730	5
30321	62752	11
30321	62779	15
30321	62813	6
30321	62863	2
30321	62878	1
30321	62919	6
30321	63080	1
30321	63189	2
30321	63388	2
30374	30409	4
30374	30479	2
30374	30653	1
30374	30913	1
30374	30955	5
30374	30978	6
30374	31002	7
30374	31015	4
30374	31032	1
30374	31042	1
30374	31063	6
30374	31092	14
30374	31109	8
30374	31137	14
30374	31170	6
30374	31800	9
30374	31826	2
30374	31842	6
30374	31848	3
30374	31864	4
30374	31871	7
30374	31880	20
30374	31891	20
30374	31911	3
30374	31950	7
30374	31972	16
30374	31998	32
30374	32230	2
30374	32560	11
30374	32564	45
30374	32653	1
30374	32659	1
30374	32723	4
30374	33074	6
30374	34125	13
30374	34247	2
30374	34483	9
30374	34558	3
30374	34621	2
30374	35107	3
30374	35710	4
30374	35722	6
30374	35856	1
30374	36134	2
30374	36440	5
30374	36817	1
30374	37971	4
30374	38228	1
30374	39669	1
30374	40155	2
30374	40285	3
30374	40769	3
30374	40820	3
30374	41179	1
30374	41492	1
30374	41600	2
30374	41723	2
30374	41930	6
30374	42020	1
30374	43479	5
30374	43794	2
30374	43860	2
30374	43884	1
30374	44080	13
30374	45307	7
30374	45766	6
30374	46424	3
30374	46482	3
30374	46584	1
30374	46756	1
30374	48454	7
30374	48621	4
30374	48832	1
30374	50019	2
30374	50040	2
30374	50543	2
30374	50550	1
30374	51116	1
30374	51139	2
30374	51591	3
30374	51676	1
30374	51782	2
30374	52378	2
30374	52419	8
30374	52451	2
30374	52675	2
30374	52688	7
30374	52712	6
30374	53044	6
30374	53107	4
30374	53406	4
30374	53449	3
30374	53457	16
30374	53650	4
30374	53706	2
30374	53875	4
30374	53878	3
30374	53926	2
30374	54416	2
30374	54487	1
30374	55041	6
30374	55577	1
30374	55630	2
30374	56177	1
30374	56705	1
30374	56783	3
30374	56817	2
30374	58230	15
30374	58286	2
30374	58300	3
30374	58308	12
30374	58321	14
30374	58352	18
30374	58397	10
30374	58461	10
30374	58495	7
30374	58523	10
30374	58554	7
30374	58590	1
30374	58667	1
30374	59180	4
30374	59545	1
30374	59546	19
30374	59876	24
30374	60099	2
30374	60118	46
30374	60133	6
30374	60237	2
30374	60299	2
30374	60359	6
30374	60673	1
30374	60694	2
30374	60714	11
30374	60722	13
30374	60998	10
30374	61043	1
30374	61085	8
30374	61109	43
30374	61120	2
30374	61194	25
30374	61244	2
30374	61269	1
30374	61501	2
30374	61914	1
30374	61953	2
30374	62577	1
30374	62585	8
30374	62594	5
30374	62612	13
30374	62636	2
30374	62656	3
30374	62662	8
30374	62695	3
30374	62713	1
30374	62722	7
30374	62730	3
30374	62752	13
30374	62779	16
30374	62813	8
30374	62863	4
30374	62911	1
30374	62919	2
30374	62930	6
30374	63096	1
30374	63158	15
30374	63189	9
30374	63388	19
30374	63497	1
30409	30653	10
30409	30955	6
30409	30978	3
30409	31002	5
30409	31015	1
30409	31032	4
30409	31042	3
30409	31063	5
30409	31092	5
30409	31109	3
30409	31137	6
30409	31170	3
30409	31826	1
30409	31842	11
30409	31848	5
30409	31864	2
30409	31871	6
30409	31880	22
30409	31891	11
30409	31911	3
30409	31950	3
30409	31972	20
30409	31998	8
30409	32070	1
30409	32230	12
30409	32560	9
30409	32564	63
30409	32653	1
30409	32659	1
30409	33074	8
30409	34120	1
30409	34125	8
30409	34483	6
30409	34558	8
30409	34621	6
30409	35107	4
30409	35710	10
30409	35722	6
30409	35760	1
30409	35856	4
30409	36440	5
30409	37971	4
30409	38017	3
30409	38228	1
30409	39669	2
30409	40155	3
30409	40285	2
30409	40820	7
30409	41179	1
30409	41600	1
30409	41723	4
30409	42020	1
30409	42168	2
30409	43794	5
30409	43860	1
30409	44080	10
30409	45307	8
30409	45766	11
30409	46482	3
30409	46584	2
30409	46751	2
30409	48454	3
30409	48621	4
30409	49021	1
30409	50019	6
30409	50040	1
30409	51385	1
30409	51676	3
30409	51954	1
30409	52286	1
30409	52378	3
30409	52419	2
30409	52451	4
30409	52675	1
30409	52688	9
30409	52712	2
30409	53044	5
30409	53107	2
30409	53297	1
30409	53406	1
30409	53457	3
30409	53650	2
30409	53656	1
30409	53692	1
30409	53875	2
30409	53878	4
30409	54003	2
30409	54416	5
30409	54487	7
30409	55041	3
30409	55906	1
30409	56705	2
30409	56817	4
30409	57350	2
30409	58230	37
30409	58270	5
30409	58286	1
30409	58300	2
30409	58308	6
30409	58321	12
30409	58352	8
30409	58397	2
30409	58461	6
30409	58495	4
30409	58523	6
30409	58554	2
30409	58590	6
30409	58667	1
30409	59180	1
30409	59546	11
30409	59876	7
30409	60099	2
30409	60118	53
30409	60299	4
30409	60359	6
30409	60673	3
30409	60714	32
30409	60722	1
30409	60921	1
30409	60998	10
30409	61085	16
30409	61109	44
30409	61194	30
30409	61244	2
30409	61501	2
30409	61538	1
30409	61755	2
30409	61914	1
30409	61953	6
30409	62577	1
30409	62585	6
30409	62594	4
30409	62612	6
30409	62636	4
30409	62656	2
30409	62662	1
30409	62695	5
30409	62713	1
30409	62722	3
30409	62730	9
30409	62752	14
30409	62779	7
30409	62813	11
30409	62863	2
30409	62919	2
30409	62930	2
30409	63096	1
30409	63158	16
30409	63189	10
30409	63497	1
30479	30653	1
30479	30913	1
30479	30937	1
30479	30955	1
30479	31002	3
30479	31025	1
30479	31032	16
30479	31063	4
30479	31092	7
30479	31109	3
30479	31137	10
30479	31170	3
30479	31787	1
30479	31800	3
30479	31826	3
30479	31842	4
30479	31864	1
30479	31871	2
30479	31880	2
30479	31891	4
30479	31911	1
30479	31950	4
30479	31972	4
30479	32024	1
30479	32070	3
30479	32327	2
30479	32560	6
30479	32564	9
30479	32653	7
30479	32659	11
30479	32723	26
30479	33074	101
30479	33332	1
30479	34125	68
30479	34247	4
30479	34483	56
30479	35107	4
30479	35760	19
30479	35856	1
30479	36134	4
30479	36201	10
30479	36290	1
30479	36440	1
30479	36817	1
30479	37556	10
30479	37971	30
30479	37989	3
30479	38228	26
30479	39660	2
30479	40155	10
30479	40250	13
30479	40285	30
30479	40983	1
30479	41174	3
30479	41179	11
30479	41600	21
30479	41930	2
30479	42020	6
30479	42168	23
30479	42694	10
30479	43479	11
30479	43794	2
30479	43860	1
30479	45000	5
30479	46424	3
30479	46482	2
30479	46584	6
30479	46751	1
30479	46756	4
30479	47199	4
30479	48454	20
30479	48571	2
30479	48621	59
30479	48633	2
30479	49021	14
30479	50277	1
30479	50543	2
30479	50550	9
30479	51116	3
30479	51139	6
30479	51385	11
30479	51506	59
30479	51591	3
30479	51626	11
30479	51676	5
30479	51888	2
30479	51954	19
30479	52257	26
30479	52286	18
30479	52378	15
30479	52451	2
30479	52675	9
30479	52688	50
30479	52712	2
30479	53044	4
30479	53107	2
30479	53297	1
30479	53406	14
30479	53449	3
30479	53650	2
30479	53656	2
30479	53692	4
30479	53706	1
30479	53875	14
30479	53926	1
30479	54003	1
30479	54487	29
30479	55041	36
30479	55347	1
30479	55577	27
30479	55630	10
30479	55970	10
30479	56177	8
30479	56705	40
30479	56783	10
30479	56817	1
30479	57029	3
30479	57350	5
30479	58230	1
30479	58286	1
30479	58300	2
30479	58321	1
30479	58352	8
30479	58397	5
30479	58461	2
30479	58495	4
30479	58523	5
30479	58554	6
30479	58590	1
30479	58667	1
30479	59180	6
30479	59545	3
30479	59546	6
30479	59819	4
30479	59876	1
30479	60118	7
30479	60133	1
30479	60172	3
30479	60237	4
30479	60281	4
30479	60299	3
30479	60359	1
30479	60673	1
30479	60694	2
30479	60714	2
30479	60722	1
30479	60998	5
30479	61024	5
30479	61109	3
30479	61120	2
30479	61194	2
30479	61269	2
30479	61501	14
30479	61538	7
30479	61727	5
30479	61755	10
30479	61836	6
30479	61914	3
30479	61985	7
30479	62270	5
30479	62508	1
30479	62612	3
30479	62656	1
30479	62662	2
30479	62730	2
30479	62779	7
30479	62813	1
30479	62863	1
30479	62919	2
30479	63080	1
30479	63096	1
30479	63388	13
30479	63390	3
30479	63497	1
30653	30913	4
30653	30937	2
30653	30955	8
30653	30978	1
30653	31002	2
30653	31025	1
30653	31032	4
30653	31042	3
30653	31063	3
30653	31092	5
30653	31109	6
30653	31137	4
30653	31170	1
30653	31361	3
30653	31787	1
30653	31842	3
30653	31848	7
30653	31871	2
30653	31880	21
30653	31891	7
30653	31950	3
30653	31972	5
30653	31998	2
30653	32070	1
30653	32230	11
30653	32560	8
30653	32564	67
30653	32653	1
30653	32659	3
30653	32723	4
30653	33074	10
30653	34120	1
30653	34125	14
30653	34247	4
30653	34483	13
30653	34558	3
30653	34621	13
30653	35107	2
30653	35710	4
30653	35722	4
30653	35760	5
30653	35856	4
30653	36201	2
30653	36290	2
30653	36440	3
30653	37971	26
30653	38017	9
30653	38228	4
30653	39660	3
30653	39669	1
30653	40155	6
30653	40250	1
30653	40285	5
30653	40769	1
30653	40820	1
30653	41174	1
30653	41179	4
30653	41575	1
30653	41600	4
30653	41723	1
30653	41930	2
30653	42020	4
30653	42168	10
30653	43794	5
30653	43860	1
30653	44080	6
30653	45000	1
30653	45307	4
30653	45766	23
30653	46482	2
30653	46584	6
30653	46751	1
30653	46756	1
30653	48454	2
30653	48621	8
30653	50019	4
30653	50040	1
30653	50543	1
30653	51116	1
30653	51385	2
30653	51591	1
30653	51626	2
30653	51676	4
30653	51782	2
30653	51888	1
30653	51954	1
30653	52257	3
30653	52286	3
30653	52378	3
30653	52419	1
30653	52451	2
30653	52675	2
30653	52688	17
30653	52712	6
30653	53044	3
30653	53297	1
30653	53406	3
30653	53449	1
30653	53650	8
30653	53656	1
30653	53875	9
30653	53878	8
30653	53926	2
30653	54003	1
30653	54416	34
30653	54487	26
30653	55041	3
30653	55577	2
30653	55906	1
30653	55970	4
30653	56177	4
30653	56705	5
30653	56783	4
30653	56817	5
30653	57350	2
30653	58230	22
30653	58270	1
30653	58300	3
30653	58308	4
30653	58321	1
30653	58352	2
30653	58397	6
30653	58461	4
30653	58495	3
30653	58523	2
30653	58554	4
30653	58590	5
30653	59180	1
30653	59545	1
30653	59546	10
30653	59819	1
30653	59876	7
30653	60099	1
30653	60118	51
30653	60281	1
30653	60299	9
30653	60359	4
30653	60673	2
30653	60714	8
30653	60722	1
30653	60921	4
30653	60998	7
30653	61024	2
30653	61085	13
30653	61109	33
30653	61194	27
30653	61244	1
30653	61501	9
30653	61538	3
30653	61755	4
30653	61914	2
30653	61953	3
30653	61985	1
30653	62270	7
30653	62508	1
30653	62585	1
30653	62594	1
30653	62612	4
30653	62656	1
30653	62695	4
30653	62713	1
30653	62730	2
30653	62752	4
30653	62779	2
30653	62863	1
30653	62911	1
30653	62919	1
30653	62930	1
30653	63080	1
30653	63096	2
30653	63158	4
30653	63189	9
30653	63390	1
30653	63497	2
30913	30937	12
30913	30955	19
30913	30978	16
30913	31002	16
30913	31015	6
30913	31025	3
30913	31032	22
30913	31042	2
30913	31063	16
30913	31092	29
30913	31109	26
30913	31137	35
30913	31170	12
30913	31361	7
30913	31787	7
30913	31800	14
30913	31826	25
30913	31842	10
30913	31864	9
30913	31871	22
30913	31880	8
30913	31891	2
30913	31911	10
30913	31950	18
30913	31972	16
30913	31998	17
30913	32024	2
30913	32070	1
30913	32230	1
30913	32327	3
30913	32560	9
30913	32564	30
30913	32653	9
30913	32659	2
30913	32723	29
30913	33074	31
30913	33332	21
30913	34120	2
30913	34125	43
30913	34247	8
30913	34483	21
30913	34621	1
30913	35107	2
30913	35722	1
30913	35760	60
30913	35856	1
30913	36134	5
30913	36290	3
30913	36440	3
30913	36817	14
30913	37971	25
30913	37989	4
30913	38228	8
30913	39660	4
30913	40155	11
30913	40250	3
30913	40285	15
30913	40769	1
30913	40820	1
30913	40983	1
30913	41174	8
30913	41179	6
30913	41575	3
30913	41600	71
30913	41723	3
30913	41930	9
30913	42020	3
30913	42168	13
30913	42603	1
30913	43479	8
30913	43794	2
30913	44080	4
30913	45000	2
30913	45766	2
30913	46424	2
30913	46482	1
30913	46584	12
30913	46751	1
30913	46756	1
30913	47199	2
30913	48454	36
30913	48571	1
30913	48621	30
30913	48633	2
30913	48720	1
30913	48832	1
30913	49021	4
30913	50040	5
30913	50543	5
30913	50550	28
30913	51116	10
30913	51139	2
30913	51385	3
30913	51506	1
30913	51591	18
30913	51676	11
30913	51888	4
30913	51954	1
30913	52257	4
30913	52286	18
30913	52378	2
30913	52419	2
30913	52451	1
30913	52675	6
30913	52688	45
30913	52712	4
30913	53044	19
30913	53107	6
30913	53297	3
30913	53406	5
30913	53449	3
30913	53650	1
30913	53656	4
30913	53692	3
30913	53706	2
30913	53875	52
30913	53926	6
30913	54487	31
30913	55041	27
30913	55347	9
30913	55577	5
30913	55630	16
30913	55906	6
30913	55970	3
30913	56177	6
30913	56705	19
30913	56783	5
30913	56817	3
30913	57029	5
30913	57350	5
30913	58270	9
30913	58286	19
30913	58300	15
30913	58308	5
30913	58321	18
30913	58352	44
30913	58397	35
30913	58461	14
30913	58495	13
30913	58523	23
30913	58554	21
30913	58590	34
30913	59180	8
30913	59545	6
30913	59546	10
30913	59819	4
30913	59876	2
30913	60099	7
30913	60118	11
30913	60133	15
30913	60172	14
30913	60237	6
30913	60299	7
30913	60359	2
30913	60673	3
30913	60694	13
30913	60714	4
30913	60722	6
30913	60921	4
30913	60998	22
30913	61024	2
30913	61043	12
30913	61085	9
30913	61109	10
30913	61120	7
30913	61194	12
30913	61244	6
30913	61269	9
30913	61501	37
30913	61538	6
30913	61755	1
30913	61836	3
30913	61914	10
30913	61953	2
30913	61985	10
30913	62270	16
30913	62508	5
30913	62577	5
30913	62585	1
30913	62594	4
30913	62612	43
30913	62636	20
30913	62656	9
30913	62662	5
30913	62695	5
30913	62705	7
30913	62713	6
30913	62722	4
30913	62730	16
30913	62752	20
30913	62779	36
30913	62813	16
30913	62863	8
30913	62878	2
30913	62911	2
30913	62919	3
30913	62930	6
30913	63080	16
30913	63096	2
30913	63158	1
30913	63189	8
30913	63388	5
30913	63390	6
30937	30955	18
30937	30978	3
30937	31002	4
30937	31015	6
30937	31025	2
30937	31032	1
30937	31042	1
30937	31063	6
30937	31092	22
30937	31109	10
30937	31137	20
30937	31170	9
30937	31361	2
30937	31787	6
30937	31800	4
30937	31826	9
30937	31842	9
30937	31848	3
30937	31864	2
30937	31871	4
30937	31880	9
30937	31891	10
30937	31911	3
30937	31950	13
30937	31972	19
30937	31998	4
30937	32230	3
30937	32560	1
30937	32564	9
30937	32653	8
30937	32659	1
30937	32723	8
30937	33074	12
30937	33332	3
30937	34120	1
30937	34125	6
30937	34247	1
30937	34483	4
30937	34558	1
30937	34621	2
30937	35722	1
30937	35760	30
30937	35856	1
30937	36134	1
30937	36201	3
30937	37971	6
30937	37989	2
30937	38228	1
30937	39660	2
30937	40155	2
30937	41174	3
30937	41179	2
30937	41492	1
30937	41600	25
30937	41723	1
30937	41930	1
30937	42168	3
30937	43479	1
30937	44080	2
30937	45000	2
30937	45307	1
30937	45766	2
30937	46584	1
30937	46751	2
30937	46756	1
30937	48454	9
30937	48621	7
30937	49021	2
30937	50040	3
30937	50543	2
30937	50550	9
30937	51139	2
30937	51385	3
30937	51591	5
30937	51676	4
30937	51782	1
30937	51954	1
30937	52286	2
30937	52378	3
30937	52675	1
30937	52688	13
30937	52712	1
30937	53044	8
30937	53406	1
30937	53449	2
30937	53457	37
30937	53650	1
30937	53875	12
30937	53878	1
30937	53926	4
30937	54487	9
30937	55041	13
30937	55577	7
30937	55906	2
30937	55970	2
30937	56177	2
30937	56783	2
30937	56817	3
30937	58230	2
30937	58270	2
30937	58286	5
30937	58300	6
30937	58308	3
30937	58321	2
30937	58352	13
30937	58397	17
30937	58461	7
30937	58495	13
30937	58523	13
30937	58554	10
30937	58590	18
30937	58667	2
30937	59180	2
30937	59546	1
30937	59876	1
30937	60099	1
30937	60118	9
30937	60172	4
30937	60237	2
30937	60281	1
30937	60299	1
30937	60684	6
30937	60694	10
30937	60714	1
30937	60722	5
30937	60921	3
30937	60998	14
30937	61024	2
30937	61043	9
30937	61085	4
30937	61109	3
30937	61120	5
30937	61194	12
30937	61269	2
30937	61501	10
30937	61836	1
30937	61914	9
30937	61953	1
30937	61985	5
30937	62270	2
30937	62577	2
30937	62585	3
30937	62594	2
30937	62612	20
30937	62636	13
30937	62656	3
30937	62662	2
30937	62695	3
30937	62713	4
30937	62722	4
30937	62730	9
30937	62752	23
30937	62779	8
30937	62813	8
30937	62863	7
30937	62911	1
30937	62919	1
30937	62930	4
30937	63080	2
30937	63158	3
30937	63189	4
30937	63388	2
30937	63390	1
30955	30978	15
30955	31002	16
30955	31015	10
30955	31025	5
30955	31032	14
30955	31042	8
30955	31063	29
30955	31092	19
30955	31109	15
30955	31137	41
30955	31170	21
30955	31361	4
30955	31787	10
30955	31800	13
30955	31826	27
30955	31842	24
30955	31848	5
30955	31864	7
30955	31871	26
30955	31880	36
30955	31891	22
30955	31911	6
30955	31950	20
30955	31972	55
30955	31998	27
30955	32024	2
30955	32070	1
30955	32230	7
30955	32327	13
30955	32560	26
30955	32564	99
30955	32653	7
30955	32659	7
30955	32723	53
30955	33074	31
30955	33332	12
30955	34120	3
30955	34125	62
30955	34247	5
30955	34483	36
30955	34558	5
30955	34621	9
30955	35107	3
30955	35710	11
30955	35722	9
30955	35760	62
30955	35856	9
30955	36134	6
30955	36201	1
30955	36290	2
30955	36440	2
30955	36817	3
30955	37971	22
30955	37989	1
30955	38017	6
30955	38228	5
30955	39660	2
30955	40155	9
30955	40250	1
30955	40285	50
30955	40820	10
30955	40983	1
30955	41174	10
30955	41179	4
30955	41575	3
30955	41600	53
30955	41723	19
30955	41882	20
30955	41930	1
30955	42020	4
30955	42168	21
30955	42694	1
30955	43479	13
30955	43794	6
30955	43860	7
30955	44019	2
30955	44080	7
30955	45000	6
30955	45307	9
30955	45766	11
30955	46424	1
30955	46482	9
30955	46584	15
30955	46751	12
30955	46756	3
30955	47199	8
30955	48454	56
30955	48621	46
30955	48720	10
30955	48832	2
30955	49021	3
30955	50019	10
30955	50040	12
30955	50543	6
30955	50550	29
30955	51116	5
30955	51139	1
30955	51385	5
30955	51506	5
30955	51591	9
30955	51626	1
30955	51676	12
30955	51782	1
30955	51888	4
30955	51954	2
30955	52257	1
30955	52286	13
30955	52378	6
30955	52419	1
30955	52451	2
30955	52675	4
30955	52688	36
30955	52712	1
30955	53044	22
30955	53107	11
30955	53297	1
30955	53406	7
30955	53449	10
30955	53457	71
30955	53650	2
30955	53656	5
30955	53692	2
30955	53706	1
30955	53875	36
30955	53878	9
30955	53926	1
30955	54003	3
30955	54416	21
30955	54487	21
30955	55041	26
30955	55347	3
30955	55577	10
30955	55630	3
30955	55906	9
30955	55970	1
30955	56177	8
30955	56705	8
30955	56783	9
30955	56817	5
30955	57029	3
30955	57350	2
30955	58230	20
30955	58270	17
30955	58286	20
30955	58300	8
30955	58308	16
30955	58321	20
30955	58352	82
30955	58397	31
30955	58461	25
30955	58495	33
30955	58523	27
30955	58554	34
30955	58590	36
30955	58667	11
30955	59180	5
30955	59545	8
30955	59546	18
30955	59819	1
30955	59876	11
30955	60099	9
30955	60118	52
30955	60133	8
30955	60172	9
30955	60237	12
30955	60299	6
30955	60359	8
30955	60673	4
30955	60684	3
30955	60694	18
30955	60714	16
30955	60722	13
30955	60921	1
30955	60998	21
30955	61024	1
30955	61043	9
30955	61085	22
30955	61109	33
30955	61120	11
30955	61194	35
30955	61244	3
30955	61269	8
30955	61501	44
30955	61538	3
30955	61727	1
30955	61755	3
30955	61836	3
30955	61914	13
30955	61953	8
30955	61985	8
30955	62270	4
30955	62508	4
30955	62577	22
30955	62585	9
30955	62594	8
30955	62612	30
30955	62636	28
30955	62656	19
30955	62662	12
30955	62695	28
30955	62705	2
30955	62713	16
30955	62722	7
30955	62730	53
30955	62752	38
30955	62779	40
30955	62813	15
30955	62863	12
30955	62878	5
30955	62911	5
30955	62919	9
30955	62930	19
30955	63080	6
30955	63096	2
30955	63158	18
30955	63189	26
30955	63388	5
30955	63390	4
30955	63497	2
30978	31002	7
30978	31015	5
30978	31025	3
30978	31032	8
30978	31042	12
30978	31063	13
30978	31092	18
30978	31109	14
30978	31137	38
30978	31170	14
30978	31361	1
30978	31787	4
30978	31800	6
30978	31826	8
30978	31842	13
30978	31848	3
30978	31864	6
30978	31871	17
30978	31880	13
30978	31891	10
30978	31911	11
30978	31950	10
30978	31972	24
30978	31998	15
30978	32024	1
30978	32070	1
30978	32230	2
30978	32327	4
30978	32560	13
30978	32564	30
30978	32653	2
30978	32659	2
30978	32723	20
30978	33074	12
30978	34120	1
30978	34125	35
30978	34247	2
30978	34483	18
30978	34558	3
30978	34621	3
30978	35107	2
30978	35710	4
30978	35722	3
30978	35760	28
30978	35856	3
30978	36440	2
30978	36817	9
30978	37971	3
30978	37989	1
30978	38017	3
30978	38228	5
30978	39669	1
30978	40155	2
30978	40285	21
30978	40769	1
30978	40820	2
30978	40983	7
30978	41174	4
30978	41179	1
30978	41492	2
30978	41575	1
30978	41600	18
30978	41723	7
30978	41930	7
30978	42020	2
30978	42168	6
30978	42603	1
30978	43794	2
30978	43860	1
30978	44080	3
30978	45000	3
30978	45307	7
30978	45766	3
30978	46424	4
30978	46482	7
30978	46584	3
30978	46751	3
30978	46756	3
30978	48454	28
30978	48621	8
30978	48633	6
30978	48832	2
30978	49021	4
30978	50019	3
30978	50040	10
30978	50277	1
30978	50543	4
30978	50550	7
30978	51116	3
30978	51139	3
30978	51385	4
30978	51506	1
30978	51591	9
30978	51626	1
30978	51676	14
30978	51954	1
30978	52257	2
30978	52286	3
30978	52378	5
30978	52419	2
30978	52451	1
30978	52675	4
30978	52688	14
30978	52712	3
30978	53044	12
30978	53107	9
30978	53297	4
30978	53406	3
30978	53449	2
30978	53457	28
30978	53650	1
30978	53692	1
30978	53875	21
30978	53878	4
30978	53926	9
30978	54003	1
30978	54416	2
30978	54487	10
30978	55041	32
30978	55347	5
30978	55577	3
30978	55630	1
30978	55906	2
30978	56177	12
30978	56705	3
30978	56783	2
30978	56817	3
30978	57029	2
30978	58230	9
30978	58270	10
30978	58286	10
30978	58300	2
30978	58308	6
30978	58321	9
30978	58352	30
30978	58397	23
30978	58461	9
30978	58495	18
30978	58523	13
30978	58554	28
30978	58590	26
30978	58667	1
30978	59180	2
30978	59545	1
30978	59546	9
30978	59876	6
30978	60099	2
30978	60118	27
30978	60133	4
30978	60172	3
30978	60237	4
30978	60299	4
30978	60359	7
30978	60673	4
30978	60684	2
30978	60694	6
30978	60714	5
30978	60722	7
30978	60921	1
30978	60998	18
30978	61024	1
30978	61043	8
30978	61085	18
30978	61109	16
30978	61120	2
30978	61194	24
30978	61244	3
30978	61269	18
30978	61501	48
30978	61727	2
30978	61755	3
30978	61836	2
30978	61914	14
30978	61953	12
30978	61985	4
30978	62270	2
30978	62508	1
30978	62577	13
30978	62585	2
30978	62594	2
30978	62612	26
30978	62636	17
30978	62656	6
30978	62662	11
30978	62695	10
30978	62705	7
30978	62713	9
30978	62722	11
30978	62730	12
30978	62752	20
30978	62779	33
30978	62813	17
30978	62863	4
30978	62878	4
30978	62911	1
30978	62919	1
30978	62930	8
30978	63080	9
30978	63096	4
30978	63158	10
30978	63189	9
30978	63388	2
30978	63497	2
31002	31015	4
31002	31025	6
31002	31032	8
31002	31042	2
31002	31063	7
31002	31092	18
31002	31109	11
31002	31137	19
31002	31170	5
31002	31787	2
31002	31800	5
31002	31826	8
31002	31842	8
31002	31848	2
31002	31864	6
31002	31871	11
31002	31880	14
31002	31891	17
31002	31911	3
31002	31950	6
31002	31972	17
31002	31998	17
31002	32230	5
31002	32327	7
31002	32560	10
31002	32564	32
31002	32653	7
31002	32659	4
31002	32723	11
31002	33074	13
31002	33332	4
31002	34120	1
31002	34125	25
31002	34247	1
31002	34483	18
31002	34621	2
31002	35107	3
31002	35710	5
31002	35722	2
31002	35760	14
31002	36134	1
31002	36201	1
31002	36290	1
31002	36440	2
31002	36817	4
31002	37971	11
31002	37989	1
31002	38228	3
31002	39669	2
31002	40155	4
31002	40285	38
31002	40769	1
31002	40820	2
31002	40983	2
31002	41174	7
31002	41179	2
31002	41492	3
31002	41575	1
31002	41600	24
31002	41723	6
31002	41882	3
31002	42020	2
31002	42168	3
31002	42603	1
31002	42694	1
31002	43479	18
31002	43794	1
31002	43884	1
31002	44019	1
31002	44080	8
31002	45000	7
31002	45307	2
31002	45766	3
31002	46482	3
31002	46584	1
31002	46751	1
31002	46756	1
31002	47199	4
31002	48454	13
31002	48621	17
31002	48720	1
31002	48832	1
31002	49021	2
31002	50019	1
31002	50040	6
31002	50543	8
31002	50550	22
31002	51116	7
31002	51139	2
31002	51385	2
31002	51506	7
31002	51591	12
31002	51626	1
31002	51676	9
31002	52286	6
31002	52378	4
31002	52419	4
31002	52451	1
31002	52675	2
31002	52688	21
31002	52712	5
31002	53044	8
31002	53107	3
31002	53406	3
31002	53650	4
31002	53692	2
31002	53706	1
31002	53875	12
31002	53878	1
31002	53926	6
31002	54003	1
31002	54416	3
31002	54487	2
31002	55041	27
31002	55347	2
31002	55577	2
31002	55630	1
31002	55906	1
31002	56177	10
31002	56705	8
31002	56783	6
31002	56817	3
31002	57029	3
31002	58230	17
31002	58270	5
31002	58286	10
31002	58300	2
31002	58308	9
31002	58321	18
31002	58352	39
31002	58397	14
31002	58461	15
31002	58495	8
31002	58523	11
31002	58554	28
31002	58590	11
31002	58667	2
31002	59180	1
31002	59545	1
31002	59546	11
31002	59876	7
31002	60118	27
31002	60133	3
31002	60172	4
31002	60237	5
31002	60299	1
31002	60359	6
31002	60673	6
31002	60694	9
31002	60714	10
31002	60722	6
31002	60998	16
31002	61024	2
31002	61043	3
31002	61085	11
31002	61109	24
31002	61120	4
31002	61194	23
31002	61244	2
31002	61269	5
31002	61501	7
31002	61727	2
31002	61755	7
31002	61836	3
31002	61914	3
31002	61953	5
31002	61985	7
31002	62270	3
31002	62577	7
31002	62585	5
31002	62594	4
31002	62612	15
31002	62636	14
31002	62656	2
31002	62662	4
31002	62695	3
31002	62705	1
31002	62713	3
31002	62722	6
31002	62730	12
31002	62752	18
31002	62779	27
31002	62813	8
31002	62863	7
31002	62878	4
31002	62911	1
31002	62919	8
31002	62930	10
31002	63080	5
31002	63096	3
31002	63158	10
31002	63189	3
31002	63390	2
31002	63497	1
31015	31025	1
31015	31032	3
31015	31042	3
31015	31063	5
31015	31092	13
31015	31109	5
31015	31137	25
31015	31170	8
31015	31787	12
31015	31800	18
31015	31826	7
31015	31842	10
31015	31848	21
31015	31864	7
31015	31871	4
31015	31880	5
31015	31891	3
31015	31911	4
31015	31950	8
31015	31972	19
31015	31998	8
31015	32024	3
31015	32070	3
31015	32230	1
31015	32327	1
31015	32560	9
31015	32564	17
31015	32659	2
31015	32723	7
31015	33074	9
31015	33573	76
31015	34125	23
31015	34247	3
31015	34483	47
31015	34558	1
31015	35107	1
31015	35710	3
31015	35722	3
31015	35760	28
31015	36134	1
31015	36201	1
31015	36290	1
31015	36817	4
31015	37989	2
31015	38228	4
31015	40155	2
31015	40285	6
31015	40769	40
31015	40820	2
31015	40983	1
31015	41179	1
31015	41492	8
31015	41575	1
31015	41600	26
31015	41723	7
31015	42020	15
31015	43479	3
31015	43860	7
31015	43884	2
31015	44080	3
31015	45307	2
31015	45766	1
31015	46424	3
31015	46751	2
31015	46756	61
31015	48454	9
31015	48571	20
31015	48621	13
31015	48633	3
31015	48832	3
31015	50040	2
31015	50277	15
31015	50543	1
31015	50550	6
31015	51139	5
31015	51506	3
31015	51591	2
31015	51626	1
31015	51676	10
31015	51888	10
31015	52257	2
31015	52286	1
31015	52378	2
31015	52688	22
31015	52712	2
31015	53044	5
31015	53107	4
31015	53406	2
31015	53449	12
31015	53650	2
31015	53692	2
31015	53875	9
31015	53878	1
31015	53926	3
31015	54416	1
31015	55041	15
31015	55577	1
31015	55630	3
31015	56177	22
31015	56705	2
31015	56783	7
31015	56817	2
31015	57029	1
31015	58230	10
31015	58270	5
31015	58286	44
31015	58300	5
31015	58308	12
31015	58321	5
31015	58352	22
31015	58397	9
31015	58461	13
31015	58495	4
31015	58523	14
31015	58554	16
31015	58590	10
31015	59546	2
31015	59876	4
31015	60099	7
31015	60118	12
31015	60172	2
31015	60237	1
31015	60359	2
31015	60673	1
31015	60684	40
31015	60694	5
31015	60714	6
31015	60722	5
31015	60998	6
31015	61043	2
31015	61085	11
31015	61109	2
31015	61120	9
31015	61194	23
31015	61244	92
31015	61501	4
31015	61755	1
31015	61836	2
31015	61914	5
31015	61953	1
31015	61985	7
31015	62508	5
31015	62577	3
31015	62585	4
31015	62594	2
31015	62612	23
31015	62636	8
31015	62656	2
31015	62662	8
31015	62695	1
31015	62705	2
31015	62713	3
31015	62722	5
31015	62730	15
31015	62752	62
31015	62779	10
31015	62813	10
31015	62863	14
31015	62878	20
31015	62911	1
31015	62919	9
31015	62930	1
31015	63080	4
31015	63096	1
31015	63158	10
31015	63189	1
31015	63497	6
31025	31032	25
31025	31063	2
31025	31092	5
31025	31109	10
31025	31137	2
31025	31170	4
31025	31361	2
31025	31787	2
31025	31800	3
31025	31826	2
31025	31842	2
31025	31848	3
31025	31864	4
31025	31871	3
31025	31880	1
31025	31891	1
31025	31911	8
31025	31950	4
31025	31972	8
31025	32327	5
31025	32560	1
31025	32564	9
31025	32653	1
31025	32659	49
31025	32723	3
31025	33074	10
31025	34120	7
31025	34125	33
31025	34247	6
31025	34483	111
31025	34621	1
31025	35760	4
31025	36134	23
31025	36290	1
31025	37971	6
31025	37989	1
31025	38228	2
31025	39660	1
31025	40155	7
31025	40250	1
31025	40285	27
31025	40769	1
31025	40820	1
31025	40983	6
31025	41174	4
31025	41179	2
31025	41492	7
31025	41575	4
31025	41600	7
31025	42020	26
31025	42168	5
31025	43794	1
31025	43860	6
31025	43884	4
31025	45000	2
31025	46424	34
31025	46584	4
31025	46751	3
31025	46756	10
31025	48454	4
31025	48571	6
31025	48621	12
31025	48832	65
31025	50040	1
31025	50277	5
31025	50550	2
31025	51116	4
31025	51139	3
31025	51385	1
31025	51506	2
31025	51591	1
31025	51626	1
31025	51676	40
31025	51888	1
31025	51954	1
31025	52257	3
31025	52286	3
31025	52451	1
31025	52675	1
31025	52688	30
31025	53044	20
31025	53107	2
31025	53297	1
31025	53406	3
31025	53449	1
31025	53457	2
31025	53656	2
31025	53692	8
31025	53875	15
31025	53926	2
31025	54416	1
31025	54487	8
31025	55041	3
31025	55347	8
31025	55577	2
31025	55906	2
31025	55970	1
31025	56177	143
31025	56705	11
31025	56783	61
31025	57029	7
31025	57350	1
31025	58270	37
31025	58286	2
31025	58300	3
31025	58308	5
31025	58321	6
31025	58352	4
31025	58397	9
31025	58461	5
31025	58495	1
31025	58523	7
31025	58554	40
31025	58590	3
31025	59180	1
31025	59545	1
31025	59546	1
31025	59819	1
31025	60118	9
31025	60133	3
31025	60172	1
31025	60237	25
31025	60299	1
31025	60673	2
31025	60684	1
31025	60694	1
31025	60714	2
31025	60722	2
31025	60998	5
31025	61024	23
31025	61043	2
31025	61085	1
31025	61120	1
31025	61194	3
31025	61244	7
31025	61501	14
31025	61538	2
31025	61755	2
31025	61914	2
31025	61985	1
31025	62270	2
31025	62508	1
31025	62612	6
31025	62636	14
31025	62656	1
31025	62662	5
31025	62695	8
31025	62713	2
31025	62722	1
31025	62730	4
31025	62752	11
31025	62779	24
31025	62813	1
31025	62863	3
31025	62878	1
31025	63080	5
31025	63096	1
31025	63189	5
31025	63388	7
31025	63390	1
31025	63497	6
31032	31063	16
31032	31092	11
31032	31109	39
31032	31137	19
31032	31170	7
31032	31361	7
31032	31787	10
31032	31800	3
31032	31826	5
31032	31842	5
31032	31864	3
31032	31871	24
31032	31880	4
31032	31891	3
31032	31911	3
31032	31950	6
31032	31972	15
31032	31998	1
31032	32070	2
31032	32230	1
31032	32327	2
31032	32560	22
31032	32564	40
31032	32653	3
31032	32659	12
31032	32723	18
31032	33074	165
31032	33332	1
31032	33573	2
31032	34120	4
31032	34125	209
31032	34247	13
31032	34483	145
31032	34621	1
31032	35107	7
31032	35710	2
31032	35722	1
31032	35760	17
31032	36134	18
31032	36201	13
31032	36290	3
31032	36440	8
31032	36817	9
31032	37971	25
31032	37989	13
31032	38228	16
31032	39660	4
31032	39669	1
31032	40155	11
31032	40250	4
31032	40285	18
31032	40769	2
31032	40820	11
31032	40983	8
31032	41174	6
31032	41179	6
31032	41492	9
31032	41575	3
31032	41600	19
31032	41723	1
31032	41930	1
31032	42020	28
31032	42168	36
31032	42694	1
31032	43479	16
31032	43794	14
31032	43860	9
31032	43884	6
31032	44080	5
31032	45000	3
31032	45766	1
31032	46424	10
31032	46482	19
31032	46584	57
31032	46751	102
31032	46756	2
31032	47199	1
31032	48454	50
31032	48571	2
31032	48621	59
31032	48633	1
31032	48832	49
31032	49021	20
31032	50019	8
31032	50040	5
31032	50277	20
31032	50543	4
31032	50550	4
31032	51116	4
31032	51139	15
31032	51385	6
31032	51506	10
31032	51591	20
31032	51626	5
31032	51676	34
31032	51888	3
31032	51954	19
31032	52257	13
31032	52286	19
31032	52378	2
31032	52419	8
31032	52451	1
31032	52675	9
31032	52688	72
31032	52712	14
31032	53044	13
31032	53107	5
31032	53297	11
31032	53406	10
31032	53449	28
31032	53457	8
31032	53650	1
31032	53656	3
31032	53692	8
31032	53706	1
31032	53875	56
31032	53878	3
31032	53926	3
31032	54003	1
31032	54487	69
31032	55041	27
31032	55347	6
31032	55577	9
31032	55630	20
31032	55906	4
31032	55970	9
31032	56177	100
31032	56705	169
31032	56783	65
31032	56817	1
31032	57029	15
31032	57350	51
31032	58230	9
31032	58270	28
31032	58286	9
31032	58300	4
31032	58308	3
31032	58321	7
31032	58352	8
31032	58397	14
31032	58461	10
31032	58495	7
31032	58523	4
31032	58554	18
31032	58590	10
31032	59180	13
31032	59545	22
31032	59546	15
31032	59819	13
31032	59876	2
31032	60118	19
31032	60133	5
31032	60172	5
31032	60237	10
31032	60281	18
31032	60299	33
31032	60359	1
31032	60673	4
31032	60684	4
31032	60714	26
31032	60722	3
31032	60998	3
31032	61024	11
31032	61085	8
31032	61109	18
31032	61120	3
31032	61194	16
31032	61244	4
31032	61269	10
31032	61501	127
31032	61538	16
31032	61755	10
31032	61914	4
31032	61953	9
31032	61985	4
31032	62270	6
31032	62508	3
31032	62577	2
31032	62594	1
31032	62612	10
31032	62636	12
31032	62656	1
31032	62662	7
31032	62695	7
31032	62705	3
31032	62713	2
31032	62722	1
31032	62730	2
31032	62752	7
31032	62779	15
31032	62813	9
31032	62863	3
31032	62911	1
31032	62919	3
31032	62930	4
31032	63080	10
31032	63158	6
31032	63189	6
31032	63388	7
31032	63390	8
31032	63497	6
31042	31063	3
31042	31092	8
31042	31109	6
31042	31137	23
31042	31170	3
31042	31787	2
31042	31800	2
31042	31826	4
31042	31842	5
31042	31848	2
31042	31864	6
31042	31871	4
31042	31880	14
31042	31891	2
31042	31911	3
31042	31950	3
31042	31972	15
31042	31998	1
31042	32024	2
31042	32230	4
31042	32560	10
31042	32564	21
31042	32659	1
31042	32723	5
31042	33074	1
31042	34125	8
31042	34483	5
31042	34558	4
31042	34621	2
31042	35107	2
31042	35710	3
31042	35722	8
31042	35760	5
31042	35856	9
31042	36201	1
31042	36817	1
31042	37556	3
31042	37971	2
31042	37989	1
31042	38017	8
31042	38228	1
31042	40155	27
31042	40285	17
31042	41174	2
31042	41179	2
31042	41492	1
31042	41600	4
31042	41723	4
31042	42020	4
31042	42168	3
31042	42694	1
31042	43794	2
31042	43860	2
31042	44080	1
31042	45000	1
31042	45307	2
31042	45766	10
31042	46482	4
31042	46584	1
31042	48454	13
31042	48621	10
31042	50019	4
31042	50040	3
31042	50543	2
31042	50550	1
31042	51139	3
31042	51385	2
31042	51506	2
31042	51676	1
31042	51954	1
31042	52257	1
31042	52286	2
31042	52378	3
31042	52419	2
31042	52451	2
31042	52688	8
31042	52712	3
31042	53044	9
31042	53107	3
31042	53406	6
31042	53650	4
31042	53875	4
31042	53878	10
31042	53926	2
31042	54416	3
31042	54487	7
31042	55041	15
31042	55347	1
31042	55577	1
31042	56705	2
31042	56783	1
31042	56817	3
31042	57029	1
31042	57350	1
31042	58230	7
31042	58270	3
31042	58300	2
31042	58308	4
31042	58321	8
31042	58352	11
31042	58397	10
31042	58461	4
31042	58495	8
31042	58523	9
31042	58554	14
31042	58590	18
31042	59545	2
31042	59546	13
31042	59876	4
31042	60099	4
31042	60118	19
31042	60133	2
31042	60237	3
31042	60299	3
31042	60359	4
31042	60673	5
31042	60684	1
31042	60714	3
31042	60722	3
31042	60998	9
31042	61043	1
31042	61085	6
31042	61109	19
31042	61120	2
31042	61194	14
31042	61244	2
31042	61269	5
31042	61501	2
31042	61538	1
31042	61755	2
31042	61836	2
31042	61914	3
31042	61985	1
31042	62508	6
31042	62577	3
31042	62585	3
31042	62594	2
31042	62612	10
31042	62636	8
31042	62656	4
31042	62662	8
31042	62695	7
31042	62705	1
31042	62713	2
31042	62722	4
31042	62730	4
31042	62752	4
31042	62779	6
31042	62813	6
31042	62863	3
31042	62930	2
31042	63080	1
31042	63096	1
31042	63158	6
31042	63189	11
31042	63388	1
31042	63497	1
31063	31092	18
31063	31109	21
31063	31137	42
31063	31170	17
31063	31361	4
31063	31787	3
31063	31800	13
31063	31826	21
31063	31842	14
31063	31848	5
31063	31864	9
31063	31871	42
31063	31880	25
31063	31891	13
31063	31911	6
31063	31950	13
31063	31972	35
31063	31998	8
31063	32024	2
31063	32230	3
31063	32327	5
31063	32560	28
31063	32564	55
31063	32653	1
31063	32659	10
31063	32723	20
31063	33074	93
31063	33332	2
31063	34120	5
31063	34125	48
31063	34247	7
31063	34483	28
31063	34558	2
31063	35107	3
31063	35710	2
31063	35722	2
31063	35760	20
31063	35856	2
31063	36134	3
31063	36201	4
31063	36290	5
31063	36440	5
31063	36817	4
31063	37971	182
31063	37989	2
31063	38017	1
31063	38228	10
31063	39660	4
31063	39669	3
31063	40155	6
31063	40250	1
31063	40285	22
31063	40769	1
31063	40820	6
31063	40983	5
31063	41174	11
31063	41179	5
31063	41492	18
31063	41575	2
31063	41600	23
31063	41723	4
31063	41882	1
31063	41930	30
31063	42020	3
31063	42168	148
31063	42694	1
31063	43479	8
31063	43794	6
31063	43860	1
31063	43884	2
31063	44019	2
31063	44080	7
31063	45000	3
31063	45307	3
31063	45766	19
31063	46424	4
31063	46482	4
31063	46584	5
31063	46751	7
31063	47199	5
31063	48454	18
31063	48571	2
31063	48621	62
31063	48633	3
31063	48832	2
31063	49021	3
31063	50019	2
31063	50040	2
31063	50543	5
31063	50550	22
31063	51116	4
31063	51139	7
31063	51385	12
31063	51506	2
31063	51591	9
31063	51626	6
31063	51676	26
31063	51782	8
31063	51888	1
31063	51954	6
31063	52257	4
31063	52286	3
31063	52378	15
31063	52419	6
31063	52451	5
31063	52675	3
31063	52688	32
31063	52712	5
31063	53044	11
31063	53107	10
31063	53297	1
31063	53406	26
31063	53449	6
31063	53457	15
31063	53656	15
31063	53692	1
31063	53706	4
31063	53875	33
31063	53878	6
31063	53926	5
31063	54003	5
31063	54416	4
31063	54487	15
31063	55041	16
31063	55347	6
31063	55577	8
31063	55630	2
31063	55906	7
31063	55970	3
31063	56177	33
31063	56705	25
31063	56783	16
31063	56817	1
31063	57029	11
31063	57350	2
31063	58230	10
31063	58270	5
31063	58286	19
31063	58300	13
31063	58308	9
31063	58321	10
31063	58352	39
31063	58397	31
31063	58461	13
31063	58495	14
31063	58523	29
31063	58554	29
31063	58590	20
31063	58667	7
31063	59180	5
31063	59546	10
31063	59819	3
31063	59876	2
31063	60099	1
31063	60118	27
31063	60133	5
31063	60172	1
31063	60237	11
31063	60281	21
31063	60299	4
31063	60359	12
31063	60673	4
31063	60684	1
31063	60694	11
31063	60714	12
31063	60722	7
31063	60921	4
31063	60998	23
31063	61024	3
31063	61043	14
31063	61085	6
31063	61109	25
31063	61120	3
31063	61194	33
31063	61244	4
31063	61269	3
31063	61501	32
31063	61538	3
31063	61727	8
31063	61755	15
31063	61836	2
31063	61914	24
31063	61953	7
31063	61985	2
31063	62270	9
31063	62508	7
31063	62577	8
31063	62585	2
31063	62594	7
31063	62612	24
31063	62636	19
31063	62656	12
31063	62662	6
31063	62695	6
31063	62705	19
31063	62713	9
31063	62722	9
31063	62730	13
31063	62752	26
31063	62779	33
31063	62813	17
31063	62863	9
31063	62878	5
31063	62911	4
31063	62919	13
31063	62930	8
31063	63080	9
31063	63096	5
31063	63158	10
31063	63189	16
31063	63388	19
31063	63390	2
31063	63497	12
31092	31109	29
31092	31137	51
31092	31170	13
31092	31361	1
31092	31787	13
31092	31800	13
31092	31826	18
31092	31842	19
31092	31848	8
31092	31864	10
31092	31871	27
31092	31880	45
31092	31891	16
31092	31911	14
31092	31950	11
31092	31972	35
31092	31998	22
31092	32024	5
31092	32070	4
31092	32230	9
31092	32327	9
31092	32560	17
31092	32564	39
31092	32653	16
31092	32659	9
31092	32723	39
31092	33074	25
31092	33332	2
31092	33573	15
31092	34125	43
31092	34247	10
31092	34483	35
31092	34558	5
31092	34621	3
31092	35710	5
31092	35722	9
31092	35760	67
31092	35856	8
31092	36134	3
31092	36201	3
31092	36290	1
31092	36440	1
31092	36817	4
31092	37556	7
31092	37971	13
31092	37989	3
31092	38017	8
31092	38228	4
31092	39660	3
31092	40155	13
31092	40250	1
31092	40285	36
31092	40769	11
31092	40820	2
31092	40983	1
31092	41174	11
31092	41179	10
31092	41600	62
31092	41723	7
31092	41930	2
31092	42020	10
31092	42168	10
31092	42603	12
31092	42694	4
31092	43479	23
31092	43794	4
31092	43860	4
31092	44019	3
31092	44080	6
31092	45000	3
31092	45307	4
31092	45766	7
31092	46424	1
31092	46482	6
31092	46584	6
31092	46756	12
31092	47199	11
31092	48454	47
31092	48571	5
31092	48621	46
31092	48633	4
31092	48720	2
31092	49021	3
31092	50019	4
31092	50040	7
31092	50277	5
31092	50543	6
31092	50550	46
31092	51116	5
31092	51139	6
31092	51385	5
31092	51506	7
31092	51591	8
31092	51626	3
31092	51676	11
31092	51888	6
31092	51954	8
31092	52257	1
31092	52286	14
31092	52378	12
31092	52419	9
31092	52451	2
31092	52675	7
31092	52688	45
31092	53044	12
31092	53107	3
31092	53297	1
31092	53406	4
31092	53449	7
31092	53457	1
31092	53656	1
31092	53692	3
31092	53875	35
31092	53878	7
31092	53926	6
31092	54416	2
31092	54487	22
31092	55041	69
31092	55347	1
31092	55577	11
31092	55630	7
31092	55906	1
31092	55970	4
31092	56177	8
31092	56705	11
31092	56783	6
31092	56817	3
31092	57029	3
31092	57350	1
31092	58230	18
31092	58270	9
31092	58286	20
31092	58300	15
31092	58308	9
31092	58321	20
31092	58352	73
31092	58397	57
31092	58461	15
31092	58495	28
31092	58523	37
31092	58554	26
31092	58590	43
31092	58667	3
31092	59180	3
31092	59545	5
31092	59546	16
31092	59819	5
31092	59876	8
31092	60099	6
31092	60118	30
31092	60133	5
31092	60172	29
31092	60237	5
31092	60281	4
31092	60299	5
31092	60359	6
31092	60673	4
31092	60684	7
31092	60694	27
31092	60714	6
31092	60722	14
31092	60921	7
31092	60998	61
31092	61024	3
31092	61043	29
31092	61085	11
31092	61109	35
31092	61120	5
31092	61194	18
31092	61244	21
31092	61269	20
31092	61501	38
31092	61538	5
31092	61727	5
31092	61755	11
31092	61836	6
31092	61914	13
31092	61953	5
31092	61985	18
31092	62270	10
31092	62577	7
31092	62585	4
31092	62594	5
31092	62612	62
31092	62636	15
31092	62656	11
31092	62662	12
31092	62695	9
31092	62705	5
31092	62713	8
31092	62722	12
31092	62730	23
31092	62752	45
31092	62779	39
31092	62813	10
31092	62863	9
31092	62878	6
31092	62919	8
31092	62930	6
31092	63080	7
31092	63096	5
31092	63158	14
31092	63189	15
31092	63388	15
31092	63390	4
31092	63497	1
31109	31137	38
31109	31170	22
31109	31361	20
31109	31787	8
31109	31800	5
31109	31826	19
31109	31842	9
31109	31848	6
31109	31864	17
31109	31871	22
31109	31880	23
31109	31891	36
31109	31911	16
31109	31950	27
31109	31972	46
31109	31998	16
31109	32024	6
31109	32070	15
31109	32230	13
31109	32327	5
31109	32560	28
31109	32564	88
31109	32653	5
31109	32659	42
31109	32723	14
31109	33074	63
31109	33332	19
31109	34120	17
31109	34125	117
31109	34247	14
31109	34483	49
31109	34558	10
31109	34621	2
31109	35107	2
31109	35710	1
31109	35722	7
31109	35760	21
31109	35856	45
31109	36134	6
31109	36201	2
31109	36290	4
31109	36440	12
31109	36817	9
31109	37971	96
31109	37989	7
31109	38017	2
31109	38228	15
31109	39660	10
31109	39669	1
31109	40155	68
31109	40250	1
31109	40285	76
31109	40769	3
31109	40820	11
31109	40983	9
31109	41174	13
31109	41179	4
31109	41492	6
31109	41575	5
31109	41600	25
31109	41723	4
31109	41930	5
31109	42020	12
31109	42168	20
31109	42603	29
31109	42694	9
31109	43479	16
31109	43794	4
31109	43860	1
31109	43884	1
31109	44019	2
31109	44080	22
31109	45000	8
31109	45307	7
31109	45766	19
31109	46424	6
31109	46584	11
31109	46751	36
31109	46756	1
31109	47199	6
31109	48454	40
31109	48571	3
31109	48621	47
31109	48633	2
31109	48720	16
31109	48832	18
31109	49021	7
31109	50019	12
31109	50040	8
31109	50277	3
31109	50543	6
31109	50550	19
31109	51116	18
31109	51139	18
31109	51385	7
31109	51506	12
31109	51591	16
31109	51626	14
31109	51676	30
31109	51782	8
31109	51888	1
31109	51954	18
31109	52257	5
31109	52286	7
31109	52378	9
31109	52419	13
31109	52451	6
31109	52675	7
31109	52688	57
31109	52712	15
31109	53044	32
31109	53107	5
31109	53297	6
31109	53406	18
31109	53449	3
31109	53457	28
31109	53650	10
31109	53656	5
31109	53692	3
31109	53706	7
31109	53875	41
31109	53878	1
31109	53926	18
31109	54003	8
31109	54416	14
31109	54487	26
31109	55041	36
31109	55347	8
31109	55577	6
31109	55630	13
31109	55906	12
31109	55970	2
31109	56177	32
31109	56705	28
31109	56783	30
31109	56817	13
31109	57029	9
31109	57350	21
31109	58230	26
31109	58270	16
31109	58286	14
31109	58300	14
31109	58308	8
31109	58321	21
31109	58352	52
31109	58397	34
31109	58461	17
31109	58495	16
31109	58523	27
31109	58554	38
31109	58590	29
31109	58667	7
31109	59180	11
31109	59545	10
31109	59546	22
31109	59819	1
31109	59876	6
31109	60099	18
31109	60118	56
31109	60133	7
31109	60172	4
31109	60237	7
31109	60281	6
31109	60299	6
31109	60359	9
31109	60673	6
31109	60684	3
31109	60694	5
31109	60714	9
31109	60722	3
31109	60921	43
31109	60998	29
31109	61024	5
31109	61043	9
31109	61085	23
31109	61109	31
31109	61120	8
31109	61194	39
31109	61244	5
31109	61269	8
31109	61501	51
31109	61538	2
31109	61755	14
31109	61836	2
31109	61914	9
31109	61953	29
31109	61985	6
31109	62270	104
31109	62508	22
31109	62577	19
31109	62585	12
31109	62594	7
31109	62612	20
31109	62636	23
31109	62656	9
31109	62662	13
31109	62695	11
31109	62705	4
31109	62713	11
31109	62722	10
31109	62730	31
31109	62752	36
31109	62779	41
31109	62813	12
31109	62863	11
31109	62878	5
31109	62911	2
31109	62919	13
31109	62930	15
31109	63080	11
31109	63096	10
31109	63158	7
31109	63189	38
31109	63388	21
31109	63390	1
31109	63497	2
31137	31170	31
31137	31361	3
31137	31787	17
31137	31800	22
31137	31826	56
31137	31842	35
31137	31848	3
31137	31864	25
31137	31871	36
31137	31880	28
31137	31891	39
31137	31911	24
31137	31950	27
31137	31972	69
31137	31998	27
31137	32024	9
31137	32070	4
31137	32230	19
31137	32327	8
31137	32560	23
31137	32564	76
31137	32653	8
31137	32659	3
31137	32723	35
31137	33074	21
31137	33332	13
31137	34120	3
31137	34125	63
31137	34247	3
31137	34483	17
31137	34558	2
31137	34621	4
31137	35107	2
31137	35710	11
31137	35722	9
31137	35760	53
31137	36134	2
31137	36201	5
31137	36290	2
31137	36440	2
31137	36817	13
31137	37971	24
31137	37989	8
31137	38017	2
31137	38228	7
31137	39669	1
31137	40155	7
31137	40285	64
31137	40769	2
31137	40820	6
31137	40983	7
31137	41174	16
31137	41179	7
31137	41492	4
31137	41575	1
31137	41600	75
31137	41723	12
31137	41882	29
31137	41930	2
31137	42020	8
31137	42168	11
31137	42603	12
31137	42694	1
31137	43479	19
31137	43860	7
31137	43884	1
31137	44019	2
31137	44080	16
31137	45000	6
31137	45307	10
31137	45766	9
31137	46424	2
31137	46482	8
31137	46584	1
31137	46751	12
31137	46756	3
31137	47199	6
31137	48454	60
31137	48621	39
31137	48633	2
31137	48720	1
31137	48832	1
31137	49021	11
31137	50019	6
31137	50040	18
31137	50543	9
31137	50550	44
31137	51116	10
31137	51139	9
31137	51385	4
31137	51506	5
31137	51591	20
31137	51626	4
31137	51676	18
31137	51782	2
31137	51888	4
31137	51954	10
31137	52257	5
31137	52286	5
31137	52378	11
31137	52419	6
31137	52675	3
31137	52688	59
31137	52712	10
31137	53044	31
31137	53107	28
31137	53297	2
31137	53406	13
31137	53449	1
31137	53457	58
31137	53650	3
31137	53656	1
31137	53692	4
31137	53706	7
31137	53875	32
31137	53878	10
31137	53926	14
31137	54416	13
31137	54487	5
31137	55041	50
31137	55347	9
31137	55577	11
31137	55630	8
31137	55906	6
31137	55970	7
31137	56177	7
31137	56705	11
31137	56783	8
31137	56817	6
31137	57029	3
31137	57350	3
31137	58230	59
31137	58270	21
31137	58286	28
31137	58300	25
31137	58308	21
31137	58321	40
31137	58352	126
31137	58397	63
31137	58461	41
31137	58495	39
31137	58523	42
31137	58554	62
31137	58590	49
31137	58667	1
31137	59180	9
31137	59545	7
31137	59546	18
31137	59819	1
31137	59876	8
31137	60099	7
31137	60118	71
31137	60133	12
31137	60172	20
31137	60237	10
31137	60299	5
31137	60359	22
31137	60673	6
31137	60684	4
31137	60694	22
31137	60714	20
31137	60722	23
31137	60921	5
31137	60998	44
31137	61024	2
31137	61043	10
31137	61085	30
31137	61109	37
31137	61120	13
31137	61194	55
31137	61244	3
31137	61269	17
31137	61501	36
31137	61755	6
31137	61836	4
31137	61914	24
31137	61953	18
31137	61985	19
31137	62270	3
31137	62508	20
31137	62577	22
31137	62585	6
31137	62594	17
31137	62612	60
31137	62636	40
31137	62656	38
31137	62662	31
31137	62695	16
31137	62705	10
31137	62713	9
31137	62722	16
31137	62730	29
31137	62752	66
31137	62779	59
31137	62813	49
31137	62863	19
31137	62878	2
31137	62911	2
31137	62919	15
31137	62930	26
31137	63080	20
31137	63096	2
31137	63158	18
31137	63189	25
31137	63388	6
31137	63497	6
31170	31361	1
31170	31787	4
31170	31800	11
31170	31826	26
31170	31842	10
31170	31848	4
31170	31864	8
31170	31871	10
31170	31880	8
31170	31891	12
31170	31911	5
31170	31950	10
31170	31972	16
31170	31998	13
31170	32024	1
31170	32230	5
31170	32327	1
31170	32560	21
31170	32564	41
31170	32723	7
31170	33074	9
31170	33573	15
31170	34120	1
31170	34125	23
31170	34247	2
31170	34483	19
31170	34558	4
31170	34621	2
31170	35107	1
31170	35710	1
31170	35722	2
31170	35760	5
31170	35856	1
31170	36134	2
31170	36440	1
31170	36817	4
31170	37971	12
31170	37989	3
31170	38228	1
31170	40155	5
31170	40285	13
31170	40769	8
31170	40820	6
31170	40983	1
31170	41174	4
31170	41492	2
31170	41600	11
31170	41723	2
31170	42020	6
31170	42168	5
31170	42603	12
31170	43479	2
31170	43794	2
31170	43860	1
31170	43884	2
31170	44019	1
31170	44080	10
31170	45307	3
31170	45766	2
31170	46424	2
31170	46482	3
31170	46584	2
31170	46751	7
31170	46756	13
31170	47199	2
31170	48454	14
31170	48571	4
31170	48621	9
31170	48832	4
31170	49021	5
31170	50019	2
31170	50040	2
31170	50277	3
31170	50543	1
31170	50550	9
31170	51116	1
31170	51139	6
31170	51385	1
31170	51506	1
31170	51591	3
31170	51626	1
31170	51676	6
31170	51954	7
31170	52257	1
31170	52378	2
31170	52419	4
31170	52675	1
31170	52688	10
31170	52712	6
31170	53044	6
31170	53107	5
31170	53297	1
31170	53406	2
31170	53449	9
31170	53457	37
31170	53656	2
31170	53692	1
31170	53706	2
31170	53875	6
31170	53878	1
31170	53926	8
31170	54487	5
31170	55041	3
31170	55347	2
31170	55577	3
31170	55630	1
31170	55906	1
31170	56177	7
31170	56783	7
31170	56817	3
31170	57029	2
31170	58230	8
31170	58270	11
31170	58286	7
31170	58300	6
31170	58308	5
31170	58321	9
31170	58352	41
31170	58397	17
31170	58461	19
31170	58495	11
31170	58523	10
31170	58554	14
31170	58590	14
31170	58667	4
31170	59180	2
31170	59545	3
31170	59546	5
31170	59876	3
31170	60099	3
31170	60118	22
31170	60133	3
31170	60172	2
31170	60237	1
31170	60299	3
31170	60359	6
31170	60673	3
31170	60684	8
31170	60694	4
31170	60714	3
31170	60722	2
31170	60921	1
31170	60998	7
31170	61024	2
31170	61043	9
31170	61085	15
31170	61109	22
31170	61120	5
31170	61194	18
31170	61244	19
31170	61269	2
31170	61501	15
31170	61755	1
31170	61914	10
31170	61953	12
31170	61985	7
31170	62270	2
31170	62508	2
31170	62577	11
31170	62585	1
31170	62594	8
31170	62612	18
31170	62636	14
31170	62656	6
31170	62662	16
31170	62695	7
31170	62705	2
31170	62713	10
31170	62722	9
31170	62730	14
31170	62752	23
31170	62779	23
31170	62813	13
31170	62863	8
31170	62878	4
31170	62911	1
31170	62919	10
31170	62930	8
31170	63080	3
31170	63096	3
31170	63158	7
31170	63189	7
31170	63388	24
31170	63497	2
31361	31787	2
31361	31826	1
31361	31842	1
31361	31864	4
31361	31871	2
31361	31891	3
31361	31911	1
31361	31950	1
31361	31972	4
31361	31998	1
31361	32024	1
31361	32070	40
31361	32230	1
31361	32327	2
31361	32564	18
31361	32653	2
31361	32659	13
31361	32723	27
31361	33074	30
31361	33332	3
31361	34120	6
31361	34125	43
31361	34247	8
31361	34483	58
31361	34621	1
31361	35760	19
31361	36201	2
31361	36290	2
31361	36440	3
31361	36817	7
31361	37971	146
31361	37989	1
31361	38228	7
31361	39660	38
31361	40155	40
31361	40250	2
31361	40285	35
31361	40820	6
31361	40983	3
31361	41174	10
31361	41179	13
31361	41575	3
31361	41600	6
31361	41882	3
31361	42020	6
31361	42168	17
31361	43794	2
31361	43860	1
31361	43884	3
31361	45000	17
31361	45766	3
31361	46424	6
31361	46584	9
31361	46756	2
31361	48454	7
31361	48621	11
31361	48633	1
31361	48720	2
31361	49021	1
31361	50040	1
31361	50543	6
31361	50550	1
31361	51116	10
31361	51139	1
31361	51385	6
31361	51506	1
31361	51591	2
31361	51626	3
31361	51676	54
31361	51888	2
31361	52257	4
31361	52286	7
31361	52378	12
31361	52675	3
31361	52688	21
31361	53044	5
31361	53297	2
31361	53406	8
31361	53449	2
31361	53457	28
31361	53656	6
31361	53692	4
31361	53875	36
31361	53878	5
31361	54487	27
31361	55041	5
31361	55347	4
31361	55577	10
31361	55906	2
31361	55970	3
31361	56177	6
31361	56705	14
31361	56783	10
31361	57029	5
31361	57350	2
31361	58230	1
31361	58270	1
31361	58300	2
31361	58352	1
31361	58397	8
31361	58461	4
31361	58495	3
31361	58523	2
31361	58590	4
31361	58667	1
31361	59180	2
31361	59545	1
31361	59546	5
31361	59819	6
31361	59876	4
31361	60118	10
31361	60133	2
31361	60281	2
31361	60299	9
31361	60684	4
31361	60714	2
31361	60722	1
31361	60921	52
31361	60998	2
31361	61024	7
31361	61043	1
31361	61085	6
31361	61109	6
31361	61194	2
31361	61501	18
31361	61538	4
31361	61727	1
31361	61755	2
31361	61914	5
31361	61985	1
31361	62270	117
31361	62508	2
31361	62577	4
31361	62636	7
31361	62713	2
31361	62730	1
31361	62752	2
31361	62779	2
31361	62813	2
31361	62863	3
31361	62930	5
31361	63080	2
31361	63189	1
31361	63390	2
31787	31800	5
31787	31826	9
31787	31842	7
31787	31848	5
31787	31864	5
31787	31871	5
31787	31880	8
31787	31891	4
31787	31911	2
31787	31950	9
31787	31972	13
31787	31998	4
31787	32230	1
31787	32327	1
31787	32560	11
31787	32564	30
31787	32653	2
31787	32659	7
31787	32723	5
31787	33074	13
31787	33332	9
31787	33573	19
31787	34120	1
31787	34125	36
31787	34247	1
31787	34483	80
31787	34558	1
31787	34621	1
31787	35107	1
31787	35722	2
31787	35760	3
31787	35856	4
31787	36134	8
31787	36201	1
31787	36817	5
31787	37971	12
31787	37989	1
31787	38017	1
31787	38228	2
31787	39660	1
31787	40155	4
31787	40285	9
31787	40769	9
31787	40820	1
31787	40983	5
31787	41174	1
31787	41179	3
31787	41492	2
31787	41575	3
31787	41600	8
31787	41723	2
31787	41882	4
31787	41930	15
31787	42020	17
31787	42168	7
31787	43479	2
31787	43794	1
31787	43860	2
31787	43884	3
31787	44080	5
31787	45307	3
31787	45766	7
31787	46424	5
31787	46482	1
31787	46584	2
31787	46751	2
31787	46756	25
31787	47199	2
31787	48454	9
31787	48571	7
31787	48621	16
31787	48832	10
31787	50040	4
31787	50277	7
31787	50543	3
31787	50550	3
31787	51139	4
31787	51385	3
31787	51591	3
31787	51626	2
31787	51676	17
31787	51782	4
31787	51954	2
31787	52257	4
31787	52286	5
31787	52675	3
31787	52688	23
31787	53044	8
31787	53297	1
31787	53406	10
31787	53449	12
31787	53875	10
31787	53878	2
31787	54416	7
31787	54487	11
31787	55041	10
31787	55347	4
31787	55577	2
31787	55630	1
31787	55970	1
31787	56177	27
31787	56705	11
31787	56783	24
31787	56817	2
31787	57029	8
31787	58230	27
31787	58270	4
31787	58286	7
31787	58300	3
31787	58308	5
31787	58321	6
31787	58352	22
31787	58397	8
31787	58461	18
31787	58495	7
31787	58523	8
31787	58554	11
31787	58590	8
31787	59180	1
31787	59545	2
31787	59546	6
31787	59819	2
31787	59876	3
31787	60099	4
31787	60118	21
31787	60133	2
31787	60172	2
31787	60237	9
31787	60281	3
31787	60299	2
31787	60359	1
31787	60673	1
31787	60684	10
31787	60714	1
31787	60722	2
31787	60921	1
31787	60998	4
31787	61024	8
31787	61043	4
31787	61085	13
31787	61109	13
31787	61120	7
31787	61194	8
31787	61244	21
31787	61269	1
31787	61501	16
31787	61538	2
31787	61755	3
31787	61836	1
31787	61914	7
31787	61953	2
31787	61985	2
31787	62270	2
31787	62508	3
31787	62577	3
31787	62594	2
31787	62612	12
31787	62636	9
31787	62656	1
31787	62662	3
31787	62695	3
31787	62713	2
31787	62722	4
31787	62730	5
31787	62752	20
31787	62779	10
31787	62813	7
31787	62863	8
31787	62878	4
31787	62919	4
31787	62930	3
31787	63080	7
31787	63096	1
31787	63158	2
31787	63189	4
31787	63388	2
31787	63390	1
31787	63497	3
31800	31826	9
31800	31842	7
31800	31848	13
31800	31864	3
31800	31871	4
31800	31880	3
31800	31891	2
31800	31911	1
31800	31950	4
31800	31972	23
31800	31998	8
31800	32024	1
31800	32327	1
31800	32560	5
31800	32653	5
31800	32723	19
31800	33074	6
31800	33332	3
31800	33573	45
31800	34125	14
31800	34483	27
31800	35722	1
31800	35760	17
31800	36134	2
31800	37989	1
31800	40285	9
31800	40769	24
31800	40820	1
31800	41174	2
31800	41179	2
31800	41492	1
31800	41600	19
31800	41723	6
31800	41882	4
31800	42020	10
31800	43479	19
31800	44019	1
31800	44080	1
31800	45000	3
31800	46584	1
31800	46756	36
31800	47199	6
31800	48454	13
31800	48571	12
31800	48621	8
31800	49021	1
31800	50019	1
31800	50040	1
31800	50277	9
31800	50550	23
31800	51139	2
31800	51385	1
31800	51591	3
31800	51626	2
31800	51676	4
31800	51954	1
31800	52286	4
31800	52378	1
31800	52675	1
31800	52688	19
31800	52712	2
31800	53044	7
31800	53406	2
31800	53449	9
31800	53692	1
31800	53875	7
31800	53878	1
31800	53926	1
31800	54416	1
31800	54487	1
31800	55041	16
31800	55630	2
31800	56177	8
31800	56705	6
31800	56783	1
31800	58270	3
31800	58286	39
31800	58300	4
31800	58308	6
31800	58321	8
31800	58352	39
31800	58397	21
31800	58461	8
31800	58495	18
31800	58523	10
31800	58554	17
31800	58590	17
31800	59180	25
31800	59545	1
31800	59876	1
31800	60099	7
31800	60118	6
31800	60133	2
31800	60172	6
31800	60237	3
31800	60299	1
31800	60359	1
31800	60673	2
31800	60684	24
31800	60694	4
31800	60714	4
31800	60722	8
31800	60998	6
31800	61043	6
31800	61085	4
31800	61120	3
31800	61194	11
31800	61244	57
31800	61269	3
31800	61836	1
31800	61914	5
31800	61953	1
31800	61985	11
31800	62577	5
31800	62594	8
31800	62612	30
31800	62636	20
31800	62656	11
31800	62662	2
31800	62695	1
31800	62705	2
31800	62713	4
31800	62722	6
31800	62730	6
31800	62752	40
31800	62779	34
31800	62813	7
31800	62863	10
31800	62878	15
31800	62911	1
31800	62919	6
31800	62930	4
31800	63096	1
31800	63189	2
31800	63390	3
31800	63497	4
31826	31842	21
31826	31864	11
31826	31871	16
31826	31880	15
31826	31891	3
31826	31911	17
31826	31950	21
31826	31972	19
31826	31998	16
31826	32024	1
31826	32230	2
31826	32560	4
31826	32564	16
31826	32653	9
31826	32723	15
31826	33074	10
31826	33332	25
31826	34125	26
31826	34247	2
31826	34483	23
31826	34621	2
31826	35107	1
31826	35760	35
31826	35856	7
31826	36134	3
31826	36290	2
31826	36817	1
31826	37971	10
31826	37989	8
31826	38228	2
31826	40285	19
31826	40983	2
31826	41174	6
31826	41179	1
31826	41492	3
31826	41600	39
31826	41723	5
31826	41882	33
31826	42020	4
31826	42168	4
31826	42603	24
31826	43479	9
31826	44019	2
31826	45000	3
31826	45307	1
31826	45766	1
31826	46424	3
31826	46584	3
31826	46751	4
31826	46756	2
31826	47199	6
31826	48454	31
31826	48621	16
31826	48633	1
31826	48832	2
31826	49021	8
31826	50040	7
31826	50543	8
31826	50550	19
31826	51116	2
31826	51139	4
31826	51385	3
31826	51506	2
31826	51591	15
31826	51626	2
31826	51676	7
31826	51954	10
31826	52286	2
31826	52378	5
31826	52419	1
31826	52675	2
31826	52688	11
31826	52712	2
31826	53044	12
31826	53107	6
31826	53297	2
31826	53406	5
31826	53449	4
31826	53457	49
31826	53656	2
31826	53875	9
31826	53878	3
31826	53926	1
31826	54416	1
31826	54487	3
31826	55041	19
31826	55577	5
31826	55630	2
31826	56177	12
31826	56705	3
31826	56783	6
31826	56817	1
31826	57029	2
31826	58270	14
31826	58286	7
31826	58300	16
31826	58308	5
31826	58321	21
31826	58352	70
31826	58397	45
31826	58461	19
31826	58495	17
31826	58523	16
31826	58554	39
31826	58590	15
31826	58667	4
31826	59180	1
31826	59545	1
31826	59876	2
31826	60099	8
31826	60118	14
31826	60133	6
31826	60172	4
31826	60237	14
31826	60359	1
31826	60673	3
31826	60684	3
31826	60694	9
31826	60714	3
31826	60722	4
31826	60921	1
31826	60998	15
31826	61043	11
31826	61085	7
31826	61109	2
31826	61120	9
31826	61194	14
31826	61244	3
31826	61269	7
31826	61501	14
31826	61755	1
31826	61914	11
31826	61953	1
31826	61985	16
31826	62270	2
31826	62508	7
31826	62577	13
31826	62594	8
31826	62612	34
31826	62636	25
31826	62656	4
31826	62662	20
31826	62695	8
31826	62705	5
31826	62713	20
31826	62722	8
31826	62730	17
31826	62752	28
31826	62779	20
31826	62813	27
31826	62863	6
31826	62878	3
31826	62911	2
31826	62919	26
31826	62930	8
31826	63080	1
31826	63096	8
31826	63158	1
31826	63189	11
31826	63388	8
31826	63390	1
31826	63497	3
31842	31848	7
31842	31864	9
31842	31871	12
31842	31880	16
31842	31891	15
31842	31911	6
31842	31950	35
31842	31972	23
31842	31998	23
31842	32024	1
31842	32230	5
31842	32327	4
31842	32560	12
31842	32564	39
31842	32653	3
31842	32659	3
31842	32723	13
31842	33074	4
31842	33332	3
31842	33573	15
31842	34120	2
31842	34125	32
31842	34247	4
31842	34483	23
31842	34558	3
31842	34621	7
31842	35107	8
31842	35710	8
31842	35722	6
31842	35760	17
31842	35856	3
31842	36440	7
31842	36817	2
31842	37971	9
31842	37989	1
31842	38017	11
31842	38228	3
31842	39660	1
31842	39669	2
31842	40155	5
31842	40285	15
31842	40769	9
31842	40820	7
31842	41174	4
31842	41179	2
31842	41492	3
31842	41575	1
31842	41600	26
31842	41723	12
31842	41882	81
31842	42020	7
31842	42168	2
31842	42603	1
31842	43479	22
31842	43794	3
31842	43860	10
31842	44080	7
31842	45000	1
31842	45307	3
31842	45766	24
31842	46424	6
31842	46482	7
31842	46584	4
31842	46751	2
31842	46756	13
31842	47199	2
31842	48454	32
31842	48571	4
31842	48621	16
31842	48832	3
31842	49021	3
31842	50019	7
31842	50040	5
31842	50277	3
31842	50543	1
31842	50550	17
31842	51139	1
31842	51385	1
31842	51506	2
31842	51591	17
31842	51626	2
31842	51676	9
31842	51954	2
31842	52257	2
31842	52286	3
31842	52378	1
31842	52419	4
31842	52451	4
31842	52688	21
31842	52712	2
31842	53044	12
31842	53107	3
31842	53406	2
31842	53449	3
31842	53457	1
31842	53650	1
31842	53656	3
31842	53692	1
31842	53875	8
31842	53878	2
31842	53926	6
31842	54003	1
31842	54416	4
31842	54487	5
31842	55041	19
31842	55347	4
31842	55577	2
31842	55630	1
31842	55906	4
31842	56177	11
31842	56705	4
31842	56783	5
31842	56817	12
31842	57029	2
31842	58230	24
31842	58270	12
31842	58286	3
31842	58300	6
31842	58308	4
31842	58321	12
31842	58352	122
31842	58397	15
31842	58461	21
31842	58495	18
31842	58523	24
31842	58554	25
31842	58590	21
31842	58667	6
31842	59180	4
31842	59545	3
31842	59546	14
31842	59876	6
31842	60099	5
31842	60118	39
31842	60133	6
31842	60172	2
31842	60237	3
31842	60299	3
31842	60359	5
31842	60673	9
31842	60684	9
31842	60694	10
31842	60714	11
31842	60722	7
31842	60921	1
31842	60998	19
31842	61024	2
31842	61043	7
31842	61085	10
31842	61109	29
31842	61120	8
31842	61194	31
31842	61244	20
31842	61269	2
31842	61501	19
31842	61727	1
31842	61755	2
31842	61914	6
31842	61953	9
31842	61985	8
31842	62270	3
31842	62508	15
31842	62577	8
31842	62585	10
31842	62594	5
31842	62612	43
31842	62636	16
31842	62656	8
31842	62662	13
31842	62695	9
31842	62705	2
31842	62713	5
31842	62722	4
31842	62730	13
31842	62752	29
31842	62779	20
31842	62813	12
31842	62863	7
31842	62878	4
31842	62911	6
31842	62919	7
31842	62930	15
31842	63080	3
31842	63096	2
31842	63158	15
31842	63189	8
31842	63388	9
31842	63390	4
31842	63497	4
31848	31871	1
31848	31880	32
31848	31891	20
31848	31911	1
31848	31950	3
31848	31972	12
31848	31998	7
31848	32070	1
31848	32230	16
31848	32560	15
31848	32564	69
31848	32659	2
31848	32723	2
31848	33074	4
31848	33573	64
31848	34125	15
31848	34247	1
31848	34483	48
31848	34558	18
31848	34621	5
31848	35107	1
31848	35710	9
31848	35722	49
31848	35760	3
31848	35856	7
31848	36134	1
31848	36440	1
31848	37556	1
31848	37971	12
31848	38017	4
31848	38228	1
31848	39660	1
31848	39669	2
31848	40155	4
31848	40250	1
31848	40285	10
31848	40769	32
31848	40820	8
31848	41174	1
31848	41179	2
31848	41492	1
31848	41575	1
31848	41600	10
31848	41723	5
31848	42020	13
31848	42168	4
31848	43479	1
31848	43794	6
31848	43860	2
31848	44080	9
31848	45307	6
31848	45766	20
31848	46424	1
31848	46482	2
31848	46751	2
31848	46756	50
31848	48454	3
31848	48571	20
31848	48621	4
31848	48633	1
31848	48832	5
31848	50019	2
31848	50040	3
31848	50277	23
31848	51385	3
31848	51626	1
31848	51676	14
31848	51782	7
31848	52257	1
31848	52286	1
31848	52378	2
31848	52419	2
31848	52451	3
31848	52675	1
31848	52688	16
31848	52712	10
31848	53044	6
31848	53107	3
31848	53406	6
31848	53449	12
31848	53457	1
31848	53650	11
31848	53656	1
31848	53875	6
31848	53878	8
31848	54416	21
31848	54487	4
31848	55041	2
31848	55347	1
31848	55577	3
31848	55906	1
31848	55970	2
31848	56177	35
31848	56705	1
31848	56783	5
31848	56817	8
31848	57029	6
31848	58230	13
31848	58270	4
31848	58308	28
31848	58321	3
31848	58352	7
31848	58397	4
31848	58461	5
31848	58495	5
31848	58523	6
31848	58554	7
31848	58590	11
31848	58667	4
31848	59180	1
31848	59546	11
31848	59876	3
31848	60099	6
31848	60118	100
31848	60133	1
31848	60237	2
31848	60281	1
31848	60299	3
31848	60359	15
31848	60673	1
31848	60684	28
31848	60694	2
31848	60714	9
31848	60722	11
31848	60921	2
31848	60998	7
31848	61024	3
31848	61085	21
31848	61109	37
31848	61120	5
31848	61194	43
31848	61244	73
31848	61501	2
31848	61538	1
31848	61727	1
31848	61755	2
31848	61914	1
31848	61953	4
31848	61985	4
31848	62270	6
31848	62577	2
31848	62585	7
31848	62594	2
31848	62612	7
31848	62636	7
31848	62656	6
31848	62662	1
31848	62695	5
31848	62722	6
31848	62730	11
31848	62752	53
31848	62779	11
31848	62813	1
31848	62863	9
31848	62878	16
31848	62919	4
31848	62930	3
31848	63096	1
31848	63158	14
31848	63189	15
31848	63497	8
31864	31871	6
31864	31880	14
31864	31891	4
31864	31911	5
31864	31950	15
31864	31972	12
31864	31998	14
31864	32230	1
31864	32327	2
31864	32560	9
31864	32564	37
31864	32653	7
31864	32723	8
31864	33074	13
31864	33573	2
31864	34120	4
31864	34125	29
31864	34483	16
31864	34621	2
31864	35107	5
31864	35722	1
31864	35760	24
31864	35856	1
31864	36134	3
31864	36201	2
31864	36290	3
31864	36440	9
31864	36817	24
31864	37971	31
31864	37989	2
31864	38228	7
31864	39669	4
31864	40155	2
31864	40820	10
31864	40983	7
31864	41174	2
31864	41179	4
31864	41492	2
31864	41575	1
31864	41600	21
31864	41723	3
31864	42020	4
31864	42168	6
31864	43479	1
31864	44080	3
31864	45307	3
31864	45766	4
31864	46424	2
31864	46482	1
31864	46584	1
31864	46751	2
31864	46756	2
31864	47199	1
31864	48454	12
31864	48621	6
31864	48633	1
31864	49021	5
31864	50040	3
31864	50543	2
31864	50550	11
31864	51116	1
31864	51139	8
31864	51385	3
31864	51591	2
31864	51676	14
31864	51782	1
31864	51888	1
31864	51954	3
31864	52286	1
31864	52378	2
31864	52419	5
31864	52451	9
31864	52675	3
31864	52688	12
31864	52712	8
31864	53044	16
31864	53107	9
31864	53297	1
31864	53406	6
31864	53650	37
31864	53656	1
31864	53692	1
31864	53706	2
31864	53875	29
31864	53878	6
31864	53926	4
31864	54003	2
31864	54416	17
31864	54487	5
31864	55041	14
31864	55347	16
31864	55577	2
31864	55906	3
31864	56177	7
31864	56705	5
31864	56783	6
31864	56817	27
31864	57029	6
31864	58230	13
31864	58270	12
31864	58286	10
31864	58300	3
31864	58308	5
31864	58321	10
31864	58352	18
31864	58397	12
31864	58461	18
31864	58495	13
31864	58523	11
31864	58554	26
31864	58590	24
31864	58667	2
31864	59180	1
31864	59545	3
31864	59546	17
31864	59819	1
31864	59876	6
31864	60099	1
31864	60118	24
31864	60133	2
31864	60172	5
31864	60237	1
31864	60299	1
31864	60359	4
31864	60673	6
31864	60694	2
31864	60714	5
31864	60722	4
31864	60921	2
31864	60998	4
31864	61024	9
31864	61043	3
31864	61085	9
31864	61109	25
31864	61194	12
31864	61244	1
31864	61269	3
31864	61501	10
31864	61755	4
31864	61914	13
31864	61953	6
31864	62270	2
31864	62577	2
31864	62585	1
31864	62594	2
31864	62612	17
31864	62636	10
31864	62656	6
31864	62662	7
31864	62695	2
31864	62705	4
31864	62713	5
31864	62722	4
31864	62730	7
31864	62752	18
31864	62779	26
31864	62813	29
31864	62863	4
31864	62878	1
31864	62911	21
31864	62919	2
31864	62930	7
31864	63080	26
31864	63096	3
31864	63158	8
31864	63189	5
31864	63388	1
31864	63390	3
31864	63497	2
31871	31880	12
31871	31891	8
31871	31911	5
31871	31950	15
31871	31972	34
31871	31998	11
31871	32024	6
31871	32230	1
31871	32327	4
31871	32560	12
31871	32564	33
31871	32653	1
31871	32659	12
31871	32723	54
31871	33074	45
31871	33332	5
31871	34120	4
31871	34125	55
31871	34247	16
31871	34483	53
31871	34558	2
31871	34621	3
31871	35107	6
31871	35710	3
31871	35722	5
31871	35760	36
31871	35856	3
31871	36134	5
31871	36201	1
31871	36290	2
31871	36440	4
31871	36817	3
31871	37971	16
31871	37989	10
31871	38017	3
31871	38228	8
31871	39660	4
31871	39669	3
31871	40155	30
31871	40250	1
31871	40285	17
31871	40769	2
31871	40820	5
31871	40983	6
31871	41174	4
31871	41179	4
31871	41492	3
31871	41575	2
31871	41600	43
31871	41723	6
31871	42020	21
31871	42168	22
31871	42694	1
31871	43479	19
31871	43794	5
31871	43860	5
31871	44019	1
31871	44080	5
31871	45000	15
31871	45766	3
31871	46424	7
31871	46482	8
31871	46584	24
31871	46751	5
31871	46756	1
31871	48454	48
31871	48571	6
31871	48621	32
31871	48720	1
31871	48832	3
31871	49021	1
31871	50019	5
31871	50040	8
31871	50543	2
31871	50550	11
31871	51116	3
31871	51139	2
31871	51385	6
31871	51591	11
31871	51626	5
31871	51676	10
31871	51888	1
31871	52257	12
31871	52286	14
31871	52378	5
31871	52419	2
31871	52451	3
31871	52675	2
31871	52688	64
31871	52712	2
31871	53044	23
31871	53107	4
31871	53297	6
31871	53406	7
31871	53449	7
31871	53457	10
31871	53650	10
31871	53656	3
31871	53692	1
31871	53706	3
31871	53875	55
31871	53878	2
31871	53926	3
31871	54416	4
31871	54487	23
31871	55041	38
31871	55347	9
31871	55577	5
31871	55630	3
31871	55906	4
31871	55970	2
31871	56177	17
31871	56705	25
31871	56783	7
31871	56817	2
31871	57029	6
31871	57350	1
31871	58230	4
31871	58270	9
31871	58286	14
31871	58300	7
31871	58308	2
31871	58321	16
31871	58352	30
31871	58397	22
31871	58461	12
31871	58495	23
31871	58523	18
31871	58554	30
31871	58590	23
31871	58667	3
31871	59180	6
31871	59545	5
31871	59546	11
31871	59819	3
31871	59876	7
31871	60099	8
31871	60118	18
31871	60133	8
31871	60172	8
31871	60237	17
31871	60281	2
31871	60299	21
31871	60359	5
31871	60673	12
31871	60694	7
31871	60714	9
31871	60722	8
31871	60921	4
31871	60998	9
31871	61024	2
31871	61043	3
31871	61085	9
31871	61109	19
31871	61120	4
31871	61194	24
31871	61244	5
31871	61269	5
31871	61501	370
31871	61538	4
31871	61755	7
31871	61836	2
31871	61914	4
31871	61953	5
31871	61985	4
31871	62270	7
31871	62508	1
31871	62577	1
31871	62585	1
31871	62594	5
31871	62612	21
31871	62636	51
31871	62656	2
31871	62662	6
31871	62695	9
31871	62705	6
31871	62713	15
31871	62722	14
31871	62730	15
31871	62752	16
31871	62779	18
31871	62813	10
31871	62863	4
31871	62878	5
31871	62911	1
31871	62919	10
31871	62930	1
31871	63080	5
31871	63096	3
31871	63158	5
31871	63189	29
31871	63390	2
31871	63497	2
31880	31891	51
31880	31911	8
31880	31950	16
31880	31972	71
31880	31998	27
31880	32230	46
31880	32327	2
31880	32560	81
31880	32564	239
31880	32659	8
31880	32723	23
31880	33074	21
31880	34125	42
31880	34247	2
31880	34483	31
31880	34558	29
31880	34621	26
31880	35107	7
31880	35710	26
31880	35722	42
31880	35760	16
31880	35856	35
31880	36290	1
31880	36440	17
31880	36817	5
31880	37971	26
31880	38017	22
31880	38228	3
31880	39660	1
31880	39669	10
31880	40155	17
31880	40285	13
31880	40769	6
31880	40820	11
31880	40983	3
31880	41174	1
31880	41179	3
31880	41492	1
31880	41575	1
31880	41600	22
31880	41723	9
31880	42020	7
31880	42168	17
31880	42694	1
31880	43479	9
31880	43794	18
31880	43860	7
31880	44019	1
31880	44080	43
31880	45000	3
31880	45307	18
31880	45766	56
31880	46424	1
31880	46482	17
31880	46584	5
31880	46751	14
31880	47199	1
31880	48454	13
31880	48621	18
31880	48832	1
31880	49021	1
31880	50019	19
31880	50040	14
31880	50543	7
31880	50550	14
31880	51116	2
31880	51139	2
31880	51385	8
31880	51506	2
31880	51591	5
31880	51626	5
31880	51676	6
31880	51782	27
31880	52257	3
31880	52286	6
31880	52378	7
31880	52419	15
31880	52451	15
31880	52688	31
31880	52712	31
31880	53044	20
31880	53107	11
31880	53406	6
31880	53449	1
31880	53457	3
31880	53650	38
31880	53656	1
31880	53875	19
31880	53878	37
31880	54416	34
31880	54487	21
31880	55041	18
31880	55347	3
31880	55577	4
31880	55630	2
31880	55906	3
31880	55970	1
31880	56177	5
31880	56705	5
31880	56783	1
31880	56817	27
31880	57029	2
31880	57350	3
31880	58230	87
31880	58270	9
31880	58286	8
31880	58300	8
31880	58308	11
31880	58321	27
31880	58352	30
31880	58397	34
31880	58461	22
31880	58495	19
31880	58523	20
31880	58554	15
31880	58590	26
31880	58667	21
31880	59180	4
31880	59545	1
31880	59546	84
31880	59876	46
31880	60099	11
31880	60118	200
31880	60133	13
31880	60172	2
31880	60237	1
31880	60281	3
31880	60299	14
31880	60359	44
31880	60673	7
31880	60694	6
31880	60714	38
31880	60722	8
31880	60998	51
31880	61043	5
31880	61085	41
31880	61109	187
31880	61120	8
31880	61194	117
31880	61244	12
31880	61269	6
31880	61501	17
31880	61538	2
31880	61755	12
31880	61914	8
31880	61953	14
31880	61985	1
31880	62270	3
31880	62508	5
31880	62577	3
31880	62585	20
31880	62594	18
31880	62612	28
31880	62636	14
31880	62656	20
31880	62662	8
31880	62695	25
31880	62705	1
31880	62713	7
31880	62722	3
31880	62730	17
31880	62752	23
31880	62779	27
31880	62813	7
31880	62863	8
31880	62878	1
31880	62911	9
31880	62919	7
31880	62930	20
31880	63080	3
31880	63158	45
31880	63189	53
31880	63388	4
31880	63390	1
31880	63497	6
31891	31911	6
31891	31950	13
31891	31972	45
31891	31998	30
31891	32024	1
31891	32230	13
31891	32327	1
31891	32560	50
31891	32564	154
31891	32659	8
31891	32723	8
31891	33074	26
31891	33332	2
31891	34120	4
31891	34125	31
31891	34247	2
31891	34483	14
31891	34558	12
31891	34621	11
31891	35107	8
31891	35710	9
31891	35722	23
31891	35760	13
31891	35856	15
31891	36201	3
31891	36290	3
31891	36440	8
31891	36817	4
31891	37556	2
31891	37971	19
31891	38017	3
31891	38228	6
31891	39660	8
31891	39669	3
31891	40155	5
31891	40250	4
31891	40285	12
31891	40769	2
31891	40820	18
31891	41179	3
31891	41492	1
31891	41600	18
31891	41723	3
31891	41930	2
31891	42020	1
31891	42168	9
31891	42603	2
31891	43479	5
31891	43794	10
31891	43860	4
31891	43884	1
31891	44080	27
31891	45000	2
31891	45307	17
31891	45766	20
31891	46424	1
31891	46482	6
31891	46584	8
31891	46751	15
31891	46756	2
31891	48454	7
31891	48621	10
31891	48720	1
31891	48832	1
31891	49021	6
31891	50019	7
31891	50040	7
31891	50550	6
31891	51116	2
31891	51385	6
31891	51506	7
31891	51591	4
31891	51626	5
31891	51676	6
31891	51782	10
31891	52257	1
31891	52286	4
31891	52378	5
31891	52419	9
31891	52451	5
31891	52675	2
31891	52688	19
31891	52712	11
31891	53044	21
31891	53107	5
31891	53406	3
31891	53457	50
31891	53650	18
31891	53656	1
31891	53692	2
31891	53706	1
31891	53875	8
31891	53878	5
31891	53926	6
31891	54416	8
31891	54487	19
31891	55041	7
31891	55347	1
31891	55577	7
31891	55630	1
31891	55906	3
31891	55970	2
31891	56177	3
31891	56705	3
31891	56783	1
31891	56817	8
31891	58230	59
31891	58270	9
31891	58286	3
31891	58300	8
31891	58308	13
31891	58321	16
31891	58352	32
31891	58397	10
31891	58461	12
31891	58495	17
31891	58523	9
31891	58554	18
31891	58590	28
31891	58667	13
31891	59180	6
31891	59545	2
31891	59546	37
31891	59819	1
31891	59876	20
31891	60099	5
31891	60118	114
31891	60133	6
31891	60172	3
31891	60281	1
31891	60299	3
31891	60359	19
31891	60673	5
31891	60694	1
31891	60714	26
31891	60722	6
31891	60921	6
31891	60998	27
31891	61024	3
31891	61043	4
31891	61085	27
31891	61109	87
31891	61120	3
31891	61194	56
31891	61244	5
31891	61269	1
31891	61501	12
31891	61727	2
31891	61755	4
31891	61914	3
31891	61953	17
31891	61985	3
31891	62270	9
31891	62577	9
31891	62585	15
31891	62594	3
31891	62612	26
31891	62636	16
31891	62656	8
31891	62662	4
31891	62695	7
31891	62705	10
31891	62713	6
31891	62722	8
31891	62730	9
31891	62752	38
31891	62779	23
31891	62813	8
31891	62863	5
31891	62878	5
31891	62911	1
31891	62919	7
31891	62930	9
31891	63080	3
31891	63096	2
31891	63158	27
31891	63189	30
31891	63388	19
31891	63390	1
31891	63497	2
31911	31950	6
31911	31972	15
31911	31998	5
31911	32070	1
31911	32230	1
31911	32327	8
31911	32560	1
31911	32564	13
31911	32659	11
31911	32723	9
31911	33074	14
31911	33332	5
31911	34120	1
31911	34125	33
31911	34247	2
31911	34483	9
31911	34558	1
31911	34621	2
31911	35107	4
31911	35722	1
31911	35760	9
31911	36134	2
31911	36817	3
31911	37971	12
31911	38228	4
31911	39669	1
31911	40155	3
31911	40285	21
31911	40820	2
31911	40983	4
31911	41174	5
31911	41179	2
31911	41492	1
31911	41600	15
31911	41723	4
31911	41882	23
31911	42020	1
31911	42168	3
31911	43479	7
31911	44080	4
31911	45000	1
31911	45307	2
31911	45766	4
31911	46424	2
31911	46751	3
31911	46756	1
31911	47199	11
31911	48454	17
31911	48621	16
31911	48633	3
31911	48720	3
31911	48832	3
31911	49021	2
31911	50019	3
31911	50040	1
31911	50543	1
31911	50550	16
31911	51116	8
31911	51139	5
31911	51385	3
31911	51591	8
31911	51676	7
31911	51888	2
31911	52286	2
31911	52378	5
31911	52419	1
31911	52451	2
31911	52675	2
31911	52688	12
31911	52712	2
31911	53044	8
31911	53107	4
31911	53406	3
31911	53457	28
31911	53650	1
31911	53656	1
31911	53692	3
31911	53706	2
31911	53875	11
31911	53878	2
31911	53926	8
31911	54003	1
31911	54416	1
31911	54487	2
31911	55041	14
31911	55347	3
31911	55577	2
31911	55630	3
31911	55906	4
31911	56177	7
31911	56705	5
31911	56783	10
31911	56817	1
31911	57350	5
31911	58230	2
31911	58270	4
31911	58286	5
31911	58300	6
31911	58308	1
31911	58321	11
31911	58352	53
31911	58397	65
31911	58461	6
31911	58495	9
31911	58523	15
31911	58554	16
31911	58590	7
31911	58667	2
31911	59180	3
31911	59545	4
31911	59546	5
31911	59876	3
31911	60099	4
31911	60118	10
31911	60133	3
31911	60172	4
31911	60237	3
31911	60299	1
31911	60359	1
31911	60673	3
31911	60694	6
31911	60714	4
31911	60722	3
31911	60921	7
31911	60998	19
31911	61024	2
31911	61043	2
31911	61085	8
31911	61109	8
31911	61120	4
31911	61194	18
31911	61244	1
31911	61269	13
31911	61501	2
31911	61755	5
31911	61836	2
31911	61914	5
31911	61953	3
31911	61985	13
31911	62270	13
31911	62508	3
31911	62577	7
31911	62594	6
31911	62612	12
31911	62636	8
31911	62656	4
31911	62662	12
31911	62695	9
31911	62705	1
31911	62713	4
31911	62722	3
31911	62730	7
31911	62752	9
31911	62779	13
31911	62813	12
31911	62863	5
31911	62919	1
31911	62930	6
31911	63080	5
31911	63158	2
31911	63189	7
31911	63388	2
31911	63497	1
31950	31972	29
31950	31998	14
31950	32024	1
31950	32230	7
31950	32560	8
31950	32564	31
31950	32659	3
31950	32723	9
31950	33074	15
31950	33332	1
31950	34120	4
31950	34125	24
31950	34247	5
31950	34483	16
31950	34558	1
31950	34621	2
31950	35107	1
31950	35710	1
31950	35722	1
31950	35760	15
31950	35856	3
31950	36134	1
31950	36201	1
31950	36440	5
31950	36817	4
31950	37556	2
31950	37971	9
31950	37989	1
31950	38017	1
31950	38228	4
31950	39660	2
31950	39669	3
31950	40155	4
31950	40250	4
31950	40285	12
31950	40820	3
31950	40983	3
31950	41174	5
31950	41179	1
31950	41492	4
31950	41600	22
31950	41723	10
31950	41882	32
31950	42020	2
31950	42168	2
31950	42603	2
31950	43479	10
31950	43794	2
31950	43860	4
31950	43884	5
31950	44080	6
31950	45000	1
31950	45307	7
31950	45766	7
31950	46424	9
31950	46584	2
31950	46751	2
31950	47199	4
31950	48454	15
31950	48621	14
31950	48633	1
31950	48832	3
31950	49021	5
31950	50019	3
31950	50040	2
31950	50543	2
31950	50550	12
31950	51139	5
31950	51385	2
31950	51506	8
31950	51591	9
31950	51626	2
31950	51676	7
31950	52286	4
31950	52378	2
31950	52419	3
31950	52451	3
31950	52675	5
31950	52688	19
31950	52712	6
31950	53044	16
31950	53107	4
31950	53297	4
31950	53406	8
31950	53457	3
31950	53650	1
31950	53656	1
31950	53692	1
31950	53706	2
31950	53875	15
31950	53878	1
31950	53926	6
31950	54003	1
31950	54416	5
31950	54487	2
31950	55041	14
31950	55347	5
31950	55906	2
31950	56177	5
31950	56705	6
31950	56783	3
31950	56817	11
31950	57029	4
31950	57350	2
31950	58230	6
31950	58270	10
31950	58286	6
31950	58300	8
31950	58308	9
31950	58321	13
31950	58352	62
31950	58397	18
31950	58461	25
31950	58495	17
31950	58523	15
31950	58554	25
31950	58590	19
31950	58667	3
31950	59180	2
31950	59545	3
31950	59546	5
31950	59819	4
31950	59876	7
31950	60099	4
31950	60118	26
31950	60133	7
31950	60172	1
31950	60237	6
31950	60299	2
31950	60359	6
31950	60673	5
31950	60684	4
31950	60694	3
31950	60714	13
31950	60722	3
31950	60921	1
31950	60998	10
31950	61024	1
31950	61043	4
31950	61085	12
31950	61109	20
31950	61120	6
31950	61194	31
31950	61244	4
31950	61269	6
31950	61501	25
31950	61538	2
31950	61727	2
31950	61836	4
31950	61914	6
31950	61953	8
31950	61985	6
31950	62270	2
31950	62577	11
31950	62585	2
31950	62594	4
31950	62612	31
31950	62636	13
31950	62656	5
31950	62662	6
31950	62695	5
31950	62705	4
31950	62713	9
31950	62722	5
31950	62730	13
31950	62752	26
31950	62779	23
31950	62813	16
31950	62863	9
31950	62878	2
31950	62911	7
31950	62919	5
31950	62930	5
31950	63080	6
31950	63096	1
31950	63158	2
31950	63189	5
31950	63388	10
31950	63497	4
31972	31998	17
31972	32024	3
31972	32070	4
31972	32230	15
31972	32327	6
31972	32560	41
31972	32564	167
31972	32653	4
31972	32659	8
31972	32723	31
31972	33074	18
31972	33332	13
31972	33573	2
31972	34120	4
31972	34125	49
31972	34247	3
31972	34483	39
31972	34558	25
31972	34621	11
31972	35107	1
31972	35710	14
31972	35722	32
31972	35760	60
31972	35856	13
31972	36134	6
31972	36440	7
31972	36817	4
31972	37971	25
31972	37989	6
31972	38017	15
31972	38228	3
31972	39660	1
31972	39669	1
31972	40155	8
31972	40285	39
31972	40769	2
31972	40820	17
31972	40983	2
31972	41174	9
31972	41179	6
31972	41492	1
31972	41600	42
31972	41723	11
31972	41882	21
31972	41930	2
31972	42020	8
31972	42168	14
31972	43479	25
31972	43794	12
31972	43860	9
31972	43884	4
31972	44019	1
31972	44080	18
31972	45000	4
31972	45307	19
31972	45766	35
31972	46424	1
31972	46482	10
31972	46584	6
31972	46751	6
31972	46756	6
31972	47199	8
31972	48454	47
31972	48571	3
31972	48621	34
31972	48633	4
31972	48720	1
31972	48832	5
31972	49021	5
31972	50019	15
31972	50040	13
31972	50277	4
31972	50543	4
31972	50550	21
31972	51116	4
31972	51139	2
31972	51385	5
31972	51506	1
31972	51591	12
31972	51676	14
31972	51782	8
31972	51888	1
31972	51954	2
31972	52257	5
31972	52286	7
31972	52378	3
31972	52419	12
31972	52451	4
31972	52675	3
31972	52688	37
31972	52712	13
31972	53044	49
31972	53107	23
31972	53406	7
31972	53449	3
31972	53457	18
31972	53650	13
31972	53656	3
31972	53692	1
31972	53706	4
31972	53875	25
31972	53878	9
31972	53926	6
31972	54416	15
31972	54487	12
31972	55041	33
31972	55347	1
31972	55577	2
31972	55970	1
31972	56177	5
31972	56705	10
31972	56783	9
31972	56817	12
31972	57350	1
31972	58230	60
31972	58270	24
31972	58286	19
31972	58300	19
31972	58308	15
31972	58321	34
31972	58352	96
31972	58397	42
31972	58461	36
31972	58495	52
31972	58523	48
31972	58554	51
31972	58590	38
31972	58667	12
31972	59180	8
31972	59545	5
31972	59546	43
31972	59876	32
31972	60099	10
31972	60118	137
31972	60133	9
31972	60172	6
31972	60237	8
31972	60281	1
31972	60299	8
31972	60359	18
31972	60673	15
31972	60684	7
31972	60694	14
31972	60714	47
31972	60722	16
31972	60921	2
31972	60998	59
31972	61024	4
31972	61043	13
31972	61085	35
31972	61109	114
31972	61120	15
31972	61194	73
31972	61244	8
31972	61269	4
31972	61501	28
31972	61755	5
31972	61836	5
31972	61914	9
31972	61953	18
31972	61985	12
31972	62270	16
31972	62508	8
31972	62577	19
31972	62585	14
31972	62594	20
31972	62612	51
31972	62636	42
31972	62656	17
31972	62662	13
31972	62695	30
31972	62705	5
31972	62713	9
31972	62722	11
31972	62730	37
31972	62752	57
31972	62779	55
31972	62813	25
31972	62863	17
31972	62878	5
31972	62911	2
31972	62919	11
31972	62930	24
31972	63080	5
31972	63096	3
31972	63158	23
31972	63189	45
31972	63388	8
31972	63390	1
31972	63497	5
31998	32024	1
31998	32230	4
31998	32327	1
31998	32560	21
31998	32564	81
31998	32653	1
31998	32659	2
31998	32723	9
31998	33074	15
31998	33332	1
31998	34125	21
31998	34483	14
31998	34558	8
31998	34621	6
31998	35107	1
31998	35710	14
31998	35722	9
31998	35760	9
31998	35856	5
31998	36817	6
31998	37556	1
31998	37971	16
31998	37989	1
31998	38228	3
31998	40155	5
31998	40250	1
31998	40285	23
31998	40769	2
31998	40820	6
31998	40983	4
31998	41174	5
31998	41179	1
31998	41600	13
31998	41723	21
31998	41882	4
31998	41930	1
31998	42168	2
31998	42694	1
31998	43479	6
31998	43794	2
31998	43860	1
31998	43884	18
31998	44080	20
31998	45307	11
31998	45766	18
31998	46424	3
31998	46482	5
31998	46584	2
31998	46751	5
31998	46756	2
31998	48454	17
31998	48621	6
31998	48633	6
31998	48832	1
31998	49021	2
31998	50019	1
31998	50040	2
31998	50543	6
31998	50550	12
31998	51116	8
31998	51139	1
31998	51385	1
31998	51591	2
31998	51626	1
31998	51676	11
31998	51782	1
31998	51954	1
31998	52286	2
31998	52378	3
31998	52419	8
31998	52675	1
31998	52688	7
31998	52712	3
31998	53044	7
31998	53107	10
31998	53406	3
31998	53449	6
31998	53457	43
31998	53650	7
31998	53692	1
31998	53706	3
31998	53875	10
31998	53878	3
31998	53926	8
31998	54416	4
31998	54487	4
31998	55041	15
31998	55347	7
31998	55577	3
31998	55630	2
31998	55906	1
31998	55970	1
31998	56177	8
31998	56705	1
31998	56783	3
31998	56817	9
31998	57029	2
31998	58230	29
31998	58270	12
31998	58286	11
31998	58300	2
31998	58308	9
31998	58321	29
31998	58352	60
31998	58397	17
31998	58461	15
31998	58495	29
31998	58523	16
31998	58554	21
31998	58590	22
31998	58667	5
31998	59180	3
31998	59546	5
31998	59876	10
31998	60099	13
31998	60118	49
31998	60133	5
31998	60172	2
31998	60237	5
31998	60359	8
31998	60673	1
31998	60684	4
31998	60694	7
31998	60714	16
31998	60722	32
31998	60921	1
31998	60998	18
31998	61024	1
31998	61043	24
31998	61085	26
31998	61109	59
31998	61120	1
31998	61194	48
31998	61244	7
31998	61269	2
31998	61501	7
31998	61755	2
31998	61836	3
31998	61914	8
31998	61953	12
31998	61985	6
31998	62270	5
31998	62508	1
31998	62577	9
31998	62585	14
31998	62594	6
31998	62612	36
31998	62636	14
31998	62656	8
31998	62662	6
31998	62695	4
31998	62713	12
31998	62722	11
31998	62730	10
31998	62752	36
31998	62779	28
31998	62813	23
31998	62863	2
31998	62878	1
31998	62911	4
31998	62919	7
31998	62930	9
31998	63080	10
31998	63096	11
31998	63158	54
31998	63189	9
31998	63388	5
32024	32070	1
32024	32327	16
32024	32564	1
32024	32659	2
32024	32723	12
32024	33074	26
32024	33332	21
32024	34120	2
32024	34125	32
32024	34483	19
32024	34621	1
32024	35760	30
32024	36290	1
32024	37556	2
32024	37971	14
32024	37989	1
32024	38228	7
32024	40155	88
32024	40250	3
32024	40285	80
32024	41174	15
32024	41575	2
32024	41600	19
32024	41723	1
32024	42020	4
32024	42168	9
32024	42694	3
32024	43479	3
32024	44019	3
32024	45000	12
32024	45766	1
32024	46584	1
32024	46756	2
32024	47199	9
32024	48454	16
32024	48571	1
32024	48621	32
32024	48633	3
32024	48720	4
32024	50543	1
32024	50550	11
32024	51116	13
32024	51385	4
32024	51506	21
32024	51591	3
32024	51626	6
32024	51676	2
32024	51888	2
32024	51954	2
32024	52257	7
32024	52286	4
32024	52675	2
32024	52688	21
32024	53044	3
32024	53406	1
32024	53692	1
32024	53706	5
32024	53875	12
32024	54487	1
32024	55041	41
32024	55630	2
32024	55970	1
32024	56705	1
32024	56783	1
32024	57029	2
32024	58286	7
32024	58300	1
32024	58308	1
32024	58352	6
32024	58397	4
32024	58461	1
32024	58495	2
32024	58523	9
32024	58554	4
32024	58590	3
32024	59180	1
32024	59545	3
32024	59819	1
32024	60118	1
32024	60133	3
32024	60172	3
32024	60237	1
32024	60694	2
32024	60722	1
32024	60921	6
32024	61024	1
32024	61043	1
32024	61085	4
32024	61120	1
32024	61194	1
32024	61501	5
32024	61727	9
32024	61755	13
32024	61836	6
32024	61914	1
32024	61953	1
32024	61985	2
32024	62270	15
32024	62612	1
32024	62636	2
32024	62656	2
32024	62662	1
32024	62695	1
32024	62713	1
32024	62722	1
32024	62752	5
32024	62779	1
32024	62863	1
32024	62878	1
32024	62930	3
32024	63096	4
32070	32327	2
32070	32564	2
32070	32653	1
32070	32659	20
32070	32723	13
32070	33074	13
32070	33332	10
32070	34120	12
32070	34125	25
32070	34247	4
32070	34483	23
32070	34621	1
32070	35107	3
32070	35760	5
32070	36201	1
32070	36440	3
32070	36817	1
32070	37971	98
32070	38228	5
32070	39660	19
32070	40155	27
32070	40285	22
32070	40983	1
32070	41179	6
32070	41575	1
32070	41600	7
32070	41882	1
32070	42168	7
32070	43479	2
32070	43794	3
32070	43860	5
32070	43884	3
32070	45000	2
32070	45766	1
32070	46424	6
32070	46751	2
32070	48454	11
32070	48621	10
32070	48633	2
32070	48720	29
32070	49021	2
32070	50543	4
32070	50550	8
32070	51116	1
32070	51385	5
32070	51506	2
32070	51676	15
32070	51954	1
32070	52257	3
32070	52286	1
32070	52378	23
32070	52451	1
32070	52675	3
32070	52688	18
32070	52712	1
32070	53044	4
32070	53107	1
32070	53406	3
32070	53457	6
32070	53656	1
32070	53692	3
32070	53875	8
32070	53878	1
32070	54003	1
32070	54416	3
32070	54487	11
32070	55041	14
32070	55347	2
32070	55577	20
32070	55630	1
32070	55970	1
32070	56177	4
32070	56705	3
32070	56783	6
32070	56817	1
32070	57029	1
32070	57350	6
32070	58286	2
32070	58300	2
32070	58308	2
32070	58321	4
32070	58397	1
32070	58461	1
32070	58495	1
32070	58523	2
32070	58554	2
32070	59545	1
32070	59546	2
32070	59819	5
32070	59876	2
32070	60118	8
32070	60299	1
32070	60684	1
32070	60714	1
32070	60921	46
32070	60998	1
32070	61024	1
32070	61085	1
32070	61109	1
32070	61194	3
32070	61501	1
32070	61727	2
32070	61755	4
32070	61836	3
32070	62270	154
32070	62612	1
32070	62636	4
32070	62656	2
32070	62705	1
32070	62730	1
32070	62752	5
32070	62779	2
32230	32560	14
32230	32564	110
32230	32659	5
32230	32723	2
32230	33074	6
32230	34125	12
32230	34247	2
32230	34483	9
32230	34558	19
32230	34621	11
32230	35107	3
32230	35710	9
32230	35722	9
32230	35760	5
32230	35856	7
32230	36440	4
32230	37971	7
32230	38017	6
32230	38228	1
32230	39660	2
32230	39669	1
32230	40155	1
32230	40285	3
32230	40820	1
32230	41179	3
32230	41492	1
32230	41600	4
32230	41723	1
32230	42020	1
32230	42168	7
32230	43479	2
32230	43794	2
32230	43860	2
32230	43884	1
32230	44080	11
32230	45307	3
32230	45766	35
32230	46482	2
32230	46584	2
32230	46756	1
32230	48454	5
32230	48621	4
32230	49021	1
32230	50019	6
32230	50040	2
32230	51385	5
32230	51626	2
32230	51676	6
32230	52286	1
32230	52378	5
32230	52419	3
32230	52451	2
32230	52688	14
32230	52712	7
32230	53044	14
32230	53107	3
32230	53406	8
32230	53457	30
32230	53650	5
32230	53656	3
32230	53875	1
32230	53878	10
32230	53926	2
32230	54003	2
32230	54416	12
32230	54487	7
32230	55041	3
32230	55347	1
32230	55577	8
32230	55906	2
32230	55970	3
32230	56177	2
32230	56783	2
32230	56817	16
32230	58230	42
32230	58270	4
32230	58286	1
32230	58300	4
32230	58308	10
32230	58321	7
32230	58352	14
32230	58397	5
32230	58461	2
32230	58495	18
32230	58523	4
32230	58554	4
32230	58590	13
32230	58667	1
32230	59545	2
32230	59546	19
32230	59876	5
32230	60099	1
32230	60118	106
32230	60133	1
32230	60281	2
32230	60299	4
32230	60359	7
32230	60673	2
32230	60694	1
32230	60714	29
32230	60722	4
32230	60921	1
32230	60998	12
32230	61024	1
32230	61085	33
32230	61109	53
32230	61194	69
32230	61244	3
32230	61501	2
32230	61538	2
32230	61755	1
32230	61914	3
32230	61953	6
32230	61985	3
32230	62270	4
32230	62577	1
32230	62585	8
32230	62594	15
32230	62612	2
32230	62636	6
32230	62656	7
32230	62662	2
32230	62695	4
32230	62705	4
32230	62713	4
32230	62722	3
32230	62730	10
32230	62752	11
32230	62779	12
32230	62813	2
32230	62863	5
32230	62878	1
32230	62919	1
32230	62930	4
32230	63158	14
32230	63189	25
32230	63497	16
32327	32560	1
32327	32564	12
32327	32653	1
32327	32659	79
32327	32723	50
32327	33074	19
32327	33332	90
32327	34120	4
32327	34125	113
32327	34247	13
32327	34483	74
32327	34621	11
32327	35107	1
32327	35760	29
32327	36134	5
32327	36201	6
32327	36290	2
32327	36440	1
32327	36817	3
32327	37971	33
32327	37989	3
32327	38017	5
32327	38228	7
32327	39660	3
32327	40155	69
32327	40250	2
32327	40285	323
32327	40983	3
32327	41174	69
32327	41179	9
32327	41492	1
32327	41575	21
32327	41600	32
32327	41723	2
32327	41930	3
32327	42020	12
32327	42168	9
32327	42694	1
32327	43479	9
32327	43860	2
32327	43884	2
32327	44019	13
32327	44080	3
32327	45000	59
32327	45766	7
32327	46424	8
32327	46584	3
32327	46756	18
32327	47199	2
32327	48454	40
32327	48571	6
32327	48621	42
32327	48633	32
32327	48720	8
32327	48832	7
32327	49021	6
32327	50040	1
32327	50277	2
32327	50543	6
32327	50550	31
32327	51116	31
32327	51139	7
32327	51385	9
32327	51506	9
32327	51591	7
32327	51626	4
32327	51676	35
32327	51954	10
32327	52257	4
32327	52286	7
32327	52378	6
32327	52675	21
32327	52688	36
32327	53044	12
32327	53406	13
32327	53457	1
32327	53692	9
32327	53706	35
32327	53875	29
32327	53878	1
32327	53926	1
32327	54416	3
32327	54487	4
32327	55041	40
32327	55577	5
32327	55630	2
32327	56177	28
32327	56705	5
32327	56783	15
32327	57029	1
32327	58270	2
32327	58286	8
32327	58300	3
32327	58308	5
32327	58321	2
32327	58352	19
32327	58397	11
32327	58461	3
32327	58495	6
32327	58523	12
32327	58554	11
32327	58590	9
32327	58667	1
32327	59180	9
32327	59545	9
32327	59546	1
32327	59819	3
32327	60118	8
32327	60133	1
32327	60172	11
32327	60237	2
32327	60673	2
32327	60694	4
32327	60714	1
32327	60722	6
32327	60921	4
32327	60998	8
32327	61024	16
32327	61043	4
32327	61085	6
32327	61109	2
32327	61120	5
32327	61194	4
32327	61244	2
32327	61269	4
32327	61501	5
32327	61727	47
32327	61755	17
32327	61836	4
32327	61914	1
32327	61953	2
32327	61985	1
32327	62270	9
32327	62508	1
32327	62577	1
32327	62612	4
32327	62636	3
32327	62662	3
32327	62705	2
32327	62713	1
32327	62730	5
32327	62752	7
32327	62779	9
32327	62813	2
32327	62863	1
32327	62878	4
32327	62911	1
32327	62919	1
32327	62930	2
32327	63080	3
32327	63096	9
32327	63158	1
32327	63388	1
32327	63390	2
32560	32564	308
32560	32653	2
32560	32659	10
32560	32723	8
32560	33074	36
32560	33573	15
32560	34120	1
32560	34125	72
32560	34247	4
32560	34483	43
32560	34558	21
32560	34621	12
32560	35107	16
32560	35710	18
32560	35722	27
32560	35760	7
32560	35856	13
32560	36134	1
32560	36290	3
32560	36440	11
32560	36817	13
32560	37971	17
32560	37989	1
32560	38017	22
32560	38228	6
32560	39669	9
32560	40155	2
32560	40285	24
32560	40769	14
32560	40820	9
32560	40983	3
32560	41179	10
32560	41600	17
32560	41723	7
32560	42020	6
32560	42168	8
32560	42694	4
32560	43794	30
32560	43860	3
32560	43884	1
32560	44019	3
32560	44080	50
32560	45307	27
32560	45766	78
32560	46424	1
32560	46482	18
32560	46584	10
32560	46751	37
32560	46756	12
32560	47199	1
32560	48454	27
32560	48571	5
32560	48621	22
32560	48832	3
32560	49021	2
32560	50019	12
32560	50040	10
32560	50277	3
32560	50543	2
32560	50550	1
32560	51116	2
32560	51139	1
32560	51385	7
32560	51506	4
32560	51591	2
32560	51676	14
32560	51782	51
32560	51954	8
32560	52257	8
32560	52286	7
32560	52378	8
32560	52419	35
32560	52451	17
32560	52675	11
32560	52688	47
32560	52712	51
32560	53044	17
32560	53107	4
32560	53406	4
32560	53449	2
32560	53457	24
32560	53650	8
32560	53692	5
32560	53875	12
32560	53878	20
32560	53926	5
32560	54003	2
32560	54416	21
32560	54487	54
32560	55041	18
32560	55347	6
32560	55577	3
32560	55906	1
32560	55970	3
32560	56177	5
32560	56705	19
32560	56783	3
32560	56817	5
32560	57029	6
32560	57350	1
32560	58230	66
32560	58270	8
32560	58286	1
32560	58300	2
32560	58308	17
32560	58321	31
32560	58352	19
32560	58397	24
32560	58461	17
32560	58495	9
32560	58523	22
32560	58554	12
32560	58590	28
32560	58667	43
32560	59180	10
32560	59545	1
32560	59546	128
32560	59876	39
32560	60099	7
32560	60118	141
32560	60133	3
32560	60237	1
32560	60299	12
32560	60359	60
32560	60673	5
32560	60684	8
32560	60714	16
32560	60921	1
32560	60998	43
32560	61043	1
32560	61085	31
32560	61109	202
32560	61120	5
32560	61194	56
32560	61244	26
32560	61269	3
32560	61501	26
32560	61755	5
32560	61914	3
32560	61953	32
32560	61985	4
32560	62270	1
32560	62577	10
32560	62585	12
32560	62594	6
32560	62612	28
32560	62636	6
32560	62656	8
32560	62662	4
32560	62695	14
32560	62705	1
32560	62713	1
32560	62722	10
32560	62730	10
32560	62752	44
32560	62779	33
32560	62813	11
32560	62863	4
32560	62878	5
32560	62911	6
32560	62919	5
32560	62930	20
32560	63080	6
32560	63096	5
32560	63158	40
32560	63189	25
32560	63388	22
32560	63390	2
32560	63497	1
32564	32653	4
32564	32659	77
32564	32723	35
32564	33074	120
32564	33332	2
32564	34120	13
32564	34125	259
32564	34247	21
32564	34483	259
32564	34558	93
32564	34621	68
32564	35107	41
32564	35710	66
32564	35722	86
32564	35760	45
32564	35856	77
32564	36134	17
32564	36201	7
32564	36290	23
32564	36440	40
32564	36817	41
32564	37556	10
32564	37971	187
32564	37989	6
32564	38017	53
32564	38228	44
32564	39660	14
32564	39669	44
32564	40155	28
32564	40250	1
32564	40285	79
32564	40769	38
32564	40820	43
32564	40983	13
32564	41174	7
32564	41179	46
32564	41492	6
32564	41575	2
32564	41600	58
32564	41723	14
32564	41930	5
32564	42020	25
32564	42168	111
32564	42694	13
32564	43479	14
32564	43794	49
32564	43860	21
32564	43884	3
32564	44019	2
32564	44080	151
32564	45000	7
32564	45307	99
32564	45766	249
32564	46424	17
32564	46482	44
32564	46584	44
32564	46751	39
32564	46756	16
32564	47199	2
32564	48454	66
32564	48571	4
32564	48621	93
32564	48633	5
32564	48720	3
32564	48832	15
32564	49021	11
32564	50019	39
32564	50040	24
32564	50277	12
32564	50543	4
32564	50550	11
32564	51116	7
32564	51385	35
32564	51506	12
32564	51591	11
32564	51626	12
32564	51676	97
32564	51782	80
32564	51888	3
32564	51954	17
32564	52257	21
32564	52286	14
32564	52378	25
32564	52419	83
32564	52451	58
32564	52675	25
32564	52688	181
32564	52712	168
32564	53044	90
32564	53107	36
32564	53297	12
32564	53406	67
32564	53449	8
32564	53457	156
32564	53650	90
32564	53656	11
32564	53692	10
32564	53706	5
32564	53875	101
32564	53878	67
32564	53926	30
32564	54003	11
32564	54416	258
32564	54487	114
32564	55041	67
32564	55347	29
32564	55577	41
32564	55630	5
32564	55906	30
32564	55970	13
32564	56177	84
32564	56705	46
32564	56783	56
32564	56817	48
32564	57029	16
32564	57350	5
32564	58230	292
32564	58270	36
32564	58286	5
32564	58300	19
32564	58308	83
32564	58321	77
32564	58352	71
32564	58397	43
32564	58461	29
32564	58495	55
32564	58523	46
32564	58554	43
32564	58590	114
32564	58667	75
32564	59180	29
32564	59545	15
32564	59546	328
32564	59819	3
32564	59876	116
32564	60099	14
32564	60118	786
32564	60133	21
32564	60172	3
32564	60237	15
32564	60281	13
32564	60299	41
32564	60359	145
32564	60673	33
32564	60694	12
32564	60714	89
32564	60722	23
32564	60921	15
32564	60998	134
32564	61024	29
32564	61043	5
32564	61085	190
32564	61109	763
32564	61120	7
32564	61194	354
32564	61244	29
32564	61269	15
32564	61501	92
32564	61538	7
32564	61727	3
32564	61755	40
32564	61836	1
32564	61914	20
32564	61953	80
32564	61985	12
32564	62270	18
32564	62508	1
32564	62577	12
32564	62585	57
32564	62594	27
32564	62612	58
32564	62636	38
32564	62656	26
32564	62662	12
32564	62695	49
32564	62705	5
32564	62713	12
32564	62722	21
32564	62730	59
32564	62752	99
32564	62779	84
32564	62813	28
32564	62863	24
32564	62878	3
32564	62911	54
32564	62919	5
32564	62930	47
32564	63080	36
32564	63096	11
32564	63158	149
32564	63189	112
32564	63388	2
32564	63390	2
32564	63497	23
32653	32659	2
32653	32723	30
32653	33074	30
32653	33332	1
32653	34125	31
32653	34247	4
32653	34483	17
32653	35760	27
32653	36134	2
32653	36290	1
32653	36440	1
32653	37971	8
32653	37989	1
32653	38228	2
32653	39660	1
32653	40155	5
32653	40250	1
32653	40285	5
32653	41174	2
32653	41179	2
32653	41575	1
32653	41600	14
32653	42020	1
32653	42168	5
32653	43479	8
32653	46424	2
32653	46482	2
32653	46584	4
32653	47199	8
32653	48454	22
32653	48571	1
32653	48621	27
32653	49021	5
32653	50040	3
32653	50543	5
32653	50550	18
32653	51116	2
32653	51385	2
32653	51506	2
32653	51591	6
32653	51626	3
32653	51676	3
32653	51782	1
32653	51888	1
32653	51954	1
32653	52257	1
32653	52286	18
32653	52378	8
32653	52451	1
32653	52675	4
32653	52688	29
32653	53044	2
32653	53297	2
32653	53406	7
32653	53449	1
32653	53656	2
32653	53875	14
32653	54003	2
32653	54487	12
32653	55041	33
32653	55577	9
32653	55906	2
32653	55970	1
32653	56177	4
32653	56705	19
32653	56783	2
32653	57350	4
32653	58270	1
32653	58300	19
32653	58321	2
32653	58352	14
32653	58397	9
32653	58461	2
32653	58495	10
32653	58523	13
32653	58554	8
32653	58590	3
32653	59180	3
32653	59545	1
32653	59819	1
32653	60118	5
32653	60133	1
32653	60172	9
32653	60299	2
32653	60694	4
32653	60714	1
32653	60998	24
32653	61043	2
32653	61085	4
32653	61269	6
32653	61501	11
32653	61538	2
32653	61727	3
32653	61755	7
32653	61836	2
32653	61985	4
32653	62270	2
32653	62508	3
32653	62594	1
32653	62612	3
32653	62636	2
32653	62662	2
32653	62730	1
32653	62752	2
32653	62779	16
32653	62813	1
32653	62911	1
32653	62930	1
32653	63189	1
32653	63388	4
32653	63390	1
32659	32723	24
32659	33074	42
32659	33332	36
32659	34120	6
32659	34125	175
32659	34247	29
32659	34483	404
32659	34558	4
32659	34621	3
32659	35710	1
32659	35722	3
32659	35760	28
32659	35856	2
32659	36134	33
32659	36201	4
32659	36290	2
32659	36817	3
32659	37971	95
32659	37989	1
32659	38017	7
32659	38228	15
32659	39660	4
32659	39669	1
32659	40155	68
32659	40285	165
32659	40820	5
32659	40983	34
32659	41174	86
32659	41179	21
32659	41492	35
32659	41575	18
32659	41600	37
32659	41723	1
32659	41930	6
32659	42020	90
32659	42168	23
32659	42603	3
32659	43479	2
32659	43794	3
32659	43860	13
32659	43884	10
32659	44019	7
32659	44080	3
32659	45000	71
32659	45307	1
32659	45766	13
32659	46424	98
32659	46584	5
32659	46751	1
32659	46756	49
32659	47199	1
32659	48454	12
32659	48571	84
32659	48621	61
32659	48633	2
32659	48720	17
32659	48832	114
32659	50019	1
32659	50040	1
32659	50277	36
32659	50543	7
32659	50550	13
32659	51116	22
32659	51139	31
32659	51385	20
32659	51506	1
32659	51591	2
32659	51626	14
32659	51676	167
32659	51782	9
32659	51954	5
32659	52257	3
32659	52286	6
32659	52378	10
32659	52419	1
32659	52451	4
32659	52675	5
32659	52688	103
32659	52712	4
32659	53044	31
32659	53107	2
32659	53297	1
32659	53406	35
32659	53449	9
32659	53457	22
32659	53650	1
32659	53656	4
32659	53692	8
32659	53706	3
32659	53875	65
32659	53878	2
32659	53926	2
32659	54003	1
32659	54416	4
32659	54487	5
32659	55041	53
32659	55347	7
32659	55577	11
32659	55906	8
32659	55970	4
32659	56177	285
32659	56705	14
32659	56783	186
32659	56817	4
32659	57029	23
32659	57350	1
32659	58230	4
32659	58270	58
32659	58286	1
32659	58300	8
32659	58308	3
32659	58321	1
32659	58352	5
32659	58397	20
32659	58461	7
32659	58495	11
32659	58523	14
32659	58554	16
32659	58590	5
32659	58667	5
32659	59180	8
32659	59545	4
32659	59546	10
32659	60118	45
32659	60133	11
32659	60172	1
32659	60237	12
32659	60281	9
32659	60299	6
32659	60359	3
32659	60673	5
32659	60722	16
32659	60921	33
32659	60998	2
32659	61024	195
32659	61043	6
32659	61085	9
32659	61109	16
32659	61120	3
32659	61194	30
32659	61244	18
32659	61269	1
32659	61501	28
32659	61538	1
32659	61727	8
32659	61755	42
32659	61836	2
32659	61953	1
32659	61985	9
32659	62270	74
32659	62612	10
32659	62636	8
32659	62662	7
32659	62695	7
32659	62705	9
32659	62713	2
32659	62722	1
32659	62730	3
32659	62752	18
32659	62779	7
32659	62863	2
32659	62878	2
32659	62911	1
32659	62919	2
32659	62930	3
32659	63080	2
32659	63158	1
32659	63189	1
32659	63497	7
32723	33074	131
32723	33332	175
32723	34120	11
32723	34125	225
32723	34247	39
32723	34483	137
32723	34621	6
32723	35107	2
32723	35760	164
32723	35856	2
32723	36134	13
32723	36201	15
32723	36290	8
32723	36440	5
32723	36817	6
32723	37556	14
32723	37971	111
32723	37989	22
32723	38017	4
32723	38228	30
32723	39660	13
32723	39669	3
32723	40155	84
32723	40250	3
32723	40285	290
32723	40769	1
32723	40820	1
32723	40983	13
32723	41174	55
32723	41179	26
32723	41492	2
32723	41575	13
32723	41600	124
32723	41723	8
32723	41930	6
32723	42020	14
32723	42168	46
32723	42603	2
32723	42694	13
32723	43479	35
32723	43794	3
32723	43860	7
32723	43884	2
32723	44019	14
32723	44080	4
32723	45000	33
32723	45307	1
32723	45766	8
32723	46424	7
32723	46482	5
32723	46584	18
32723	46751	14
32723	46756	6
32723	47199	16
32723	48454	140
32723	48571	4
32723	48621	135
32723	48633	29
32723	48720	36
32723	48832	1
32723	49021	2
32723	50019	1
32723	50040	11
32723	50543	26
32723	50550	126
32723	51116	36
32723	51139	2
32723	51385	23
32723	51506	32
32723	51591	34
32723	51626	23
32723	51676	48
32723	51888	7
32723	51954	21
32723	52257	30
32723	52286	62
32723	52378	22
32723	52419	3
32723	52451	6
32723	52675	16
32723	52688	182
32723	52712	2
32723	53044	29
32723	53107	6
32723	53297	7
32723	53406	33
32723	53449	8
32723	53457	2
32723	53650	1
32723	53656	6
32723	53692	10
32723	53706	21
32723	53875	107
32723	53878	7
32723	53926	3
32723	54003	3
32723	54416	1
32723	54487	58
32723	55041	157
32723	55347	14
32723	55577	46
32723	55630	9
32723	55906	7
32723	55970	11
32723	56177	21
32723	56705	64
32723	56783	14
32723	57029	21
32723	57350	6
32723	58270	19
32723	58286	22
32723	58300	21
32723	58308	8
32723	58321	14
32723	58352	59
32723	58397	45
32723	58461	12
32723	58495	37
32723	58523	41
32723	58554	43
32723	58590	25
32723	58667	3
32723	59180	28
32723	59545	28
32723	59546	9
32723	59819	11
32723	59876	5
32723	60099	2
32723	60118	29
32723	60133	10
32723	60172	12
32723	60237	10
32723	60281	5
32723	60299	18
32723	60359	1
32723	60673	5
32723	60684	1
32723	60694	29
32723	60714	4
32723	60722	16
32723	60921	24
32723	60998	29
32723	61024	14
32723	61043	11
32723	61085	14
32723	61109	7
32723	61120	15
32723	61194	10
32723	61244	3
32723	61269	23
32723	61501	112
32723	61538	23
32723	61727	17
32723	61755	26
32723	61836	20
32723	61914	10
32723	61953	6
32723	61985	17
32723	62270	36
32723	62508	43
32723	62577	4
32723	62585	1
32723	62594	2
32723	62612	28
32723	62636	32
32723	62656	7
32723	62662	10
32723	62695	5
32723	62705	16
32723	62713	4
32723	62722	10
32723	62730	17
32723	62752	22
32723	62779	52
32723	62813	16
32723	62863	10
32723	62878	10
32723	62911	5
32723	62919	2
32723	62930	2
32723	63080	6
32723	63096	11
32723	63158	3
32723	63189	13
32723	63388	15
32723	63390	20
32723	63497	1
33074	33332	8
33074	33573	1
33074	34120	13
33074	34125	747
33074	34247	63
33074	34483	366
33074	34621	7
33074	35107	29
33074	35710	4
33074	35760	171
33074	35856	4
33074	36134	36
33074	36201	47
33074	36290	26
33074	36440	26
33074	36817	12
33074	37556	72
33074	37971	357
33074	37989	14
33074	38017	8
33074	38228	140
33074	39660	19
33074	39669	6
33074	40155	207
33074	40250	63
33074	40285	182
33074	40769	2
33074	40820	29
33074	40983	27
33074	41174	38
33074	41179	60
33074	41492	7
33074	41575	11
33074	41600	116
33074	41723	2
33074	41882	2
33074	41930	49
33074	42020	47
33074	42168	508
33074	42694	110
33074	43479	43
33074	43794	15
33074	43860	27
33074	43884	4
33074	44019	11
33074	44080	11
33074	45000	4
33074	45307	4
33074	45766	28
33074	46424	11
33074	46482	11
33074	46584	88
33074	46751	136
33074	46756	13
33074	47199	10
33074	48454	197
33074	48571	7
33074	48621	375
33074	48633	14
33074	48720	3
33074	48832	11
33074	49021	82
33074	50019	23
33074	50040	3
33074	50277	2
33074	50543	15
33074	50550	94
33074	51116	30
33074	51139	19
33074	51385	110
33074	51506	229
33074	51591	29
33074	51626	121
33074	51676	81
33074	51782	7
33074	51888	24
33074	51954	106
33074	52257	52
33074	52286	92
33074	52378	57
33074	52419	5
33074	52451	12
33074	52675	54
33074	52688	347
33074	52712	14
33074	53044	48
33074	53107	5
33074	53297	34
33074	53406	79
33074	53449	39
33074	53457	47
33074	53650	6
33074	53656	120
33074	53692	24
33074	53706	12
33074	53875	182
33074	53878	7
33074	53926	9
33074	54003	25
33074	54416	6
33074	54487	179
33074	55041	149
33074	55347	25
33074	55577	94
33074	55630	52
33074	55906	21
33074	55970	55
33074	56177	80
33074	56705	252
33074	56783	50
33074	56817	2
33074	57029	44
33074	57350	99
33074	58230	26
33074	58270	6
33074	58286	27
33074	58300	9
33074	58308	8
33074	58321	10
33074	58352	24
33074	58397	22
33074	58461	6
33074	58495	13
33074	58523	47
33074	58554	45
33074	58590	27
33074	58667	8
33074	59180	59
33074	59545	38
33074	59546	50
33074	59819	61
33074	59876	10
33074	60118	68
33074	60133	9
33074	60172	13
33074	60237	16
33074	60281	63
33074	60299	26
33074	60359	12
33074	60673	4
33074	60684	1
33074	60694	2
33074	60714	37
33074	60722	2
33074	60921	25
33074	60998	20
33074	61024	13
33074	61043	2
33074	61085	16
33074	61109	53
33074	61120	4
33074	61194	37
33074	61244	2
33074	61269	13
33074	61501	175
33074	61538	61
33074	61727	32
33074	61755	48
33074	61836	18
33074	61914	7
33074	61953	15
33074	61985	16
33074	62270	70
33074	62508	7
33074	62577	5
33074	62585	3
33074	62594	2
33074	62612	23
33074	62636	9
33074	62656	5
33074	62662	9
33074	62695	4
33074	62705	12
33074	62713	5
33074	62722	5
33074	62730	14
33074	62752	16
33074	62779	36
33074	62813	9
33074	62863	4
33074	62878	2
33074	62911	15
33074	62919	15
33074	62930	2
33074	63080	13
33074	63096	17
33074	63158	10
33074	63189	11
33074	63388	14
33074	63390	32
33074	63497	10
33332	34120	28
33332	34125	104
33332	34247	2
33332	34483	17
33332	34621	8
33332	35760	8
33332	36134	1
33332	36201	4
33332	36290	3
33332	37971	155
33332	38228	3
33332	39660	3
33332	39669	1
33332	40155	94
33332	40285	413
33332	40820	1
33332	41174	76
33332	41575	13
33332	41600	15
33332	41930	1
33332	42020	2
33332	42168	4
33332	42694	2
33332	43479	1
33332	44019	28
33332	45000	52
33332	45766	4
33332	46751	2
33332	46756	5
33332	48454	45
33332	48571	1
33332	48621	11
33332	48633	35
33332	48720	91
33332	50040	4
33332	50550	42
33332	51116	25
33332	51385	2
33332	51506	3
33332	51591	9
33332	51626	5
33332	51676	19
33332	51954	2
33332	52257	2
33332	52286	1
33332	52378	1
33332	52675	22
33332	52688	20
33332	53044	15
33332	53107	1
33332	53297	1
33332	53406	5
33332	53692	4
33332	53706	52
33332	53875	12
33332	53926	1
33332	54416	1
33332	55041	21
33332	55347	1
33332	55577	7
33332	55630	2
33332	55906	1
33332	56177	6
33332	56705	5
33332	56783	6
33332	57350	2
33332	58286	5
33332	58300	2
33332	58308	2
33332	58321	3
33332	58352	5
33332	58397	22
33332	58461	2
33332	58495	7
33332	58523	14
33332	58554	6
33332	58590	7
33332	59180	23
33332	59545	28
33332	60099	1
33332	60118	2
33332	60172	2
33332	60281	1
33332	60299	2
33332	60684	1
33332	60694	2
33332	60722	1
33332	60921	57
33332	60998	6
33332	61024	4
33332	61043	1
33332	61085	3
33332	61120	22
33332	61194	4
33332	61501	13
33332	61727	65
33332	61755	5
33332	61836	1
33332	61914	2
33332	61985	1
33332	62270	119
33332	62612	3
33332	62636	6
33332	62656	2
33332	62695	8
33332	62705	1
33332	62713	3
33332	62730	4
33332	62752	7
33332	62779	4
33332	62813	5
33332	62863	4
33332	62878	8
33332	62919	2
33332	62930	4
33332	63096	3
33332	63189	2
33332	63390	3
33573	34125	31
33573	34247	1
33573	34483	172
33573	36134	5
33573	36290	1
33573	37971	1
33573	37989	2
33573	40155	8
33573	40285	15
33573	40769	121
33573	40983	11
33573	41174	5
33573	41575	3
33573	41723	15
33573	42020	42
33573	43860	4
33573	46424	6
33573	46756	234
33573	48454	1
33573	48571	75
33573	48621	2
33573	48633	1
33573	48832	10
33573	50277	56
33573	50543	3
33573	51139	5
33573	51385	2
33573	51676	35
33573	51954	2
33573	52286	2
33573	52675	2
33573	52688	22
33573	53406	3
33573	53449	38
33573	53875	4
33573	54003	1
33573	55041	5
33573	56177	52
33573	56705	5
33573	56783	10
33573	57029	3
33573	58308	15
33573	58352	18
33573	58397	1
33573	58461	15
33573	58554	1
33573	58590	15
33573	59180	2
33573	59545	4
33573	60099	15
33573	60237	5
33573	60684	105
33573	61024	5
33573	61120	15
33573	61194	15
33573	61244	277
33573	61501	1
33573	61755	3
33573	61985	15
33573	62577	1
33573	62612	16
33573	62636	2
33573	62705	2
33573	62713	1
33573	62722	15
33573	62730	15
33573	62752	150
33573	62863	30
33573	62878	60
33573	62919	15
33573	63497	18
34120	34125	31
34120	34247	2
34120	34483	27
34120	35710	1
34120	35722	1
34120	35760	4
34120	36134	2
34120	36201	4
34120	36290	6
34120	36440	1
34120	36817	2
34120	37971	90
34120	38228	7
34120	39660	12
34120	39669	7
34120	40155	19
34120	40285	19
34120	40820	5
34120	40983	10
34120	41174	3
34120	41179	3
34120	41600	5
34120	41930	7
34120	42020	1
34120	42168	18
34120	43479	1
34120	43794	1
34120	43860	6
34120	43884	1
34120	44019	1
34120	44080	1
34120	45000	3
34120	45307	1
34120	45766	6
34120	46424	4
34120	46482	1
34120	46584	4
34120	46751	3
34120	48454	1
34120	48621	10
34120	48633	1
34120	48720	8
34120	48832	5
34120	49021	3
34120	50019	2
34120	50277	6
34120	50550	7
34120	51116	1
34120	51139	2
34120	51385	7
34120	51506	3
34120	51591	3
34120	51626	1
34120	51676	23
34120	51954	1
34120	52257	1
34120	52286	1
34120	52378	3
34120	52451	8
34120	52675	1
34120	52688	13
34120	53044	3
34120	53107	1
34120	53297	8
34120	53406	15
34120	53650	1
34120	53656	2
34120	53692	2
34120	53706	1
34120	53875	24
34120	53878	2
34120	53926	3
34120	54003	2
34120	54416	3
34120	54487	8
34120	55041	6
34120	55347	24
34120	55577	12
34120	55630	1
34120	55906	14
34120	55970	2
34120	56177	14
34120	56705	3
34120	56783	10
34120	56817	2
34120	57029	11
34120	57350	1
34120	58230	3
34120	58270	1
34120	58286	1
34120	58300	1
34120	58321	1
34120	58461	2
34120	58523	3
34120	58554	5
34120	58590	3
34120	58667	1
34120	59180	3
34120	59546	1
34120	59819	2
34120	59876	1
34120	60118	9
34120	60281	3
34120	60299	2
34120	60673	1
34120	60694	1
34120	60722	2
34120	60921	36
34120	60998	1
34120	61024	4
34120	61085	4
34120	61109	4
34120	61120	1
34120	61194	10
34120	61501	3
34120	61727	2
34120	61755	6
34120	61836	1
34120	61914	3
34120	61985	1
34120	62270	103
34120	62577	1
34120	62612	2
34120	62636	1
34120	62695	2
34120	62713	2
34120	62722	2
34120	62730	3
34120	62752	3
34120	62813	4
34120	62911	2
34120	62930	1
34120	63080	7
34120	63189	3
34120	63497	1
34125	34247	90
34125	34483	970
34125	34558	6
34125	34621	24
34125	35107	39
34125	35710	7
34125	35722	17
34125	35760	191
34125	35856	15
34125	36134	80
34125	36201	40
34125	36290	50
34125	36440	25
34125	36817	34
34125	37556	39
34125	37971	458
34125	37989	32
34125	38017	20
34125	38228	151
34125	39660	23
34125	39669	25
34125	40155	350
34125	40250	30
34125	40285	764
34125	40769	11
34125	40820	43
34125	40983	78
34125	41174	136
34125	41179	68
34125	41492	49
34125	41575	38
34125	41600	189
34125	41723	13
34125	41882	6
34125	41930	54
34125	42020	112
34125	42168	346
34125	42603	12
34125	42694	101
34125	43479	54
34125	43794	13
34125	43860	41
34125	43884	12
34125	44019	31
34125	44080	29
34125	45000	101
34125	45307	13
34125	45766	74
34125	46424	76
34125	46482	29
34125	46584	88
34125	46751	131
34125	46756	96
34125	47199	20
34125	48454	263
34125	48571	36
34125	48621	401
34125	48633	41
34125	48720	26
34125	48832	93
34125	49021	51
34125	50019	30
34125	50040	13
34125	50277	37
34125	50543	39
34125	50550	120
34125	51116	111
34125	51139	52
34125	51385	123
34125	51506	168
34125	51591	65
34125	51626	100
34125	51676	222
34125	51782	3
34125	51888	15
34125	51954	115
34125	52257	62
34125	52286	98
34125	52378	68
34125	52419	16
34125	52451	31
34125	52675	73
34125	52688	539
34125	52712	24
34125	53044	79
34125	53107	10
34125	53297	53
34125	53406	104
34125	53449	79
34125	53457	57
34125	53650	80
34125	53656	56
34125	53692	23
34125	53706	46
34125	53875	235
34125	53878	19
34125	53926	22
34125	54003	41
34125	54416	71
34125	54487	171
34125	55041	262
34125	55347	66
34125	55577	70
34125	55630	56
34125	55906	43
34125	55970	47
34125	56177	328
34125	56705	290
34125	56783	224
34125	56817	15
34125	57029	109
34125	57350	98
34125	58230	43
34125	58270	50
34125	58286	39
34125	58300	20
34125	58308	7
34125	58321	33
34125	58352	69
34125	58397	47
34125	58461	33
34125	58495	41
34125	58523	92
34125	58554	76
34125	58590	50
34125	58667	11
34125	59180	66
34125	59545	65
34125	59546	85
34125	59819	55
34125	59876	18
34125	60099	6
34125	60118	153
34125	60133	19
34125	60172	23
34125	60237	21
34125	60281	46
34125	60299	35
34125	60359	12
34125	60673	10
34125	60684	14
34125	60694	15
34125	60714	47
34125	60722	13
34125	60921	62
34125	60998	27
34125	61024	66
34125	61043	8
34125	61085	57
34125	61109	112
34125	61120	23
34125	61194	71
34125	61244	27
34125	61269	31
34125	61501	182
34125	61538	50
34125	61727	58
34125	61755	96
34125	61836	36
34125	61914	21
34125	61953	17
34125	61985	21
34125	62270	106
34125	62508	27
34125	62577	12
34125	62585	2
34125	62594	12
34125	62612	48
34125	62636	32
34125	62656	6
34125	62662	29
34125	62695	21
34125	62705	10
34125	62713	14
34125	62722	14
34125	62730	27
34125	62752	53
34125	62779	93
34125	62813	27
34125	62863	10
34125	62878	16
34125	62911	32
34125	62919	9
34125	62930	17
34125	63080	28
34125	63096	29
34125	63158	16
34125	63189	36
34125	63388	14
34125	63390	39
34125	63497	13
34247	34483	149
34247	34558	1
34247	35722	1
34247	35760	73
34247	36134	8
34247	36290	2
34247	36440	2
34247	36817	1
34247	37556	5
34247	37971	23
34247	37989	4
34247	38228	14
34247	39660	6
34247	40155	16
34247	40250	2
34247	40285	57
34247	40983	8
34247	41174	20
34247	41179	6
34247	41492	4
34247	41575	16
34247	41600	50
34247	41723	1
34247	41882	7
34247	42020	7
34247	42168	15
34247	42603	2
34247	43479	7
34247	43794	1
34247	43884	1
34247	44019	2
34247	44080	2
34247	45000	6
34247	45307	1
34247	45766	2
34247	46424	17
34247	46584	10
34247	46751	14
34247	46756	4
34247	47199	1
34247	48454	51
34247	48571	6
34247	48621	100
34247	48832	2
34247	49021	1
34247	50019	1
34247	50040	1
34247	50277	4
34247	50543	8
34247	50550	21
34247	51116	10
34247	51139	1
34247	51385	14
34247	51506	10
34247	51591	7
34247	51626	4
34247	51676	32
34247	51888	14
34247	51954	10
34247	52257	9
34247	52286	20
34247	52378	9
34247	52419	2
34247	52451	4
34247	52675	9
34247	52688	91
34247	52712	2
34247	53044	6
34247	53297	3
34247	53406	12
34247	53449	6
34247	53457	1
34247	53656	3
34247	53692	1
34247	53706	1
34247	53875	46
34247	54487	37
34247	55041	54
34247	55347	4
34247	55577	11
34247	55630	15
34247	55906	2
34247	55970	3
34247	56177	21
34247	56705	31
34247	56783	14
34247	57029	12
34247	57350	5
34247	58230	2
34247	58270	4
34247	58286	12
34247	58300	5
34247	58352	12
34247	58397	6
34247	58461	1
34247	58495	2
34247	58523	4
34247	58554	6
34247	58590	6
34247	58667	1
34247	59180	12
34247	59545	9
34247	59546	2
34247	59819	6
34247	60118	8
34247	60133	1
34247	60172	7
34247	60237	2
34247	60281	5
34247	60299	5
34247	60694	1
34247	60714	10
34247	60722	2
34247	60921	4
34247	60998	4
34247	61024	5
34247	61085	7
34247	61109	2
34247	61120	1
34247	61194	7
34247	61269	2
34247	61501	40
34247	61538	6
34247	61727	5
34247	61755	9
34247	61836	2
34247	61953	2
34247	61985	3
34247	62270	13
34247	62508	7
34247	62612	6
34247	62636	8
34247	62656	1
34247	62662	1
34247	62695	1
34247	62705	3
34247	62722	2
34247	62730	1
34247	62752	1
34247	62779	7
34247	62813	2
34247	62863	2
34247	62911	2
34247	62930	1
34247	63096	3
34247	63189	6
34247	63388	3
34247	63390	6
34247	63497	3
34483	34558	5
34483	34621	20
34483	35107	12
34483	35710	2
34483	35722	6
34483	35760	133
34483	35856	9
34483	36134	257
34483	36201	14
34483	36290	49
34483	36440	13
34483	36817	23
34483	37556	11
34483	37971	488
34483	37989	38
34483	38017	15
34483	38228	134
34483	39660	22
34483	39669	16
34483	40155	270
34483	40250	11
34483	40285	536
34483	40769	54
34483	40820	6
34483	40983	142
34483	41174	124
34483	41179	88
34483	41492	89
34483	41575	49
34483	41600	170
34483	41723	8
34483	41930	13
34483	42020	420
34483	42168	365
34483	42603	2
34483	42694	13
34483	43479	26
34483	43794	24
34483	43860	168
34483	43884	66
34483	44019	28
34483	44080	10
34483	45000	34
34483	45307	7
34483	45766	54
34483	46424	265
34483	46482	9
34483	46584	85
34483	46751	11
34483	46756	424
34483	47199	11
34483	48454	138
34483	48571	123
34483	48621	484
34483	48633	16
34483	48720	9
34483	48832	284
34483	49021	13
34483	50019	2
34483	50040	10
34483	50277	100
34483	50543	41
34483	50550	58
34483	51116	64
34483	51139	55
34483	51385	156
34483	51506	136
34483	51591	35
34483	51626	50
34483	51676	541
34483	51782	16
34483	51888	9
34483	51954	37
34483	52257	55
34483	52286	95
34483	52378	80
34483	52419	8
34483	52451	27
34483	52675	41
34483	52688	654
34483	52712	16
34483	53044	68
34483	53107	19
34483	53297	48
34483	53406	219
34483	53449	259
34483	53457	91
34483	53650	36
34483	53656	30
34483	53692	23
34483	53706	23
34483	53875	265
34483	53878	47
34483	53926	5
34483	54003	51
34483	54416	257
34483	54487	187
34483	55041	302
34483	55347	63
34483	55577	135
34483	55630	22
34483	55906	63
34483	55970	45
34483	56177	1134
34483	56705	287
34483	56783	889
34483	56817	5
34483	57029	137
34483	57350	12
34483	58230	25
34483	58270	165
34483	58286	27
34483	58300	13
34483	58308	23
34483	58321	13
34483	58352	50
34483	58397	83
34483	58461	41
34483	58495	21
34483	58523	25
34483	58554	119
34483	58590	48
34483	58667	6
34483	59180	53
34483	59545	41
34483	59546	63
34483	59819	31
34483	59876	10
34483	60099	7
34483	60118	132
34483	60133	18
34483	60172	14
34483	60237	121
34483	60281	36
34483	60299	51
34483	60359	7
34483	60673	4
34483	60684	56
34483	60694	4
34483	60714	14
34483	60722	33
34483	60921	59
34483	60998	13
34483	61024	171
34483	61043	4
34483	61085	58
34483	61109	93
34483	61120	28
34483	61194	54
34483	61244	153
34483	61269	8
34483	61501	148
34483	61538	46
34483	61727	27
34483	61755	188
34483	61836	17
34483	61914	13
34483	61953	10
34483	61985	19
34483	62270	130
34483	62508	5
34483	62577	16
34483	62585	3
34483	62594	6
34483	62612	34
34483	62636	41
34483	62656	2
34483	62662	39
34483	62695	18
34483	62705	7
34483	62713	13
34483	62722	11
34483	62730	20
34483	62752	127
34483	62779	43
34483	62813	24
34483	62863	28
34483	62878	29
34483	62911	7
34483	62919	8
34483	62930	6
34483	63080	19
34483	63096	16
34483	63158	7
34483	63189	17
34483	63388	1
34483	63390	26
34483	63497	57
34558	34621	5
34558	35107	2
34558	35710	13
34558	35722	11
34558	35760	3
34558	35856	9
34558	36290	1
34558	36440	2
34558	37971	5
34558	38017	6
34558	38228	1
34558	39669	1
34558	40285	3
34558	40769	6
34558	41179	4
34558	41492	1
34558	41600	2
34558	41723	2
34558	42020	2
34558	42168	3
34558	43794	5
34558	43860	3
34558	44080	9
34558	45307	13
34558	45766	13
34558	46482	4
34558	46751	7
34558	48454	4
34558	48621	5
34558	50019	5
34558	50040	4
34558	51385	2
34558	51626	1
34558	51676	1
34558	51782	8
34558	52286	2
34558	52378	2
34558	52419	7
34558	52451	3
34558	52688	12
34558	52712	10
34558	53044	4
34558	53107	1
34558	53406	1
34558	53457	1
34558	53650	2
34558	53656	2
34558	53878	4
34558	53926	3
34558	54416	10
34558	54487	6
34558	55041	2
34558	56817	14
34558	58230	22
34558	58270	3
34558	58300	3
34558	58308	5
34558	58321	6
34558	58352	6
34558	58397	10
34558	58461	2
34558	58495	13
34558	58523	4
34558	58554	3
34558	58590	7
34558	58667	4
34558	59180	1
34558	59545	1
34558	59546	21
34558	59876	10
34558	60099	2
34558	60118	68
34558	60299	4
34558	60359	8
34558	60673	3
34558	60694	1
34558	60714	7
34558	60722	1
34558	60998	15
34558	61024	1
34558	61085	19
34558	61109	76
34558	61194	26
34558	61244	6
34558	61501	3
34558	61755	2
34558	61953	8
34558	61985	1
34558	62585	7
34558	62594	5
34558	62612	7
34558	62636	3
34558	62656	2
34558	62695	12
34558	62705	1
34558	62730	2
34558	62752	5
34558	62779	6
34558	62863	1
34558	62878	1
34558	62930	4
34558	63158	22
34558	63189	35
34558	63497	2
34621	35107	5
34621	35710	5
34621	35722	3
34621	35760	5
34621	35856	5
34621	36290	4
34621	36440	3
34621	37971	44
34621	38017	12
34621	38228	9
34621	39660	1
34621	39669	1
34621	40155	4
34621	40285	37
34621	40769	5
34621	40820	2
34621	41174	5
34621	41179	4
34621	41575	2
34621	41600	8
34621	41723	1
34621	42020	2
34621	42168	26
34621	43479	1
34621	43794	1
34621	43860	1
34621	43884	6
34621	44019	1
34621	44080	4
34621	45000	4
34621	45307	4
34621	45766	28
34621	46424	1
34621	46482	2
34621	46584	13
34621	46751	1
34621	46756	2
34621	47199	1
34621	48454	7
34621	48621	6
34621	48633	3
34621	49021	1
34621	50019	3
34621	50040	1
34621	50543	1
34621	50550	4
34621	51116	5
34621	51385	3
34621	51506	3
34621	51591	1
34621	51676	9
34621	51954	2
34621	52257	1
34621	52286	1
34621	52378	5
34621	52451	3
34621	52675	2
34621	52688	17
34621	52712	4
34621	53044	6
34621	53107	3
34621	53449	2
34621	53457	30
34621	53650	11
34621	53692	1
34621	53706	1
34621	53875	4
34621	53878	37
34621	54003	2
34621	54416	51
34621	54487	8
34621	55041	10
34621	55577	5
34621	55970	2
34621	56177	12
34621	56705	2
34621	56783	2
34621	56817	2
34621	58230	19
34621	58270	3
34621	58308	3
34621	58321	2
34621	58352	5
34621	58397	2
34621	58461	3
34621	58495	5
34621	58523	3
34621	58554	4
34621	58590	6
34621	59545	5
34621	59546	9
34621	59876	5
34621	60099	2
34621	60118	66
34621	60133	3
34621	60172	1
34621	60299	3
34621	60359	8
34621	60673	1
34621	60684	1
34621	60694	3
34621	60714	4
34621	60722	7
34621	60921	1
34621	60998	4
34621	61024	1
34621	61043	5
34621	61085	11
34621	61109	42
34621	61120	1
34621	61194	35
34621	61244	2
34621	61501	9
34621	61727	5
34621	61755	7
34621	61914	2
34621	61953	1
34621	61985	1
34621	62270	3
34621	62577	1
34621	62585	2
34621	62594	1
34621	62612	4
34621	62636	2
34621	62656	1
34621	62662	1
34621	62695	5
34621	62713	5
34621	62722	1
34621	62730	3
34621	62752	5
34621	62779	8
34621	62863	1
34621	62911	2
34621	62919	1
34621	62930	2
34621	63096	1
34621	63158	10
34621	63189	9
34621	63497	1
35107	35710	6
35107	35856	1
35107	36134	1
35107	36201	1
35107	36440	7
35107	36817	4
35107	37556	2
35107	37971	9
35107	37989	1
35107	38017	5
35107	38228	6
35107	39660	2
35107	39669	3
35107	40155	3
35107	40285	5
35107	40820	5
35107	40983	4
35107	41174	2
35107	41179	3
35107	41600	3
35107	42020	5
35107	42694	4
35107	43479	1
35107	43794	5
35107	44019	1
35107	44080	7
35107	45000	1
35107	45307	6
35107	45766	18
35107	46424	1
35107	46482	6
35107	46584	5
35107	46751	19
35107	46756	3
35107	48454	8
35107	48571	2
35107	48621	5
35107	48633	1
35107	49021	4
35107	50019	2
35107	50550	2
35107	51385	1
35107	51506	3
35107	51591	2
35107	51626	1
35107	51676	5
35107	51954	8
35107	52257	5
35107	52286	3
35107	52378	2
35107	52419	3
35107	52451	5
35107	52675	6
35107	52688	18
35107	52712	12
35107	53044	2
35107	53107	1
35107	53406	2
35107	53457	5
35107	53650	4
35107	53692	1
35107	53875	11
35107	53878	1
35107	53926	7
35107	54003	1
35107	54416	1
35107	54487	12
35107	55041	8
35107	55347	5
35107	55577	1
35107	55630	1
35107	55906	4
35107	56177	1
35107	56705	14
35107	56783	1
35107	56817	3
35107	57029	5
35107	57350	1
35107	58230	22
35107	58308	1
35107	58321	3
35107	58352	2
35107	58397	2
35107	58461	1
35107	58495	4
35107	58523	1
35107	58554	3
35107	58590	12
35107	58667	1
35107	59180	1
35107	59545	2
35107	59546	22
35107	59819	1
35107	59876	4
35107	60118	27
35107	60133	2
35107	60299	3
35107	60359	6
35107	60673	2
35107	60714	11
35107	60722	2
35107	60998	1
35107	61024	2
35107	61085	5
35107	61109	39
35107	61194	11
35107	61244	1
35107	61269	1
35107	61501	26
35107	61755	1
35107	61914	1
35107	61953	5
35107	62577	1
35107	62585	2
35107	62594	2
35107	62636	2
35107	62656	1
35107	62695	2
35107	62705	1
35107	62722	1
35107	62730	3
35107	62752	4
35107	62779	4
35107	62813	3
35107	62863	1
35107	62911	1
35107	62919	2
35107	62930	1
35107	63080	4
35107	63096	1
35107	63158	2
35107	63189	2
35107	63390	1
35107	63497	2
35710	35722	9
35710	35760	1
35710	35856	5
35710	36440	5
35710	37971	2
35710	38017	3
35710	39669	4
35710	40155	2
35710	40285	2
35710	40769	3
35710	40820	3
35710	41600	2
35710	41723	4
35710	42020	1
35710	42168	1
35710	43794	5
35710	43860	2
35710	44080	12
35710	45307	5
35710	45766	12
35710	46482	2
35710	46584	2
35710	46751	3
35710	48454	1
35710	48621	2
35710	49021	1
35710	50019	6
35710	50040	2
35710	51385	1
35710	51782	7
35710	52286	1
35710	52378	1
35710	52419	5
35710	52451	4
35710	52688	5
35710	52712	9
35710	53044	2
35710	53406	2
35710	53457	1
35710	53650	5
35710	53878	3
35710	54416	1
35710	54487	2
35710	55041	3
35710	56177	1
35710	56705	1
35710	56817	7
35710	58230	32
35710	58270	1
35710	58286	2
35710	58300	1
35710	58308	5
35710	58321	15
35710	58352	6
35710	58397	8
35710	58461	1
35710	58495	6
35710	58523	7
35710	58554	1
35710	58590	9
35710	58667	4
35710	59180	1
35710	59546	17
35710	59876	11
35710	60099	2
35710	60118	60
35710	60133	2
35710	60299	1
35710	60359	9
35710	60673	3
35710	60714	8
35710	60722	4
35710	60998	5
35710	61043	1
35710	61085	22
35710	61109	57
35710	61194	31
35710	61244	3
35710	61501	1
35710	61755	1
35710	61953	1
35710	62577	1
35710	62585	10
35710	62594	5
35710	62612	11
35710	62636	2
35710	62656	2
35710	62662	1
35710	62695	6
35710	62705	2
35710	62730	2
35710	62752	10
35710	62779	3
35710	62813	5
35710	62863	4
35710	62919	2
35710	62930	5
35710	63096	1
35710	63158	38
35710	63189	7
35710	63497	1
35722	35760	3
35722	35856	9
35722	36440	3
35722	37971	2
35722	38017	12
35722	39669	8
35722	40285	3
35722	40769	1
35722	40820	6
35722	41174	1
35722	41600	5
35722	41723	3
35722	42020	3
35722	42168	4
35722	43794	9
35722	43860	3
35722	44080	15
35722	45307	4
35722	45766	11
35722	46482	6
35722	46584	1
35722	46751	1
35722	47199	1
35722	48454	3
35722	48621	8
35722	48832	2
35722	49021	1
35722	50019	9
35722	50040	3
35722	51385	3
35722	51626	1
35722	51676	1
35722	52286	3
35722	52378	3
35722	52419	3
35722	52451	5
35722	52688	4
35722	52712	7
35722	53044	7
35722	53107	2
35722	53878	6
35722	54416	10
35722	54487	8
35722	55041	3
35722	56177	1
35722	56705	1
35722	56783	2
35722	56817	8
35722	58230	28
35722	58270	3
35722	58300	1
35722	58308	21
35722	58321	12
35722	58352	1
35722	58397	8
35722	58461	9
35722	58495	5
35722	58523	5
35722	58554	7
35722	58590	11
35722	58667	6
35722	59180	2
35722	59545	1
35722	59546	25
35722	59819	4
35722	59876	6
35722	60099	3
35722	60118	80
35722	60133	4
35722	60299	4
35722	60359	22
35722	60673	3
35722	60694	1
35722	60714	7
35722	60722	10
35722	60998	21
35722	61085	25
35722	61109	88
35722	61194	33
35722	61244	4
35722	61501	5
35722	61538	2
35722	61755	4
35722	61953	2
35722	62585	12
35722	62594	2
35722	62612	11
35722	62636	9
35722	62656	5
35722	62695	11
35722	62730	4
35722	62752	8
35722	62779	17
35722	62813	1
35722	62863	2
35722	62911	3
35722	62930	4
35722	63158	19
35722	63189	25
35722	63497	1
35760	35856	4
35760	36134	22
35760	36201	6
35760	36290	4
35760	36440	1
35760	36817	6
35760	37556	4
35760	37971	46
35760	37989	15
35760	38017	5
35760	38228	41
35760	39660	8
35760	39669	2
35760	40155	59
35760	40250	8
35760	40285	98
35760	40820	2
35760	40983	12
35760	41174	34
35760	41179	44
35760	41492	2
35760	41575	6
35760	41600	646
35760	41723	16
35760	41882	7
35760	41930	1
35760	42020	18
35760	42168	32
35760	43479	64
35760	43794	2
35760	43860	3
35760	43884	1
35760	44019	1
35760	45000	16
35760	45766	13
35760	46424	14
35760	46482	2
35760	46584	44
35760	46751	6
35760	46756	8
35760	47199	24
35760	48454	240
35760	48621	268
35760	48633	8
35760	48832	4
35760	49021	21
35760	50019	4
35760	50040	6
35760	50277	1
35760	50543	11
35760	50550	234
35760	51116	13
35760	51139	1
35760	51385	15
35760	51506	61
35760	51591	40
35760	51626	18
35760	51676	48
35760	51888	275
35760	51954	3
35760	52257	8
35760	52286	49
35760	52378	14
35760	52451	1
35760	52675	11
35760	52688	366
35760	52712	1
35760	53044	26
35760	53107	16
35760	53297	3
35760	53406	11
35760	53449	8
35760	53457	51
35760	53656	8
35760	53692	10
35760	53706	8
35760	53875	157
35760	53878	13
35760	53926	12
35760	54003	2
35760	54416	3
35760	54487	48
35760	55041	390
35760	55347	7
35760	55577	31
35760	55630	33
35760	55906	9
35760	55970	9
35760	56177	20
35760	56705	55
35760	56783	15
35760	56817	2
35760	57029	8
35760	57350	3
35760	58230	2
35760	58270	12
35760	58286	104
35760	58300	23
35760	58308	7
35760	58321	13
35760	58352	63
35760	58397	55
35760	58461	30
35760	58495	34
35760	58523	32
35760	58554	46
35760	58590	49
35760	58667	4
35760	59180	40
35760	59545	11
35760	59546	9
35760	59819	18
35760	59876	8
35760	60099	7
35760	60118	24
35760	60133	8
35760	60172	70
35760	60237	3
35760	60281	2
35760	60299	23
35760	60359	3
35760	60673	18
35760	60684	3
35760	60694	28
35760	60714	4
35760	60722	23
35760	60921	10
35760	60998	34
35760	61024	20
35760	61043	25
35760	61085	19
35760	61109	10
35760	61120	8
35760	61194	17
35760	61244	2
35760	61269	17
35760	61501	60
35760	61538	17
35760	61727	2
35760	61755	35
35760	61836	25
35760	61914	5
35760	61953	5
35760	61985	31
35760	62270	18
35760	62508	7
35760	62577	5
35760	62585	1
35760	62594	10
35760	62612	53
35760	62636	41
35760	62656	2
35760	62662	11
35760	62695	13
35760	62705	14
35760	62713	9
35760	62722	9
35760	62730	22
35760	62752	39
35760	62779	65
35760	62813	14
35760	62863	7
35760	62878	35
35760	62911	7
35760	62919	4
35760	62930	10
35760	63080	4
35760	63096	2
35760	63158	2
35760	63189	11
35760	63388	6
35760	63390	24
35760	63497	3
35856	36290	2
35856	36440	3
35856	36817	1
35856	37971	6
35856	38017	10
35856	39660	1
35856	40155	2
35856	40285	14
35856	40820	2
35856	41600	5
35856	41723	3
35856	42020	3
35856	42168	4
35856	43479	2
35856	43794	4
35856	43860	3
35856	44080	2
35856	45000	3
35856	45307	4
35856	45766	12
35856	46482	7
35856	46751	4
35856	48454	7
35856	48621	9
35856	50019	6
35856	50040	7
35856	51385	6
35856	51676	2
35856	51782	7
35856	52286	3
35856	52378	6
35856	52419	7
35856	52451	3
35856	52675	1
35856	52688	8
35856	52712	4
35856	53044	4
35856	53107	1
35856	53406	2
35856	53457	10
35856	53650	62
35856	53656	1
35856	53706	1
35856	53878	10
35856	54416	4
35856	54487	18
35856	55041	9
35856	55577	3
35856	55906	1
35856	55970	2
35856	56705	1
35856	56817	6
35856	58230	16
35856	58270	3
35856	58286	1
35856	58308	3
35856	58321	1
35856	58352	13
35856	58397	8
35856	58461	1
35856	58495	4
35856	58523	4
35856	58554	10
35856	58590	6
35856	58667	2
35856	59546	14
35856	59876	7
35856	60099	21
35856	60118	42
35856	60281	1
35856	60299	5
35856	60359	5
35856	60673	3
35856	60714	4
35856	60998	25
35856	61085	14
35856	61109	40
35856	61194	16
35856	61244	4
35856	61501	3
35856	61538	1
35856	61755	4
35856	61914	1
35856	61953	7
35856	62270	1
35856	62585	20
35856	62594	3
35856	62612	6
35856	62636	1
35856	62656	6
35856	62695	12
35856	62713	1
35856	62722	3
35856	62730	4
35856	62752	5
35856	62779	4
35856	62863	1
35856	62930	3
35856	63158	8
35856	63189	27
35856	63497	1
36134	36440	1
36134	36817	4
36134	37971	7
36134	37989	1
36134	38228	5
36134	40155	5
36134	40285	32
36134	40983	11
36134	41174	10
36134	41179	1
36134	41575	4
36134	41600	16
36134	41723	1
36134	41930	1
36134	42020	48
36134	42168	13
36134	42694	3
36134	43479	4
36134	43794	3
36134	43860	17
36134	43884	2
36134	44019	15
36134	44080	2
36134	45766	2
36134	46424	24
36134	46584	20
36134	46751	2
36134	46756	44
36134	48454	16
36134	48571	15
36134	48621	60
36134	48832	38
36134	50040	1
36134	50277	12
36134	50543	1
36134	50550	6
36134	51116	13
36134	51139	20
36134	51385	7
36134	51506	3
36134	51591	6
36134	51626	3
36134	51676	56
36134	51954	2
36134	52257	3
36134	52286	8
36134	52378	2
36134	52419	1
36134	52451	4
36134	52675	5
36134	52688	52
36134	53044	4
36134	53297	2
36134	53406	12
36134	53449	39
36134	53457	10
36134	53706	2
36134	53875	19
36134	53926	1
36134	54487	24
36134	55041	24
36134	55347	7
36134	55577	6
36134	55630	5
36134	55970	5
36134	56177	139
36134	56705	30
36134	56783	110
36134	57029	9
36134	58230	3
36134	58270	12
36134	58286	7
36134	58300	3
36134	58308	5
36134	58321	1
36134	58352	5
36134	58397	6
36134	58461	4
36134	58495	7
36134	58523	3
36134	58554	13
36134	58590	2
36134	58667	2
36134	59180	6
36134	59545	4
36134	59546	5
36134	59819	4
36134	60118	16
36134	60133	1
36134	60172	2
36134	60237	14
36134	60281	6
36134	60299	4
36134	60714	1
36134	60998	1
36134	61024	12
36134	61043	1
36134	61085	1
36134	61109	3
36134	61120	3
36134	61194	2
36134	61244	3
36134	61269	2
36134	61501	17
36134	61538	5
36134	61727	4
36134	61755	10
36134	61836	1
36134	61985	2
36134	62594	3
36134	62612	5
36134	62636	2
36134	62662	2
36134	62705	1
36134	62713	1
36134	62722	2
36134	62730	1
36134	62752	3
36134	62779	10
36134	62813	5
36134	62863	2
36134	62878	2
36134	62930	1
36134	63080	6
36134	63096	6
36134	63158	1
36134	63390	2
36134	63497	2
36201	36290	2
36201	36817	2
36201	37556	2
36201	37971	33
36201	38017	8
36201	38228	11
36201	39660	6
36201	40155	1
36201	40250	10
36201	40285	9
36201	40820	3
36201	40983	1
36201	41179	3
36201	41600	5
36201	41930	4
36201	42020	1
36201	42168	9
36201	42694	7
36201	43479	1
36201	43860	3
36201	45000	1
36201	45307	1
36201	45766	9
36201	46584	6
36201	46751	6
36201	46756	1
36201	48454	9
36201	48621	19
36201	49021	7
36201	50019	1
36201	50543	1
36201	50550	3
36201	51116	1
36201	51385	4
36201	51506	7
36201	51591	2
36201	51626	2
36201	51676	18
36201	51954	101
36201	52257	1
36201	52286	2
36201	52378	6
36201	52451	1
36201	52675	14
36201	52688	19
36201	53044	11
36201	53406	8
36201	53457	11
36201	53656	3
36201	53692	2
36201	53875	22
36201	53878	5
36201	54003	4
36201	54416	1
36201	54487	1
36201	55041	10
36201	55347	3
36201	55577	9
36201	55906	1
36201	55970	3
36201	56177	3
36201	56705	8
36201	56783	2
36201	57029	20
36201	57350	2
36201	58230	1
36201	58300	2
36201	58308	1
36201	58352	2
36201	58397	3
36201	58461	2
36201	58495	2
36201	58523	10
36201	58554	2
36201	58590	3
36201	59180	5
36201	59545	2
36201	59546	2
36201	59876	1
36201	60118	12
36201	60281	2
36201	60673	5
36201	60694	1
36201	60714	2
36201	60921	5
36201	61024	7
36201	61085	2
36201	61109	2
36201	61194	6
36201	61501	8
36201	61727	2
36201	61755	3
36201	61914	2
36201	61985	2
36201	62270	8
36201	62612	9
36201	62636	1
36201	62662	1
36201	62722	1
36201	62730	1
36201	62752	1
36201	62779	2
36201	62813	1
36201	62878	1
36201	62919	1
36201	62930	4
36201	63080	2
36201	63158	2
36201	63189	1
36290	37971	84
36290	38017	1
36290	38228	29
36290	39660	4
36290	39669	15
36290	40155	9
36290	40250	1
36290	40285	20
36290	40820	1
36290	40983	2
36290	41174	1
36290	41179	6
36290	41575	1
36290	41600	3
36290	41930	6
36290	42020	3
36290	42168	65
36290	43479	1
36290	43794	1
36290	43860	2
36290	44080	1
36290	45000	1
36290	45766	5
36290	46584	6
36290	46751	3
36290	46756	2
36290	48454	2
36290	48621	11
36290	48720	1
36290	50543	1
36290	50550	3
36290	51116	4
36290	51139	1
36290	51385	16
36290	51506	5
36290	51591	4
36290	51626	4
36290	51676	7
36290	51782	6
36290	51888	1
36290	51954	2
36290	52257	2
36290	52286	2
36290	52378	3
36290	52419	1
36290	52451	14
36290	52675	2
36290	52688	29
36290	52712	2
36290	53044	4
36290	53107	1
36290	53297	38
36290	53406	17
36290	53449	1
36290	53457	10
36290	53650	30
36290	53656	4
36290	53875	13
36290	53878	6
36290	54003	20
36290	54416	3
36290	54487	12
36290	55041	4
36290	55347	7
36290	55577	9
36290	55906	8
36290	55970	9
36290	56177	14
36290	56705	6
36290	56783	5
36290	56817	2
36290	57350	1
36290	58230	1
36290	58286	1
36290	58300	1
36290	58308	1
36290	58352	2
36290	58397	1
36290	58495	2
36290	58523	7
36290	58554	1
36290	58590	1
36290	59180	3
36290	59546	3
36290	59819	1
36290	60118	14
36290	60281	2
36290	60299	1
36290	60359	2
36290	60694	1
36290	60714	3
36290	60722	1
36290	60921	6
36290	60998	1
36290	61085	4
36290	61109	9
36290	61194	1
36290	61244	1
36290	61501	8
36290	61538	2
36290	61727	1
36290	61755	6
36290	62270	12
36290	62508	1
36290	62662	1
36290	62713	1
36290	62722	1
36290	62730	1
36290	62752	1
36290	62779	2
36290	62813	1
36290	62911	13
36290	63189	2
36290	63390	3
36290	63497	2
36440	36817	1
36440	37556	3
36440	37971	8
36440	37989	2
36440	38017	1
36440	38228	4
36440	39660	1
36440	39669	12
36440	40155	3
36440	40285	3
36440	40769	3
36440	40820	8
36440	41179	4
36440	41575	4
36440	41600	1
36440	42020	2
36440	42168	6
36440	42694	8
36440	43794	2
36440	43860	18
36440	43884	2
36440	44019	1
36440	44080	9
36440	45307	2
36440	45766	8
36440	46424	3
36440	46482	7
36440	46584	7
36440	46751	9
36440	46756	2
36440	48454	5
36440	48571	4
36440	48621	9
36440	49021	1
36440	50019	11
36440	50543	1
36440	50550	1
36440	51116	1
36440	51385	3
36440	51506	1
36440	51591	1
36440	51626	3
36440	51676	3
36440	51954	18
36440	52257	3
36440	52286	1
36440	52378	1
36440	52419	6
36440	52451	5
36440	52675	5
36440	52688	13
36440	52712	11
36440	53044	5
36440	53406	1
36440	53457	3
36440	53650	3
36440	53875	3
36440	53878	1
36440	54416	2
36440	54487	4
36440	55041	4
36440	55347	1
36440	55577	4
36440	56177	6
36440	56705	12
36440	56783	1
36440	56817	12
36440	57350	2
36440	58230	26
36440	58286	1
36440	58300	1
36440	58308	5
36440	58321	14
36440	58352	2
36440	58461	1
36440	58495	3
36440	58523	2
36440	58554	1
36440	58590	1
36440	59545	1
36440	59546	22
36440	59876	9
36440	60099	2
36440	60118	37
36440	60133	1
36440	60299	5
36440	60359	10
36440	60673	1
36440	60714	9
36440	60921	2
36440	60998	5
36440	61085	8
36440	61109	41
36440	61194	14
36440	61269	1
36440	61501	16
36440	61727	3
36440	61755	1
36440	61953	9
36440	62270	1
36440	62585	5
36440	62594	2
36440	62612	2
36440	62656	1
36440	62695	1
36440	62722	1
36440	62730	1
36440	62752	2
36440	62779	4
36440	62813	1
36440	62863	1
36440	62911	11
36440	62919	2
36440	62930	2
36440	63080	1
36440	63096	4
36440	63158	3
36440	63189	3
36440	63390	1
36440	63497	1
36817	37971	25
36817	38228	4
36817	39660	3
36817	39669	2
36817	40155	3
36817	40285	8
36817	40820	1
36817	40983	17
36817	41179	4
36817	41600	8
36817	41723	2
36817	41930	1
36817	42020	2
36817	42168	7
36817	43794	3
36817	43884	1
36817	44019	1
36817	45000	1
36817	45307	2
36817	45766	4
36817	46424	2
36817	46482	3
36817	46584	3
36817	46756	1
36817	48454	15
36817	48571	1
36817	48621	3
36817	48633	2
36817	48832	3
36817	49021	2
36817	50019	1
36817	50040	4
36817	50543	1
36817	50550	2
36817	51116	2
36817	51385	4
36817	51591	2
36817	51676	27
36817	51782	1
36817	51954	1
36817	52419	4
36817	52451	2
36817	52675	1
36817	52688	6
36817	52712	3
36817	53044	9
36817	53107	3
36817	53297	1
36817	53406	8
36817	53449	1
36817	53650	16
36817	53692	3
36817	53706	2
36817	53875	53
36817	53878	4
36817	53926	4
36817	54416	6
36817	54487	12
36817	55041	14
36817	55347	36
36817	55577	2
36817	55906	6
36817	55970	5
36817	56177	16
36817	56705	7
36817	56783	5
36817	56817	1
36817	57029	21
36817	58270	8
36817	58286	1
36817	58300	1
36817	58308	6
36817	58321	4
36817	58352	5
36817	58397	7
36817	58461	10
36817	58495	7
36817	58523	7
36817	58554	12
36817	58590	27
36817	59180	1
36817	59545	1
36817	59546	16
36817	59876	6
36817	60099	2
36817	60118	18
36817	60133	1
36817	60237	2
36817	60299	1
36817	60673	2
36817	60684	2
36817	60694	1
36817	60714	2
36817	60722	2
36817	60921	3
36817	60998	4
36817	61024	8
36817	61043	1
36817	61085	3
36817	61109	8
36817	61194	6
36817	61244	5
36817	61269	5
36817	61501	31
36817	61755	6
36817	61836	1
36817	61914	11
36817	61953	7
36817	61985	1
36817	62270	3
36817	62577	1
36817	62594	1
36817	62612	4
36817	62636	2
36817	62695	1
36817	62705	1
36817	62713	4
36817	62722	1
36817	62730	10
36817	62752	8
36817	62779	9
36817	62813	13
36817	62930	2
36817	63080	51
36817	63158	1
36817	63189	2
36817	63497	2
37556	37971	5
37556	38017	16
37556	38228	32
37556	40155	1
37556	40250	10
37556	40285	9
37556	40820	1
37556	41179	3
37556	41492	1
37556	41600	3
37556	42168	18
37556	42694	105
37556	43479	5
37556	43794	2
37556	45766	12
37556	46751	1
37556	46756	2
37556	47199	5
37556	48454	5
37556	48621	26
37556	48633	1
37556	49021	8
37556	50277	1
37556	50550	4
37556	51385	6
37556	51506	47
37556	51626	10
37556	51676	1
37556	51954	26
37556	52286	14
37556	52419	3
37556	52675	7
37556	52688	21
37556	52712	3
37556	53044	2
37556	53406	1
37556	53656	16
37556	53692	4
37556	53875	9
37556	54487	8
37556	55041	2
37556	55577	2
37556	55630	3
37556	55970	2
37556	56177	2
37556	56705	5
37556	56783	2
37556	57350	4
37556	58321	2
37556	58352	2
37556	58554	3
37556	59180	3
37556	59545	2
37556	59546	3
37556	59819	2
37556	60118	1
37556	60359	3
37556	60714	1
37556	61109	5
37556	61727	4
37556	61836	5
37556	61985	5
37556	62656	4
37556	62713	1
37556	62730	1
37556	62779	4
37556	62919	2
37556	63096	20
37971	37989	4
37971	38017	29
37971	38228	124
37971	39660	72
37971	39669	35
37971	40155	185
37971	40250	15
37971	40285	324
37971	40820	11
37971	40983	38
37971	41174	32
37971	41179	75
37971	41492	25
37971	41575	10
37971	41600	65
37971	41723	2
37971	41882	2
37971	41930	103
37971	42020	25
37971	42168	724
37971	42603	4
37971	42694	12
37971	43479	11
37971	43794	8
37971	43860	22
37971	43884	7
37971	44019	7
37971	44080	8
37971	45000	38
37971	45307	13
37971	45766	120
37971	46424	21
37971	46482	4
37971	46584	38
37971	46751	11
37971	46756	17
37971	48454	69
37971	48571	2
37971	48621	197
37971	48633	9
37971	48720	49
37971	48832	5
37971	49021	20
37971	50019	3
37971	50040	4
37971	50543	22
37971	50550	70
37971	51116	22
37971	51139	25
37971	51385	69
37971	51506	59
37971	51591	32
37971	51626	30
37971	51676	231
37971	51782	14
37971	51888	4
37971	51954	25
37971	52257	25
37971	52286	19
37971	52378	63
37971	52419	5
37971	52451	51
37971	52675	26
37971	52688	234
37971	52712	8
37971	53044	42
37971	53107	20
37971	53297	72
37971	53406	132
37971	53449	11
37971	53457	82
37971	53650	72
37971	53656	114
37971	53692	18
37971	53706	9
37971	53875	230
37971	53878	82
37971	53926	15
37971	54003	153
37971	54416	182
37971	54487	85
37971	55041	62
37971	55347	83
37971	55577	89
37971	55630	5
37971	55906	95
37971	55970	27
37971	56177	151
37971	56705	93
37971	56783	77
37971	56817	14
37971	57029	42
37971	57350	8
37971	58230	24
37971	58270	12
37971	58286	5
37971	58300	7
37971	58308	13
37971	58321	10
37971	58352	22
37971	58397	20
37971	58461	22
37971	58495	12
37971	58523	85
37971	58554	20
37971	58590	37
37971	58667	10
37971	59180	30
37971	59545	10
37971	59546	39
37971	59819	12
37971	59876	16
37971	60099	1
37971	60118	136
37971	60133	5
37971	60172	3
37971	60237	7
37971	60281	51
37971	60299	13
37971	60359	4
37971	60673	4
37971	60684	3
37971	60694	3
37971	60714	10
37971	60722	6
37971	60921	251
37971	60998	14
37971	61024	28
37971	61043	1
37971	61085	34
37971	61109	72
37971	61120	26
37971	61194	57
37971	61244	2
37971	61269	4
37971	61501	72
37971	61538	10
37971	61727	51
37971	61755	81
37971	61836	21
37971	61914	24
37971	61953	3
37971	61985	6
37971	62270	554
37971	62508	7
37971	62577	9
37971	62585	1
37971	62594	4
37971	62612	16
37971	62636	22
37971	62656	2
37971	62662	2
37971	62695	5
37971	62705	4
37971	62713	17
37971	62722	7
37971	62730	20
37971	62752	31
37971	62779	20
37971	62813	20
37971	62863	14
37971	62878	6
37971	62911	19
37971	62919	11
37971	62930	8
37971	63080	29
37971	63096	2
37971	63158	2
37971	63189	8
37971	63388	1
37971	63390	14
37971	63497	29
37989	38228	3
37989	40155	17
37989	40250	4
37989	40285	20
37989	41174	7
37989	41179	1
37989	41575	3
37989	41600	9
37989	41723	1
37989	42020	3
37989	42168	1
37989	42603	12
37989	43479	9
37989	43794	1
37989	43860	2
37989	44019	2
37989	44080	1
37989	45000	2
37989	45766	1
37989	46482	2
37989	46584	8
37989	46756	4
37989	47199	3
37989	48454	17
37989	48571	2
37989	48621	21
37989	48832	3
37989	49021	2
37989	50040	4
37989	50277	1
37989	50543	6
37989	50550	11
37989	51116	6
37989	51139	2
37989	51385	3
37989	51506	7
37989	51591	4
37989	51626	7
37989	51676	1
37989	51888	1
37989	51954	5
37989	52257	2
37989	52286	5
37989	52378	1
37989	52419	2
37989	52675	1
37989	52688	20
37989	52712	2
37989	53044	6
37989	53107	3
37989	53406	3
37989	53457	1
37989	53692	1
37989	53706	4
37989	53875	6
37989	53926	2
37989	54487	5
37989	55041	12
37989	55347	1
37989	55577	4
37989	55630	1
37989	55970	2
37989	56177	7
37989	56705	14
37989	56783	9
37989	58270	2
37989	58286	3
37989	58300	1
37989	58321	4
37989	58352	9
37989	58397	5
37989	58495	8
37989	58523	1
37989	58554	13
37989	58590	5
37989	59180	5
37989	59545	5
37989	59819	2
37989	60099	1
37989	60118	3
37989	60133	1
37989	60172	1
37989	60237	2
37989	60281	2
37989	60299	4
37989	60673	2
37989	60694	2
37989	60714	1
37989	60998	2
37989	61043	3
37989	61085	4
37989	61109	2
37989	61194	2
37989	61244	1
37989	61269	3
37989	61501	25
37989	61538	6
37989	61727	1
37989	61755	1
37989	61836	6
37989	61914	3
37989	61985	3
37989	62508	3
37989	62577	1
37989	62594	2
37989	62612	13
37989	62636	8
37989	62662	3
37989	62695	1
37989	62705	4
37989	62713	2
37989	62722	1
37989	62730	2
37989	62752	3
37989	62779	5
37989	62813	3
37989	62911	1
37989	62919	3
37989	63096	2
37989	63189	3
37989	63388	1
37989	63390	2
37989	63497	2
38017	38228	8
38017	39660	1
38017	40155	1
38017	40285	8
38017	40769	1
38017	41179	3
38017	41600	4
38017	41723	3
38017	42020	5
38017	42168	12
38017	42694	14
38017	43479	1
38017	43794	10
38017	43860	3
38017	45766	139
38017	46482	6
38017	46584	2
38017	48454	4
38017	48621	8
38017	48633	6
38017	50019	7
38017	50040	7
38017	50550	3
38017	51116	3
38017	51385	6
38017	51506	3
38017	51676	1
38017	51954	11
38017	52257	3
38017	52286	3
38017	52378	10
38017	52419	6
38017	52451	3
38017	52675	2
38017	52688	8
38017	53044	11
38017	53406	3
38017	53457	11
38017	53656	1
38017	53692	3
38017	53875	9
38017	53878	36
38017	53926	2
38017	54003	1
38017	54416	30
38017	54487	9
38017	55041	4
38017	55577	6
38017	55906	1
38017	55970	1
38017	56177	4
38017	56705	3
38017	56783	1
38017	56817	4
38017	58230	6
38017	58270	3
38017	58308	3
38017	58321	1
38017	58397	6
38017	58461	2
38017	58495	4
38017	58523	4
38017	58554	3
38017	58590	9
38017	58667	9
38017	59546	30
38017	59876	3
38017	60099	3
38017	60118	47
38017	60281	1
38017	60299	3
38017	60359	12
38017	60673	3
38017	60714	3
38017	60998	10
38017	61085	8
38017	61109	69
38017	61194	17
38017	61244	4
38017	61501	3
38017	61538	1
38017	61755	9
38017	62270	1
38017	62585	6
38017	62612	6
38017	62636	2
38017	62656	3
38017	62695	9
38017	62722	1
38017	62730	4
38017	62752	3
38017	62779	10
38017	62863	1
38017	62930	3
38017	63096	4
38017	63158	7
38017	63189	17
38228	39660	7
38228	39669	5
38228	40155	15
38228	40250	14
38228	40285	72
38228	40820	4
38228	40983	9
38228	41174	10
38228	41179	15
38228	41492	3
38228	41575	2
38228	41600	36
38228	41930	7
38228	42020	8
38228	42168	87
38228	42694	46
38228	43479	10
38228	43794	4
38228	43860	3
38228	43884	3
38228	44019	1
38228	44080	3
38228	45000	7
38228	45307	1
38228	45766	22
38228	46424	7
38228	46482	1
38228	46584	13
38228	46751	8
38228	46756	8
38228	47199	7
38228	48454	30
38228	48621	81
38228	48633	8
38228	48720	4
38228	48832	8
38228	49021	11
38228	50277	1
38228	50543	2
38228	50550	20
38228	51116	4
38228	51139	4
38228	51385	26
38228	51506	70
38228	51591	8
38228	51626	16
38228	51676	28
38228	51782	5
38228	51888	9
38228	51954	32
38228	52257	8
38228	52286	21
38228	52378	13
38228	52419	4
38228	52451	13
38228	52675	18
38228	52688	98
38228	52712	5
38228	53044	11
38228	53107	1
38228	53297	20
38228	53406	26
38228	53449	3
38228	53457	4
38228	53650	21
38228	53656	21
38228	53692	4
38228	53706	2
38228	53875	34
38228	53878	7
38228	53926	9
38228	54003	41
38228	54416	17
38228	54487	41
38228	55041	46
38228	55347	19
38228	55577	17
38228	55630	11
38228	55906	24
38228	55970	15
38228	56177	35
38228	56705	33
38228	56783	15
38228	56817	3
38228	57029	12
38228	57350	7
38228	58230	4
38228	58270	2
38228	58286	9
38228	58300	1
38228	58321	1
38228	58352	10
38228	58397	4
38228	58461	2
38228	58495	4
38228	58523	18
38228	58554	10
38228	58590	8
38228	58667	2
38228	59180	10
38228	59545	5
38228	59546	17
38228	59819	12
38228	60118	20
38228	60133	1
38228	60172	2
38228	60237	5
38228	60281	9
38228	60299	5
38228	60359	2
38228	60673	3
38228	60694	1
38228	60714	6
38228	60722	2
38228	60921	8
38228	60998	3
38228	61024	1
38228	61085	7
38228	61109	17
38228	61120	1
38228	61194	5
38228	61501	31
38228	61538	19
38228	61727	12
38228	61755	22
38228	61836	9
38228	61914	3
38228	61953	3
38228	61985	4
38228	62270	18
38228	62508	2
38228	62577	1
38228	62594	1
38228	62612	6
38228	62636	3
38228	62656	1
38228	62662	2
38228	62695	2
38228	62713	5
38228	62722	2
38228	62730	7
38228	62752	8
38228	62779	8
38228	62813	2
38228	62878	1
38228	62911	8
38228	62919	1
38228	62930	1
38228	63080	7
38228	63096	6
38228	63158	1
38228	63189	1
38228	63390	6
38228	63497	6
39660	40155	17
39660	40250	1
39660	40285	15
39660	40983	2
39660	41174	1
39660	41179	4
39660	41575	1
39660	41600	6
39660	41882	1
39660	41930	5
39660	42020	1
39660	42168	11
39660	43479	2
39660	43794	1
39660	43860	8
39660	43884	1
39660	45000	5
39660	45766	3
39660	46424	3
39660	46584	4
39660	48454	3
39660	48621	6
39660	48720	2
39660	50543	2
39660	50550	1
39660	51116	2
39660	51385	7
39660	51506	3
39660	51591	6
39660	51626	1
39660	51676	25
39660	51888	1
39660	51954	2
39660	52257	2
39660	52286	2
39660	52378	3
39660	52451	1
39660	52675	1
39660	52688	9
39660	53044	7
39660	53297	1
39660	53406	16
39660	53449	1
39660	53656	3
39660	53692	2
39660	53875	14
39660	53878	4
39660	54416	1
39660	54487	22
39660	55041	4
39660	55347	3
39660	55577	10
39660	55906	4
39660	55970	5
39660	56177	3
39660	56705	6
39660	56783	8
39660	57029	3
39660	57350	2
39660	58230	2
39660	58300	1
39660	58308	2
39660	58321	1
39660	58397	1
39660	58461	2
39660	58495	1
39660	58523	1
39660	58554	1
39660	58590	2
39660	58667	1
39660	59180	1
39660	59819	1
39660	59876	1
39660	60118	15
39660	60237	2
39660	60281	4
39660	60299	2
39660	60673	1
39660	60684	2
39660	60694	2
39660	60714	1
39660	60722	1
39660	60921	32
39660	60998	1
39660	61024	2
39660	61085	3
39660	61109	4
39660	61194	7
39660	61501	14
39660	61538	3
39660	61836	1
39660	62270	90
39660	62508	1
39660	62577	2
39660	62636	3
39660	62722	2
39660	62730	1
39660	62752	1
39660	62779	1
39660	62863	2
39660	63080	1
39660	63189	1
39660	63390	1
39660	63497	1
39669	40155	1
39669	40285	2
39669	40820	9
39669	40983	3
39669	41179	1
39669	41600	3
39669	42168	17
39669	43794	3
39669	44080	17
39669	45766	4
39669	46424	1
39669	46584	5
39669	46751	24
39669	48621	11
39669	48832	1
39669	50019	1
39669	50550	4
39669	51385	4
39669	51506	1
39669	51676	5
39669	51782	7
39669	52257	1
39669	52378	2
39669	52419	3
39669	52451	52
39669	52675	3
39669	52688	20
39669	52712	19
39669	53044	2
39669	53107	2
39669	53297	52
39669	53406	5
39669	53457	4
39669	53650	1
39669	53875	14
39669	54003	12
39669	54416	5
39669	54487	7
39669	55041	4
39669	55347	13
39669	55577	4
39669	55906	7
39669	55970	13
39669	56177	3
39669	56705	6
39669	56783	1
39669	56817	7
39669	58230	11
39669	58308	1
39669	58321	9
39669	58397	2
39669	58523	6
39669	58554	2
39669	58590	4
39669	58667	7
39669	59180	1
39669	59546	37
39669	59819	2
39669	59876	3
39669	60118	15
39669	60237	1
39669	60281	1
39669	60359	4
39669	60673	4
39669	60714	3
39669	60722	2
39669	61024	1
39669	61085	20
39669	61109	40
39669	61120	1
39669	61194	6
39669	61501	1
39669	61727	1
39669	61755	1
39669	61953	1
39669	62270	1
39669	62594	1
39669	62705	1
39669	62713	3
39669	62730	1
39669	62752	3
39669	62779	4
39669	62813	5
39669	62911	44
39669	62919	1
39669	62930	5
39669	63080	3
39669	63158	2
39669	63189	4
40155	40250	8
40155	40285	803
40155	40769	1
40155	40820	2
40155	40983	17
40155	41174	102
40155	41179	25
40155	41492	2
40155	41575	19
40155	41600	50
40155	41882	4
40155	41930	3
40155	42020	66
40155	42168	51
40155	42603	3
40155	42694	6
40155	43479	8
40155	43794	2
40155	43860	3
40155	43884	4
40155	44019	32
40155	44080	3
40155	45000	46
40155	45766	7
40155	46424	18
40155	46584	14
40155	46751	1
40155	46756	41
40155	47199	6
40155	48454	60
40155	48571	8
40155	48621	185
40155	48633	30
40155	48720	12
40155	48832	15
40155	50019	1
40155	50040	2
40155	50277	4
40155	50543	80
40155	50550	43
40155	51116	32
40155	51385	18
40155	51506	140
40155	51591	18
40155	51626	97
40155	51676	58
40155	51782	1
40155	51888	1
40155	51954	5
40155	52257	38
40155	52286	20
40155	52378	10
40155	52451	2
40155	52675	19
40155	52688	102
40155	52712	1
40155	53044	11
40155	53107	4
40155	53297	10
40155	53406	21
40155	53449	13
40155	53457	34
40155	53650	5
40155	53656	8
40155	53692	33
40155	53706	78
40155	53875	77
40155	53878	1
40155	53926	3
40155	54003	6
40155	54487	33
40155	55041	277
40155	55347	12
40155	55577	10
40155	55630	6
40155	55906	10
40155	55970	4
40155	56177	37
40155	56705	28
40155	56783	27
40155	56817	3
40155	57029	28
40155	57350	1
40155	58230	11
40155	58270	4
40155	58286	9
40155	58300	5
40155	58308	2
40155	58321	2
40155	58352	8
40155	58397	8
40155	58461	19
40155	58495	4
40155	58523	28
40155	58554	70
40155	58590	4
40155	58667	3
40155	59180	17
40155	59545	8
40155	59546	9
40155	59819	10
40155	59876	5
40155	60099	3
40155	60118	27
40155	60172	7
40155	60237	3
40155	60281	5
40155	60299	5
40155	60359	1
40155	60673	4
40155	60684	2
40155	60694	1
40155	60714	6
40155	60722	4
40155	60921	113
40155	60998	6
40155	61024	26
40155	61043	1
40155	61085	13
40155	61109	13
40155	61120	7
40155	61194	20
40155	61244	5
40155	61269	8
40155	61501	46
40155	61538	4
40155	61727	56
40155	61755	39
40155	61836	76
40155	61985	1
40155	62270	228
40155	62508	1
40155	62577	6
40155	62594	3
40155	62612	43
40155	62636	11
40155	62656	2
40155	62662	4
40155	62695	2
40155	62705	7
40155	62713	14
40155	62722	1
40155	62730	10
40155	62752	13
40155	62779	6
40155	62813	2
40155	62919	2
40155	62930	3
40155	63080	1
40155	63096	13
40155	63158	2
40155	63189	4
40155	63390	12
40155	63497	6
40250	40285	19
40250	40820	1
40250	41174	3
40250	41179	6
40250	41492	2
40250	41575	5
40250	41600	7
40250	42020	1
40250	42168	11
40250	42694	9
40250	43479	4
40250	43794	1
40250	44019	3
40250	46584	5
40250	46751	1
40250	46756	2
40250	47199	1
40250	48454	11
40250	48621	21
40250	48633	4
40250	49021	21
40250	50019	1
40250	50277	1
40250	50550	5
40250	51116	2
40250	51385	6
40250	51506	75
40250	51591	1
40250	51626	9
40250	51676	2
40250	51888	1
40250	51954	13
40250	52257	3
40250	52286	11
40250	52675	8
40250	52688	18
40250	53044	7
40250	53297	1
40250	53406	3
40250	53449	1
40250	53656	12
40250	53692	4
40250	53875	17
40250	54487	10
40250	55041	6
40250	55577	1
40250	55906	1
40250	55970	2
40250	56177	4
40250	56705	10
40250	56817	2
40250	57029	3
40250	57350	1
40250	58300	1
40250	58397	1
40250	58554	5
40250	58590	1
40250	59180	5
40250	59819	1
40250	60133	1
40250	60299	1
40250	60714	1
40250	60998	1
40250	61085	1
40250	61501	9
40250	61538	2
40250	61727	9
40250	61755	3
40250	61985	4
40250	62270	2
40250	62508	1
40250	62612	1
40250	62779	1
40250	62919	4
40250	63096	7
40250	63390	3
40285	40983	13
40285	41174	582
40285	41179	21
40285	41492	8
40285	41575	117
40285	41600	144
40285	41723	5
40285	41930	37
40285	42020	61
40285	42168	118
40285	42603	105
40285	42694	25
40285	43479	28
40285	43794	3
40285	43860	3
40285	43884	6
40285	44019	135
40285	44080	5
40285	45000	323
40285	45307	5
40285	45766	17
40285	46424	41
40285	46482	2
40285	46584	10
40285	46751	10
40285	46756	149
40285	47199	14
40285	48454	233
40285	48571	92
40285	48621	302
40285	48633	157
40285	48720	118
40285	48832	43
40285	49021	31
40285	50019	2
40285	50040	19
40285	50277	36
40285	50543	41
40285	50550	114
40285	51116	384
40285	51385	35
40285	51506	125
40285	51591	44
40285	51626	53
40285	51676	134
40285	51782	4
40285	51954	65
40285	52257	20
40285	52286	21
40285	52378	19
40285	52419	1
40285	52451	7
40285	52675	120
40285	52688	247
40285	52712	1
40285	53044	56
40285	53107	5
40285	53297	9
40285	53406	74
40285	53449	10
40285	53457	2
40285	53650	4
40285	53656	12
40285	53692	45
40285	53706	140
40285	53875	145
40285	53878	8
40285	53926	4
40285	54003	31
40285	54416	6
40285	54487	27
40285	55041	213
40285	55347	13
40285	55577	20
40285	55630	6
40285	55906	7
40285	55970	18
40285	56177	177
40285	56705	104
40285	56783	68
40285	56817	5
40285	57029	16
40285	57350	1
40285	58230	13
40285	58270	15
40285	58286	24
40285	58300	15
40285	58308	3
40285	58321	13
40285	58352	59
40285	58397	31
40285	58461	29
40285	58495	29
40285	58523	262
40285	58554	46
40285	58590	22
40285	58667	2
40285	59180	49
40285	59545	34
40285	59546	15
40285	59876	3
40285	60099	6
40285	60118	61
40285	60133	11
40285	60172	24
40285	60237	19
40285	60281	11
40285	60299	11
40285	60359	3
40285	60673	13
40285	60684	4
40285	60694	10
40285	60714	19
40285	60722	15
40285	60921	58
40285	60998	24
40285	61024	45
40285	61043	7
40285	61085	78
40285	61109	25
40285	61120	40
40285	61194	17
40285	61244	8
40285	61269	9
40285	61501	46
40285	61538	3
40285	61727	183
40285	61755	103
40285	61836	33
40285	61914	4
40285	61953	6
40285	61985	19
40285	62270	127
40285	62508	2
40285	62577	13
40285	62585	2
40285	62594	2
40285	62612	45
40285	62636	16
40285	62656	2
40285	62662	17
40285	62695	6
40285	62705	5
40285	62713	22
40285	62722	5
40285	62730	13
40285	62752	26
40285	62779	32
40285	62813	4
40285	62863	5
40285	62878	16
40285	62911	6
40285	62919	18
40285	62930	12
40285	63080	8
40285	63096	56
40285	63158	9
40285	63189	15
40285	63388	5
40285	63390	12
40285	63497	10
40769	40820	1
40769	41723	8
40769	42020	18
40769	42168	1
40769	44080	3
40769	45307	2
40769	45766	9
40769	46584	4
40769	46751	2
40769	46756	96
40769	48454	1
40769	48571	32
40769	48621	2
40769	50019	1
40769	50040	1
40769	50277	24
40769	50550	1
40769	51591	1
40769	51676	8
40769	52378	2
40769	52419	4
40769	52688	11
40769	52712	1
40769	53044	6
40769	53449	16
40769	53875	3
40769	53878	1
40769	53926	1
40769	54416	3
40769	55577	1
40769	55906	1
40769	56177	25
40769	56705	1
40769	56783	1
40769	56817	1
40769	58230	6
40769	58308	15
40769	58321	6
40769	58352	10
40769	58397	2
40769	58461	9
40769	58554	4
40769	58590	8
40769	59546	5
40769	59876	3
40769	60099	9
40769	60118	42
40769	60133	1
40769	60359	8
40769	60684	56
40769	60694	2
40769	60714	1
40769	60921	2
40769	60998	5
40769	61043	1
40769	61085	4
40769	61109	32
40769	61120	8
40769	61194	13
40769	61244	145
40769	61501	3
40769	61953	2
40769	61985	8
40769	62577	1
40769	62585	2
40769	62594	2
40769	62612	11
40769	62636	2
40769	62695	1
40769	62722	10
40769	62730	9
40769	62752	83
40769	62779	1
40769	62863	16
40769	62878	32
40769	62911	6
40769	62919	8
40769	63080	1
40769	63158	6
40769	63189	3
40769	63497	8
40820	40983	1
40820	41492	4
40820	41600	6
40820	41930	2
40820	42694	7
40820	43794	1
40820	43860	7
40820	43884	2
40820	44080	9
40820	45307	7
40820	45766	2
40820	46424	1
40820	46482	1
40820	46584	4
40820	46751	41
40820	48454	3
40820	48832	1
40820	49021	3
40820	50019	14
40820	50040	5
40820	50543	1
40820	50550	1
40820	51139	1
40820	51506	5
40820	51626	2
40820	51676	7
40820	51954	3
40820	52378	1
40820	52419	4
40820	52451	5
40820	52675	1
40820	52688	5
40820	52712	3
40820	53044	11
40820	53107	4
40820	53297	4
40820	53406	3
40820	53449	1
40820	53457	2
40820	53650	1
40820	53656	5
40820	53692	1
40820	53875	13
40820	53926	9
40820	54416	3
40820	54487	1
40820	55041	2
40820	55347	3
40820	55577	2
40820	55906	3
40820	56177	1
40820	56705	11
40820	56783	2
40820	56817	10
40820	57029	2
40820	57350	1
40820	58230	33
40820	58270	2
40820	58308	5
40820	58321	7
40820	58352	5
40820	58397	2
40820	58461	2
40820	58495	1
40820	58523	9
40820	58554	7
40820	58590	13
40820	58667	3
40820	59180	3
40820	59545	3
40820	59546	13
40820	59876	6
40820	60099	1
40820	60118	41
40820	60281	2
40820	60299	1
40820	60359	8
40820	60673	1
40820	60684	3
40820	60714	16
40820	60722	1
40820	60921	2
40820	60998	8
40820	61024	2
40820	61043	2
40820	61085	5
40820	61109	30
40820	61120	1
40820	61194	16
40820	61269	1
40820	61501	9
40820	61755	1
40820	61914	1
40820	61953	11
40820	61985	2
40820	62270	6
40820	62577	5
40820	62585	3
40820	62594	1
40820	62612	7
40820	62636	7
40820	62656	3
40820	62695	6
40820	62705	1
40820	62713	1
40820	62722	3
40820	62730	1
40820	62752	11
40820	62779	4
40820	62813	7
40820	62911	19
40820	62919	1
40820	62930	8
40820	63080	5
40820	63096	4
40820	63158	9
40820	63189	11
40820	63497	1
40983	41174	2
40983	41179	10
40983	41492	11
40983	41575	1
40983	41600	16
40983	41930	2
40983	42020	14
40983	42168	26
40983	43794	2
40983	43860	5
40983	43884	2
40983	45000	2
40983	45766	2
40983	46424	21
40983	46584	1
40983	46756	5
40983	48454	10
40983	48571	5
40983	48621	23
40983	48633	1
40983	48832	23
40983	49021	1
40983	50040	3
40983	50277	4
40983	50543	5
40983	50550	5
40983	51139	4
40983	51385	8
40983	51506	4
40983	51591	4
40983	51626	4
40983	51676	83
40983	52257	4
40983	52286	8
40983	52378	4
40983	52419	2
40983	52451	6
40983	52688	49
40983	52712	1
40983	53044	10
40983	53297	2
40983	53406	26
40983	53449	21
40983	53457	2
40983	53650	1
40983	53656	1
40983	53692	1
40983	53706	1
40983	53875	69
40983	53878	6
40983	53926	1
40983	54003	3
40983	54416	6
40983	54487	17
40983	55041	35
40983	55347	39
40983	55577	12
40983	55630	1
40983	55906	15
40983	55970	2
40983	56177	76
40983	56705	13
40983	56783	33
40983	56817	2
40983	57029	80
40983	58270	12
40983	58286	3
40983	58321	1
40983	58352	1
40983	58397	6
40983	58461	4
40983	58495	2
40983	58554	5
40983	58590	7
40983	59180	2
40983	59546	4
40983	59876	2
40983	60118	7
40983	60237	1
40983	60281	4
40983	60299	1
40983	60673	1
40983	60684	3
40983	60722	8
40983	60921	4
40983	60998	1
40983	61024	16
40983	61085	2
40983	61109	2
40983	61120	2
40983	61194	8
40983	61244	5
40983	61501	29
40983	61755	11
40983	61836	1
40983	61914	4
40983	61953	3
40983	61985	1
40983	62270	4
40983	62508	1
40983	62612	12
40983	62636	3
40983	62656	1
40983	62662	1
40983	62695	1
40983	62705	1
40983	62713	4
40983	62722	3
40983	62752	2
40983	62779	5
40983	62813	4
40983	62863	1
40983	62878	1
40983	62919	2
40983	62930	3
40983	63080	17
40983	63497	6
41174	41179	5
41174	41492	4
41174	41575	37
41174	41600	25
41174	41723	3
41174	42020	21
41174	42168	17
41174	42603	25
41174	42694	1
41174	43479	4
41174	43884	1
41174	44019	32
41174	44080	1
41174	45000	72
41174	45766	1
41174	46424	6
41174	46584	6
41174	46751	1
41174	46756	38
41174	47199	4
41174	48454	31
41174	48571	16
41174	48621	53
41174	48633	33
41174	48720	9
41174	48832	11
41174	49021	5
41174	50040	2
41174	50277	10
41174	50543	2
41174	50550	36
41174	51116	127
41174	51139	1
41174	51385	5
41174	51506	16
41174	51591	13
41174	51626	8
41174	51676	36
41174	51888	2
41174	51954	16
41174	52257	2
41174	52286	7
41174	52378	3
41174	52675	21
41174	52688	59
41174	53044	9
41174	53107	3
41174	53297	1
41174	53406	14
41174	53449	1
41174	53656	5
41174	53692	9
41174	53706	31
41174	53875	20
41174	53926	4
41174	54487	9
41174	55041	43
41174	55577	1
41174	55630	3
41174	55906	2
41174	55970	2
41174	56177	36
41174	56705	22
41174	56783	9
41174	57029	1
41174	57350	1
41174	58270	6
41174	58286	1
41174	58300	6
41174	58308	1
41174	58321	1
41174	58352	13
41174	58397	16
41174	58461	2
41174	58495	12
41174	58523	42
41174	58554	12
41174	58590	12
41174	59180	7
41174	59545	4
41174	59819	1
41174	60099	2
41174	60118	7
41174	60133	5
41174	60172	1
41174	60237	4
41174	60281	4
41174	60299	4
41174	60359	1
41174	60694	5
41174	60714	2
41174	60722	3
41174	60921	8
41174	60998	15
41174	61024	18
41174	61043	12
41174	61085	29
41174	61120	4
41174	61194	4
41174	61244	3
41174	61269	2
41174	61501	14
41174	61538	2
41174	61727	42
41174	61755	13
41174	61836	2
41174	61953	1
41174	61985	12
41174	62270	27
41174	62508	8
41174	62577	3
41174	62594	1
41174	62612	15
41174	62636	12
41174	62662	5
41174	62695	1
41174	62705	1
41174	62713	4
41174	62722	1
41174	62730	4
41174	62752	4
41174	62779	7
41174	62813	1
41174	62863	2
41174	62878	4
41174	62911	1
41174	62919	6
41174	62930	5
41174	63080	2
41174	63096	25
41174	63189	1
41174	63388	1
41174	63390	3
41179	41492	1
41179	41575	1
41179	41600	27
41179	41930	4
41179	42020	10
41179	42168	76
41179	42694	3
41179	43479	10
41179	43794	1
41179	43860	1
41179	43884	1
41179	44019	1
41179	44080	2
41179	45000	3
41179	45307	1
41179	45766	19
41179	46424	3
41179	46584	11
41179	46751	1
41179	46756	4
41179	47199	3
41179	48454	21
41179	48571	4
41179	48621	38
41179	48633	2
41179	48832	3
41179	49021	5
41179	50019	1
41179	50040	2
41179	50277	4
41179	50543	3
41179	50550	21
41179	51116	4
41179	51139	9
41179	51385	15
41179	51506	14
41179	51591	4
41179	51626	10
41179	51676	33
41179	51888	1
41179	51954	7
41179	52257	9
41179	52286	13
41179	52378	15
41179	52419	3
41179	52451	6
41179	52675	8
41179	52688	68
41179	52712	1
41179	53044	10
41179	53297	1
41179	53406	19
41179	53449	9
41179	53457	16
41179	53650	12
41179	53656	8
41179	53692	3
41179	53706	3
41179	53875	42
41179	53878	15
41179	53926	2
41179	54003	3
41179	54416	12
41179	54487	16
41179	55041	42
41179	55347	12
41179	55577	27
41179	55630	6
41179	55906	6
41179	55970	11
41179	56177	22
41179	56705	20
41179	56783	17
41179	56817	2
41179	57029	8
41179	57350	3
41179	58230	4
41179	58270	2
41179	58286	5
41179	58300	1
41179	58308	1
41179	58321	8
41179	58352	8
41179	58397	5
41179	58461	1
41179	58495	6
41179	58523	4
41179	58554	4
41179	58590	11
41179	58667	1
41179	59180	10
41179	59545	5
41179	59546	11
41179	59819	6
41179	59876	4
41179	60118	18
41179	60133	1
41179	60172	8
41179	60237	2
41179	60281	5
41179	60299	6
41179	60673	1
41179	60694	3
41179	60714	2
41179	60921	11
41179	60998	11
41179	61024	13
41179	61043	1
41179	61085	5
41179	61109	15
41179	61120	1
41179	61194	6
41179	61269	4
41179	61501	34
41179	61538	6
41179	61727	3
41179	61755	13
41179	61836	4
41179	61914	3
41179	61953	1
41179	61985	2
41179	62270	17
41179	62508	1
41179	62577	1
41179	62612	3
41179	62636	6
41179	62656	1
41179	62662	3
41179	62695	2
41179	62705	1
41179	62713	1
41179	62730	2
41179	62752	3
41179	62779	11
41179	62813	1
41179	62911	1
41179	62919	2
41179	62930	1
41179	63080	4
41179	63189	3
41179	63390	5
41179	63497	6
41492	41575	1
41492	41600	18
41492	41723	1
41492	42020	11
41492	42168	1
41492	42694	2
41492	43794	1
41492	43860	52
41492	43884	27
41492	44080	1
41492	45000	2
41492	46424	65
41492	46751	20
41492	46756	5
41492	48571	1
41492	48621	10
41492	48633	2
41492	48832	24
41492	49021	3
41492	50040	5
41492	50277	2
41492	50543	2
41492	51116	2
41492	51139	17
41492	51385	12
41492	51506	1
41492	51591	2
41492	51626	2
41492	51676	16
41492	52257	2
41492	52378	2
41492	52675	1
41492	52688	12
41492	52712	2
41492	53044	22
41492	53406	3
41492	53449	73
41492	53457	2
41492	53656	5
41492	53692	1
41492	53875	8
41492	53878	1
41492	53926	1
41492	54416	1
41492	54487	1
41492	55041	5
41492	55577	1
41492	55906	1
41492	55970	1
41492	56177	52
41492	56783	35
41492	56817	1
41492	57029	16
41492	58270	12
41492	58308	2
41492	58321	6
41492	58352	6
41492	58397	3
41492	58461	2
41492	58495	12
41492	58523	4
41492	58554	8
41492	59876	2
41492	60118	6
41492	60133	6
41492	60237	2
41492	60281	1
41492	60359	1
41492	60673	1
41492	60684	7
41492	60714	1
41492	60722	5
41492	61024	12
41492	61085	1
41492	61120	7
41492	61194	7
41492	61244	2
41492	61501	2
41492	61755	10
41492	61914	5
41492	61953	7
41492	61985	1
41492	62612	5
41492	62636	8
41492	62656	6
41492	62662	2
41492	62705	17
41492	62713	1
41492	62722	1
41492	62752	59
41492	62779	8
41492	62813	8
41492	62863	1
41492	62878	1
41492	62930	2
41492	63096	1
41492	63158	4
41492	63497	5
41575	41600	11
41575	42020	10
41575	42168	6
41575	42694	1
41575	43479	3
41575	44019	1
41575	45000	36
41575	46424	3
41575	46584	4
41575	46751	2
41575	46756	30
41575	48454	11
41575	48571	5
41575	48621	19
41575	48633	1
41575	48720	3
41575	48832	2
41575	50277	2
41575	50550	9
41575	51116	23
41575	51385	1
41575	51506	6
41575	51591	1
41575	51626	1
41575	51676	18
41575	51888	1
41575	51954	10
41575	52257	2
41575	52286	2
41575	52378	2
41575	52675	11
41575	52688	18
41575	53044	3
41575	53297	1
41575	53406	10
41575	53449	3
41575	53656	2
41575	53692	3
41575	53706	4
41575	53875	11
41575	54416	1
41575	54487	7
41575	55041	13
41575	55577	4
41575	55630	2
41575	55906	1
41575	55970	1
41575	56177	17
41575	56705	6
41575	56783	3
41575	57350	1
41575	58270	2
41575	58286	4
41575	58300	1
41575	58352	2
41575	58397	1
41575	58495	2
41575	58523	10
41575	58554	3
41575	58590	1
41575	59180	3
41575	59545	1
41575	59819	1
41575	60118	1
41575	60237	2
41575	60281	1
41575	60299	1
41575	60673	1
41575	60714	1
41575	60921	1
41575	60998	1
41575	61024	9
41575	61043	1
41575	61085	7
41575	61244	1
41575	61501	8
41575	61538	2
41575	61727	13
41575	61755	7
41575	61836	1
41575	61985	1
41575	62270	3
41575	62508	1
41575	62636	3
41575	62705	1
41575	62713	1
41575	62779	2
41575	62878	1
41575	63096	7
41575	63388	1
41575	63390	2
41575	63497	3
41600	41723	14
41600	41882	27
41600	42020	23
41600	42168	33
41600	42694	2
41600	43479	40
41600	43794	4
41600	43860	7
41600	43884	7
41600	44019	4
41600	44080	5
41600	45000	22
41600	45307	3
41600	45766	17
41600	46424	25
41600	46482	4
41600	46584	14
41600	46751	12
41600	46756	10
41600	47199	18
41600	48454	178
41600	48571	1
41600	48621	178
41600	48633	11
41600	48720	3
41600	48832	16
41600	49021	12
41600	50019	6
41600	50040	4
41600	50277	2
41600	50543	14
41600	50550	152
41600	51116	11
41600	51139	8
41600	51385	13
41600	51506	53
41600	51591	28
41600	51626	15
41600	51676	46
41600	51888	65
41600	51954	7
41600	52257	15
41600	52286	25
41600	52378	27
41600	52419	3
41600	52451	2
41600	52675	14
41600	52688	225
41600	53044	37
41600	53107	4
41600	53297	5
41600	53406	23
41600	53449	12
41600	53457	1
41600	53650	4
41600	53656	9
41600	53692	9
41600	53706	8
41600	53875	174
41600	53878	15
41600	53926	8
41600	54003	2
41600	54416	1
41600	54487	46
41600	55041	235
41600	55347	18
41600	55577	36
41600	55630	20
41600	55906	5
41600	55970	8
41600	56177	60
41600	56705	57
41600	56783	43
41600	56817	2
41600	57029	18
41600	57350	3
41600	58230	6
41600	58270	24
41600	58286	66
41600	58300	23
41600	58308	3
41600	58321	23
41600	58352	94
41600	58397	42
41600	58461	29
41600	58495	25
41600	58523	32
41600	58554	49
41600	58590	50
41600	59180	37
41600	59545	15
41600	59546	14
41600	59819	6
41600	59876	4
41600	60099	8
41600	60118	32
41600	60133	6
41600	60172	73
41600	60237	14
41600	60281	4
41600	60299	11
41600	60359	2
41600	60673	15
41600	60684	3
41600	60694	26
41600	60714	5
41600	60722	34
41600	60921	3
41600	60998	33
41600	61024	24
41600	61043	25
41600	61085	17
41600	61109	25
41600	61120	11
41600	61194	34
41600	61244	1
41600	61269	17
41600	61501	77
41600	61538	9
41600	61727	6
41600	61755	45
41600	61836	15
41600	61914	8
41600	61953	9
41600	61985	26
41600	62270	7
41600	62508	2
41600	62577	9
41600	62585	1
41600	62594	6
41600	62612	54
41600	62636	26
41600	62656	7
41600	62662	21
41600	62695	14
41600	62705	9
41600	62713	6
41600	62722	10
41600	62730	21
41600	62752	63
41600	62779	62
41600	62813	12
41600	62863	14
41600	62878	18
41600	62911	2
41600	62919	5
41600	62930	7
41600	63080	7
41600	63096	5
41600	63158	9
41600	63189	18
41600	63388	7
41600	63390	15
41600	63497	3
41723	41882	32
41723	42020	3
41723	42168	2
41723	42603	1
41723	43479	7
41723	43794	1
41723	43860	1
41723	45766	3
41723	46482	2
41723	46756	12
41723	47199	2
41723	48454	14
41723	48571	4
41723	48621	4
41723	50019	2
41723	50040	2
41723	50277	3
41723	50550	6
41723	51116	1
41723	51139	2
41723	51385	1
41723	51591	7
41723	51676	1
41723	52286	1
41723	52378	2
41723	52451	1
41723	52688	5
41723	52712	2
41723	53044	5
41723	53406	2
41723	53449	2
41723	53650	1
41723	53656	2
41723	53692	1
41723	53875	10
41723	53878	3
41723	53926	4
41723	54416	2
41723	54487	3
41723	55041	11
41723	56177	3
41723	56705	2
41723	56783	2
41723	56817	1
41723	58230	1
41723	58270	8
41723	58300	1
41723	58308	5
41723	58321	8
41723	58352	39
41723	58397	8
41723	58461	7
41723	58495	6
41723	58523	8
41723	58554	16
41723	58590	8
41723	59546	4
41723	59876	2
41723	60099	4
41723	60118	7
41723	60237	1
41723	60299	1
41723	60359	3
41723	60673	4
41723	60684	7
41723	60694	3
41723	60714	4
41723	60998	7
41723	61043	2
41723	61085	5
41723	61109	17
41723	61120	3
41723	61194	13
41723	61244	20
41723	61269	3
41723	61501	3
41723	61755	1
41723	61914	1
41723	61953	2
41723	61985	5
41723	62508	2
41723	62585	1
41723	62594	1
41723	62612	10
41723	62636	7
41723	62656	2
41723	62695	3
41723	62705	1
41723	62713	2
41723	62722	1
41723	62730	4
41723	62752	16
41723	62779	14
41723	62813	9
41723	62863	4
41723	62878	5
41723	62919	2
41723	62930	3
41723	63080	3
41723	63096	1
41723	63158	5
41723	63189	8
41723	63497	2
41882	43479	48
41882	47199	3
41882	48454	75
41882	50550	32
41882	51506	2
41882	52688	4
41882	53656	17
41882	53875	7
41882	55041	17
41882	57350	2
41882	58352	488
41882	58461	18
41882	58495	4
41882	58523	22
41882	58554	52
41882	60099	23
41882	60673	16
41882	60714	4
41882	60921	2
41882	60998	16
41882	61120	16
41882	61985	23
41882	62270	6
41882	62612	41
41882	62636	17
41882	62752	3
41882	62779	17
41882	62863	7
41882	62930	16
41930	42168	148
41930	43860	4
41930	44080	1
41930	45000	2
41930	45307	1
41930	45766	1
41930	46424	12
41930	46584	3
41930	46756	1
41930	48621	26
41930	48633	1
41930	48720	1
41930	51116	2
41930	51139	5
41930	51385	11
41930	51591	2
41930	51626	6
41930	51676	62
41930	51782	35
41930	51954	2
41930	52378	2
41930	52451	6
41930	52688	4
41930	53044	7
41930	53406	120
41930	53875	7
41930	54416	1
41930	55041	2
41930	55347	3
41930	55577	20
41930	55906	2
41930	55970	3
41930	56177	12
41930	56705	5
41930	56783	4
41930	57029	2
41930	57350	1
41930	58300	1
41930	58352	2
41930	58397	2
41930	58495	2
41930	58523	4
41930	58554	1
41930	59180	2
41930	60118	7
41930	60172	1
41930	60281	54
41930	60921	39
41930	61024	3
41930	61085	2
41930	61109	1
41930	61120	15
41930	61194	3
41930	61501	3
41930	61755	29
41930	62270	4
41930	62722	1
41930	62730	2
41930	62919	1
41930	63080	2
41930	63497	12
42020	42168	24
42020	43479	3
42020	43794	4
42020	43860	30
42020	43884	9
42020	44080	1
42020	45000	9
42020	45766	4
42020	46424	35
42020	46482	4
42020	46584	13
42020	46751	2
42020	46756	84
42020	48454	30
42020	48571	23
42020	48621	54
42020	48633	3
42020	48832	57
42020	49021	1
42020	50019	2
42020	50040	1
42020	50277	14
42020	50543	2
42020	50550	12
42020	51116	6
42020	51139	30
42020	51385	14
42020	51506	11
42020	51591	6
42020	51626	9
42020	51676	88
42020	51888	1
42020	51954	3
42020	52257	16
42020	52286	10
42020	52378	4
42020	52451	1
42020	52675	2
42020	52688	84
42020	53044	8
42020	53297	4
42020	53406	23
42020	53449	47
42020	53457	2
42020	53650	1
42020	53656	2
42020	53692	9
42020	53706	2
42020	53875	36
42020	53878	4
42020	53926	1
42020	54416	3
42020	54487	29
42020	55041	58
42020	55347	5
42020	55577	12
42020	55630	4
42020	55906	1
42020	55970	7
42020	56177	227
42020	56705	37
42020	56783	164
42020	56817	1
42020	57029	15
42020	57350	1
42020	58230	4
42020	58270	16
42020	58286	3
42020	58300	2
42020	58308	7
42020	58321	2
42020	58352	8
42020	58397	9
42020	58461	9
42020	58495	4
42020	58523	4
42020	58554	19
42020	58590	10
42020	59180	12
42020	59545	6
42020	59546	11
42020	59819	5
42020	59876	2
42020	60099	3
42020	60118	17
42020	60133	6
42020	60172	3
42020	60237	23
42020	60281	5
42020	60299	9
42020	60359	2
42020	60673	1
42020	60684	19
42020	60694	1
42020	60714	6
42020	60722	3
42020	60921	3
42020	60998	4
42020	61024	55
42020	61043	2
42020	61085	4
42020	61109	7
42020	61120	7
42020	61194	8
42020	61244	42
42020	61269	3
42020	61501	55
42020	61538	6
42020	61727	1
42020	61755	18
42020	61836	2
42020	61914	2
42020	61953	5
42020	61985	6
42020	62270	5
42020	62508	1
42020	62577	2
42020	62585	1
42020	62594	4
42020	62612	8
42020	62636	10
42020	62656	1
42020	62662	4
42020	62695	3
42020	62705	1
42020	62722	2
42020	62730	5
42020	62752	32
42020	62779	14
42020	62813	2
42020	62863	6
42020	62878	9
42020	62919	2
42020	62930	3
42020	63080	2
42020	63158	2
42020	63189	5
42020	63390	4
42020	63497	7
42168	42694	9
42168	43479	19
42168	43794	6
42168	43860	13
42168	44019	8
42168	44080	5
42168	45000	3
42168	45307	1
42168	45766	34
42168	46424	12
42168	46482	2
42168	46584	50
42168	46751	4
42168	46756	15
42168	48454	77
42168	48571	1
42168	48621	275
42168	48633	1
42168	48720	1
42168	48832	4
42168	49021	10
42168	50019	2
42168	50040	2
42168	50543	15
42168	50550	38
42168	51116	7
42168	51139	3
42168	51385	112
42168	51506	55
42168	51591	19
42168	51626	34
42168	51676	79
42168	51782	14
42168	51888	4
42168	51954	23
42168	52257	31
42168	52286	28
42168	52378	30
42168	52419	3
42168	52451	15
42168	52675	11
42168	52688	195
42168	52712	2
42168	53044	17
42168	53107	4
42168	53297	65
42168	53406	109
42168	53449	13
42168	53457	67
42168	53650	28
42168	53656	50
42168	53692	8
42168	53706	5
42168	53875	156
42168	53878	55
42168	53926	1
42168	54003	44
42168	54416	112
42168	54487	80
42168	55041	34
42168	55347	47
42168	55577	51
42168	55630	6
42168	55906	46
42168	55970	17
42168	56177	121
42168	56705	79
42168	56783	24
42168	56817	2
42168	57029	18
42168	57350	5
42168	58230	6
42168	58270	2
42168	58286	5
42168	58300	3
42168	58308	1
42168	58321	2
42168	58352	2
42168	58397	19
42168	58461	3
42168	58495	9
42168	58523	26
42168	58554	10
42168	58590	17
42168	59180	26
42168	59545	10
42168	59546	25
42168	59819	22
42168	59876	5
42168	60099	1
42168	60118	49
42168	60133	3
42168	60172	5
42168	60237	12
42168	60281	92
42168	60299	12
42168	60359	5
42168	60673	1
42168	60694	2
42168	60714	9
42168	60722	2
42168	60921	23
42168	60998	6
42168	61024	13
42168	61043	2
42168	61085	14
42168	61109	41
42168	61120	4
42168	61194	18
42168	61244	3
42168	61501	57
42168	61538	18
42168	61727	12
42168	61755	63
42168	61836	1
42168	61914	9
42168	61953	1
42168	61985	3
42168	62270	29
42168	62508	5
42168	62577	4
42168	62585	2
42168	62594	1
42168	62612	7
42168	62636	9
42168	62656	1
42168	62662	13
42168	62695	3
42168	62705	1
42168	62713	5
42168	62722	5
42168	62730	11
42168	62752	5
42168	62779	8
42168	62813	3
42168	62863	8
42168	62878	2
42168	62911	1
42168	62919	11
42168	62930	3
42168	63080	7
42168	63158	4
42168	63189	8
42168	63390	15
42168	63497	10
42603	44019	17
42603	45766	1
42603	46751	1
42603	48454	40
42603	48621	22
42603	48720	3
42603	49021	26
42603	50040	12
42603	51116	15
42603	51506	12
42603	51591	2
42603	51782	3
42603	51954	60
42603	52688	2
42603	53044	2
42603	53107	12
42603	53692	1
42603	53875	3
42603	53878	5
42603	54487	2
42603	55041	1
42603	56705	4
42603	58352	15
42603	58397	2
42603	58461	1
42603	58495	2
42603	58523	4
42603	59545	2
42603	60099	12
42603	60118	2
42603	60694	1
42603	60998	1
42603	61085	13
42603	61269	12
42603	61727	2
42603	61985	13
42603	62577	12
42603	62612	12
42603	62636	15
42603	62662	24
42603	62713	12
42603	62813	1
42603	62919	36
42603	63189	2
42694	43479	2
42694	43794	4
42694	43860	4
42694	45000	6
42694	45307	14
42694	45766	37
42694	46424	1
42694	46584	1
42694	46751	4
42694	46756	1
42694	47199	1
42694	48454	1
42694	48571	2
42694	48621	30
42694	49021	2
42694	50019	1
42694	50550	1
42694	51116	13
42694	51385	4
42694	51506	48
42694	51591	3
42694	51626	15
42694	51676	2
42694	51954	43
42694	52257	1
42694	52286	16
42694	52378	2
42694	52419	3
42694	52675	12
42694	52688	20
42694	52712	6
42694	53656	68
42694	53692	6
42694	53706	1
42694	53875	6
42694	54003	3
42694	54487	6
42694	55041	12
42694	55577	4
42694	55630	14
42694	55970	8
42694	56705	15
42694	56783	1
42694	57029	2
42694	57350	11
42694	58321	3
42694	58352	3
42694	58523	4
42694	58554	1
42694	58590	2
42694	59180	1
42694	59545	2
42694	59546	7
42694	59819	3
42694	60359	6
42694	60714	2
42694	61109	11
42694	61194	1
42694	61501	1
42694	61755	2
42694	61836	5
42694	61985	4
42694	62612	1
42694	62656	7
42694	62662	3
42694	62730	1
42694	62779	11
42694	62930	1
42694	63080	1
42694	63096	38
42694	63189	1
42694	63390	2
43479	43794	1
43479	43860	2
43479	44019	1
43479	44080	1
43479	45000	5
43479	45307	2
43479	45766	3
43479	46424	1
43479	46482	1
43479	46584	9
43479	46751	1
43479	47199	13
43479	48454	52
43479	48621	79
43479	48633	3
43479	49021	6
43479	50040	3
43479	50543	10
43479	50550	63
43479	51116	3
43479	51385	6
43479	51506	19
43479	51591	11
43479	51626	17
43479	51676	9
43479	51888	2
43479	52257	7
43479	52286	26
43479	52378	4
43479	52419	1
43479	52675	2
43479	52688	49
43479	52712	1
43479	53044	7
43479	53107	4
43479	53297	3
43479	53406	5
43479	53449	2
43479	53650	1
43479	53656	6
43479	53692	2
43479	53706	8
43479	53875	10
43479	53878	3
43479	53926	1
43479	54003	1
43479	54487	16
43479	55041	70
43479	55347	2
43479	55577	5
43479	55630	8
43479	55906	2
43479	55970	6
43479	56177	5
43479	56705	15
43479	56783	9
43479	56817	1
43479	58270	1
43479	58286	26
43479	58300	3
43479	58308	3
43479	58321	6
43479	58352	115
43479	58397	13
43479	58461	6
43479	58495	12
43479	58523	20
43479	58554	33
43479	58590	10
43479	59180	31
43479	59545	12
43479	59546	3
43479	59819	3
43479	60099	3
43479	60118	8
43479	60133	6
43479	60172	5
43479	60237	6
43479	60281	4
43479	60299	1
43479	60673	3
43479	60694	22
43479	60714	1
43479	60722	2
43479	60998	25
43479	61024	2
43479	61043	7
43479	61085	2
43479	61109	5
43479	61120	4
43479	61194	8
43479	61269	8
43479	61501	13
43479	61538	5
43479	61727	3
43479	61755	10
43479	61836	12
43479	61914	4
43479	61953	2
43479	61985	10
43479	62270	2
43479	62508	24
43479	62577	1
43479	62594	1
43479	62612	19
43479	62636	8
43479	62656	1
43479	62662	1
43479	62695	2
43479	62705	6
43479	62713	2
43479	62722	6
43479	62730	3
43479	62752	11
43479	62779	33
43479	62813	6
43479	62863	2
43479	62878	2
43479	62911	4
43479	62919	6
43479	62930	5
43479	63189	5
43479	63388	11
43479	63390	22
43794	43860	8
43794	44080	5
43794	45307	4
43794	45766	33
43794	46424	3
43794	46482	3
43794	46584	5
43794	46751	4
43794	46756	2
43794	48454	3
43794	48621	12
43794	48633	2
43794	49021	2
43794	50019	4
43794	50040	2
43794	50277	1
43794	50543	1
43794	51385	5
43794	51506	1
43794	51626	1
43794	51676	6
43794	51782	17
43794	51954	1
43794	52257	1
43794	52286	3
43794	52378	2
43794	52419	5
43794	52451	4
43794	52675	1
43794	52688	12
43794	52712	17
43794	53044	4
43794	53297	1
43794	53406	3
43794	53449	2
43794	53457	1
43794	53650	1
43794	53692	1
43794	53875	10
43794	53878	4
43794	54416	3
43794	54487	18
43794	55041	5
43794	55347	2
43794	55577	2
43794	55630	1
43794	55906	1
43794	55970	3
43794	56177	6
43794	56705	10
43794	56783	8
43794	56817	1
43794	57029	2
43794	58230	7
43794	58270	1
43794	58286	1
43794	58308	3
43794	58321	1
43794	58397	5
43794	58461	3
43794	58495	2
43794	58523	6
43794	58554	1
43794	58590	3
43794	58667	9
43794	59180	4
43794	59545	1
43794	59546	25
43794	59819	3
43794	59876	5
43794	60099	3
43794	60118	22
43794	60133	1
43794	60172	1
43794	60237	1
43794	60281	2
43794	60299	6
43794	60359	9
43794	60673	1
43794	60714	4
43794	60722	1
43794	60921	2
43794	60998	6
43794	61085	3
43794	61109	28
43794	61194	9
43794	61244	1
43794	61501	6
43794	61538	2
43794	61755	2
43794	61953	2
43794	61985	2
43794	62270	1
43794	62585	1
43794	62612	3
43794	62656	3
43794	62695	5
43794	62730	5
43794	62752	2
43794	62779	7
43794	62813	1
43794	62863	1
43794	62911	1
43794	62930	6
43794	63080	2
43794	63096	2
43794	63158	5
43794	63189	5
43794	63390	1
43794	63497	1
43860	43884	26
43860	45000	1
43860	45307	2
43860	45766	4
43860	46424	19
43860	46482	2
43860	46584	4
43860	46751	21
43860	46756	14
43860	48454	9
43860	48571	3
43860	48621	23
43860	48832	10
43860	49021	4
43860	50019	13
43860	50040	4
43860	50277	2
43860	50543	3
43860	51139	15
43860	51385	10
43860	51506	7
43860	51591	3
43860	51626	1
43860	51676	47
43860	51954	1
43860	52257	2
43860	52286	5
43860	52378	1
43860	52451	1
43860	52688	19
43860	53044	6
43860	53297	3
43860	53406	11
43860	53449	30
43860	53457	1
43860	53692	10
43860	53706	1
43860	53875	9
43860	53878	2
43860	54003	1
43860	54416	1
43860	54487	12
43860	55041	12
43860	55347	2
43860	55577	4
43860	55630	1
43860	55906	2
43860	55970	1
43860	56177	58
43860	56705	12
43860	56783	60
43860	56817	2
43860	57029	5
43860	57350	1
43860	58230	2
43860	58270	19
43860	58286	2
43860	58308	7
43860	58321	3
43860	58352	2
43860	58397	10
43860	58461	2
43860	58495	4
43860	58523	5
43860	58554	7
43860	58590	2
43860	59180	5
43860	59545	6
43860	59546	7
43860	59819	2
43860	59876	1
43860	60099	1
43860	60118	12
43860	60172	1
43860	60237	7
43860	60281	2
43860	60299	2
43860	60359	9
43860	60673	2
43860	60684	16
43860	60694	1
43860	60714	1
43860	60722	2
43860	60921	6
43860	60998	5
43860	61024	14
43860	61085	4
43860	61109	18
43860	61120	2
43860	61194	7
43860	61244	3
43860	61501	6
43860	61538	2
43860	61755	4
43860	61914	2
43860	61953	4
43860	61985	6
43860	62270	32
43860	62585	2
43860	62612	4
43860	62636	5
43860	62656	3
43860	62662	5
43860	62695	5
43860	62705	1
43860	62722	1
43860	62730	6
43860	62752	26
43860	62779	1
43860	62813	2
43860	62863	2
43860	62878	1
43860	62919	1
43860	62930	1
43860	63080	1
43860	63158	5
43860	63189	7
43860	63390	1
43860	63497	3
43884	46424	10
43884	46751	4
43884	46756	1
43884	48454	3
43884	48621	3
43884	48832	8
43884	50019	1
43884	50543	7
43884	51139	6
43884	51385	1
43884	51626	1
43884	51676	23
43884	52257	2
43884	52688	7
43884	53044	2
43884	53406	1
43884	53449	27
43884	53692	3
43884	53875	1
43884	54487	1
43884	55347	1
43884	55577	1
43884	55970	1
43884	56177	44
43884	56705	8
43884	56783	17
43884	57029	5
43884	57350	1
43884	58270	7
43884	58300	1
43884	58321	1
43884	58352	6
43884	58397	2
43884	58461	2
43884	58495	6
43884	58523	3
43884	58554	1
43884	58590	2
43884	59545	3
43884	59876	1
43884	60118	1
43884	60133	1
43884	60237	1
43884	60359	1
43884	60673	1
43884	60684	6
43884	60694	1
43884	60722	41
43884	60921	1
43884	61024	14
43884	61043	30
43884	61085	1
43884	61194	1
43884	61244	2
43884	61755	2
43884	61953	2
43884	61985	7
43884	62270	15
43884	62612	3
43884	62636	3
43884	62656	1
43884	62662	3
43884	62705	1
43884	62730	7
43884	62752	8
43884	62779	12
43884	62863	1
43884	63080	1
43884	63158	12
44019	45000	15
44019	46424	2
44019	46482	2
44019	46751	3
44019	46756	14
44019	48454	15
44019	48571	1
44019	48621	29
44019	48633	11
44019	48720	5
44019	48832	3
44019	49021	3
44019	50040	1
44019	50543	1
44019	50550	1
44019	51116	22
44019	51385	3
44019	51506	6
44019	51591	4
44019	51676	8
44019	51782	1
44019	51954	5
44019	52257	2
44019	52378	1
44019	52419	1
44019	52451	3
44019	52675	3
44019	52688	16
44019	52712	1
44019	53044	10
44019	53107	1
44019	53406	7
44019	53692	1
44019	53706	11
44019	53875	6
44019	54416	2
44019	55041	5
44019	55577	2
44019	55630	1
44019	55906	1
44019	55970	2
44019	56177	18
44019	56705	9
44019	56783	2
44019	58230	1
44019	58270	1
44019	58352	4
44019	58397	2
44019	58461	2
44019	58523	5
44019	58554	8
44019	58590	1
44019	59180	3
44019	59545	1
44019	60099	1
44019	60118	4
44019	60281	2
44019	60299	1
44019	60921	2
44019	61024	3
44019	61085	3
44019	61109	2
44019	61120	1
44019	61269	1
44019	61501	2
44019	61727	27
44019	61755	7
44019	61836	1
44019	61985	1
44019	62270	4
44019	62577	1
44019	62612	4
44019	62636	2
44019	62662	2
44019	62713	1
44019	62722	2
44019	62730	2
44019	62752	4
44019	62779	1
44019	62919	3
44019	63096	12
44019	63390	1
44080	45307	18
44080	45766	18
44080	46424	1
44080	46482	5
44080	46584	2
44080	46751	8
44080	48454	9
44080	48621	9
44080	48633	1
44080	48832	4
44080	49021	1
44080	50019	8
44080	50040	3
44080	50550	1
44080	51116	1
44080	51139	3
44080	51385	1
44080	51626	2
44080	51676	5
44080	51782	18
44080	52257	1
44080	52378	3
44080	52419	14
44080	52451	8
44080	52675	2
44080	52688	19
44080	52712	35
44080	53044	4
44080	53107	1
44080	53406	3
44080	53457	4
44080	53650	5
44080	53656	1
44080	53692	2
44080	53875	8
44080	53926	8
44080	54003	1
44080	54416	25
44080	54487	11
44080	55041	5
44080	55906	5
44080	55970	1
44080	56177	1
44080	56705	4
44080	56783	7
44080	56817	6
44080	58230	64
44080	58270	2
44080	58286	2
44080	58300	9
44080	58308	13
44080	58321	20
44080	58352	12
44080	58397	9
44080	58461	8
44080	58495	7
44080	58523	12
44080	58554	7
44080	58590	9
44080	58667	19
44080	59180	4
44080	59545	2
44080	59546	48
44080	59876	24
44080	60099	4
44080	60118	95
44080	60133	1
44080	60299	3
44080	60359	27
44080	60673	2
44080	60714	17
44080	60722	6
44080	60921	1
44080	60998	14
44080	61024	1
44080	61043	1
44080	61085	26
44080	61109	97
44080	61120	1
44080	61194	39
44080	61244	6
44080	61501	12
44080	61755	1
44080	61914	1
44080	61953	24
44080	61985	1
44080	62577	2
44080	62585	10
44080	62594	10
44080	62612	8
44080	62636	3
44080	62656	5
44080	62662	2
44080	62695	2
44080	62722	6
44080	62730	10
44080	62752	15
44080	62779	14
44080	62813	6
44080	62863	6
44080	62911	4
44080	62919	3
44080	62930	5
44080	63080	1
44080	63096	3
44080	63158	31
44080	63189	13
44080	63497	1
45000	46756	8
45000	47199	3
45000	48454	18
45000	48571	10
45000	48621	27
45000	48633	17
45000	48720	11
45000	48832	8
45000	50277	2
45000	50543	5
45000	50550	14
45000	51116	43
45000	51385	2
45000	51506	6
45000	51591	3
45000	51626	2
45000	51676	33
45000	51954	1
45000	52257	3
45000	52286	4
45000	52378	12
45000	52675	23
45000	52688	39
45000	53044	12
45000	53406	9
45000	53692	9
45000	53706	9
45000	53875	13
45000	54416	1
45000	54487	13
45000	55041	43
45000	55577	6
45000	55906	1
45000	55970	3
45000	56177	17
45000	56705	2
45000	56783	7
45000	58230	1
45000	58286	7
45000	58308	1
45000	58352	3
45000	58397	6
45000	58461	4
45000	58495	1
45000	58523	17
45000	58554	7
45000	58590	2
45000	59180	4
45000	59545	3
45000	59546	1
45000	60118	4
45000	60133	3
45000	60172	1
45000	60237	5
45000	60281	1
45000	60299	3
45000	60673	2
45000	60694	2
45000	60714	2
45000	60722	1
45000	60921	9
45000	60998	2
45000	61024	17
45000	61043	6
45000	61085	8
45000	61120	2
45000	61194	3
45000	61244	2
45000	61501	13
45000	61727	18
45000	61755	11
45000	61836	1
45000	61985	7
45000	62270	22
45000	62577	4
45000	62636	2
45000	62695	1
45000	62713	1
45000	62722	1
45000	62730	5
45000	62752	1
45000	62779	7
45000	62863	1
45000	62878	1
45000	62930	1
45000	63096	2
45000	63158	1
45000	63189	2
45000	63390	1
45000	63497	2
45307	45766	14
45307	46424	1
45307	46482	3
45307	46584	1
45307	46751	1
45307	48454	3
45307	48621	8
45307	49021	2
45307	50019	2
45307	50040	5
45307	51676	4
45307	51782	2
45307	52378	2
45307	52419	8
45307	52688	11
45307	52712	5
45307	53044	6
45307	53107	8
45307	53406	3
45307	53457	1
45307	53650	7
45307	53656	1
45307	53692	3
45307	53875	4
45307	53878	6
45307	53926	6
45307	54416	7
45307	54487	7
45307	55041	4
45307	55347	1
45307	55577	1
45307	55906	2
45307	56705	3
45307	56817	6
45307	57029	1
45307	57350	1
45307	58230	30
45307	58270	1
45307	58300	3
45307	58308	6
45307	58321	3
45307	58352	10
45307	58397	3
45307	58461	3
45307	58495	8
45307	58523	4
45307	58554	1
45307	58590	8
45307	58667	8
45307	59180	5
45307	59546	17
45307	59876	10
45307	60099	1
45307	60118	68
45307	60133	1
45307	60299	4
45307	60359	6
45307	60673	1
45307	60694	3
45307	60714	10
45307	60722	4
45307	60998	10
45307	61085	16
45307	61109	56
45307	61120	1
45307	61194	34
45307	61244	2
45307	61269	3
45307	61501	3
45307	61538	1
45307	61755	2
45307	61914	1
45307	61953	15
45307	62577	5
45307	62585	8
45307	62594	5
45307	62612	3
45307	62636	6
45307	62656	3
45307	62662	3
45307	62695	5
45307	62722	3
45307	62730	3
45307	62752	10
45307	62779	7
45307	62813	7
45307	62863	4
45307	62930	1
45307	63080	3
45307	63096	2
45307	63158	19
45307	63189	8
45307	63497	1
45766	46424	1
45766	46482	2
45766	46584	8
45766	46751	4
45766	46756	1
45766	48454	6
45766	48621	12
45766	48633	2
45766	49021	1
45766	50019	6
45766	50040	12
45766	50543	1
45766	50550	4
45766	51116	1
45766	51139	2
45766	51385	11
45766	51506	1
45766	51591	1
45766	51626	2
45766	51676	29
45766	51782	16
45766	51954	18
45766	52257	3
45766	52286	1
45766	52378	13
45766	52419	17
45766	52451	7
45766	52675	4
45766	52688	28
45766	52712	19
45766	53044	25
45766	53107	5
45766	53406	14
45766	53457	50
45766	53650	18
45766	53656	4
45766	53692	1
45766	53875	40
45766	53878	83
45766	53926	19
45766	54003	4
45766	54416	82
45766	54487	22
45766	55041	22
45766	55347	5
45766	55577	27
45766	55906	9
45766	55970	3
45766	56177	17
45766	56705	8
45766	56783	6
45766	56817	10
45766	57029	3
45766	58230	60
45766	58270	3
45766	58286	1
45766	58300	2
45766	58308	25
45766	58321	11
45766	58352	12
45766	58397	6
45766	58461	5
45766	58495	13
45766	58523	12
45766	58554	6
45766	58590	34
45766	58667	35
45766	59180	3
45766	59545	1
45766	59546	75
45766	59876	16
45766	60099	2
45766	60118	202
45766	60133	2
45766	60237	1
45766	60281	6
45766	60299	5
45766	60359	18
45766	60673	2
45766	60714	13
45766	60722	5
45766	60921	9
45766	60998	18
45766	61024	2
45766	61085	39
45766	61109	203
45766	61120	2
45766	61194	78
45766	61244	7
45766	61501	10
45766	61538	3
45766	61755	16
45766	61914	8
45766	61953	5
45766	62270	30
45766	62577	1
45766	62585	7
45766	62594	6
45766	62612	10
45766	62636	10
45766	62656	4
45766	62695	6
45766	62705	1
45766	62713	3
45766	62722	3
45766	62730	4
45766	62752	19
45766	62779	26
45766	62813	5
45766	62863	5
45766	62911	3
45766	62919	2
45766	62930	6
45766	63080	6
45766	63096	2
45766	63158	21
45766	63189	22
45766	63497	4
46424	46584	2
46424	46751	10
46424	46756	26
46424	48454	7
46424	48571	15
46424	48621	31
46424	48633	1
46424	48832	61
46424	49021	1
46424	50019	1
46424	50040	2
46424	50277	6
46424	50543	2
46424	50550	4
46424	51139	4
46424	51385	2
46424	51591	3
46424	51676	76
46424	52286	1
46424	52378	3
46424	52451	4
46424	52675	1
46424	52688	49
46424	53044	10
46424	53107	1
46424	53406	12
46424	53449	19
46424	53457	6
46424	53656	2
46424	53692	2
46424	53706	2
46424	53875	30
46424	53878	1
46424	53926	5
46424	54487	10
46424	55041	21
46424	55347	11
46424	55577	9
46424	55630	3
46424	55906	2
46424	55970	1
46424	56177	145
46424	56705	19
46424	56783	85
46424	57029	16
46424	58230	1
46424	58270	24
46424	58286	3
46424	58308	1
46424	58321	1
46424	58352	3
46424	58397	4
46424	58461	6
46424	58495	3
46424	58523	3
46424	58554	17
46424	58590	4
46424	59180	2
46424	59545	4
46424	59546	4
46424	59876	2
46424	60118	13
46424	60133	4
46424	60237	16
46424	60281	2
46424	60299	3
46424	60359	1
46424	60684	3
46424	60722	8
46424	60921	4
46424	61024	32
46424	61120	1
46424	61194	10
46424	61244	2
46424	61501	10
46424	61727	1
46424	61755	10
46424	61914	2
46424	61953	3
46424	61985	3
46424	62270	14
46424	62577	2
46424	62612	2
46424	62636	3
46424	62656	1
46424	62662	2
46424	62695	3
46424	62705	2
46424	62722	3
46424	62730	2
46424	62752	11
46424	62779	15
46424	62813	1
46424	62863	2
46424	62930	1
46424	63080	4
46424	63189	3
46424	63497	7
46482	46584	2
46482	46751	7
46482	46756	1
46482	48454	4
46482	48621	13
46482	49021	2
46482	50019	6
46482	50040	3
46482	50550	1
46482	51385	4
46482	51591	1
46482	51626	3
46482	51676	4
46482	52257	2
46482	52286	2
46482	52378	2
46482	52419	5
46482	52451	4
46482	52688	14
46482	52712	3
46482	53044	2
46482	53107	1
46482	53297	1
46482	53406	1
46482	53650	2
46482	53692	2
46482	53875	2
46482	53878	4
46482	54416	3
46482	54487	23
46482	55041	2
46482	55577	16
46482	55906	1
46482	56705	10
46482	56817	2
46482	57350	4
46482	58230	8
46482	58270	3
46482	58321	8
46482	58352	5
46482	58397	8
46482	58461	6
46482	58495	4
46482	58523	4
46482	58554	9
46482	58590	4
46482	58667	2
46482	59545	1
46482	59546	24
46482	59876	7
46482	60099	2
46482	60118	17
46482	60299	14
46482	60359	5
46482	60673	2
46482	60694	1
46482	60714	4
46482	60998	10
46482	61085	5
46482	61109	23
46482	61120	2
46482	61194	9
46482	61244	2
46482	61269	4
46482	61501	14
46482	61755	6
46482	61914	2
46482	61953	5
46482	62577	1
46482	62585	4
46482	62612	9
46482	62636	2
46482	62656	3
46482	62695	6
46482	62705	1
46482	62722	4
46482	62730	6
46482	62752	5
46482	62779	3
46482	62813	4
46482	62863	1
46482	62930	3
46482	63080	3
46482	63096	1
46482	63158	9
46482	63189	12
46584	46751	13
46584	46756	2
46584	48454	29
46584	48571	2
46584	48621	83
46584	48633	1
46584	50019	5
46584	50040	2
46584	50543	3
46584	50550	4
46584	51116	4
46584	51139	4
46584	51385	12
46584	51506	6
46584	51591	24
46584	51626	3
46584	51676	26
46584	51888	4
46584	51954	9
46584	52257	11
46584	52286	17
46584	52378	2
46584	52419	2
46584	52451	3
46584	52675	6
46584	52688	68
46584	52712	5
46584	53044	13
46584	53107	1
46584	53297	12
46584	53406	12
46584	53449	12
46584	53457	12
46584	53650	1
46584	53656	6
46584	53692	2
46584	53875	56
46584	53878	2
46584	54003	3
46584	54416	1
46584	54487	62
46584	55041	51
46584	55347	4
46584	55577	12
46584	55630	2
46584	55906	6
46584	55970	16
46584	56177	13
46584	56705	56
46584	56783	26
46584	56817	2
46584	57029	3
46584	57350	6
46584	58230	11
46584	58270	1
46584	58286	2
46584	58300	4
46584	58308	1
46584	58321	2
46584	58352	5
46584	58397	7
46584	58495	3
46584	58523	1
46584	58554	2
46584	58590	12
46584	58667	3
46584	59180	8
46584	59545	15
46584	59546	10
46584	59819	37
46584	59876	6
46584	60118	35
46584	60133	1
46584	60172	2
46584	60237	3
46584	60281	8
46584	60299	18
46584	60359	10
46584	60694	1
46584	60714	8
46584	60998	6
46584	61024	2
46584	61085	7
46584	61109	26
46584	61194	9
46584	61244	1
46584	61269	11
46584	61501	102
46584	61538	42
46584	61727	1
46584	61755	8
46584	61914	4
46584	61953	3
46584	62270	8
46584	62508	4
46584	62577	1
46584	62585	1
46584	62594	3
46584	62612	2
46584	62636	1
46584	62662	1
46584	62713	2
46584	62722	1
46584	62752	5
46584	62779	1
46584	62813	7
46584	62863	1
46584	62911	3
46584	62919	1
46584	63080	3
46584	63189	2
46584	63390	6
46751	46756	2
46751	48454	17
46751	48571	2
46751	48621	6
46751	48633	1
46751	48832	2
46751	49021	6
46751	50019	35
46751	50040	4
46751	50277	1
46751	50550	3
46751	51116	1
46751	51385	1
46751	51506	13
46751	51591	5
46751	51626	3
46751	51676	10
46751	51782	9
46751	51954	12
46751	52286	2
46751	52378	2
46751	52419	3
46751	52451	36
46751	52675	9
46751	52688	28
46751	52712	9
46751	53044	15
46751	53107	4
46751	53297	11
46751	53406	2
46751	53449	3
46751	53457	1
46751	53692	7
46751	53875	9
46751	53878	7
46751	53926	12
46751	54003	2
46751	54416	14
46751	54487	3
46751	55041	3
46751	55347	3
46751	55577	1
46751	55630	6
46751	55906	1
46751	55970	2
46751	56177	4
46751	56705	39
46751	56783	3
46751	56817	3
46751	57350	40
46751	58230	13
46751	58286	2
46751	58300	7
46751	58308	2
46751	58321	7
46751	58352	3
46751	58397	8
46751	58461	1
46751	58495	1
46751	58523	5
46751	58554	7
46751	58590	8
46751	58667	5
46751	59180	10
46751	59545	28
46751	59546	27
46751	59876	5
46751	60118	15
46751	60172	1
46751	60237	1
46751	60281	9
46751	60299	2
46751	60359	12
46751	60673	2
46751	60684	1
46751	60714	31
46751	60998	6
46751	61085	2
46751	61109	22
46751	61120	1
46751	61194	14
46751	61501	12
46751	61755	3
46751	61836	2
46751	61914	1
46751	61953	18
46751	61985	8
46751	62577	3
46751	62585	2
46751	62594	2
46751	62612	3
46751	62636	10
46751	62662	2
46751	62695	12
46751	62705	2
46751	62713	3
46751	62722	2
46751	62730	8
46751	62752	5
46751	62779	7
46751	62813	4
46751	62911	26
46751	62930	4
46751	63080	4
46751	63096	3
46751	63158	1
46751	63189	15
46751	63388	1
46751	63390	1
46751	63497	1
46756	48454	6
46756	48571	116
46756	48621	30
46756	48633	10
46756	48832	35
46756	49021	3
46756	50277	77
46756	50543	10
46756	50550	5
46756	51116	24
46756	51139	7
46756	51385	13
46756	51506	8
46756	51626	2
46756	51676	84
46756	51954	15
46756	52257	4
46756	52286	4
46756	52378	7
46756	52675	21
46756	52688	52
46756	52712	1
46756	53044	5
46756	53297	2
46756	53406	22
46756	53449	67
46756	53457	51
46756	53656	2
46756	53692	2
46756	53706	7
46756	53875	17
46756	53878	3
46756	53926	1
46756	54487	2
46756	55041	15
46756	55347	2
46756	55577	13
46756	55630	2
46756	55906	1
46756	55970	3
46756	56177	218
46756	56705	24
46756	56783	52
46756	57029	4
46756	58270	7
46756	58286	1
46756	58308	13
46756	58321	1
46756	58352	30
46756	58397	2
46756	58461	13
46756	58495	4
46756	58523	5
46756	58554	3
46756	58590	19
46756	59180	8
46756	59545	10
46756	59546	2
46756	60099	12
46756	60118	6
46756	60133	4
46756	60237	21
46756	60299	1
46756	60684	84
46756	60694	1
46756	60714	2
46756	60722	1
46756	60921	1
46756	60998	2
46756	61024	58
46756	61043	2
46756	61085	1
46756	61109	3
46756	61120	13
46756	61194	16
46756	61244	233
46756	61269	3
46756	61501	3
46756	61727	9
46756	61755	19
46756	61914	1
46756	61985	14
46756	62270	3
46756	62577	1
46756	62612	13
46756	62636	4
46756	62662	2
46756	62695	1
46756	62713	2
46756	62722	13
46756	62730	12
46756	62752	126
46756	62779	3
46756	62813	1
46756	62863	24
46756	62878	49
46756	62919	12
46756	62930	2
46756	63080	2
46756	63096	17
46756	63189	1
46756	63497	23
47199	48454	22
47199	48621	28
47199	49021	1
47199	50040	2
47199	50550	17
47199	51116	1
47199	51385	2
47199	51506	11
47199	51591	8
47199	51626	5
47199	51676	1
47199	51954	1
47199	52257	4
47199	52286	16
47199	52688	17
47199	53044	4
47199	53107	1
47199	53650	1
47199	53692	1
47199	53706	4
47199	53875	5
47199	53878	1
47199	54416	2
47199	54487	4
47199	55041	34
47199	55577	1
47199	55630	2
47199	56177	1
47199	56705	6
47199	57029	1
47199	58270	1
47199	58286	4
47199	58300	4
47199	58321	4
47199	58352	35
47199	58397	18
47199	58461	5
47199	58495	8
47199	58523	15
47199	58554	14
47199	58590	2
47199	59180	2
47199	59545	1
47199	60118	3
47199	60133	5
47199	60172	8
47199	60673	1
47199	60694	12
47199	60998	10
47199	61043	2
47199	61194	2
47199	61269	14
47199	61755	4
47199	61836	2
47199	61985	8
47199	62270	1
47199	62508	1
47199	62594	3
47199	62612	3
47199	62636	2
47199	62656	1
47199	62662	2
47199	62695	2
47199	62705	2
47199	62713	2
47199	62730	5
47199	62752	3
47199	62779	17
47199	62813	2
47199	62863	2
47199	62878	1
47199	62930	1
47199	63388	1
47199	63390	1
47199	63497	1
48454	48571	6
48454	48621	164
48454	48633	25
48454	48720	38
48454	48832	5
48454	49021	28
48454	50019	16
48454	50040	9
48454	50277	2
48454	50543	21
48454	50550	113
48454	51116	23
48454	51139	9
48454	51385	27
48454	51506	42
48454	51591	24
48454	51626	32
48454	51676	31
48454	51888	28
48454	51954	30
48454	52257	25
48454	52286	53
48454	52378	11
48454	52419	7
48454	52451	2
48454	52675	19
48454	52688	182
48454	52712	3
48454	53044	43
48454	53107	19
48454	53297	9
48454	53406	15
48454	53449	9
48454	53650	2
48454	53656	11
48454	53692	9
48454	53706	30
48454	53875	100
48454	53878	9
48454	53926	12
48454	54003	7
48454	54416	1
48454	54487	54
48454	55041	128
48454	55347	17
48454	55577	17
48454	55630	14
48454	55906	3
48454	55970	9
48454	56177	19
48454	56705	78
48454	56783	15
48454	56817	2
48454	57029	16
48454	57350	19
48454	58230	10
48454	58270	14
48454	58286	37
48454	58300	15
48454	58308	6
48454	58321	26
48454	58352	155
48454	58397	51
48454	58461	19
48454	58495	31
48454	58523	41
48454	58554	60
48454	58590	44
48454	58667	1
48454	59180	63
48454	59545	47
48454	59546	18
48454	59819	33
48454	59876	5
48454	60099	16
48454	60118	33
48454	60133	11
48454	60172	26
48454	60237	10
48454	60281	9
48454	60299	9
48454	60359	4
48454	60673	7
48454	60684	4
48454	60694	15
48454	60714	11
48454	60722	21
48454	60921	7
48454	60998	30
48454	61024	5
48454	61043	5
48454	61085	24
48454	61109	29
48454	61120	14
48454	61194	25
48454	61244	2
48454	61269	47
48454	61501	119
48454	61538	43
48454	61727	27
48454	61755	31
48454	61836	15
48454	61914	6
48454	61953	14
48454	61985	32
48454	62270	12
48454	62508	6
48454	62577	15
48454	62585	2
48454	62594	13
48454	62612	40
48454	62636	35
48454	62656	8
48454	62662	27
48454	62695	12
48454	62705	5
48454	62713	8
48454	62722	12
48454	62730	13
48454	62752	25
48454	62779	47
48454	62813	13
48454	62863	5
48454	62878	5
48454	62911	3
48454	62919	15
48454	62930	20
48454	63080	11
48454	63096	7
48454	63158	9
48454	63189	21
48454	63388	38
48454	63390	42
48571	48621	10
48571	48633	3
48571	48832	13
48571	50277	30
48571	50543	2
48571	51116	9
48571	51385	6
48571	51591	2
48571	51626	1
48571	51676	32
48571	51954	10
48571	52257	3
48571	52286	2
48571	52675	19
48571	52688	22
48571	53044	1
48571	53406	3
48571	53449	20
48571	53457	4
48571	53875	6
48571	54487	1
48571	55041	8
48571	55347	1
48571	55577	1
48571	56177	52
48571	56705	10
48571	56783	21
48571	57029	2
48571	58270	4
48571	58308	4
48571	58352	6
48571	58397	4
48571	58461	4
48571	58523	9
48571	58590	5
48571	59180	1
48571	59545	2
48571	60099	4
48571	60118	5
48571	60133	1
48571	60237	3
48571	60299	1
48571	60684	28
48571	61024	21
48571	61085	1
48571	61109	2
48571	61120	4
48571	61194	4
48571	61244	78
48571	61501	19
48571	61727	7
48571	61755	1
48571	61985	4
48571	62612	4
48571	62705	1
48571	62713	1
48571	62722	4
48571	62730	4
48571	62752	42
48571	62863	8
48571	62878	16
48571	62919	4
48571	63096	4
48571	63189	2
48571	63497	6
48621	48633	10
48621	48720	17
48621	48832	25
48621	49021	23
48621	50019	5
48621	50040	7
48621	50277	7
48621	50543	27
48621	50550	117
48621	51116	27
48621	51139	53
48621	51385	62
48621	51506	126
48621	51591	48
48621	51626	50
48621	51676	94
48621	51782	6
48621	51888	49
48621	51954	51
48621	52257	40
48621	52286	78
48621	52378	34
48621	52419	7
48621	52451	5
48621	52675	30
48621	52688	327
48621	52712	5
48621	53044	28
48621	53107	4
48621	53297	16
48621	53406	75
48621	53449	46
48621	53457	29
48621	53650	3
48621	53656	17
48621	53692	15
48621	53706	25
48621	53875	114
48621	53878	14
48621	53926	8
48621	54003	12
48621	54416	4
48621	54487	126
48621	55041	229
48621	55347	15
48621	55577	46
48621	55630	33
48621	55906	16
48621	55970	20
48621	56177	126
48621	56705	143
48621	56783	93
48621	56817	5
48621	57029	31
48621	57350	12
48621	58230	2
48621	58270	12
48621	58286	66
48621	58300	11
48621	58308	2
48621	58321	11
48621	58352	83
48621	58397	28
48621	58461	15
48621	58495	28
48621	58523	46
48621	58554	63
48621	58590	27
48621	58667	8
48621	59180	43
48621	59545	34
48621	59546	31
48621	59819	28
48621	59876	10
48621	60099	5
48621	60118	31
48621	60133	7
48621	60172	37
48621	60237	26
48621	60281	55
48621	60299	25
48621	60359	2
48621	60673	5
48621	60694	19
48621	60714	9
48621	60722	5
48621	60921	19
48621	60998	28
48621	61024	14
48621	61043	6
48621	61085	21
48621	61109	28
48621	61120	6
48621	61194	27
48621	61244	5
48621	61269	22
48621	61501	100
48621	61538	30
48621	61727	25
48621	61755	98
48621	61836	28
48621	61914	10
48621	61953	2
48621	61985	24
48621	62270	27
48621	62508	13
48621	62577	8
48621	62585	3
48621	62594	5
48621	62612	37
48621	62636	20
48621	62656	4
48621	62662	10
48621	62695	12
48621	62705	12
48621	62713	9
48621	62722	5
48621	62730	17
48621	62752	34
48621	62779	53
48621	62813	9
48621	62863	11
48621	62878	3
48621	62911	6
48621	62919	15
48621	62930	6
48621	63080	7
48621	63096	11
48621	63158	9
48621	63189	20
48621	63388	6
48621	63390	23
48621	63497	9
48633	48720	4
48633	48832	4
48633	49021	3
48633	50277	2
48633	50543	3
48633	50550	3
48633	51116	12
48633	51385	4
48633	51506	6
48633	51591	3
48633	51626	1
48633	51676	5
48633	51888	1
48633	51954	7
48633	52257	1
48633	52286	3
48633	52378	2
48633	52675	9
48633	52688	13
48633	53044	3
48633	53107	1
48633	53406	4
48633	53656	2
48633	53692	5
48633	53706	20
48633	53875	8
48633	53926	1
48633	54487	5
48633	55041	14
48633	55347	2
48633	55630	2
48633	55970	1
48633	56177	3
48633	56705	8
48633	56783	1
48633	56817	1
48633	57029	1
48633	58286	5
48633	58308	2
48633	58321	2
48633	58461	3
48633	58495	2
48633	58523	9
48633	58554	8
48633	58590	2
48633	59180	7
48633	59545	6
48633	59546	1
48633	60118	4
48633	60133	1
48633	60299	2
48633	60694	1
48633	60921	1
48633	60998	3
48633	61024	1
48633	61085	2
48633	61120	2
48633	61194	3
48633	61244	1
48633	61269	1
48633	61501	4
48633	61727	29
48633	61755	3
48633	61914	1
48633	62270	3
48633	62577	1
48633	62612	2
48633	62636	1
48633	62705	1
48633	62730	4
48633	62779	4
48633	62911	2
48633	63080	2
48633	63096	9
48633	63497	1
48720	50550	10
48720	51116	10
48720	51591	5
48720	51676	2
48720	51782	1
48720	52378	1
48720	52675	1
48720	52688	8
48720	53044	6
48720	53107	1
48720	53692	3
48720	53706	4
48720	53875	1
48720	54416	4
48720	54487	2
48720	55041	3
48720	55577	3
48720	56177	1
48720	56705	1
48720	58308	4
48720	58321	3
48720	58352	3
48720	58397	1
48720	58461	2
48720	58495	8
48720	58523	2
48720	58554	3
48720	58590	2
48720	59545	2
48720	60172	1
48720	60299	1
48720	60921	54
48720	61024	1
48720	61085	6
48720	61120	22
48720	61194	13
48720	61727	4
48720	61755	7
48720	61836	1
48720	62270	92
48720	62662	6
48720	62705	1
48720	62730	1
48720	62752	2
48720	62813	12
48832	50040	2
48832	50277	54
48832	50543	3
48832	50550	2
48832	51116	1
48832	51139	29
48832	51385	5
48832	51591	2
48832	51626	4
48832	51676	83
48832	52257	2
48832	52286	5
48832	52378	1
48832	52451	2
48832	52675	2
48832	52688	72
48832	52712	2
48832	53044	7
48832	53297	1
48832	53406	10
48832	53449	29
48832	53457	1
48832	53692	4
48832	53875	15
48832	53926	1
48832	54003	4
48832	54487	3
48832	55041	11
48832	55347	12
48832	55577	3
48832	55630	2
48832	55906	2
48832	56177	290
48832	56705	12
48832	56783	234
48832	57029	25
48832	58270	58
48832	58286	3
48832	58300	2
48832	58352	4
48832	58397	5
48832	58461	3
48832	58495	2
48832	58523	6
48832	58554	25
48832	58590	1
48832	59545	1
48832	59546	2
48832	60118	4
48832	60237	28
48832	60281	1
48832	60673	2
48832	60684	2
48832	60722	3
48832	61024	35
48832	61043	1
48832	61085	1
48832	61109	3
48832	61120	10
48832	61194	11
48832	61244	12
48832	61501	4
48832	61727	2
48832	61755	15
48832	61914	2
48832	61953	3
48832	62577	2
48832	62612	4
48832	62636	9
48832	62662	7
48832	62695	5
48832	62713	2
48832	62752	10
48832	62779	31
48832	62813	3
48832	62863	4
48832	62911	5
48832	62930	2
48832	63080	6
48832	63158	1
48832	63189	2
48832	63497	8
49021	50019	2
49021	50040	3
49021	50543	1
49021	50550	16
49021	51116	4
49021	51385	5
49021	51506	39
49021	51591	2
49021	51626	13
49021	51676	7
49021	51888	2
49021	51954	26
49021	52286	15
49021	52378	2
49021	52675	5
49021	52688	27
49021	52712	1
49021	53044	5
49021	53107	3
49021	53406	1
49021	53449	1
49021	53457	28
49021	53650	1
49021	53656	6
49021	53692	4
49021	53706	4
49021	53875	12
49021	53878	1
49021	53926	5
49021	54003	5
49021	54416	1
49021	55041	8
49021	55347	3
49021	55577	2
49021	55630	14
49021	55906	6
49021	55970	1
49021	56177	6
49021	56705	21
49021	56783	3
49021	57029	3
49021	57350	7
49021	58230	2
49021	58286	1
49021	58300	1
49021	58352	4
49021	58397	5
49021	58461	1
49021	58495	5
49021	58523	4
49021	58554	12
49021	58590	2
49021	59180	7
49021	59545	1
49021	59546	4
49021	59819	1
49021	59876	2
49021	60099	2
49021	60118	6
49021	60133	2
49021	60172	4
49021	60694	1
49021	60714	2
49021	60722	1
49021	60921	1
49021	60998	3
49021	61043	1
49021	61085	2
49021	61109	1
49021	61194	2
49021	61269	3
49021	61501	2
49021	61727	10
49021	61755	2
49021	61836	3
49021	61914	1
49021	61953	2
49021	61985	6
49021	62270	2
49021	62577	3
49021	62612	5
49021	62636	5
49021	62662	4
49021	62695	2
49021	62713	4
49021	62730	2
49021	62752	5
49021	62779	5
49021	62813	3
49021	62863	2
49021	62919	10
49021	62930	3
49021	63080	2
49021	63189	2
49021	63388	1
49021	63390	2
49021	63497	1
50019	50040	2
50019	51385	2
50019	51506	1
50019	51591	1
50019	51626	2
50019	51676	2
50019	51954	1
50019	52257	1
50019	52286	2
50019	52378	3
50019	52419	2
50019	52451	3
50019	52675	1
50019	52688	9
50019	52712	4
50019	53044	11
50019	53406	1
50019	53650	1
50019	53692	2
50019	53706	1
50019	53875	3
50019	53878	4
50019	53926	1
50019	54003	1
50019	54416	2
50019	54487	6
50019	55041	3
50019	55630	2
50019	56705	6
50019	56817	4
50019	57350	4
50019	58230	30
50019	58270	2
50019	58300	2
50019	58308	2
50019	58321	7
50019	58352	1
50019	58397	7
50019	58461	1
50019	58495	3
50019	58523	5
50019	58554	4
50019	58590	9
50019	59180	2
50019	59545	5
50019	59546	14
50019	59876	7
50019	60099	2
50019	60118	32
50019	60133	1
50019	60299	3
50019	60359	7
50019	60673	2
50019	60714	10
50019	60722	1
50019	60998	11
50019	61085	8
50019	61109	27
50019	61120	1
50019	61194	16
50019	61244	3
50019	61501	23
50019	61755	2
50019	61953	4
50019	61985	1
50019	62577	2
50019	62585	3
50019	62594	3
50019	62612	5
50019	62636	1
50019	62656	3
50019	62695	9
50019	62730	10
50019	62752	3
50019	62779	4
50019	62813	1
50019	62863	2
50019	62919	1
50019	62930	4
50019	63080	1
50019	63096	1
50019	63158	6
50019	63189	17
50019	63390	1
50019	63497	2
50040	50543	1
50040	50550	6
50040	51116	4
50040	51385	2
50040	51506	1
50040	51591	4
50040	51626	2
50040	51676	6
50040	51782	2
50040	51954	6
50040	52286	1
50040	52378	1
50040	52419	3
50040	52451	1
50040	52688	5
50040	52712	1
50040	53044	3
50040	53107	6
50040	53297	1
50040	53449	4
50040	53457	1
50040	53650	3
50040	53706	2
50040	53875	9
50040	53878	2
50040	53926	1
50040	54416	1
50040	54487	5
50040	55041	5
50040	55347	1
50040	55906	1
50040	56177	6
50040	56783	5
50040	56817	1
50040	57029	5
50040	58230	12
50040	58270	9
50040	58286	5
50040	58300	5
50040	58321	7
50040	58352	21
50040	58397	11
50040	58461	3
50040	58495	8
50040	58523	7
50040	58554	6
50040	58590	15
50040	58667	4
50040	59545	1
50040	59546	18
50040	59876	9
50040	60099	3
50040	60118	24
50040	60133	2
50040	60172	2
50040	60237	1
50040	60299	2
50040	60359	2
50040	60673	1
50040	60684	2
50040	60694	3
50040	60714	2
50040	60722	1
50040	60998	12
50040	61043	5
50040	61085	7
50040	61109	15
50040	61120	4
50040	61194	11
50040	61244	6
50040	61269	2
50040	61501	16
50040	61755	1
50040	61836	3
50040	61914	4
50040	61953	9
50040	61985	2
50040	62577	4
50040	62585	1
50040	62594	2
50040	62612	8
50040	62636	5
50040	62656	5
50040	62662	4
50040	62695	7
50040	62705	2
50040	62713	1
50040	62722	3
50040	62730	13
50040	62752	20
50040	62779	13
50040	62813	5
50040	62863	2
50040	62878	1
50040	62919	3
50040	62930	4
50040	63080	5
50040	63096	6
50040	63158	5
50040	63189	6
50277	50543	1
50277	51116	3
50277	51139	2
50277	51385	3
50277	51676	32
50277	51954	1
50277	52286	5
50277	52675	6
50277	52688	39
50277	53044	1
50277	53406	5
50277	53449	22
50277	53457	1
50277	53875	3
50277	53926	1
50277	54487	1
50277	55041	2
50277	55347	6
50277	55906	2
50277	55970	1
50277	56177	61
50277	56705	3
50277	56783	52
50277	57029	10
50277	58270	4
50277	58286	1
50277	58308	3
50277	58352	7
50277	58397	5
50277	58461	4
50277	58523	1
50277	58554	5
50277	58590	3
50277	59180	1
50277	59545	2
50277	60099	3
50277	60118	1
50277	60237	6
50277	60281	2
50277	60684	21
50277	61024	5
50277	61085	2
50277	61120	5
50277	61194	3
50277	61244	57
50277	61501	3
50277	61727	1
50277	61755	4
50277	61985	3
50277	62612	3
50277	62636	3
50277	62662	2
50277	62695	1
50277	62722	3
50277	62730	3
50277	62752	35
50277	62779	2
50277	62813	1
50277	62863	6
50277	62878	12
50277	62919	3
50277	63080	1
50277	63096	2
50277	63189	1
50277	63497	5
50543	50550	10
50543	51116	4
50543	51385	2
50543	51506	3
50543	51591	11
50543	51626	7
50543	51676	11
50543	52257	1
50543	52286	3
50543	52378	6
50543	52419	1
50543	52451	1
50543	52688	22
50543	52712	1
50543	53044	2
50543	53107	2
50543	53406	3
50543	53449	4
50543	53692	1
50543	53706	3
50543	53875	8
50543	54003	2
50543	54487	8
50543	55041	20
50543	55347	1
50543	55577	7
50543	55630	1
50543	55906	2
50543	55970	1
50543	56177	16
50543	56705	10
50543	56783	5
50543	57029	10
50543	57350	1
50543	58270	2
50543	58286	4
50543	58300	2
50543	58352	26
50543	58397	4
50543	58461	4
50543	58495	4
50543	58523	5
50543	58554	11
50543	58590	7
50543	59180	1
50543	59545	7
50543	59819	3
50543	59876	1
50543	60118	2
50543	60133	2
50543	60172	3
50543	60237	4
50543	60299	1
50543	60684	2
50543	60694	1
50543	60722	5
50543	60921	6
50543	60998	3
50543	61024	3
50543	61043	4
50543	61085	1
50543	61120	2
50543	61194	2
50543	61269	4
50543	61501	7
50543	61538	6
50543	61727	1
50543	61755	4
50543	61836	5
50543	61914	4
50543	61985	1
50543	62270	7
50543	62508	1
50543	62577	4
50543	62612	6
50543	62636	5
50543	62705	8
50543	62713	1
50543	62722	4
50543	62730	2
50543	62752	5
50543	62779	9
50543	62813	5
50543	62863	4
50543	62911	1
50543	62930	2
50543	63080	1
50543	63189	2
50543	63388	1
50543	63390	1
50550	51116	11
50550	51139	1
50550	51385	9
50550	51506	20
50550	51591	26
50550	51626	16
50550	51676	16
50550	51888	11
50550	51954	2
50550	52257	10
50550	52286	40
50550	52378	4
50550	52451	5
50550	52675	5
50550	52688	158
50550	53044	17
50550	53107	3
50550	53297	5
50550	53406	7
50550	53449	2
50550	53650	1
50550	53656	3
50550	53692	3
50550	53706	12
50550	53875	63
50550	53926	3
50550	54003	2
50550	54416	1
50550	54487	7
50550	55041	132
50550	55347	2
50550	55577	10
50550	55630	15
50550	55970	7
50550	56177	9
50550	56705	21
50550	56783	7
50550	56817	1
50550	57029	8
50550	57350	3
50550	58270	6
50550	58286	29
50550	58300	13
50550	58308	5
50550	58321	18
50550	58352	128
50550	58397	38
50550	58461	18
50550	58495	27
50550	58523	25
50550	58554	42
50550	58590	32
50550	58667	2
50550	59180	18
50550	59545	11
50550	59546	1
50550	59819	2
50550	60099	5
50550	60118	11
50550	60133	3
50550	60172	33
50550	60237	8
50550	60281	3
50550	60299	4
50550	60359	1
50550	60673	4
50550	60694	29
50550	60714	3
50550	60722	9
50550	60921	8
50550	60998	26
50550	61024	7
50550	61043	11
50550	61085	10
50550	61120	3
50550	61194	6
50550	61244	5
50550	61269	16
50550	61501	16
50550	61727	8
50550	61755	14
50550	61836	15
50550	61914	9
50550	61985	19
50550	62270	18
50550	62508	14
50550	62577	2
50550	62594	5
50550	62612	42
50550	62636	19
50550	62656	10
50550	62662	9
50550	62695	1
50550	62705	5
50550	62713	3
50550	62722	5
50550	62730	13
50550	62752	16
50550	62779	47
50550	62813	7
50550	62863	9
50550	62878	6
50550	62911	4
50550	62919	2
50550	62930	1
50550	63080	2
50550	63096	3
50550	63158	3
50550	63189	6
50550	63388	9
50550	63390	7
50550	63497	1
51116	51139	5
51116	51385	6
51116	51506	9
51116	51591	12
51116	51626	6
51116	51676	14
51116	51888	2
51116	51954	6
51116	52257	2
51116	52286	8
51116	52378	6
51116	52675	18
51116	52688	29
51116	53044	9
51116	53107	1
51116	53297	1
51116	53406	7
51116	53449	1
51116	53656	3
51116	53692	5
51116	53706	12
51116	53875	16
51116	54487	7
51116	55041	23
51116	55347	1
51116	55577	8
51116	55630	10
51116	55906	2
51116	55970	1
51116	56177	23
51116	56705	15
51116	56783	7
51116	57350	5
51116	58270	2
51116	58286	2
51116	58300	3
51116	58321	2
51116	58352	5
51116	58397	4
51116	58461	9
51116	58523	50
51116	58554	7
51116	58590	3
51116	59180	3
51116	59545	5
51116	59546	2
51116	59819	1
51116	60099	1
51116	60118	6
51116	60133	2
51116	60172	1
51116	60237	3
51116	60281	2
51116	60299	1
51116	60673	2
51116	60694	1
51116	60714	4
51116	60921	5
51116	60998	3
51116	61024	5
51116	61043	2
51116	61085	60
51116	61109	1
51116	61120	2
51116	61194	2
51116	61244	1
51116	61269	1
51116	61501	10
51116	61538	2
51116	61727	8
51116	61755	7
51116	61836	3
51116	61985	4
51116	62270	19
51116	62508	1
51116	62577	3
51116	62612	5
51116	62636	6
51116	62662	4
51116	62695	1
51116	62713	2
51116	62730	2
51116	62752	2
51116	62779	5
51116	62813	1
51116	62863	1
51116	62919	3
51116	62930	10
51116	63080	1
51116	63096	32
51116	63390	3
51139	51385	11
51139	51506	1
51139	51676	25
51139	52257	3
51139	52378	14
51139	52419	1
51139	52451	1
51139	52688	29
51139	52712	4
51139	53044	5
51139	53406	15
51139	53449	27
51139	53656	4
51139	53875	8
51139	53878	2
51139	53926	7
51139	54416	4
51139	54487	4
51139	55041	17
51139	55347	1
51139	55630	3
51139	55906	6
51139	56177	74
51139	56705	6
51139	56783	78
51139	56817	3
51139	57029	4
51139	58270	2
51139	58286	4
51139	58308	2
51139	58321	2
51139	58397	5
51139	58461	5
51139	58495	1
51139	58523	4
51139	58554	10
51139	58590	4
51139	59545	1
51139	59546	1
51139	59876	3
51139	60118	6
51139	60281	2
51139	60359	2
51139	60714	2
51139	60921	2
51139	61024	12
51139	61120	2
51139	61194	12
51139	61244	6
51139	61501	2
51139	61755	20
51139	61914	5
51139	61953	3
51139	62577	1
51139	62612	7
51139	62636	3
51139	62662	1
51139	62695	2
51139	62705	2
51139	62713	2
51139	62722	2
51139	62730	4
51139	62752	4
51139	62779	15
51139	62813	10
51139	62863	3
51139	62930	10
51139	63080	4
51139	63158	1
51139	63497	4
51385	51506	19
51385	51591	6
51385	51626	10
51385	51676	33
51385	51888	1
51385	51954	6
51385	52257	15
51385	52286	13
51385	52378	28
51385	52451	4
51385	52675	7
51385	52688	49
51385	52712	3
51385	53044	11
51385	53107	2
51385	53297	10
51385	53406	31
51385	53449	6
51385	53457	28
51385	53650	2
51385	53656	7
51385	53692	5
51385	53706	5
51385	53875	38
51385	53878	11
51385	53926	2
51385	54003	2
51385	54416	2
51385	54487	44
51385	55041	22
51385	55347	9
51385	55577	35
51385	55630	1
51385	55906	6
51385	55970	22
51385	56177	34
51385	56705	29
51385	56783	30
51385	56817	2
51385	57029	12
51385	57350	2
51385	58230	2
51385	58270	2
51385	58286	2
51385	58308	1
51385	58321	2
51385	58352	2
51385	58397	5
51385	58461	2
51385	58495	5
51385	58523	8
51385	58554	4
51385	58590	6
51385	59180	6
51385	59545	4
51385	59546	11
51385	59819	24
51385	59876	1
51385	60099	1
51385	60118	17
51385	60172	3
51385	60237	5
51385	60281	11
51385	60299	6
51385	60359	4
51385	60673	1
51385	60694	1
51385	60714	2
51385	60722	1
51385	60921	8
51385	60998	4
51385	61024	6
51385	61085	5
51385	61109	12
51385	61120	3
51385	61194	12
51385	61244	2
51385	61501	9
51385	61538	22
51385	61727	8
51385	61755	12
51385	61836	1
51385	61914	2
51385	61985	1
51385	62270	12
51385	62577	1
51385	62585	1
51385	62594	1
51385	62612	6
51385	62636	2
51385	62656	1
51385	62662	2
51385	62695	5
51385	62713	2
51385	62722	2
51385	62730	5
51385	62752	9
51385	62779	9
51385	62813	4
51385	62863	1
51385	62919	2
51385	62930	3
51385	63080	3
51385	63096	2
51385	63158	2
51385	63189	8
51385	63390	1
51506	51591	7
51506	51626	48
51506	51676	7
51506	51888	11
51506	51954	21
51506	52257	26
51506	52286	33
51506	52378	8
51506	52419	1
51506	52451	1
51506	52675	11
51506	52688	79
51506	53044	17
51506	53107	1
51506	53297	4
51506	53406	15
51506	53650	1
51506	53656	32
51506	53692	8
51506	53706	5
51506	53875	28
51506	53878	5
51506	53926	1
51506	54003	3
51506	54487	28
51506	55041	92
51506	55347	8
51506	55577	11
51506	55630	10
51506	55970	5
51506	56177	15
51506	56705	36
51506	56783	11
51506	56817	3
51506	57029	5
51506	57350	8
51506	58230	2
51506	58286	8
51506	58308	1
51506	58352	11
51506	58397	4
51506	58495	4
51506	58523	10
51506	58554	20
51506	58590	1
51506	58667	1
51506	59180	17
51506	59545	2
51506	59546	7
51506	59876	1
51506	60099	1
51506	60118	6
51506	60133	2
51506	60172	1
51506	60237	1
51506	60281	3
51506	60673	2
51506	60694	2
51506	60714	3
51506	60722	1
51506	60921	2
51506	61043	1
51506	61085	2
51506	61109	2
51506	61120	1
51506	61194	2
51506	61269	1
51506	61501	4
51506	61538	2
51506	61727	20
51506	61755	32
51506	61836	17
51506	61985	9
51506	62508	1
51506	62577	1
51506	62612	1
51506	62636	2
51506	62656	1
51506	62662	3
51506	62705	4
51506	62713	3
51506	62730	5
51506	62779	4
51506	62813	1
51506	62863	1
51506	62878	1
51506	62919	9
51506	63096	14
51506	63390	3
51591	51626	2
51591	51676	14
51591	51888	1
51591	51954	8
51591	52257	5
51591	52286	15
51591	52378	1
51591	52451	2
51591	52675	7
51591	52688	47
51591	53044	5
51591	53107	8
51591	53297	3
51591	53406	6
51591	53449	1
51591	53457	1
51591	53650	2
51591	53656	3
51591	53692	3
51591	53706	3
51591	53875	31
51591	53878	2
51591	53926	1
51591	54003	1
51591	54416	2
51591	54487	7
51591	55041	35
51591	55347	4
51591	55577	3
51591	55630	8
51591	55906	2
51591	55970	1
51591	56177	7
51591	56705	25
51591	56783	12
51591	57029	4
51591	57350	2
51591	58270	8
51591	58286	12
51591	58300	6
51591	58308	2
51591	58321	6
51591	58352	36
51591	58397	27
51591	58461	7
51591	58495	16
51591	58523	9
51591	58554	18
51591	58590	13
51591	58667	1
51591	59180	5
51591	59545	6
51591	59546	2
51591	59819	2
51591	59876	1
51591	60099	3
51591	60118	4
51591	60133	8
51591	60172	2
51591	60237	3
51591	60281	3
51591	60299	1
51591	60673	2
51591	60694	9
51591	60714	5
51591	60722	1
51591	60921	3
51591	60998	12
51591	61024	3
51591	61043	9
51591	61085	6
51591	61109	5
51591	61120	8
51591	61194	8
51591	61269	4
51591	61501	28
51591	61538	7
51591	61755	8
51591	61836	5
51591	61914	1
51591	61985	2
51591	62270	9
51591	62508	3
51591	62577	4
51591	62594	4
51591	62612	22
51591	62636	7
51591	62656	4
51591	62662	6
51591	62695	5
51591	62705	2
51591	62713	2
51591	62722	5
51591	62730	4
51591	62752	16
51591	62779	21
51591	62813	11
51591	62863	6
51591	62878	4
51591	62919	5
51591	62930	2
51591	63080	2
51591	63096	2
51591	63189	7
51591	63388	3
51591	63390	2
51591	63497	2
51626	51676	2
51626	51888	2
51626	51954	3
51626	52257	14
51626	52286	16
51626	52378	1
51626	52419	1
51626	52451	1
51626	52675	5
51626	52688	35
51626	52712	2
51626	53044	3
51626	53297	9
51626	53406	3
51626	53449	2
51626	53650	2
51626	53656	3
51626	53692	4
51626	53706	3
51626	53875	16
51626	54487	17
51626	55041	35
51626	55347	3
51626	55577	4
51626	55630	9
51626	55970	1
51626	56177	7
51626	56705	16
51626	56783	3
51626	57029	4
51626	57350	1
51626	58230	2
51626	58286	2
51626	58300	3
51626	58321	1
51626	58352	11
51626	58397	7
51626	58461	2
51626	58495	3
51626	58523	2
51626	58554	13
51626	58590	3
51626	59180	11
51626	59545	7
51626	59546	5
51626	59819	5
51626	60118	4
51626	60133	1
51626	60172	3
51626	60237	1
51626	60281	5
51626	60299	3
51626	60359	1
51626	60694	6
51626	60714	1
51626	60921	3
51626	60998	6
51626	61024	3
51626	61043	2
51626	61085	3
51626	61109	3
51626	61120	1
51626	61194	3
51626	61244	1
51626	61269	4
51626	61501	12
51626	61538	7
51626	61727	6
51626	61755	8
51626	61836	11
51626	61953	3
51626	61985	3
51626	62270	3
51626	62577	1
51626	62594	1
51626	62612	1
51626	62636	2
51626	62656	1
51626	62713	3
51626	62752	1
51626	62779	3
51626	62863	2
51626	62878	1
51626	62911	10
51626	62919	2
51626	63096	5
51626	63189	4
51626	63388	1
51626	63390	10
51626	63497	1
51676	51888	6
51676	51954	16
51676	52257	10
51676	52286	23
51676	52378	11
51676	52419	4
51676	52451	15
51676	52675	12
51676	52688	152
51676	52712	6
51676	53044	29
51676	53107	6
51676	53297	10
51676	53406	78
51676	53449	60
51676	53457	44
51676	53650	14
51676	53656	18
51676	53692	16
51676	53706	1
51676	53875	139
51676	53878	20
51676	53926	3
51676	54003	17
51676	54416	41
51676	54487	51
51676	55041	69
51676	55347	50
51676	55577	41
51676	55630	8
51676	55906	28
51676	55970	9
51676	56177	273
51676	56705	56
51676	56783	220
51676	56817	2
51676	57029	84
51676	57350	2
51676	58230	31
51676	58270	38
51676	58286	4
51676	58300	1
51676	58308	3
51676	58321	7
51676	58352	21
51676	58397	22
51676	58461	13
51676	58495	11
51676	58523	15
51676	58554	19
51676	58590	18
51676	58667	5
51676	59180	19
51676	59545	9
51676	59546	14
51676	59819	5
51676	59876	8
51676	60099	3
51676	60118	43
51676	60133	3
51676	60172	4
51676	60237	23
51676	60281	14
51676	60299	4
51676	60359	4
51676	60673	3
51676	60684	16
51676	60694	2
51676	60714	6
51676	60722	11
51676	60921	34
51676	60998	7
51676	61024	84
51676	61043	8
51676	61085	11
51676	61109	29
51676	61120	6
51676	61194	18
51676	61244	25
51676	61269	3
51676	61501	82
51676	61538	6
51676	61727	9
51676	61755	45
51676	61836	4
51676	61914	11
51676	61953	8
51676	61985	5
51676	62270	114
51676	62508	2
51676	62577	8
51676	62585	1
51676	62594	2
51676	62612	15
51676	62636	15
51676	62656	3
51676	62662	9
51676	62695	2
51676	62705	2
51676	62713	5
51676	62722	6
51676	62730	11
51676	62752	25
51676	62779	29
51676	62813	11
51676	62863	7
51676	62878	5
51676	62919	2
51676	62930	4
51676	63080	25
51676	63096	4
51676	63158	8
51676	63189	11
51676	63390	5
51676	63497	7
51782	51954	1
51782	52419	10
51782	52451	7
51782	52688	9
51782	52712	30
51782	53107	1
51782	53406	7
51782	53692	4
51782	54003	5
51782	54487	6
51782	56177	1
51782	56705	5
51782	56817	2
51782	58230	1
51782	58270	10
51782	58300	1
51782	58352	1
51782	58397	7
51782	58523	14
51782	58554	1
51782	58667	28
51782	59180	7
51782	59546	50
51782	59876	7
51782	60099	2
51782	60118	24
51782	60281	1
51782	60299	1
51782	60359	22
51782	60714	1
51782	60921	1
51782	60998	2
51782	61109	26
51782	61120	2
51782	61269	1
51782	61755	6
51782	62585	1
51782	62594	1
51782	62636	1
51782	62695	10
51782	62752	10
51782	62779	14
51782	62911	1
51782	62930	14
51782	63080	10
51782	63096	1
51782	63158	9
51782	63189	2
51782	63390	5
51782	63497	1
51888	52257	4
51888	52286	7
51888	52675	1
51888	52688	41
51888	53044	1
51888	53107	4
51888	53297	1
51888	53406	1
51888	53449	1
51888	53656	1
51888	53706	1
51888	53875	15
51888	54487	10
51888	55041	73
51888	55577	1
51888	55630	7
51888	55906	1
51888	55970	1
51888	56705	6
51888	57350	1
51888	58286	23
51888	58300	1
51888	58352	3
51888	58397	1
51888	58554	1
51888	58590	3
51888	59180	3
51888	59545	1
51888	59546	1
51888	59819	2
51888	59876	1
51888	60172	2
51888	60299	1
51888	60694	3
51888	60714	1
51888	60998	7
51888	61085	1
51888	61269	5
51888	61501	8
51888	61538	2
51888	61755	4
51888	61836	5
51888	61985	2
51888	62270	2
51888	62508	1
51888	62577	1
51888	62612	1
51888	62636	1
51888	62730	1
51888	62779	3
51888	62930	1
51888	63080	1
51888	63390	1
51954	52286	5
51954	52378	3
51954	52419	5
51954	52451	1
51954	52675	55
51954	52688	42
51954	52712	4
51954	53044	7
51954	53107	5
51954	53297	1
51954	53406	2
51954	53656	7
51954	53875	30
51954	53878	1
51954	54003	6
51954	54487	4
51954	55041	19
51954	55347	1
51954	55577	13
51954	55970	1
51954	56177	3
51954	56705	21
51954	56783	3
51954	57029	30
51954	57350	4
51954	58230	2
51954	58300	1
51954	58308	2
51954	58321	5
51954	58352	8
51954	58397	2
51954	58461	2
51954	58495	2
51954	58523	6
51954	58554	8
51954	58590	4
51954	58667	2
51954	59180	6
51954	59545	3
51954	59546	16
51954	59819	1
51954	60099	5
51954	60118	8
51954	60172	1
51954	60281	3
51954	60673	1
51954	60714	2
51954	60722	1
51954	60998	1
51954	61024	9
51954	61043	1
51954	61085	5
51954	61109	14
51954	61120	4
51954	61194	2
51954	61244	1
51954	61269	6
51954	61501	9
51954	61755	2
51954	61836	3
51954	61914	1
51954	61985	8
51954	62577	6
51954	62594	1
51954	62612	20
51954	62636	5
51954	62656	2
51954	62662	11
51954	62713	6
51954	62730	1
51954	62752	5
51954	62779	33
51954	62813	1
51954	62863	1
51954	62878	1
51954	62911	11
51954	62919	15
51954	62930	1
51954	63080	4
51954	63096	13
51954	63189	2
51954	63390	3
52257	52286	11
52257	52378	6
52257	52419	1
52257	52675	2
52257	52688	35
52257	52712	2
52257	53044	3
52257	53297	4
52257	53406	12
52257	53449	6
52257	53656	2
52257	53692	1
52257	53706	1
52257	53875	23
52257	54003	1
52257	54416	7
52257	54487	32
52257	55041	27
52257	55347	3
52257	55577	13
52257	55630	1
52257	55906	1
52257	55970	6
52257	56177	11
52257	56705	31
52257	56783	9
52257	57029	7
52257	57350	4
52257	58286	3
52257	58300	1
52257	58308	1
52257	58321	1
52257	58397	3
52257	58495	1
52257	58554	3
52257	58590	1
52257	58667	2
52257	59180	5
52257	59545	1
52257	59546	11
52257	59819	3
52257	59876	2
52257	60118	6
52257	60133	3
52257	60172	2
52257	60237	1
52257	60281	5
52257	60299	6
52257	60359	1
52257	60673	1
52257	60714	2
52257	60921	1
52257	60998	1
52257	61024	2
52257	61085	1
52257	61109	3
52257	61120	1
52257	61194	1
52257	61501	44
52257	61538	4
52257	61755	13
52257	61836	3
52257	61953	3
52257	61985	1
52257	62270	8
52257	62508	1
52257	62577	1
52257	62636	1
52257	62662	1
52257	62713	1
52257	62730	1
52257	62752	1
52257	62779	7
52257	62813	1
52257	62878	1
52257	63096	1
52257	63189	1
52257	63390	2
52286	52378	3
52286	52419	1
52286	52451	3
52286	52675	8
52286	52688	122
52286	53044	9
52286	53297	4
52286	53406	9
52286	53449	6
52286	53656	5
52286	53692	4
52286	53706	3
52286	53875	37
52286	53878	2
52286	54416	1
52286	54487	37
52286	55041	63
52286	55347	4
52286	55577	9
52286	55630	36
52286	55906	2
52286	55970	6
52286	56177	15
52286	56705	32
52286	56783	10
52286	56817	1
52286	57029	9
52286	57350	9
52286	58230	1
52286	58270	2
52286	58286	10
52286	58300	11
52286	58321	4
52286	58352	29
52286	58397	12
52286	58461	4
52286	58495	14
52286	58523	12
52286	58554	23
52286	58590	6
52286	59180	23
52286	59545	6
52286	59546	13
52286	59819	12
52286	59876	1
52286	60099	3
52286	60118	5
52286	60133	2
52286	60172	8
52286	60237	5
52286	60281	7
52286	60299	6
52286	60359	1
52286	60673	1
52286	60684	1
52286	60694	3
52286	60714	3
52286	60722	2
52286	60921	1
52286	60998	21
52286	61024	4
52286	61043	3
52286	61085	5
52286	61109	7
52286	61120	1
52286	61194	4
52286	61244	1
52286	61269	6
52286	61501	44
52286	61538	13
52286	61727	5
52286	61755	6
52286	61836	5
52286	61914	1
52286	61953	1
52286	61985	9
52286	62270	5
52286	62508	10
52286	62577	1
52286	62585	1
52286	62594	1
52286	62612	10
52286	62636	5
52286	62656	1
52286	62662	3
52286	62695	4
52286	62713	2
52286	62722	2
52286	62730	5
52286	62752	2
52286	62779	15
52286	62813	2
52286	62919	3
52286	62930	2
52286	63158	2
52286	63189	8
52286	63388	2
52286	63390	12
52378	52419	1
52378	52451	5
52378	52675	9
52378	52688	31
52378	52712	3
52378	53044	9
52378	53107	2
52378	53297	3
52378	53406	28
52378	53449	1
52378	53457	119
52378	53656	5
52378	53692	3
52378	53706	2
52378	53875	16
52378	53878	13
52378	53926	6
52378	54003	6
52378	54416	6
52378	54487	22
52378	55041	40
52378	55347	4
52378	55577	104
52378	55630	2
52378	55906	7
52378	55970	23
52378	56177	10
52378	56705	15
52378	56783	10
52378	56817	4
52378	57029	2
52378	57350	5
52378	58230	1
52378	58270	1
52378	58286	1
52378	58300	1
52378	58308	3
52378	58321	3
52378	58352	1
52378	58397	7
52378	58461	3
52378	58495	5
52378	58523	3
52378	58554	12
52378	58590	6
52378	58667	2
52378	59180	2
52378	59545	1
52378	59546	10
52378	59819	20
52378	59876	4
52378	60099	3
52378	60118	27
52378	60172	3
52378	60237	1
52378	60281	3
52378	60299	3
52378	60359	2
52378	60673	1
52378	60694	2
52378	60714	7
52378	60722	1
52378	60921	8
52378	60998	4
52378	61085	4
52378	61109	16
52378	61120	1
52378	61194	12
52378	61244	1
52378	61501	6
52378	61538	12
52378	61727	4
52378	61755	9
52378	61914	4
52378	61953	1
52378	62270	12
52378	62577	2
52378	62585	1
52378	62612	3
52378	62636	5
52378	62656	1
52378	62662	1
52378	62695	7
52378	62713	7
52378	62722	1
52378	62730	5
52378	62752	6
52378	62779	14
52378	62813	6
52378	62863	2
52378	62930	3
52378	63080	5
52378	63158	2
52378	63189	9
52378	63497	3
52419	52451	5
52419	52675	4
52419	52688	12
52419	52712	19
52419	53044	3
52419	53107	2
52419	53457	5
52419	53650	2
52419	53692	2
52419	53875	7
52419	53878	2
52419	53926	3
52419	54003	1
52419	54416	11
52419	54487	20
52419	55041	5
52419	55347	4
52419	55906	2
52419	55970	1
52419	56177	1
52419	56705	7
52419	56783	3
52419	56817	5
52419	57029	3
52419	57350	2
52419	58230	13
52419	58270	1
52419	58300	1
52419	58308	4
52419	58321	7
52419	58352	5
52419	58397	3
52419	58461	1
52419	58495	3
52419	58523	4
52419	58554	2
52419	58590	6
52419	58667	10
52419	59180	2
52419	59545	1
52419	59546	37
52419	59876	15
52419	60099	1
52419	60118	35
52419	60299	6
52419	60359	12
52419	60673	2
52419	60714	2
52419	60722	1
52419	60998	11
52419	61085	8
52419	61109	58
52419	61194	12
52419	61244	1
52419	61269	1
52419	61501	5
52419	61755	4
52419	61953	5
52419	62577	2
52419	62585	2
52419	62594	1
52419	62612	6
52419	62636	1
52419	62656	1
52419	62662	2
52419	62695	2
52419	62722	4
52419	62730	2
52419	62752	8
52419	62779	5
52419	62813	2
52419	62863	1
52419	62911	6
52419	62930	5
52419	63080	3
52419	63096	1
52419	63158	14
52419	63189	2
52419	63390	1
52451	52675	6
52451	52688	24
52451	52712	19
52451	53044	3
52451	53107	2
52451	53297	47
52451	53406	8
52451	53457	8
52451	53650	3
52451	53656	1
52451	53692	1
52451	53875	13
52451	53878	2
52451	54003	16
52451	54416	5
52451	54487	6
52451	55041	8
52451	55347	11
52451	55577	9
52451	55906	5
52451	55970	3
52451	56177	6
52451	56705	5
52451	56783	11
52451	56817	8
52451	57029	2
52451	58230	16
52451	58270	2
52451	58308	1
52451	58321	2
52451	58352	1
52451	58397	3
52451	58495	2
52451	58523	8
52451	58554	4
52451	58590	8
52451	58667	8
52451	59180	1
52451	59546	31
52451	59876	3
52451	60099	1
52451	60118	25
52451	60237	3
52451	60281	1
52451	60299	1
52451	60359	7
52451	60673	5
52451	60714	4
52451	60722	2
52451	60998	3
52451	61024	2
52451	61085	12
52451	61109	39
52451	61194	12
52451	61244	1
52451	61501	8
52451	61727	1
52451	61755	3
52451	61953	2
52451	62270	2
52451	62585	1
52451	62594	1
52451	62612	2
52451	62636	2
52451	62656	1
52451	62662	2
52451	62695	3
52451	62713	3
52451	62722	1
52451	62730	2
52451	62752	7
52451	62779	7
52451	62813	5
52451	62911	36
52451	62919	1
52451	62930	4
52451	63080	2
52451	63158	4
52451	63189	12
52451	63497	2
52675	52688	29
52675	52712	8
52675	53044	10
52675	53107	2
52675	53297	3
52675	53406	8
52675	53449	1
52675	53457	4
52675	53656	2
52675	53692	3
52675	53706	5
52675	53875	20
52675	53878	1
52675	54003	15
52675	54416	1
52675	54487	25
52675	55041	26
52675	55347	2
52675	55577	11
52675	55630	4
52675	55906	9
52675	55970	5
52675	56177	5
52675	56705	18
52675	56783	3
52675	57029	4
52675	57350	3
52675	58230	3
52675	58270	1
52675	58286	3
52675	58300	1
52675	58308	3
52675	58321	5
52675	58352	8
52675	58397	5
52675	58461	6
52675	58495	5
52675	58523	13
52675	58554	8
52675	58590	11
52675	58667	1
52675	59180	5
52675	59545	6
52675	59546	20
52675	59819	6
52675	60118	5
52675	60133	2
52675	60172	1
52675	60281	1
52675	60299	2
52675	60359	2
52675	60673	4
52675	60694	1
52675	60714	4
52675	60722	1
52675	60998	5
52675	61024	7
52675	61085	5
52675	61109	11
52675	61120	3
52675	61194	3
52675	61244	1
52675	61269	1
52675	61501	11
52675	61538	4
52675	61727	17
52675	61755	3
52675	61836	4
52675	61953	1
52675	61985	3
52675	62270	2
52675	62508	1
52675	62577	1
52675	62594	1
52675	62612	3
52675	62636	4
52675	62662	3
52675	62695	1
52675	62713	3
52675	62730	2
52675	62752	6
52675	62779	18
52675	62813	1
52675	62863	2
52675	62911	11
52675	62919	2
52675	62930	1
52675	63080	3
52675	63096	8
52675	63158	1
52675	63189	2
52675	63388	2
52675	63390	4
52675	63497	2
52688	52712	22
52688	53044	48
52688	53107	10
52688	53297	35
52688	53406	57
52688	53449	48
52688	53457	25
52688	53650	7
52688	53656	19
52688	53692	14
52688	53706	10
52688	53875	161
52688	53878	34
52688	53926	8
52688	54003	31
52688	54416	36
52688	54487	105
52688	55041	265
52688	55347	37
52688	55577	52
52688	55630	66
52688	55906	28
52688	55970	19
52688	56177	214
52688	56705	159
52688	56783	182
52688	56817	12
52688	57029	62
52688	57350	34
52688	58230	36
52688	58270	27
52688	58286	36
52688	58300	16
52688	58308	7
52688	58321	20
52688	58352	65
52688	58397	34
52688	58461	21
52688	58495	31
52688	58523	43
52688	58554	57
52688	58590	41
52688	58667	7
52688	59180	41
52688	59545	19
52688	59546	57
52688	59819	22
52688	59876	11
52688	60099	3
52688	60118	105
52688	60133	9
52688	60172	24
52688	60237	30
52688	60281	16
52688	60299	32
52688	60359	13
52688	60673	9
52688	60684	9
52688	60694	13
52688	60714	13
52688	60722	12
52688	60921	24
52688	60998	38
52688	61024	37
52688	61043	7
52688	61085	24
52688	61109	84
52688	61120	14
52688	61194	47
52688	61244	24
52688	61269	13
52688	61501	170
52688	61538	27
52688	61727	15
52688	61755	57
52688	61836	24
52688	61914	8
52688	61953	9
52688	61985	22
52688	62270	48
52688	62508	7
52688	62577	4
52688	62585	3
52688	62594	1
52688	62612	31
52688	62636	23
52688	62656	7
52688	62662	18
52688	62695	12
52688	62705	8
52688	62713	1
52688	62722	13
52688	62730	19
52688	62752	36
52688	62779	51
52688	62813	10
52688	62863	8
52688	62878	9
52688	62911	8
52688	62919	8
52688	62930	6
52688	63080	11
52688	63096	8
52688	63158	10
52688	63189	26
52688	63388	2
52688	63390	17
52688	63497	18
52712	53044	10
52712	53107	9
52712	53406	4
52712	53457	21
52712	53650	8
52712	53656	1
52712	53692	2
52712	53875	5
52712	53878	3
52712	53926	2
52712	54003	1
52712	54416	16
52712	54487	19
52712	55041	11
52712	55347	2
52712	55906	1
52712	55970	1
52712	56177	1
52712	56705	6
52712	56783	8
52712	56817	4
52712	57029	1
52712	58230	36
52712	58300	3
52712	58308	5
52712	58321	10
52712	58352	5
52712	58397	8
52712	58461	5
52712	58495	6
52712	58523	11
52712	58554	10
52712	58590	16
52712	58667	26
52712	59180	4
52712	59545	3
52712	59546	77
52712	59819	4
52712	59876	20
52712	60099	1
52712	60118	59
52712	60133	1
52712	60237	1
52712	60299	11
52712	60359	25
52712	60673	10
52712	60694	2
52712	60714	6
52712	60998	11
52712	61024	2
52712	61043	1
52712	61085	12
52712	61109	105
52712	61194	38
52712	61244	3
52712	61269	2
52712	61501	7
52712	61538	2
52712	61755	2
52712	61914	2
52712	61953	17
52712	62577	1
52712	62585	4
52712	62594	3
52712	62612	2
52712	62636	3
52712	62656	1
52712	62695	1
52712	62713	2
52712	62722	1
52712	62730	5
52712	62752	8
52712	62779	23
52712	62813	10
52712	62863	5
52712	62911	10
52712	62919	1
52712	62930	11
52712	63080	5
52712	63096	1
52712	63158	12
52712	63189	9
52712	63497	2
53044	53107	8
53044	53297	1
53044	53406	32
53044	53449	5
53044	53457	6
53044	53650	7
53044	53656	3
53044	53692	7
53044	53706	5
53044	53875	41
53044	53878	7
53044	53926	4
53044	54003	2
53044	54416	29
53044	54487	12
53044	55041	36
53044	55347	9
53044	55577	8
53044	55906	5
53044	55970	3
53044	56177	33
53044	56705	16
53044	56783	20
53044	56817	8
53044	57029	5
53044	57350	13
53044	58230	15
53044	58270	21
53044	58286	5
53044	58300	9
53044	58308	21
53044	58321	21
53044	58352	22
53044	58397	19
53044	58461	12
53044	58495	12
53044	58523	23
53044	58554	34
53044	58590	29
53044	58667	3
53044	59180	7
53044	59545	2
53044	59546	28
53044	59819	5
53044	59876	10
53044	60099	5
53044	60118	107
53044	60133	9
53044	60172	2
53044	60237	4
53044	60281	1
53044	60299	4
53044	60359	7
53044	60673	9
53044	60694	1
53044	60714	20
53044	60722	5
53044	60921	8
53044	60998	14
53044	61024	13
53044	61043	3
53044	61085	19
53044	61109	40
53044	61120	4
53044	61194	45
53044	61244	4
53044	61269	12
53044	61501	62
53044	61538	8
53044	61727	3
53044	61755	10
53044	61836	6
53044	61914	8
53044	61953	12
53044	61985	7
53044	62270	12
53044	62508	4
53044	62577	4
53044	62585	6
53044	62594	9
53044	62612	18
53044	62636	21
53044	62656	5
53044	62662	15
53044	62695	4
53044	62705	9
53044	62713	5
53044	62722	5
53044	62730	7
53044	62752	20
53044	62779	34
53044	62813	25
53044	62863	5
53044	62878	4
53044	62911	2
53044	62919	2
53044	62930	5
53044	63080	10
53044	63096	2
53044	63158	8
53044	63189	19
53044	63388	3
53044	63390	2
53044	63497	12
53107	53406	3
53107	53457	4
53107	53650	4
53107	53656	1
53107	53706	3
53107	53875	10
53107	53878	5
53107	53926	3
53107	54003	2
53107	54416	22
53107	54487	1
53107	55041	4
53107	55347	5
53107	55577	2
53107	55906	4
53107	55970	1
53107	56177	3
53107	56705	1
53107	56783	1
53107	56817	7
53107	58230	20
53107	58270	10
53107	58286	5
53107	58300	2
53107	58308	5
53107	58321	8
53107	58352	13
53107	58397	14
53107	58461	1
53107	58495	7
53107	58523	10
53107	58554	11
53107	58590	8
53107	58667	2
53107	59545	1
53107	59546	12
53107	59876	2
53107	60099	1
53107	60118	27
53107	60133	2
53107	60172	2
53107	60237	4
53107	60299	1
53107	60359	3
53107	60673	2
53107	60694	3
53107	60714	7
53107	60722	6
53107	60921	1
53107	60998	8
53107	61043	3
53107	61085	8
53107	61109	17
53107	61120	6
53107	61194	21
53107	61244	1
53107	61269	6
53107	61501	5
53107	61755	3
53107	61914	1
53107	61953	5
53107	61985	2
53107	62270	4
53107	62577	4
53107	62585	3
53107	62594	2
53107	62612	7
53107	62636	16
53107	62656	5
53107	62662	4
53107	62695	5
53107	62705	1
53107	62713	4
53107	62722	3
53107	62730	5
53107	62752	12
53107	62779	18
53107	62813	11
53107	62863	4
53107	62911	4
53107	62919	5
53107	62930	3
53107	63080	2
53107	63096	2
53107	63158	4
53107	63189	2
53107	63497	1
53297	53406	8
53297	53449	4
53297	53650	1
53297	53656	4
53297	53692	1
53297	53875	23
53297	54003	31
53297	54487	22
53297	55041	3
53297	55347	11
53297	55577	8
53297	55630	1
53297	55906	8
53297	55970	14
53297	56177	19
53297	56705	11
53297	56783	2
53297	57350	1
53297	58270	1
53297	58286	1
53297	58300	1
53297	58352	3
53297	58397	1
53297	58495	1
53297	58523	2
53297	58554	1
53297	58590	4
53297	58667	3
53297	59180	11
53297	59545	2
53297	59546	4
53297	59819	5
53297	60118	1
53297	60172	1
53297	60237	1
53297	60281	4
53297	60299	2
53297	60684	1
53297	60694	1
53297	60714	1
53297	60722	1
53297	60921	1
53297	60998	1
53297	61085	3
53297	61109	5
53297	61501	24
53297	61538	4
53297	61727	1
53297	61755	6
53297	61953	2
53297	62270	4
53297	62508	1
53297	62713	1
53297	62752	3
53297	62779	3
53297	62813	7
53297	62911	26
53297	63080	2
53297	63189	7
53297	63390	9
53406	53449	8
53406	53457	10
53406	53650	8
53406	53656	6
53406	53692	4
53406	53706	1
53406	53875	64
53406	53878	12
53406	53926	4
53406	54003	15
53406	54416	43
53406	54487	31
53406	55041	30
53406	55347	28
53406	55577	50
53406	55630	3
53406	55906	18
53406	55970	24
53406	56177	65
53406	56705	22
53406	56783	40
53406	56817	1
53406	57029	15
53406	57350	1
53406	58286	3
53406	58300	1
53406	58308	5
53406	58321	8
53406	58352	5
53406	58397	6
53406	58461	4
53406	58495	5
53406	58523	5
53406	58554	12
53406	58590	6
53406	59180	9
53406	59545	2
53406	59546	8
53406	59819	3
53406	59876	3
53406	60118	49
53406	60133	1
53406	60172	2
53406	60237	12
53406	60281	31
53406	60299	5
53406	60359	3
53406	60673	2
53406	60694	1
53406	60714	3
53406	60921	23
53406	60998	1
53406	61024	20
53406	61085	14
53406	61109	20
53406	61120	2
53406	61194	17
53406	61244	2
53406	61501	31
53406	61538	6
53406	61727	4
53406	61755	36
53406	61836	2
53406	61914	6
53406	62270	28
53406	62508	1
53406	62612	3
53406	62636	4
53406	62695	1
53406	62713	2
53406	62722	4
53406	62730	3
53406	62752	5
53406	62779	6
53406	62813	12
53406	62863	6
53406	62878	1
53406	62919	1
53406	63080	13
53406	63096	1
53406	63158	2
53406	63189	3
53406	63390	3
53406	63497	48
53449	53457	18
53449	53656	1
53449	53692	1
53449	53875	24
53449	54487	39
53449	55041	7
53449	55577	5
53449	55630	2
53449	55906	1
53449	55970	3
53449	56177	112
53449	56705	21
53449	56783	79
53449	57029	41
53449	57350	1
53449	58270	3
53449	58286	5
53449	58300	1
53449	58308	2
53449	58352	7
53449	58397	5
53449	58461	2
53449	58495	6
53449	58523	1
53449	58554	3
53449	58590	3
53449	58667	4
53449	59180	3
53449	59546	4
53449	59819	5
53449	60099	2
53449	60118	1
53449	60133	2
53449	60172	2
53449	60237	16
53449	60281	4
53449	60299	3
53449	60673	2
53449	60684	20
53449	60714	1
53449	60722	16
53449	60998	1
53449	61024	8
53449	61043	10
53449	61085	1
53449	61109	1
53449	61120	2
53449	61194	3
53449	61244	40
53449	61501	29
53449	61538	6
53449	61755	21
53449	61953	5
53449	61985	5
53449	62270	2
53449	62508	1
53449	62577	1
53449	62594	3
53449	62612	15
53449	62636	11
53449	62656	2
53449	62662	5
53449	62695	1
53449	62705	2
53449	62713	3
53449	62722	2
53449	62730	4
53449	62752	31
53449	62779	10
53449	62813	1
53449	62863	7
53449	62878	8
53449	62919	2
53449	62930	3
53449	63080	1
53449	63158	5
53449	63390	3
53449	63497	5
53457	53706	8
53457	53875	18
53457	53878	81
53457	53926	15
53457	54416	1
53457	54487	9
53457	55041	7
53457	55347	3
53457	55577	80
53457	55630	21
53457	55970	9
53457	56177	18
53457	56705	5
53457	56783	48
53457	56817	1
53457	57350	1
53457	58230	8
53457	58270	3
53457	58286	1
53457	58308	11
53457	58321	18
53457	58397	11
53457	58461	1
53457	58495	74
53457	58590	32
53457	58667	22
53457	59546	30
53457	59876	3
53457	60099	8
53457	60118	52
53457	60133	2
53457	60237	1
53457	60299	3
53457	60359	10
53457	60673	9
53457	60694	1
53457	60722	1
53457	60921	28
53457	60998	15
53457	61024	7
53457	61085	4
53457	61109	88
53457	61194	55
53457	61269	3
53457	61501	26
53457	61755	12
53457	61914	29
53457	61953	7
53457	61985	1
53457	62270	56
53457	62577	28
53457	62594	9
53457	62636	66
53457	62656	2
53457	62695	23
53457	62705	1
53457	62713	73
53457	62752	46
53457	62779	65
53457	62878	1
53457	62911	4
53457	62930	28
53457	63158	1
53457	63189	30
53457	63497	2
53650	53875	37
53650	53878	10
53650	54003	3
53650	54416	84
53650	54487	4
53650	55041	4
53650	55347	23
53650	55906	6
53650	56177	18
53650	56705	5
53650	56783	3
53650	56817	3
53650	57029	1
53650	58230	25
53650	58270	2
53650	58308	3
53650	58321	2
53650	58352	3
53650	58397	35
53650	58461	1
53650	58495	17
53650	58523	4
53650	58590	6
53650	58667	11
53650	59546	6
53650	59876	6
53650	60099	3
53650	60118	62
53650	60133	2
53650	60281	1
53650	60299	2
53650	60359	4
53650	60694	3
53650	60714	5
53650	60722	2
53650	60998	1
53650	61085	10
53650	61109	32
53650	61194	30
53650	61501	10
53650	61755	4
53650	61914	28
53650	61953	16
53650	61985	1
53650	62270	1
53650	62594	2
53650	62612	2
53650	62636	1
53650	62695	4
53650	62730	3
53650	62752	5
53650	62813	2
53650	62911	1
53650	62919	1
53650	62930	1
53650	63080	2
53650	63158	7
53650	63189	4
53650	63497	11
53656	53692	10
53656	53875	22
53656	53878	3
53656	54003	5
53656	54487	7
53656	55041	7
53656	55347	8
53656	55577	5
53656	55906	7
53656	55970	6
53656	56177	13
53656	56705	14
53656	56783	1
53656	56817	1
53656	57029	3
53656	57350	1
53656	58230	1
53656	58270	1
53656	58300	2
53656	58308	2
53656	58352	18
53656	58397	2
53656	58461	1
53656	58495	2
53656	58523	40
53656	58554	4
53656	58590	4
53656	59180	3
53656	59545	1
53656	59546	1
53656	59819	2
53656	60099	1
53656	60118	8
53656	60237	1
53656	60281	5
53656	60299	1
53656	60673	1
53656	60714	1
53656	60722	1
53656	60921	4
53656	60998	4
53656	61085	4
53656	61109	3
53656	61120	2
53656	61194	2
53656	61501	10
53656	61538	3
53656	61727	4
53656	61755	5
53656	61836	1
53656	61985	2
53656	62270	10
53656	62508	1
53656	62594	2
53656	62612	4
53656	62636	2
53656	62752	2
53656	62779	7
53656	62863	1
53656	62919	1
53656	62930	1
53656	63096	14
53656	63189	3
53656	63390	1
53656	63497	1
53692	53706	6
53692	53875	14
53692	53878	5
53692	54487	10
53692	55041	7
53692	55347	3
53692	55577	5
53692	55630	2
53692	55970	4
53692	56177	13
53692	56705	12
53692	56783	17
53692	57029	2
53692	57350	1
53692	58230	1
53692	58270	3
53692	58300	1
53692	58308	1
53692	58321	3
53692	58352	2
53692	58397	3
53692	58495	1
53692	58523	1
53692	58554	6
53692	58590	1
53692	58667	2
53692	59180	4
53692	59545	4
53692	59546	5
53692	59876	3
53692	60118	5
53692	60133	1
53692	60172	2
53692	60281	1
53692	60299	1
53692	60359	2
53692	60684	3
53692	60714	1
53692	60921	6
53692	61024	5
53692	61043	1
53692	61085	3
53692	61109	2
53692	61120	2
53692	61269	2
53692	61501	7
53692	61727	3
53692	61755	4
53692	61836	1
53692	61953	3
53692	61985	3
53692	62270	31
53692	62577	1
53692	62636	2
53692	62662	2
53692	62695	1
53692	62722	1
53692	62730	3
53692	62752	3
53692	62779	6
53692	62878	2
53692	62919	1
53692	63080	1
53692	63096	2
53692	63390	3
53692	63497	1
53706	53875	16
53706	53926	1
53706	55041	7
53706	55347	2
53706	55630	1
53706	55906	1
53706	55970	3
53706	56177	15
53706	56705	4
53706	56783	1
53706	57029	3
53706	58270	2
53706	58286	3
53706	58300	2
53706	58308	2
53706	58321	3
53706	58352	9
53706	58397	3
53706	58461	5
53706	58495	3
53706	58523	6
53706	58554	8
53706	59180	10
53706	59545	6
53706	60099	1
53706	60118	1
53706	60133	4
53706	60172	1
53706	60281	1
53706	60299	2
53706	60673	1
53706	60694	1
53706	60714	1
53706	60722	2
53706	60921	5
53706	60998	4
53706	61024	2
53706	61085	3
53706	61120	2
53706	61194	2
53706	61269	1
53706	61501	4
53706	61727	22
53706	61755	8
53706	61836	4
53706	61985	2
53706	62270	10
53706	62508	4
53706	62594	1
53706	62612	4
53706	62636	5
53706	62662	3
53706	62695	2
53706	62705	2
53706	62713	1
53706	62752	1
53706	62779	3
53706	62878	1
53706	62911	2
53706	62919	1
53706	62930	2
53706	63096	5
53706	63189	1
53706	63388	1
53706	63390	1
53875	53878	24
53875	53926	15
53875	54003	15
53875	54416	91
53875	54487	113
53875	55041	131
53875	55347	84
53875	55577	42
53875	55630	8
53875	55906	53
53875	55970	28
53875	56177	114
53875	56705	72
53875	56783	55
53875	56817	8
53875	57029	73
53875	57350	10
53875	58230	5
53875	58270	18
53875	58286	26
53875	58300	10
53875	58308	10
53875	58321	9
53875	58352	42
53875	58397	29
53875	58461	30
53875	58495	20
53875	58523	19
53875	58554	23
53875	58590	65
53875	58667	2
53875	59180	51
53875	59545	20
53875	59546	31
53875	59819	21
53875	59876	9
53875	60099	2
53875	60118	39
53875	60133	3
53875	60172	20
53875	60237	13
53875	60281	12
53875	60299	13
53875	60673	4
53875	60684	4
53875	60694	11
53875	60714	11
53875	60722	24
53875	60921	23
53875	60998	11
53875	61024	41
53875	61043	9
53875	61085	16
53875	61109	29
53875	61120	4
53875	61194	27
53875	61244	1
53875	61269	21
53875	61501	180
53875	61538	23
53875	61727	6
53875	61755	46
53875	61836	6
53875	61914	17
53875	61953	7
53875	61985	12
53875	62270	34
53875	62508	8
53875	62577	2
53875	62594	5
53875	62612	18
53875	62636	16
53875	62656	3
53875	62662	6
53875	62695	5
53875	62705	3
53875	62713	6
53875	62722	7
53875	62730	19
53875	62752	35
53875	62779	30
53875	62813	14
53875	62863	6
53875	62878	4
53875	62911	2
53875	62919	3
53875	62930	7
53875	63080	55
53875	63096	3
53875	63158	1
53875	63189	9
53875	63388	1
53875	63390	19
53875	63497	8
53878	53926	6
53878	54416	57
53878	54487	13
53878	55041	9
53878	55347	10
53878	55577	29
53878	55630	2
53878	55906	9
53878	55970	4
53878	56177	44
53878	56705	3
53878	56783	9
53878	56817	4
53878	57029	5
53878	57350	2
53878	58230	8
53878	58270	2
53878	58308	2
53878	58321	5
53878	58352	1
53878	58397	5
53878	58461	6
53878	58495	7
53878	58523	6
53878	58554	6
53878	58590	10
53878	59546	13
53878	59876	5
53878	60099	5
53878	60118	59
53878	60133	4
53878	60281	3
53878	60299	3
53878	60359	13
53878	60673	2
53878	60694	3
53878	60714	4
53878	60921	3
53878	60998	8
53878	61024	5
53878	61085	11
53878	61109	43
53878	61194	40
53878	61244	8
53878	61269	3
53878	61501	6
53878	61538	4
53878	61755	21
53878	61914	8
53878	61953	1
53878	62270	7
53878	62577	1
53878	62585	3
53878	62612	7
53878	62636	10
53878	62656	2
53878	62695	10
53878	62705	1
53878	62713	3
53878	62722	1
53878	62730	4
53878	62752	7
53878	62779	11
53878	62813	7
53878	62863	4
53878	62911	3
53878	62930	3
53878	63080	3
53878	63158	12
53878	63189	15
53878	63497	4
53926	54416	1
53926	54487	5
53926	55041	7
53926	55347	6
53926	55577	5
53926	55630	1
53926	55906	9
53926	56177	1
53926	56705	2
53926	56783	9
53926	56817	3
53926	57029	2
53926	58230	2
53926	58270	2
53926	58286	2
53926	58308	3
53926	58321	4
53926	58352	4
53926	58397	6
53926	58461	6
53926	58495	4
53926	58523	4
53926	58554	12
53926	58590	12
53926	58667	1
53926	59180	8
53926	59545	2
53926	59546	13
53926	59876	3
53926	60118	14
53926	60299	1
53926	60359	3
53926	60673	2
53926	60694	1
53926	60714	7
53926	60921	2
53926	60998	3
53926	61043	2
53926	61085	1
53926	61109	4
53926	61120	3
53926	61194	12
53926	61501	5
53926	61727	1
53926	61755	2
53926	61914	5
53926	61953	10
53926	61985	2
53926	62508	1
53926	62577	2
53926	62594	1
53926	62612	9
53926	62636	4
53926	62662	6
53926	62695	10
53926	62705	5
53926	62713	3
53926	62722	3
53926	62730	9
53926	62752	10
53926	62779	9
53926	62813	7
53926	62863	2
53926	62878	1
53926	62911	1
53926	62919	3
53926	62930	9
53926	63080	10
53926	63158	1
53926	63189	2
53926	63388	7
53926	63497	1
54003	54416	34
54003	54487	4
54003	55041	2
54003	55347	13
54003	55577	9
54003	55630	1
54003	55906	48
54003	55970	5
54003	56177	31
54003	56705	2
54003	56783	2
54003	56817	1
54003	57029	3
54003	58230	1
54003	58270	3
54003	58352	2
54003	58495	1
54003	58523	5
54003	58590	5
54003	59180	2
54003	59546	5
54003	59876	2
54003	60118	13
54003	60281	1
54003	60359	1
54003	60998	1
54003	61085	6
54003	61109	7
54003	61194	3
54003	61244	1
54003	61501	3
54003	61727	9
54003	61755	8
54003	62270	1
54003	62577	2
54003	62612	2
54003	62636	1
54003	62662	1
54003	62713	8
54003	62730	1
54003	62752	4
54003	62779	2
54003	62813	1
54003	62911	25
54003	63189	4
54003	63390	1
54003	63497	3
54416	54487	13
54416	55041	4
54416	55347	17
54416	55577	9
54416	55906	46
54416	55970	1
54416	56177	92
54416	56783	32
54416	56817	10
54416	58230	64
54416	58270	3
54416	58308	16
54416	58321	2
54416	58397	8
54416	58461	3
54416	58495	3
54416	58523	2
54416	58554	7
54416	58590	17
54416	59545	1
54416	59546	29
54416	59876	19
54416	60099	2
54416	60118	159
54416	60133	1
54416	60299	1
54416	60359	3
54416	60673	1
54416	60694	1
54416	60714	9
54416	60722	6
54416	60921	3
54416	60998	3
54416	61024	3
54416	61085	45
54416	61109	112
54416	61194	31
54416	61244	2
54416	61501	6
54416	61755	81
54416	61914	2
54416	61953	6
54416	62270	6
54416	62585	2
54416	62594	1
54416	62612	3
54416	62636	1
54416	62656	5
54416	62695	5
54416	62713	1
54416	62730	1
54416	62752	2
54416	62779	5
54416	62813	4
54416	62863	1
54416	62911	5
54416	62930	2
54416	63080	6
54416	63158	3
54416	63189	10
54416	63497	3
54487	55041	45
54487	55347	15
54487	55577	36
54487	55630	11
54487	55906	14
54487	55970	47
54487	56177	26
54487	56705	92
54487	56783	21
54487	56817	4
54487	57029	27
54487	57350	11
54487	58230	18
54487	58270	8
54487	58286	7
54487	58300	11
54487	58308	3
54487	58321	2
54487	58352	3
54487	58397	20
54487	58461	9
54487	58495	9
54487	58523	6
54487	58554	14
54487	58590	23
54487	58667	9
54487	59180	15
54487	59545	11
54487	59546	53
54487	59819	64
54487	59876	9
54487	60099	2
54487	60118	45
54487	60133	2
54487	60172	6
54487	60237	8
54487	60281	19
54487	60299	37
54487	60359	7
54487	60673	2
54487	60684	2
54487	60714	12
54487	60921	12
54487	60998	24
54487	61024	2
54487	61085	20
54487	61109	51
54487	61120	3
54487	61194	24
54487	61244	2
54487	61269	7
54487	61501	113
54487	61538	45
54487	61727	3
54487	61755	20
54487	61836	1
54487	61914	2
54487	61953	10
54487	61985	1
54487	62270	25
54487	62508	7
54487	62577	1
54487	62585	3
54487	62594	2
54487	62612	11
54487	62636	2
54487	62656	3
54487	62662	1
54487	62695	8
54487	62713	1
54487	62722	3
54487	62730	12
54487	62752	6
54487	62779	9
54487	62813	4
54487	62863	4
54487	62911	6
54487	62919	1
54487	62930	3
54487	63080	15
54487	63096	2
54487	63158	9
54487	63189	16
54487	63390	17
55041	55347	15
55041	55577	59
55041	55630	30
55041	55906	4
55041	55970	6
55041	56177	62
55041	56705	56
55041	56783	44
55041	56817	3
55041	57029	36
55041	57350	2
55041	58230	18
55041	58270	9
55041	58286	51
55041	58300	12
55041	58308	5
55041	58321	14
55041	58352	97
55041	58397	38
55041	58461	18
55041	58495	23
55041	58523	42
55041	58554	73
55041	58590	35
55041	58667	1
55041	59180	21
55041	59545	20
55041	59546	23
55041	59819	10
55041	59876	5
55041	60099	5
55041	60118	45
55041	60133	9
55041	60172	28
55041	60237	13
55041	60281	2
55041	60299	11
55041	60359	7
55041	60673	6
55041	60684	1
55041	60694	25
55041	60714	6
55041	60722	11
55041	60921	3
55041	60998	59
55041	61024	19
55041	61043	19
55041	61085	22
55041	61109	29
55041	61120	7
55041	61194	20
55041	61244	5
55041	61269	97
55041	61501	94
55041	61538	10
55041	61727	4
55041	61755	40
55041	61836	37
55041	61914	18
55041	61953	4
55041	61985	19
55041	62270	7
55041	62577	6
55041	62585	1
55041	62594	9
55041	62612	42
55041	62636	16
55041	62656	4
55041	62662	8
55041	62695	4
55041	62705	8
55041	62713	4
55041	62722	4
55041	62730	16
55041	62752	27
55041	62779	66
55041	62813	19
55041	62863	13
55041	62878	10
55041	62911	3
55041	62919	5
55041	62930	3
55041	63080	14
55041	63096	3
55041	63158	3
55041	63189	6
55041	63388	2
55041	63390	6
55041	63497	3
55347	55577	18
55347	55630	1
55347	55906	30
55347	55970	13
55347	56177	35
55347	56705	14
55347	56783	18
55347	56817	3
55347	57029	39
55347	58230	1
55347	58270	11
55347	58286	3
55347	58352	1
55347	58397	4
55347	58461	2
55347	58495	2
55347	58523	6
55347	58554	8
55347	58590	14
55347	58667	2
55347	59180	7
55347	59545	2
55347	59546	9
55347	59876	2
55347	60118	7
55347	60133	1
55347	60237	2
55347	60281	4
55347	60299	3
55347	60673	1
55347	60694	1
55347	60722	4
55347	60921	5
55347	61024	11
55347	61043	1
55347	61085	1
55347	61109	4
55347	61120	1
55347	61194	8
55347	61269	1
55347	61501	19
55347	61727	1
55347	61755	12
55347	61836	4
55347	61914	9
55347	61985	1
55347	62270	2
55347	62577	1
55347	62612	2
55347	62636	2
55347	62713	4
55347	62722	2
55347	62730	2
55347	62752	4
55347	62779	5
55347	62813	10
55347	62911	3
55347	62919	2
55347	62930	2
55347	63080	34
55347	63189	3
55347	63390	3
55577	55630	3
55577	55906	12
55577	55970	34
55577	56177	23
55577	56705	29
55577	56783	11
55577	56817	1
55577	57029	5
55577	57350	4
55577	58270	3
55577	58286	1
55577	58300	4
55577	58321	6
55577	58352	1
55577	58397	3
55577	58461	2
55577	58495	8
55577	58523	7
55577	58554	4
55577	58590	3
55577	58667	2
55577	59180	6
55577	59545	3
55577	59546	11
55577	59819	13
55577	59876	1
55577	60118	25
55577	60172	5
55577	60237	1
55577	60281	8
55577	60299	7
55577	60359	4
55577	60684	1
55577	60694	3
55577	60714	4
55577	60921	18
55577	60998	6
55577	61024	6
55577	61085	8
55577	61109	18
55577	61120	1
55577	61194	9
55577	61244	2
55577	61269	3
55577	61501	27
55577	61538	20
55577	61755	8
55577	61914	5
55577	61953	1
55577	61985	2
55577	62270	32
55577	62508	1
55577	62577	3
55577	62594	1
55577	62636	5
55577	62695	1
55577	62713	6
55577	62722	1
55577	62730	4
55577	62752	3
55577	62779	26
55577	62813	3
55577	62863	4
55577	62930	3
55577	63080	8
55577	63189	5
55577	63390	2
55630	55970	3
55630	56177	3
55630	56705	23
55630	56783	2
55630	56817	1
55630	57029	1
55630	57350	17
55630	58286	8
55630	58300	1
55630	58321	1
55630	58352	6
55630	58397	4
55630	58461	1
55630	58495	3
55630	58523	6
55630	58554	4
55630	58590	5
55630	58667	1
55630	59180	4
55630	59545	3
55630	59546	4
55630	59819	2
55630	60118	4
55630	60133	2
55630	60172	5
55630	60237	1
55630	60281	2
55630	60299	3
55630	60694	4
55630	60714	1
55630	60722	1
55630	60998	3
55630	61043	1
55630	61109	1
55630	61194	1
55630	61269	1
55630	61501	3
55630	61538	2
55630	61755	8
55630	61836	2
55630	61985	3
55630	62270	1
55630	62612	5
55630	62636	2
55630	62662	1
55630	62695	1
55630	62705	1
55630	62713	1
55630	62752	1
55630	62779	6
55630	62813	1
55630	62863	1
55630	63096	2
55630	63390	5
55906	55970	7
55906	56177	27
55906	56705	8
55906	56783	5
55906	56817	2
55906	57029	6
55906	57350	1
55906	58230	2
55906	58270	2
55906	58286	2
55906	58300	1
55906	58397	2
55906	58461	3
55906	58495	1
55906	58523	4
55906	58554	3
55906	58590	6
55906	59180	2
55906	59546	6
55906	59819	3
55906	59876	3
55906	60118	12
55906	60281	3
55906	60299	1
55906	60694	2
55906	60714	1
55906	60921	6
55906	60998	1
55906	61024	3
55906	61085	7
55906	61109	9
55906	61120	2
55906	61194	6
55906	61501	12
55906	61538	3
55906	61727	4
55906	61755	8
55906	61914	3
55906	61953	2
55906	62270	10
55906	62508	1
55906	62612	2
55906	62636	1
55906	62695	3
55906	62713	1
55906	62722	3
55906	62730	6
55906	62752	5
55906	62779	6
55906	62813	3
55906	62863	2
55906	62930	3
55906	63080	9
55906	63189	4
55906	63390	1
55906	63497	1
55970	56177	3
55970	56705	25
55970	56783	7
55970	57029	1
55970	57350	4
55970	58230	1
55970	58286	2
55970	58300	2
55970	58308	1
55970	58321	1
55970	58352	2
55970	58397	8
55970	58495	1
55970	58523	5
55970	58554	5
55970	58590	3
55970	58667	3
55970	59180	2
55970	59545	1
55970	59546	6
55970	59819	14
55970	59876	2
55970	60099	1
55970	60118	11
55970	60172	1
55970	60237	1
55970	60281	5
55970	60299	3
55970	60694	1
55970	60714	3
55970	60921	4
55970	60998	1
55970	61024	3
55970	61085	2
55970	61109	4
55970	61194	3
55970	61501	17
55970	61538	7
55970	61727	2
55970	61755	4
55970	62270	5
55970	62508	1
55970	62695	1
55970	62713	3
55970	62730	2
55970	62779	4
55970	62863	1
55970	63080	3
55970	63096	1
55970	63189	1
55970	63390	2
56177	56705	79
56177	56783	580
56177	57029	71
56177	58230	1
56177	58270	139
56177	58286	7
56177	58300	10
56177	58308	9
56177	58321	2
56177	58352	17
56177	58397	29
56177	58461	17
56177	58495	10
56177	58523	10
56177	58554	96
56177	58590	18
56177	58667	2
56177	59180	11
56177	59545	6
56177	59546	9
56177	59819	4
56177	59876	6
56177	60099	2
56177	60118	46
56177	60133	14
56177	60172	2
56177	60237	81
56177	60281	19
56177	60299	6
56177	60673	5
56177	60684	26
56177	60714	4
56177	60722	20
56177	60921	6
56177	61024	146
56177	61043	15
56177	61085	14
56177	61109	18
56177	61120	18
56177	61194	61
56177	61244	55
56177	61501	68
56177	61538	4
56177	61727	7
56177	61755	86
56177	61914	13
56177	61953	7
56177	61985	12
56177	62270	11
56177	62577	2
56177	62594	2
56177	62612	16
56177	62636	45
56177	62656	2
56177	62662	20
56177	62695	14
56177	62705	1
56177	62713	3
56177	62722	8
56177	62730	5
56177	62752	65
56177	62779	44
56177	62813	5
56177	62863	9
56177	62878	11
56177	62919	6
56177	62930	3
56177	63080	14
56177	63096	7
56177	63158	12
56177	63189	5
56177	63390	3
56177	63497	37
56705	56783	90
56705	56817	2
56705	57029	16
56705	57350	49
56705	58230	2
56705	58270	6
56705	58286	6
56705	58300	6
56705	58321	6
56705	58352	12
56705	58397	17
56705	58461	10
56705	58495	8
56705	58523	19
56705	58554	21
56705	58590	10
56705	58667	4
56705	59180	24
56705	59545	12
56705	59546	20
56705	59819	18
56705	59876	5
56705	60099	1
56705	60118	22
56705	60133	8
56705	60172	10
56705	60237	14
56705	60281	15
56705	60299	21
56705	60359	1
56705	60673	1
56705	60684	1
56705	60714	9
56705	60722	1
56705	60921	12
56705	60998	10
56705	61024	17
56705	61043	1
56705	61085	6
56705	61109	18
56705	61120	3
56705	61194	5
56705	61244	1
56705	61269	10
56705	61501	116
56705	61538	17
56705	61727	10
56705	61755	19
56705	61836	9
56705	61914	1
56705	61953	2
56705	61985	5
56705	62270	22
56705	62508	6
56705	62585	1
56705	62594	1
56705	62612	5
56705	62636	7
56705	62656	1
56705	62662	5
56705	62695	1
56705	62705	4
56705	62722	5
56705	62730	6
56705	62752	8
56705	62779	18
56705	62813	5
56705	62878	3
56705	62911	12
56705	62919	6
56705	62930	1
56705	63080	7
56705	63096	2
56705	63189	8
56705	63388	1
56705	63390	17
56705	63497	5
56783	56817	2
56783	57029	42
56783	57350	1
56783	58230	3
56783	58270	80
56783	58286	3
56783	58300	2
56783	58308	9
56783	58321	2
56783	58352	10
56783	58397	16
56783	58461	13
56783	58495	7
56783	58523	10
56783	58554	58
56783	58590	8
56783	58667	2
56783	59180	10
56783	59545	12
56783	59546	14
56783	59819	3
56783	59876	4
56783	60118	28
56783	60133	2
56783	60172	2
56783	60237	47
56783	60281	8
56783	60299	6
56783	60359	4
56783	60673	5
56783	60684	5
56783	60694	1
56783	60714	3
56783	60722	2
56783	60921	12
56783	61024	101
56783	61043	4
56783	61085	6
56783	61109	13
56783	61120	14
56783	61194	36
56783	61244	11
56783	61269	2
56783	61501	33
56783	61538	2
56783	61727	2
56783	61755	46
56783	61836	1
56783	61914	9
56783	61953	6
56783	61985	7
56783	62270	44
56783	62508	3
56783	62577	6
56783	62612	8
56783	62636	20
56783	62656	1
56783	62662	18
56783	62695	16
56783	62705	3
56783	62713	3
56783	62722	4
56783	62730	7
56783	62752	18
56783	62779	30
56783	62813	8
56783	62863	3
56783	62878	1
56783	62911	2
56783	62919	1
56783	62930	7
56783	63080	6
56783	63158	3
56783	63189	7
56783	63388	1
56783	63390	2
56783	63497	17
56817	57350	1
56817	58230	23
56817	58270	3
56817	58286	1
56817	58300	1
56817	58308	1
56817	58321	4
56817	58352	6
56817	58397	5
56817	58461	3
56817	58495	8
56817	58523	5
56817	58554	2
56817	58590	8
56817	58667	3
56817	59180	1
56817	59546	14
56817	59876	6
56817	60099	4
56817	60118	58
56817	60133	1
56817	60237	1
56817	60299	1
56817	60359	4
56817	60673	3
56817	60694	1
56817	60714	18
56817	60722	2
56817	60921	4
56817	60998	8
56817	61024	1
56817	61043	2
56817	61085	25
56817	61109	44
56817	61120	2
56817	61194	36
56817	61244	2
56817	61269	1
56817	61501	5
56817	61755	1
56817	61914	1
56817	61953	2
56817	61985	1
56817	62270	7
56817	62585	7
56817	62594	4
56817	62612	3
56817	62636	5
56817	62656	1
56817	62662	1
56817	62695	4
56817	62705	3
56817	62722	2
56817	62730	4
56817	62752	9
56817	62779	8
56817	62813	7
56817	62878	1
56817	62911	32
56817	62919	2
56817	62930	9
56817	63080	5
56817	63158	7
56817	63189	15
56817	63497	2
57029	58270	14
57029	58321	1
57029	58352	2
57029	58397	1
57029	58461	2
57029	58523	2
57029	58554	6
57029	58590	11
57029	58667	1
57029	59180	8
57029	59545	3
57029	59546	8
57029	59876	1
57029	60118	2
57029	60133	3
57029	60281	2
57029	60299	5
57029	60673	2
57029	60684	1
57029	60722	11
57029	60921	4
57029	61024	11
57029	61109	2
57029	61120	4
57029	61194	5
57029	61244	3
57029	61501	28
57029	61727	1
57029	61755	10
57029	61836	1
57029	61914	6
57029	61953	1
57029	61985	1
57029	62270	2
57029	62508	1
57029	62577	3
57029	62612	19
57029	62636	5
57029	62656	3
57029	62662	2
57029	62713	5
57029	62722	1
57029	62730	1
57029	62752	3
57029	62779	3
57029	62813	7
57029	62878	1
57029	62911	1
57029	63080	18
57029	63189	1
57029	63497	1
57350	58286	1
57350	58300	1
57350	58321	3
57350	58352	3
57350	58397	3
57350	58495	3
57350	58523	1
57350	58554	4
57350	58590	1
57350	59180	4
57350	59545	3
57350	59546	6
57350	59819	2
57350	60118	2
57350	60281	3
57350	60299	4
57350	60673	1
57350	60714	17
57350	60921	1
57350	60998	3
57350	61085	1
57350	61109	3
57350	61501	10
57350	61538	5
57350	61985	2
57350	62270	16
57350	62508	1
57350	62656	1
57350	62662	1
57350	62705	2
57350	62730	2
57350	62779	5
57350	62813	1
57350	63096	2
57350	63390	1
58230	58270	9
58230	58300	10
58230	58308	15
58230	58321	40
58230	58352	21
58230	58397	7
58230	58461	7
58230	58495	19
58230	58523	11
58230	58554	9
58230	58590	33
58230	58667	10
58230	59180	1
58230	59545	1
58230	59546	62
58230	59876	30
58230	60099	3
58230	60118	253
58230	60133	8
58230	60281	1
58230	60299	4
58230	60359	41
58230	60673	8
58230	60694	1
58230	60714	91
58230	60722	4
58230	60921	2
58230	60998	39
58230	61024	1
58230	61043	1
58230	61085	52
58230	61109	171
58230	61194	136
58230	61244	3
58230	61501	7
58230	61727	1
58230	61755	5
58230	61953	37
58230	61985	1
58230	62270	1
58230	62577	10
58230	62585	25
58230	62594	16
58230	62612	22
58230	62636	30
58230	62656	9
58230	62662	2
58230	62695	10
58230	62713	1
58230	62722	12
58230	62730	2
58230	62752	29
58230	62779	15
58230	62813	13
58230	62863	5
58230	62911	2
58230	62919	9
58230	62930	2
58230	63096	18
58230	63158	57
58230	63189	23
58230	63497	4
58270	58286	10
58270	58300	6
58270	58308	11
58270	58321	11
58270	58352	32
58270	58397	10
58270	58461	16
58270	58495	15
58270	58523	15
58270	58554	47
58270	58590	24
58270	58667	1
58270	59180	1
58270	59545	2
58270	59546	7
58270	59876	1
58270	60099	1
58270	60118	23
58270	60133	6
58270	60237	12
58270	60299	2
58270	60359	5
58270	60673	8
58270	60684	1
58270	60694	4
58270	60714	6
58270	60722	7
58270	60998	7
58270	61024	30
58270	61043	7
58270	61085	12
58270	61109	16
58270	61120	3
58270	61194	18
58270	61244	16
58270	61269	3
58270	61501	14
58270	61755	18
58270	61914	8
58270	61953	5
58270	61985	1
58270	62270	1
58270	62508	4
58270	62577	4
58270	62585	2
58270	62594	5
58270	62612	23
58270	62636	27
58270	62656	8
58270	62662	16
58270	62695	16
58270	62705	5
58270	62713	7
58270	62722	6
58270	62730	33
58270	62752	26
58270	62779	16
58270	62813	9
58270	62863	3
58270	62878	1
58270	62911	1
58270	62919	7
58270	62930	1
58270	63080	7
58270	63096	1
58270	63158	8
58270	63189	8
58270	63388	3
58270	63390	1
58270	63497	9
58286	58300	3
58286	58308	5
58286	58321	10
58286	58352	53
58286	58397	25
58286	58461	9
58286	58495	21
58286	58523	12
58286	58554	18
58286	58590	21
58286	59180	10
58286	59545	1
58286	59546	5
58286	59819	3
58286	59876	1
58286	60099	2
58286	60118	9
58286	60133	3
58286	60172	11
58286	60237	11
58286	60281	2
58286	60299	1
58286	60673	4
58286	60684	1
58286	60694	7
58286	60714	1
58286	60722	6
58286	60921	1
58286	60998	8
58286	61024	2
58286	61043	14
58286	61085	9
58286	61109	4
58286	61120	4
58286	61194	6
58286	61244	1
58286	61269	6
58286	61501	11
58286	61538	2
58286	61755	5
58286	61836	1
58286	61914	2
58286	61953	2
58286	61985	3
58286	62508	1
58286	62577	4
58286	62585	2
58286	62594	2
58286	62612	24
58286	62636	9
58286	62656	10
58286	62662	3
58286	62695	12
58286	62705	2
58286	62713	5
58286	62722	6
58286	62730	45
58286	62752	29
58286	62779	35
58286	62813	5
58286	62863	4
58286	62878	3
58286	62911	3
58286	62919	5
58286	62930	4
58286	63080	6
58286	63158	5
58286	63189	8
58286	63388	2
58286	63390	3
58300	58308	4
58300	58321	7
58300	58352	19
58300	58397	21
58300	58461	9
58300	58495	14
58300	58523	17
58300	58554	15
58300	58590	14
58300	59180	1
58300	59545	1
58300	59546	7
58300	59819	1
58300	59876	2
58300	60099	1
58300	60118	15
58300	60133	2
58300	60172	10
58300	60237	3
58300	60299	5
58300	60359	4
58300	60673	3
58300	60694	11
58300	60714	5
58300	60722	4
58300	60998	25
58300	61024	3
58300	61043	2
58300	61085	5
58300	61109	4
58300	61120	3
58300	61194	11
58300	61501	13
58300	61538	2
58300	61914	1
58300	61953	9
58300	61985	7
58300	62270	3
58300	62508	23
58300	62577	6
58300	62585	1
58300	62594	11
58300	62612	16
58300	62636	5
58300	62656	2
58300	62662	2
58300	62713	3
58300	62722	3
58300	62730	6
58300	62752	13
58300	62779	15
58300	62813	11
58300	62863	4
58300	62878	4
58300	62930	1
58300	63080	2
58300	63096	1
58300	63158	3
58300	63189	7
58300	63388	8
58300	63390	2
58300	63497	1
58308	58321	12
58308	58352	19
58308	58397	8
58308	58461	20
58308	58495	8
58308	58523	10
58308	58554	12
58308	58590	16
58308	58667	1
58308	59546	18
58308	59876	9
58308	60099	5
58308	60118	93
58308	60133	1
58308	60359	14
58308	60673	2
58308	60684	7
58308	60694	3
58308	60714	15
58308	60722	7
58308	60998	17
58308	61024	1
58308	61043	2
58308	61085	15
58308	61109	54
58308	61120	4
58308	61194	25
58308	61244	23
58308	61269	4
58308	61501	7
58308	61755	1
58308	61914	3
58308	61953	2
58308	61985	2
58308	62270	1
58308	62577	3
58308	62585	6
58308	62594	6
58308	62612	11
58308	62636	7
58308	62656	2
58308	62662	2
58308	62695	8
58308	62705	1
58308	62713	6
58308	62722	5
58308	62730	9
58308	62752	35
58308	62779	15
58308	62813	5
58308	62863	5
58308	62878	4
58308	62911	3
58308	62919	5
58308	62930	4
58308	63080	11
58308	63158	12
58308	63189	4
58308	63388	2
58308	63497	3
58321	58352	49
58321	58397	32
58321	58461	24
58321	58495	20
58321	58523	24
58321	58554	24
58321	58590	23
58321	58667	2
58321	59180	9
58321	59545	3
58321	59546	17
58321	59876	18
58321	60099	6
58321	60118	64
58321	60133	9
58321	60172	5
58321	60237	7
58321	60299	2
58321	60359	11
58321	60673	6
58321	60684	1
58321	60694	6
58321	60714	22
58321	60722	8
58321	60921	1
58321	60998	31
58321	61024	1
58321	61043	9
58321	61085	41
58321	61109	70
58321	61120	5
58321	61194	45
58321	61244	6
58321	61269	6
58321	61501	7
58321	61727	1
58321	61755	1
58321	61836	3
58321	61914	8
58321	61953	15
58321	61985	5
58321	62270	16
58321	62508	2
58321	62577	2
58321	62585	9
58321	62594	6
58321	62612	24
58321	62636	21
58321	62656	14
58321	62662	11
58321	62695	8
58321	62705	5
58321	62713	6
58321	62722	6
58321	62730	11
58321	62752	26
58321	62779	32
58321	62813	23
58321	62863	5
58321	62878	3
58321	62911	5
58321	62919	4
58321	62930	3
58321	63080	1
58321	63096	3
58321	63158	34
58321	63189	13
58321	63388	2
58321	63390	4
58321	63497	1
58352	58397	72
58352	58461	86
58352	58495	74
58352	58523	66
58352	58554	132
58352	58590	50
58352	58667	3
58352	59180	16
58352	59545	10
58352	59546	7
58352	59876	7
58352	60099	47
58352	60118	59
58352	60133	15
58352	60172	21
58352	60237	13
58352	60281	2
58352	60299	4
58352	60359	4
58352	60673	20
58352	60684	13
58352	60694	44
58352	60714	17
58352	60722	27
58352	60921	2
58352	60998	56
58352	61043	36
58352	61085	45
58352	61109	32
58352	61120	26
58352	61194	41
58352	61244	25
58352	61269	36
58352	61501	11
58352	61727	2
58352	61755	10
58352	61836	9
58352	61914	25
58352	61953	12
58352	61985	60
58352	62508	16
58352	62577	23
58352	62585	10
58352	62594	18
58352	62612	114
58352	62636	60
58352	62656	28
58352	62662	32
58352	62695	13
58352	62705	11
58352	62713	23
58352	62722	21
58352	62730	71
58352	62752	74
58352	62779	95
58352	62813	23
58352	62863	29
58352	62878	7
58352	62911	3
58352	62919	13
58352	62930	35
58352	63080	7
58352	63096	6
58352	63158	29
58352	63189	23
58352	63388	33
58352	63390	5
58352	63497	5
58397	58461	28
58397	58495	26
58397	58523	37
58397	58554	54
58397	58590	46
58397	58667	7
58397	59180	7
58397	59545	5
58397	59546	21
58397	59819	1
58397	59876	9
58397	60099	8
58397	60118	27
58397	60133	5
58397	60172	15
58397	60237	12
58397	60281	2
58397	60299	5
58397	60359	4
58397	60673	6
58397	60684	2
58397	60694	32
58397	60714	7
58397	60722	13
58397	60921	1
58397	60998	53
58397	61024	2
58397	61043	27
58397	61085	16
58397	61109	22
58397	61120	9
58397	61194	25
58397	61244	7
58397	61269	18
58397	61501	22
58397	61538	3
58397	61727	2
58397	61755	8
58397	61836	3
58397	61914	12
58397	61953	3
58397	61985	18
58397	62270	5
58397	62508	3
58397	62577	7
58397	62585	5
58397	62594	18
58397	62612	64
58397	62636	31
58397	62656	14
58397	62662	16
58397	62695	19
58397	62705	9
58397	62713	11
58397	62722	13
58397	62730	30
58397	62752	41
58397	62779	40
58397	62813	14
58397	62863	9
58397	62878	3
58397	62911	4
58397	62919	8
58397	62930	13
58397	63080	4
58397	63096	2
58397	63158	10
58397	63189	19
58397	63388	18
58397	63390	6
58397	63497	3
58461	58495	19
58461	58523	20
58461	58554	32
58461	58590	25
58461	59180	1
58461	59545	1
58461	59546	6
58461	59876	12
58461	60099	5
58461	60118	32
58461	60133	7
58461	60172	4
58461	60237	2
58461	60299	3
58461	60359	5
58461	60673	3
58461	60684	8
58461	60694	8
58461	60714	8
58461	60722	9
58461	60921	4
58461	60998	12
58461	61024	12
58461	61043	3
58461	61085	21
58461	61109	20
58461	61120	10
58461	61194	21
58461	61244	23
58461	61269	3
58461	61501	16
58461	61755	4
58461	61836	1
58461	61914	9
58461	61953	6
58461	61985	6
58461	62270	9
58461	62508	4
58461	62577	8
58461	62585	5
58461	62594	22
58461	62612	25
58461	62636	15
58461	62656	3
58461	62662	20
58461	62695	12
58461	62705	1
58461	62713	7
58461	62722	9
58461	62730	18
58461	62752	47
58461	62779	32
58461	62813	37
58461	62863	11
58461	62878	6
58461	62911	1
58461	62919	7
58461	62930	6
58461	63080	18
58461	63096	3
58461	63158	4
58461	63189	6
58461	63388	7
58461	63497	2
58495	58523	25
58495	58554	33
58495	58590	43
58495	58667	4
58495	59180	6
58495	59545	7
58495	59546	14
58495	59876	6
58495	60099	6
58495	60118	42
58495	60133	5
58495	60172	2
58495	60237	5
58495	60281	1
58495	60299	2
58495	60359	1
58495	60673	6
58495	60684	4
58495	60694	7
58495	60714	6
58495	60722	23
58495	60921	4
58495	60998	32
58495	61024	9
58495	61043	17
58495	61085	20
58495	61109	26
58495	61120	5
58495	61194	20
58495	61244	1
58495	61269	7
58495	61501	22
58495	61727	3
58495	61755	3
58495	61836	2
58495	61914	5
58495	61953	5
58495	61985	10
58495	62270	6
58495	62508	10
58495	62577	9
58495	62585	7
58495	62594	8
58495	62612	24
58495	62636	19
58495	62656	5
58495	62662	5
58495	62695	11
58495	62705	5
58495	62713	9
58495	62722	6
58495	62730	12
58495	62752	31
58495	62779	48
58495	62813	13
58495	62863	10
58495	62878	6
58495	62911	1
58495	62919	6
58495	62930	6
58495	63080	10
58495	63096	1
58495	63158	8
58495	63189	17
58495	63388	4
58495	63390	4
58495	63497	7
58523	58554	35
58523	58590	29
58523	58667	9
58523	59180	8
58523	59545	4
58523	59546	29
58523	59876	8
58523	60099	6
58523	60118	43
58523	60133	3
58523	60172	11
58523	60237	8
58523	60281	2
58523	60299	3
58523	60359	4
58523	60673	10
58523	60684	5
58523	60694	16
58523	60714	16
58523	60722	16
58523	60921	3
58523	60998	23
58523	61024	6
58523	61043	10
58523	61085	33
58523	61109	22
58523	61120	9
58523	61194	29
58523	61244	1
58523	61269	7
58523	61501	20
58523	61538	1
58523	61727	15
58523	61755	13
58523	61836	6
58523	61914	4
58523	61953	8
58523	61985	4
58523	62270	9
58523	62508	7
58523	62577	12
58523	62585	6
58523	62594	8
58523	62612	26
58523	62636	18
58523	62656	11
58523	62662	4
58523	62695	14
58523	62705	3
58523	62713	10
58523	62722	7
58523	62730	27
58523	62752	36
58523	62779	54
58523	62813	16
58523	62863	12
58523	62878	5
58523	62911	1
58523	62919	2
58523	62930	16
58523	63080	6
58523	63096	14
58523	63158	9
58523	63189	18
58523	63388	4
58523	63390	2
58523	63497	6
58554	58590	37
58554	58667	1
58554	59180	6
58554	59545	3
58554	59546	11
58554	59876	6
58554	60099	9
58554	60118	37
58554	60133	10
58554	60172	8
58554	60237	17
58554	60299	4
58554	60359	10
58554	60673	10
58554	60684	8
58554	60694	19
58554	60714	7
58554	60722	11
58554	60921	3
58554	60998	31
58554	61024	17
58554	61043	23
58554	61085	18
58554	61109	15
58554	61120	13
58554	61194	42
58554	61244	5
58554	61269	10
58554	61501	22
58554	61727	8
58554	61755	6
58554	61836	12
58554	61914	22
58554	61953	9
58554	61985	11
58554	62270	3
58554	62508	8
58554	62577	22
58554	62585	1
58554	62594	10
58554	62612	57
58554	62636	57
58554	62656	6
58554	62662	25
58554	62695	12
58554	62705	10
58554	62713	22
58554	62722	15
58554	62730	32
58554	62752	39
58554	62779	72
58554	62813	39
58554	62863	14
58554	62878	3
58554	62911	2
58554	62919	4
58554	62930	15
58554	63080	13
58554	63096	4
58554	63158	4
58554	63189	14
58554	63388	14
58554	63390	5
58554	63497	15
58590	58667	3
58590	59180	6
58590	59545	8
58590	59546	37
58590	59819	1
58590	59876	9
58590	60099	6
58590	60118	75
58590	60133	3
58590	60172	11
58590	60237	11
58590	60281	1
58590	60299	8
58590	60359	13
58590	60673	8
58590	60684	7
58590	60694	29
58590	60714	12
58590	60722	19
58590	60921	4
58590	60998	25
58590	61024	10
58590	61043	14
58590	61085	21
58590	61109	72
58590	61120	6
58590	61194	51
58590	61244	27
58590	61269	21
58590	61501	42
58590	61538	2
58590	61755	7
58590	61836	3
58590	61914	16
58590	61953	11
58590	61985	11
58590	62270	9
58590	62508	1
58590	62577	15
58590	62585	7
58590	62594	8
58590	62612	63
58590	62636	31
58590	62656	12
58590	62662	8
58590	62695	13
58590	62705	4
58590	62713	6
58590	62722	11
58590	62730	24
58590	62752	67
58590	62779	32
58590	62813	20
58590	62863	15
58590	62878	9
58590	62911	6
58590	62919	5
58590	62930	12
58590	63080	35
58590	63096	3
58590	63158	13
58590	63189	21
58590	63388	9
58590	63390	2
58590	63497	5
58667	59180	5
58667	59546	49
58667	59819	4
58667	59876	8
58667	60099	1
58667	60118	28
58667	60133	1
58667	60299	2
58667	60359	10
58667	60673	2
58667	60714	2
58667	60722	1
58667	60921	1
58667	60998	8
58667	61085	2
58667	61109	47
58667	61120	2
58667	61194	7
58667	61244	3
58667	61501	5
58667	61538	2
58667	61836	1
58667	61953	8
58667	62577	1
58667	62585	1
58667	62594	2
58667	62612	5
58667	62636	4
58667	62656	1
58667	62662	1
58667	62713	2
58667	62722	2
58667	62752	3
58667	62779	15
58667	62813	3
58667	62863	1
58667	62911	2
58667	62919	1
58667	62930	8
58667	63080	1
58667	63096	1
58667	63158	9
58667	63189	2
59180	59545	29
59180	59546	14
59180	59819	5
59180	59876	1
59180	60099	1
59180	60118	12
59180	60133	4
59180	60172	5
59180	60237	2
59180	60281	4
59180	60299	3
59180	60359	1
59180	60714	2
59180	60722	3
59180	60921	2
59180	60998	11
59180	61024	9
59180	61043	5
59180	61085	5
59180	61109	6
59180	61120	3
59180	61194	3
59180	61244	1
59180	61269	1
59180	61501	23
59180	61538	5
59180	61727	7
59180	61755	10
59180	61836	2
59180	61953	2
59180	61985	3
59180	62270	4
59180	62508	4
59180	62577	3
59180	62594	1
59180	62612	6
59180	62636	4
59180	62656	3
59180	62662	2
59180	62695	1
59180	62705	3
59180	62722	2
59180	62730	3
59180	62752	2
59180	62779	10
59180	62813	2
59180	62863	1
59180	62911	3
59180	62919	2
59180	62930	3
59180	63080	1
59180	63096	3
59180	63158	2
59180	63189	2
59180	63388	1
59180	63390	32
59180	63497	1
59545	59546	2
59545	59819	7
59545	60099	1
59545	60118	5
59545	60133	2
59545	60172	3
59545	60237	2
59545	60281	2
59545	60299	2
59545	60694	4
59545	60714	1
59545	60722	2
59545	60921	1
59545	60998	3
59545	61085	4
59545	61109	1
59545	61120	1
59545	61194	4
59545	61269	11
59545	61501	11
59545	61538	3
59545	61727	4
59545	61755	1
59545	61836	3
59545	61914	1
59545	61953	2
59545	61985	2
59545	62508	3
59545	62594	1
59545	62612	1
59545	62636	2
59545	62662	1
59545	62705	3
59545	62722	1
59545	62730	3
59545	62752	3
59545	62779	5
59545	62863	3
59545	62911	1
59545	62930	3
59545	63189	4
59545	63388	1
59545	63390	16
59546	59819	10
59546	59876	36
59546	60099	4
59546	60118	180
59546	60133	2
59546	60172	2
59546	60237	2
59546	60281	4
59546	60299	14
59546	60359	44
59546	60673	17
59546	60684	1
59546	60714	19
59546	60722	4
59546	60921	1
59546	60998	38
59546	61024	6
59546	61085	29
59546	61109	220
59546	61120	9
59546	61194	62
59546	61244	5
59546	61269	7
59546	61501	25
59546	61538	6
59546	61727	2
59546	61755	9
59546	61914	4
59546	61953	29
59546	61985	3
59546	62270	1
59546	62585	12
59546	62594	6
59546	62612	17
59546	62636	3
59546	62656	4
59546	62695	19
59546	62713	1
59546	62722	2
59546	62730	11
59546	62752	18
59546	62779	33
59546	62813	5
59546	62863	3
59546	62911	32
59546	62919	3
59546	62930	25
59546	63080	13
59546	63096	1
59546	63158	21
59546	63189	30
59546	63390	5
59546	63497	1
59819	59876	6
59819	60118	4
59819	60133	1
59819	60172	3
59819	60237	2
59819	60281	4
59819	60299	3
59819	60714	1
59819	60998	1
59819	61085	1
59819	61109	7
59819	61269	5
59819	61501	16
59819	61538	80
59819	61727	1
59819	61755	2
59819	61953	9
59819	62270	2
59819	62508	1
59819	63080	2
59819	63390	3
59876	60099	2
59876	60118	89
59876	60299	5
59876	60359	9
59876	60673	3
59876	60694	2
59876	60714	10
59876	60722	1
59876	60921	3
59876	60998	14
59876	61024	3
59876	61043	2
59876	61085	9
59876	61109	59
59876	61120	2
59876	61194	23
59876	61244	3
59876	61269	1
59876	61501	22
59876	61538	2
59876	61755	4
59876	61914	4
59876	61953	12
59876	61985	1
59876	62270	2
59876	62577	1
59876	62585	11
59876	62594	3
59876	62612	6
59876	62636	6
59876	62656	3
59876	62662	1
59876	62695	6
59876	62705	1
59876	62713	2
59876	62722	1
59876	62730	8
59876	62752	8
59876	62779	6
59876	62813	7
59876	62863	2
59876	62878	1
59876	62919	2
59876	62930	5
59876	63080	8
59876	63096	2
59876	63158	18
59876	63189	20
59876	63497	1
60099	60118	11
60099	60172	1
60099	60237	2
60099	60299	1
60099	60359	4
60099	60673	2
60099	60684	8
60099	60694	4
60099	60714	1
60099	60998	9
60099	61043	1
60099	61085	4
60099	61109	9
60099	61120	2
60099	61194	11
60099	61244	24
60099	61269	3
60099	61501	5
60099	61755	1
60099	61914	1
60099	61953	3
60099	61985	8
60099	62577	3
60099	62585	7
60099	62612	15
60099	62636	4
60099	62656	3
60099	62662	3
60099	62695	4
60099	62705	1
60099	62713	8
60099	62722	2
60099	62730	5
60099	62752	11
60099	62779	7
60099	62813	2
60099	62863	4
60099	62878	4
60099	62919	5
60099	62930	2
60099	63080	1
60099	63158	2
60099	63189	10
60099	63390	1
60099	63497	1
60118	60133	14
60118	60172	1
60118	60237	7
60118	60281	5
60118	60299	18
60118	60359	90
60118	60673	10
60118	60684	1
60118	60694	9
60118	60714	80
60118	60722	33
60118	60921	14
60118	60998	84
60118	61024	13
60118	61043	5
60118	61085	147
60118	61109	461
60118	61120	9
60118	61194	312
60118	61244	22
60118	61269	8
60118	61501	56
60118	61538	6
60118	61727	3
60118	61755	17
60118	61836	1
60118	61914	13
60118	61953	47
60118	61985	8
60118	62270	32
60118	62508	2
60118	62577	5
60118	62585	52
60118	62594	26
60118	62612	38
60118	62636	34
60118	62656	24
60118	62662	14
60118	62695	33
60118	62705	4
60118	62713	4
60118	62722	23
60118	62730	34
60118	62752	58
60118	62779	52
60118	62813	15
60118	62863	15
60118	62878	1
60118	62911	26
60118	62919	10
60118	62930	27
60118	63080	11
60118	63096	7
60118	63158	97
60118	63189	90
60118	63388	1
60118	63390	1
60118	63497	23
60133	60172	4
60133	60237	6
60133	60673	1
60133	60694	1
60133	60714	1
60133	60722	6
60133	60998	2
60133	61024	6
60133	61043	1
60133	61085	4
60133	61109	3
60133	61120	1
60133	61194	18
60133	61244	1
60133	61501	11
60133	61755	2
60133	61953	7
60133	61985	5
60133	62508	5
60133	62577	6
60133	62585	1
60133	62594	2
60133	62612	11
60133	62636	7
60133	62656	2
60133	62662	5
60133	62695	1
60133	62705	2
60133	62713	5
60133	62722	2
60133	62730	3
60133	62752	4
60133	62779	9
60133	62813	5
60133	62863	4
60133	62878	1
60133	62911	1
60133	62919	2
60133	62930	3
60133	63080	1
60133	63096	1
60133	63158	7
60133	63189	5
60133	63390	1
60133	63497	1
60172	60237	3
60172	60281	2
60172	60299	3
60172	60694	16
60172	60714	1
60172	60722	5
60172	60998	16
60172	61024	1
60172	61043	10
60172	61085	1
60172	61120	1
60172	61194	2
60172	61269	4
60172	61501	10
60172	61538	2
60172	61755	6
60172	61836	2
60172	61985	10
60172	62577	1
60172	62612	12
60172	62636	2
60172	62656	3
60172	62662	2
60172	62695	1
60172	62705	2
60172	62713	2
60172	62730	3
60172	62752	11
60172	62779	11
60172	62813	1
60172	62863	4
60172	62878	2
60172	62930	1
60172	63388	2
60172	63390	2
60237	60281	6
60237	60299	3
60237	60684	1
60237	60694	3
60237	60714	2
60237	60722	4
60237	60998	2
60237	61024	6
60237	61043	4
60237	61109	2
60237	61120	2
60237	61194	7
60237	61244	1
60237	61269	1
60237	61501	12
60237	61538	2
60237	61755	7
60237	61914	1
60237	61953	1
60237	62508	3
60237	62577	3
60237	62594	1
60237	62612	8
60237	62636	11
60237	62656	1
60237	62662	6
60237	62695	9
60237	62730	8
60237	62752	9
60237	62779	10
60237	62813	2
60237	62863	4
60237	62878	3
60237	62919	11
60237	62930	1
60237	63080	1
60237	63096	4
60237	63158	1
60237	63189	4
60237	63390	1
60237	63497	8
60281	60299	3
60281	60673	1
60281	60714	3
60281	60921	6
60281	61085	1
60281	61109	3
60281	61194	6
60281	61501	9
60281	61538	5
60281	61727	1
60281	61755	11
60281	62270	1
60281	62508	1
60281	62730	2
60281	62779	1
60281	62863	1
60281	62878	1
60281	62919	1
60281	62930	1
60281	63189	2
60281	63390	2
60281	63497	3
60299	60359	2
60299	60673	3
60299	60694	3
60299	60714	2
60299	60722	2
60299	60921	2
60299	60998	6
60299	61085	9
60299	61109	19
60299	61194	18
60299	61244	1
60299	61269	9
60299	61501	46
60299	61538	5
60299	61727	1
60299	61755	3
60299	61836	1
60299	61914	2
60299	61953	2
60299	61985	5
60299	62270	4
60299	62508	1
60299	62585	1
60299	62594	2
60299	62612	7
60299	62636	2
60299	62656	3
60299	62662	3
60299	62695	4
60299	62705	2
60299	62713	1
60299	62722	2
60299	62730	4
60299	62752	1
60299	62779	3
60299	62813	3
60299	62863	1
60299	62878	7
60299	62911	1
60299	62930	1
60299	63096	1
60299	63158	4
60299	63189	11
60299	63390	2
60359	60673	7
60359	60694	1
60359	60714	10
60359	60722	1
60359	60998	28
60359	61085	19
60359	61109	121
60359	61120	1
60359	61194	36
60359	61244	11
60359	61269	1
60359	61501	10
60359	61755	1
60359	61914	1
60359	61953	17
60359	61985	1
60359	62577	5
60359	62585	10
60359	62594	1
60359	62612	11
60359	62636	1
60359	62656	4
60359	62662	1
60359	62695	6
60359	62705	1
60359	62713	1
60359	62722	6
60359	62730	10
60359	62752	14
60359	62779	15
60359	62813	6
60359	62863	1
60359	62911	4
60359	62919	1
60359	62930	4
60359	63080	1
60359	63096	5
60359	63158	21
60359	63189	13
60359	63497	1
60673	60694	2
60673	60714	6
60673	60998	7
60673	61024	2
60673	61085	7
60673	61109	25
60673	61120	2
60673	61194	20
60673	61244	2
60673	61269	1
60673	61501	16
60673	61755	1
60673	61836	3
60673	61953	3
60673	61985	2
60673	62270	1
60673	62508	3
60673	62577	3
60673	62585	1
60673	62594	4
60673	62612	5
60673	62636	4
60673	62656	2
60673	62662	2
60673	62695	6
60673	62705	7
60673	62713	1
60673	62722	1
60673	62730	2
60673	62752	12
60673	62779	8
60673	62813	3
60673	62863	3
60673	62878	1
60673	62911	2
60673	62919	1
60673	62930	5
60673	63080	2
60673	63158	6
60673	63189	7
60673	63388	2
60673	63497	2
60684	60722	6
60684	60921	2
60684	61043	5
60684	61085	1
60684	61120	11
60684	61194	8
60684	61244	126
60684	61501	19
60684	61914	1
60684	61953	4
60684	61985	9
60684	62270	2
60684	62594	3
60684	62612	10
60684	62636	9
60684	62656	1
60684	62695	1
60684	62722	10
60684	62730	10
60684	62752	80
60684	62779	6
60684	62813	3
60684	62863	16
60684	62878	28
60684	62911	1
60684	62919	7
60684	63080	1
60684	63158	3
60684	63497	7
60694	60714	3
60694	60722	11
60694	60921	3
60694	60998	22
60694	61043	16
60694	61085	6
60694	61109	2
60694	61120	1
60694	61194	12
60694	61269	4
60694	61501	5
60694	61538	2
60694	61755	4
60694	61836	3
60694	61914	4
60694	61985	13
60694	62270	5
60694	62577	1
60694	62585	1
60694	62594	5
60694	62612	25
60694	62636	9
60694	62656	6
60694	62662	7
60694	62695	2
60694	62705	2
60694	62713	1
60694	62722	1
60694	62730	11
60694	62752	15
60694	62779	10
60694	62813	3
60694	62863	4
60694	62911	2
60694	62919	1
60694	62930	4
60694	63080	5
60694	63158	3
60694	63189	2
60714	60722	5
60714	60921	2
60714	60998	23
60714	61043	1
60714	61085	23
60714	61109	47
60714	61194	70
60714	61244	1
60714	61269	2
60714	61501	16
60714	61538	3
60714	61755	1
60714	61914	2
60714	61953	10
60714	61985	1
60714	62270	2
60714	62508	2
60714	62577	6
60714	62585	14
60714	62594	16
60714	62612	15
60714	62636	11
60714	62656	8
60714	62662	6
60714	62695	6
60714	62705	4
60714	62713	1
60714	62722	9
60714	62730	4
60714	62752	30
60714	62779	24
60714	62813	16
60714	62863	7
60714	62911	3
60714	62919	5
60714	62930	4
60714	63080	2
60714	63096	3
60714	63158	29
60714	63189	25
60714	63388	7
60714	63390	3
60714	63497	3
60722	60921	1
60722	60998	6
60722	61024	3
60722	61043	31
60722	61085	6
60722	61109	10
60722	61120	4
60722	61194	14
60722	61244	2
60722	61269	5
60722	61501	6
60722	61755	4
60722	61836	2
60722	61914	1
60722	61953	5
60722	61985	11
60722	62270	3
60722	62508	2
60722	62577	8
60722	62585	8
60722	62594	5
60722	62612	12
60722	62636	5
60722	62656	7
60722	62662	9
60722	62695	4
60722	62705	3
60722	62713	1
60722	62722	1
60722	62730	11
60722	62752	10
60722	62779	23
60722	62813	7
60722	62863	5
60722	62878	2
60722	62911	1
60722	62919	1
60722	62930	1
60722	63080	1
60722	63158	21
60722	63189	3
60921	60998	3
60921	61024	5
60921	61085	7
60921	61109	5
60921	61120	2
60921	61194	15
60921	61501	3
60921	61727	4
60921	61755	16
60921	61836	4
60921	61914	4
60921	62270	312
60921	62508	1
60921	62577	3
60921	62612	3
60921	62636	5
60921	62695	1
60921	62705	3
60921	62713	2
60921	62722	4
60921	62730	4
60921	62752	7
60921	62779	2
60921	62813	2
60921	62863	1
60921	62878	1
60921	62911	1
60921	62930	2
60921	63080	3
60921	63189	1
60921	63390	2
60921	63497	1
60998	61043	21
60998	61085	27
60998	61109	90
60998	61120	4
60998	61194	42
60998	61244	5
60998	61269	7
60998	61501	18
60998	61538	2
60998	61755	3
60998	61914	12
60998	61953	17
60998	61985	19
60998	62270	9
60998	62508	5
60998	62577	17
60998	62585	20
60998	62594	6
60998	62612	39
60998	62636	14
60998	62656	15
60998	62662	3
60998	62695	18
60998	62705	1
60998	62713	1
60998	62722	11
60998	62730	16
60998	62752	33
60998	62779	37
60998	62813	12
60998	62863	14
60998	62878	1
60998	62911	2
60998	62919	1
60998	62930	12
60998	63080	6
60998	63096	4
60998	63158	31
60998	63189	31
60998	63388	3
60998	63390	2
61024	61043	4
61024	61085	2
61024	61109	3
61024	61194	13
61024	61244	2
61024	61269	3
61024	61501	14
61024	61727	1
61024	61755	20
61024	61914	4
61024	61953	2
61024	61985	3
61024	62270	12
61024	62577	1
61024	62636	8
61024	62656	1
61024	62662	2
61024	62695	4
61024	62705	2
61024	62722	2
61024	62752	7
61024	62779	4
61024	62813	5
61024	62878	1
61024	63080	7
61024	63390	2
61024	63497	4
61043	61085	6
61043	61109	2
61043	61194	8
61043	61244	4
61043	61501	5
61043	61755	1
61043	61836	3
61043	61914	8
61043	61953	3
61043	61985	10
61043	62270	1
61043	62577	2
61043	62585	1
61043	62594	2
61043	62612	24
61043	62636	3
61043	62656	2
61043	62662	2
61043	62695	3
61043	62713	2
61043	62722	7
61043	62730	33
61043	62752	20
61043	62779	16
61043	62813	9
61043	62863	7
61043	62878	1
61043	62911	3
61043	62919	3
61043	63080	2
61043	63096	4
61043	63158	11
61043	63189	1
61043	63388	1
61043	63390	2
61043	63497	1
61085	61109	111
61085	61120	3
61085	61194	97
61085	61244	6
61085	61269	3
61085	61501	21
61085	61538	3
61085	61727	4
61085	61755	8
61085	61836	1
61085	61914	8
61085	61953	8
61085	61985	7
61085	62270	17
61085	62508	1
61085	62577	5
61085	62585	11
61085	62594	11
61085	62612	24
61085	62636	18
61085	62656	7
61085	62662	13
61085	62695	14
61085	62705	5
61085	62713	2
61085	62722	8
61085	62730	20
61085	62752	33
61085	62779	31
61085	62813	12
61085	62863	4
61085	62878	3
61085	62911	16
61085	62919	5
61085	62930	10
61085	63080	1
61085	63096	11
61085	63158	50
61085	63189	33
61085	63390	3
61085	63497	7
61109	61120	4
61109	61194	185
61109	61244	28
61109	61269	5
61109	61501	36
61109	61538	7
61109	61755	18
61109	61914	6
61109	61953	44
61109	61985	1
61109	62270	7
61109	62577	5
61109	62585	39
61109	62594	11
61109	62612	41
61109	62636	15
61109	62656	13
61109	62662	6
61109	62695	30
61109	62705	1
61109	62713	4
61109	62722	12
61109	62730	14
61109	62752	62
61109	62779	58
61109	62813	12
61109	62863	10
61109	62911	43
61109	62919	7
61109	62930	19
61109	63080	9
61109	63096	6
61109	63158	96
61109	63189	71
61109	63497	2
61120	61194	11
61120	61244	18
61120	61501	10
61120	61538	1
61120	61727	1
61120	61755	2
61120	61914	3
61120	61953	2
61120	61985	2
61120	62270	2
61120	62508	2
61120	62577	4
61120	62594	3
61120	62612	9
61120	62636	4
61120	62656	1
61120	62662	4
61120	62695	4
61120	62713	2
61120	62722	2
61120	62730	7
61120	62752	31
61120	62779	10
61120	62813	5
61120	62863	7
61120	62878	4
61120	62911	1
61120	62919	3
61120	62930	1
61120	63080	4
61120	63096	2
61120	63158	1
61120	63388	2
61120	63497	1
61194	61244	26
61194	61269	5
61194	61501	25
61194	61538	2
61194	61755	7
61194	61836	1
61194	61914	14
61194	61953	20
61194	61985	13
61194	62270	30
61194	62508	3
61194	62577	7
61194	62585	24
61194	62594	15
61194	62612	45
61194	62636	27
61194	62656	14
61194	62662	12
61194	62695	20
61194	62705	11
61194	62713	11
61194	62722	19
61194	62730	34
61194	62752	58
61194	62779	58
61194	62813	40
61194	62863	13
61194	62878	5
61194	62911	7
61194	62919	9
61194	62930	13
61194	63080	12
61194	63096	6
61194	63158	86
61194	63189	57
61194	63390	1
61194	63497	14
61244	61501	1
61244	61755	6
61244	61914	4
61244	61953	1
61244	61985	18
61244	62577	1
61244	62585	1
61244	62612	29
61244	62636	4
61244	62656	2
61244	62662	4
61244	62695	4
61244	62705	1
61244	62713	1
61244	62722	18
61244	62730	21
61244	62752	184
61244	62779	2
61244	62863	37
61244	62878	72
61244	62911	1
61244	62919	18
61244	62930	1
61244	63096	1
61244	63158	5
61244	63189	8
61244	63497	21
61269	61501	14
61269	61538	3
61269	61727	1
61269	61755	2
61269	61836	10
61269	61914	1
61269	61953	3
61269	61985	9
61269	62270	3
61269	62508	2
61269	62577	4
61269	62585	1
61269	62612	25
61269	62636	15
61269	62656	1
61269	62662	4
61269	62695	3
61269	62713	1
61269	62722	4
61269	62730	3
61269	62752	4
61269	62779	15
61269	62813	2
61269	62863	3
61269	62878	2
61269	62911	1
61269	62919	5
61269	63080	4
61269	63189	3
61269	63388	34
61269	63390	1
61501	61538	24
61501	61727	1
61501	61755	18
61501	61836	7
61501	61914	16
61501	61953	40
61501	61985	2
61501	62270	17
61501	62508	9
61501	62577	2
61501	62585	3
61501	62594	9
61501	62612	18
61501	62636	60
61501	62656	6
61501	62662	9
61501	62695	6
61501	62705	11
61501	62713	11
61501	62722	7
61501	62730	15
61501	62752	23
61501	62779	34
61501	62813	8
61501	62863	4
61501	62878	4
61501	62911	10
61501	62919	5
61501	62930	3
61501	63080	21
61501	63096	3
61501	63158	7
61501	63189	48
61501	63388	2
61501	63390	13
61501	63497	2
61538	61727	1
61538	61755	2
61538	61953	5
61538	62270	5
61538	62508	2
61538	62730	1
61538	62779	1
61538	62813	1
61538	62863	1
61538	63189	1
61538	63390	4
61727	61755	2
61727	61953	2
61727	61985	2
61727	62270	8
61727	62612	1
61727	62636	1
61727	62656	1
61727	62713	1
61727	62730	5
61727	62863	2
61727	62911	5
61727	62919	2
61727	63096	4
61727	63189	2
61727	63388	13
61727	63497	2
61755	61836	3
61755	61914	3
61755	61953	1
61755	61985	3
61755	62270	19
61755	62508	3
61755	62577	2
61755	62585	1
61755	62594	1
61755	62612	8
61755	62636	1
61755	62656	3
61755	62662	6
61755	62695	4
61755	62705	1
61755	62713	1
61755	62722	1
61755	62730	6
61755	62752	7
61755	62779	8
61755	62813	2
61755	62863	1
61755	62911	1
61755	62919	1
61755	62930	2
61755	63080	5
61755	63096	3
61755	63158	3
61755	63189	7
61755	63388	6
61755	63390	5
61755	63497	3
61836	61914	1
61836	61985	2
61836	62270	5
61836	62508	3
61836	62612	5
61836	62662	2
61836	62705	1
61836	62730	1
61836	62752	4
61836	62779	7
61836	62930	1
61836	63080	1
61836	63388	4
61836	63390	2
61914	61953	3
61914	61985	4
61914	62270	4
61914	62508	3
61914	62577	5
61914	62594	1
61914	62612	18
61914	62636	11
61914	62656	8
61914	62662	11
61914	62695	1
61914	62713	8
61914	62722	3
61914	62730	15
61914	62752	11
61914	62779	11
61914	62813	16
61914	62863	5
61914	62878	1
61914	62911	1
61914	62919	1
61914	62930	2
61914	63080	11
61914	63096	1
61914	63158	1
61914	63189	3
61914	63388	11
61914	63497	5
61953	62508	4
61953	62577	5
61953	62585	7
61953	62594	4
61953	62612	10
61953	62636	4
61953	62656	8
61953	62662	2
61953	62695	7
61953	62713	5
61953	62722	6
61953	62730	13
61953	62752	21
61953	62779	15
61953	62813	10
61953	62863	3
61953	62878	1
61953	62911	1
61953	62919	1
61953	62930	3
61953	63080	7
61953	63096	2
61953	63158	14
61953	63189	14
61985	62270	1
61985	62577	4
61985	62594	3
61985	62612	24
61985	62636	9
61985	62656	2
61985	62662	5
61985	62695	1
61985	62705	4
61985	62713	4
61985	62722	3
61985	62730	6
61985	62752	17
61985	62779	15
61985	62813	6
61985	62863	2
61985	62878	9
61985	62919	5
61985	62930	2
61985	63080	2
61985	63158	4
61985	63189	1
61985	63497	3
62270	62508	2
62270	62577	18
62270	62612	4
62270	62636	15
62270	62705	5
62270	62713	4
62270	62722	5
62270	62730	10
62270	62752	17
62270	62779	5
62270	62813	1
62270	62863	5
62270	62930	3
62270	63080	5
62270	63189	3
62270	63390	2
62508	62577	24
62508	62594	1
62508	62612	6
62508	62636	6
62508	62656	2
62508	62662	5
62508	62705	7
62508	62722	5
62508	62752	11
62508	62779	3
62508	62813	8
62508	62878	1
62508	62911	2
62508	62930	2
62508	63189	2
62508	63388	61
62508	63390	7
62577	62585	2
62577	62594	2
62577	62612	10
62577	62636	14
62577	62656	2
62577	62662	6
62577	62695	3
62577	62705	3
62577	62713	8
62577	62722	6
62577	62730	7
62577	62752	18
62577	62779	15
62577	62813	5
62577	62863	7
62577	62911	1
62577	62919	6
62577	62930	5
62577	63080	2
62577	63096	3
62577	63158	9
62577	63189	3
62577	63388	11
62577	63390	2
62585	62594	1
62585	62612	10
62585	62636	3
62585	62656	2
62585	62695	5
62585	62705	1
62585	62722	7
62585	62730	4
62585	62752	11
62585	62779	6
62585	62813	2
62585	62863	6
62585	62930	2
62585	63096	1
62585	63158	26
62585	63189	13
62594	62612	6
62594	62636	15
62594	62656	2
62594	62695	4
62594	62705	4
62594	62713	1
62594	62722	3
62594	62730	10
62594	62752	15
62594	62779	13
62594	62813	12
62594	62863	6
62594	62878	2
62594	62919	4
62594	62930	2
62594	63080	2
62594	63096	2
62594	63158	10
62594	63189	5
62594	63388	2
62594	63390	1
62594	63497	2
62612	62636	36
62612	62656	28
62612	62662	28
62612	62695	12
62612	62705	6
62612	62713	14
62612	62722	16
62612	62730	27
62612	62752	72
62612	62779	34
62612	62813	27
62612	62863	21
62612	62878	10
62612	62911	2
62612	62919	8
62612	62930	5
62612	63080	5
62612	63096	9
62612	63158	38
62612	63189	22
62612	63388	27
62612	63390	1
62612	63497	2
62636	62656	10
62636	62662	10
62636	62695	9
62636	62705	26
62636	62713	13
62636	62722	6
62636	62730	11
62636	62752	20
62636	62779	45
62636	62813	23
62636	62863	9
62636	62911	1
62636	62919	10
62636	62930	13
62636	63080	1
62636	63096	2
62636	63158	18
62636	63189	22
62636	63388	3
62636	63390	2
62636	63497	5
62656	62662	4
62656	62695	10
62656	62705	3
62656	62713	2
62656	62722	2
62656	62730	10
62656	62752	11
62656	62779	9
62656	62813	9
62656	62863	6
62656	62878	1
62656	62911	1
62656	62919	1
62656	62930	12
62656	63096	3
62656	63158	10
62656	63189	15
62656	63388	13
62656	63390	2
62656	63497	2
62662	62695	2
62662	62705	1
62662	62713	4
62662	62722	3
62662	62730	6
62662	62752	17
62662	62779	15
62662	62813	3
62662	62863	1
62662	62878	1
62662	62919	10
62662	62930	5
62662	63158	1
62662	63189	3
62662	63388	46
62695	62705	1
62695	62713	4
62695	62722	4
62695	62730	12
62695	62752	22
62695	62779	12
62695	62813	4
62695	62863	4
62695	62919	2
62695	62930	6
62695	63080	5
62695	63158	8
62695	63189	19
62695	63388	2
62695	63497	3
62705	62713	8
62705	62730	9
62705	62752	9
62705	62779	16
62705	62813	4
62705	62863	3
62705	62878	1
62705	62911	1
62705	62919	1
62705	62930	1
62705	63080	1
62705	63158	1
62705	63189	10
62705	63388	1
62705	63390	1
62705	63497	2
62713	62722	3
62713	62730	9
62713	62752	9
62713	62779	13
62713	62813	6
62713	62863	2
62713	62911	6
62713	62919	5
62713	62930	3
62713	63080	4
62713	63096	2
62713	63189	2
62713	63388	2
62713	63497	1
62722	62730	15
62722	62752	24
62722	62779	12
62722	62813	13
62722	62863	5
62722	62878	6
62722	62911	2
62722	62919	3
62722	62930	4
62722	63080	3
62722	63096	3
62722	63158	12
62722	63189	4
62722	63390	2
62722	63497	1
62730	62752	53
62730	62779	34
62730	62813	13
62730	62863	10
62730	62878	7
62730	62911	2
62730	62919	14
62730	62930	12
62730	63080	12
62730	63096	1
62730	63158	4
62730	63189	8
62730	63388	20
62730	63390	1
62730	63497	2
62752	62779	42
62752	62813	29
62752	62863	34
62752	62878	43
62752	62911	1
62752	62919	25
62752	62930	9
62752	63080	19
62752	63096	6
62752	63158	48
62752	63189	20
62752	63388	20
62752	63390	1
62752	63497	15
62779	62813	27
62779	62863	13
62779	62878	8
62779	62911	2
62779	62919	4
62779	62930	16
62779	63080	12
62779	63096	7
62779	63158	22
62779	63189	27
62779	63388	6
62779	63390	3
62779	63497	2
62813	62863	11
62813	62878	5
62813	62911	2
62813	62919	3
62813	62930	5
62813	63080	20
62813	63096	4
62813	63158	17
62813	63189	13
62813	63388	2
62813	63390	1
62813	63497	4
62863	62878	10
62863	62911	1
62863	62919	4
62863	62930	4
62863	63080	1
62863	63158	5
62863	63189	8
62863	63388	2
62863	63390	1
62863	63497	3
62878	62919	4
62878	62930	1
62878	63080	1
62878	63096	2
62878	63189	1
62878	63390	3
62878	63497	6
62911	62919	2
62911	62930	5
62911	63080	1
62911	63189	16
62911	63390	1
62919	62930	1
62919	63080	2
62919	63189	2
62919	63388	6
62919	63390	1
62919	63497	1
62930	63080	4
62930	63096	1
62930	63158	7
62930	63189	12
62930	63388	8
62930	63390	1
63080	63189	1
63080	63388	2
63080	63497	2
63096	63158	8
63096	63189	1
63158	63189	24
63158	63497	1
63189	63388	17
63388	63390	8
